customer_id,customer_name,email,country,signup_date,acquisition_channel
1,Ananya Shah,customer1@example.com,Canada,2026-01-31,Paid Ads
2,Sana Mehta,customer2@example.com,Canada,2025-05-10,Email Campaign
3,Rohan Joshi,customer3@example.com,United States,2026-02-04,Organic Search
4,Rohan Paul,customer4@example.com,India,2025-12-31,Direct
5,Aarav Gupta,customer5@example.com,India,2025-11-10,Email Campaign
6,Kiara Paul,customer6@example.com,United States,2023-05-02,Referral
7,Aarav Mehta,customer7@example.com,United Kingdom,2024-04-11,Referral
8,Arjun Mehta,customer8@example.com,India,2026-05-23,Referral
9,Ananya Patel,customer9@example.com,United States,2023-11-27,Referral
10,Tara Joshi,customer10@example.com,India,2023-03-29,Organic Search
11,Reyansh Gupta,customer11@example.com,India,2026-01-28,Social Media
12,Rohan Gupta,customer12@example.com,India,2025-05-21,Email Campaign
13,Tara Joshi,customer13@example.com,India,2023-05-11,Organic Search
14,Ishita Kapoor,customer14@example.com,India,2025-02-08,Referral
15,Rohan Paul,customer15@example.com,Australia,2023-12-10,Social Media
16,Arjun Roy,customer16@example.com,United Kingdom,2025-03-16,Referral
17,Mira Desai,customer17@example.com,United States,2024-01-21,Email Campaign
18,Arjun Iyer,customer18@example.com,Germany,2026-04-30,Email Campaign
19,Rohan Joshi,customer19@example.com,United Kingdom,2025-08-13,Direct
20,Sana Mehta,customer20@example.com,United States,2023-10-04,Referral
21,Sana Kapoor,customer21@example.com,India,2026-03-30,Organic Search
22,Sana Shah,customer22@example.com,Australia,2024-04-04,Social Media
23,Arjun Patel,customer23@example.com,India,2023-01-22,Direct
24,Neel Paul,customer24@example.com,United Kingdom,2023-09-10,Social Media
25,Reyansh Mehta,customer25@example.com,India,2025-01-17,Paid Ads
26,Arjun Iyer,customer26@example.com,United States,2025-05-06,Direct
27,Aditya Desai,customer27@example.com,India,2024-04-19,Paid Ads
28,Nisha Patel,customer28@example.com,Canada,2025-12-18,Organic Search
29,Vivaan Kapoor,customer29@example.com,India,2024-05-25,Email Campaign
30,Kiara Joshi,customer30@example.com,India,2024-11-30,Social Media
31,Reyansh Gupta,customer31@example.com,India,2025-09-02,Direct
32,Aarav Kapoor,customer32@example.com,Canada,2023-07-09,Email Campaign
33,Arjun Kapoor,customer33@example.com,India,2025-08-15,Referral
34,Kiara Mehta,customer34@example.com,United States,2024-11-17,Email Campaign
35,Arjun Gupta,customer35@example.com,Canada,2025-08-15,Direct
36,Ananya Kapoor,customer36@example.com,India,2024-07-16,Email Campaign
37,Kabir Mehta,customer37@example.com,United States,2026-06-21,Paid Ads
38,Aarav Joshi,customer38@example.com,India,2025-04-11,Organic Search
39,Ananya Desai,customer39@example.com,Australia,2026-02-28,Referral
40,Sana Shah,customer40@example.com,India,2024-10-08,Direct
41,Rohan Patel,customer41@example.com,Canada,2023-01-21,Organic Search
42,Vivaan Mehta,customer42@example.com,United Kingdom,2025-04-20,Direct
43,Mira Sharma,customer43@example.com,United States,2023-06-16,Direct
44,Kiara Paul,customer44@example.com,Germany,2024-01-23,Email Campaign
45,Kabir Iyer,customer45@example.com,India,2024-08-23,Email Campaign
46,Tara Roy,customer46@example.com,Germany,2023-11-12,Social Media
47,Ananya Paul,customer47@example.com,India,2023-01-14,Referral
48,Aarav Joshi,customer48@example.com,United States,2023-08-30,Direct
49,Sana Shah,customer49@example.com,India,2025-02-15,Email Campaign
50,Ishita Paul,customer50@example.com,India,2024-07-18,Organic Search
51,Neel Patel,customer51@example.com,United States,2025-06-16,Referral
52,Nisha Paul,customer52@example.com,United States,2023-04-02,Email Campaign
53,Nisha Paul,customer53@example.com,Canada,2025-08-13,Social Media
54,Kabir Patel,customer54@example.com,India,2024-05-23,Social Media
55,Tara Khan,customer55@example.com,United States,2025-02-14,Email Campaign
56,Ishita Kapoor,customer56@example.com,United Kingdom,2023-02-04,Email Campaign
57,Ananya Shah,customer57@example.com,United States,2023-07-25,Referral
58,Ananya Paul,customer58@example.com,India,2026-01-09,Direct
59,Reyansh Mehta,customer59@example.com,United States,2025-10-22,Referral
60,Reyansh Paul,customer60@example.com,Australia,2025-10-18,Organic Search
61,Reyansh Gupta,customer61@example.com,India,2024-07-19,Email Campaign
62,Aarav Patel,customer62@example.com,Germany,2026-02-03,Paid Ads
63,Mira Khan,customer63@example.com,United States,2024-12-03,Paid Ads
64,Aditya Shah,customer64@example.com,India,2024-02-06,Organic Search
65,Aditya Sharma,customer65@example.com,Germany,2024-12-30,Social Media
66,Diya Khan,customer66@example.com,United Kingdom,2023-06-11,Email Campaign
67,Nisha Mehta,customer67@example.com,India,2023-07-21,Paid Ads
68,Ishita Joshi,customer68@example.com,Canada,2025-09-22,Organic Search
69,Neel Shah,customer69@example.com,India,2023-09-27,Social Media
70,Mira Shah,customer70@example.com,Singapore,2025-03-26,Organic Search
71,Mira Patel,customer71@example.com,United States,2024-03-31,Email Campaign
72,Sana Khan,customer72@example.com,India,2026-06-29,Direct
73,Sana Joshi,customer73@example.com,United States,2025-10-13,Direct
74,Rohan Khan,customer74@example.com,United Kingdom,2023-10-23,Direct
75,Neel Sharma,customer75@example.com,India,2024-12-20,Email Campaign
76,Neel Paul,customer76@example.com,India,2023-12-04,Paid Ads
77,Diya Roy,customer77@example.com,India,2025-05-28,Organic Search
78,Aarav Roy,customer78@example.com,United Kingdom,2025-12-12,Direct
79,Ananya Patel,customer79@example.com,United States,2025-03-02,Direct
80,Arjun Mehta,customer80@example.com,Germany,2023-08-05,Organic Search
81,Sana Desai,customer81@example.com,India,2025-02-02,Social Media
82,Diya Joshi,customer82@example.com,Singapore,2023-07-07,Email Campaign
83,Aarav Kapoor,customer83@example.com,Australia,2024-01-15,Referral
84,Ananya Mehta,customer84@example.com,India,2024-05-07,Organic Search
85,Vivaan Sharma,customer85@example.com,India,2025-11-30,Paid Ads
86,Neel Paul,customer86@example.com,United Kingdom,2026-03-26,Referral
87,Nisha Sharma,customer87@example.com,Germany,2023-01-15,Organic Search
88,Rohan Kapoor,customer88@example.com,United States,2023-03-06,Referral
89,Ishita Shah,customer89@example.com,India,2024-06-04,Paid Ads
90,Arjun Mehta,customer90@example.com,Canada,2026-02-26,Direct
91,Kiara Gupta,customer91@example.com,India,2024-10-09,Organic Search
92,Vivaan Gupta,customer92@example.com,India,2025-12-22,Referral
93,Vivaan Khan,customer93@example.com,India,2026-03-08,Referral
94,Tara Shah,customer94@example.com,Germany,2024-08-15,Paid Ads
95,Sana Kapoor,customer95@example.com,India,2024-01-27,Direct
96,Kiara Joshi,customer96@example.com,Canada,2024-02-23,Paid Ads
97,Mira Mehta,customer97@example.com,Germany,2023-10-16,Organic Search
98,Mira Iyer,customer98@example.com,Germany,2024-01-14,Social Media
99,Sana Sharma,customer99@example.com,India,2023-08-19,Email Campaign
100,Ananya Khan,customer100@example.com,Australia,2025-10-14,Social Media
101,Sana Paul,customer101@example.com,Australia,2023-02-10,Social Media
102,Tara Sharma,customer102@example.com,Australia,2025-11-17,Paid Ads
103,Sana Shah,customer103@example.com,United Kingdom,2023-05-15,Social Media
104,Neel Sharma,customer104@example.com,Australia,2023-07-20,Referral
105,Tara Kapoor,customer105@example.com,United States,2025-02-18,Email Campaign
106,Neel Shah,customer106@example.com,India,2025-07-18,Referral
107,Mira Joshi,customer107@example.com,Singapore,2025-11-22,Referral
108,Ishita Patel,customer108@example.com,United States,2025-12-07,Referral
109,Neel Khan,customer109@example.com,United Kingdom,2024-05-17,Direct
110,Ananya Khan,customer110@example.com,Germany,2024-02-11,Paid Ads
111,Arjun Shah,customer111@example.com,United Kingdom,2025-03-15,Organic Search
112,Kabir Desai,customer112@example.com,United States,2023-04-09,Email Campaign
113,Neel Joshi,customer113@example.com,India,2024-11-14,Organic Search
114,Diya Gupta,customer114@example.com,India,2024-12-26,Social Media
115,Neel Khan,customer115@example.com,United Kingdom,2025-08-18,Direct
116,Vivaan Paul,customer116@example.com,United States,2024-09-04,Social Media
117,Mira Joshi,customer117@example.com,United States,2024-10-04,Social Media
118,Aarav Sharma,customer118@example.com,India,2025-10-25,Social Media
119,Neel Roy,customer119@example.com,United States,2026-05-26,Email Campaign
120,Kabir Gupta,customer120@example.com,United States,2024-05-17,Email Campaign
121,Mira Kapoor,customer121@example.com,India,2025-02-05,Direct
122,Neel Patel,customer122@example.com,Australia,2024-02-02,Paid Ads
123,Diya Paul,customer123@example.com,Australia,2025-05-20,Paid Ads
124,Aarav Shah,customer124@example.com,India,2025-03-05,Social Media
125,Rohan Roy,customer125@example.com,United States,2024-01-28,Email Campaign
126,Kabir Iyer,customer126@example.com,United Kingdom,2023-07-26,Social Media
127,Aditya Paul,customer127@example.com,India,2025-11-04,Email Campaign
128,Aarav Patel,customer128@example.com,Canada,2025-06-10,Paid Ads
129,Mira Iyer,customer129@example.com,United States,2025-05-13,Organic Search
130,Sana Patel,customer130@example.com,United States,2025-01-12,Social Media
131,Neel Roy,customer131@example.com,United Kingdom,2026-06-18,Email Campaign
132,Kiara Gupta,customer132@example.com,United States,2024-07-17,Paid Ads
133,Nisha Roy,customer133@example.com,India,2025-10-17,Paid Ads
134,Arjun Gupta,customer134@example.com,United States,2023-04-06,Paid Ads
135,Arjun Roy,customer135@example.com,India,2024-04-29,Referral
136,Sana Sharma,customer136@example.com,India,2023-08-19,Direct
137,Rohan Mehta,customer137@example.com,India,2025-01-18,Social Media
138,Vivaan Iyer,customer138@example.com,India,2026-04-09,Social Media
139,Kiara Desai,customer139@example.com,United States,2024-06-24,Social Media
140,Ishita Paul,customer140@example.com,Australia,2025-11-25,Social Media
141,Aarav Joshi,customer141@example.com,United States,2024-06-08,Organic Search
142,Tara Sharma,customer142@example.com,Canada,2026-03-29,Social Media
143,Sana Roy,customer143@example.com,India,2026-06-20,Social Media
144,Nisha Shah,customer144@example.com,United States,2026-01-14,Email Campaign
145,Aditya Iyer,customer145@example.com,India,2024-07-31,Social Media
146,Vivaan Joshi,customer146@example.com,United States,2024-11-12,Social Media
147,Aarav Patel,customer147@example.com,United Kingdom,2024-07-10,Paid Ads
148,Reyansh Mehta,customer148@example.com,India,2025-10-09,Social Media
149,Neel Paul,customer149@example.com,United States,2024-10-07,Referral
150,Aditya Sharma,customer150@example.com,Canada,2025-03-06,Social Media
151,Arjun Patel,customer151@example.com,United States,2025-11-17,Email Campaign
152,Ishita Desai,customer152@example.com,India,2026-06-08,Organic Search
153,Ishita Shah,customer153@example.com,Germany,2023-07-09,Paid Ads
154,Aarav Joshi,customer154@example.com,India,2026-06-02,Paid Ads
155,Nisha Kapoor,customer155@example.com,India,2024-09-24,Paid Ads
156,Reyansh Iyer,customer156@example.com,India,2024-09-19,Referral
157,Mira Joshi,customer157@example.com,United Kingdom,2025-08-30,Email Campaign
158,Ananya Mehta,customer158@example.com,Singapore,2024-12-10,Organic Search
159,Aarav Sharma,customer159@example.com,United States,2024-10-10,Social Media
160,Aditya Iyer,customer160@example.com,India,2023-11-14,Direct
161,Sana Patel,customer161@example.com,United Kingdom,2026-06-02,Referral
162,Ananya Joshi,customer162@example.com,Canada,2026-06-11,Referral
163,Kiara Kapoor,customer163@example.com,United States,2024-11-14,Direct
164,Neel Shah,customer164@example.com,Australia,2024-10-25,Social Media
165,Ananya Khan,customer165@example.com,Singapore,2026-06-10,Email Campaign
166,Reyansh Iyer,customer166@example.com,India,2026-02-10,Paid Ads
167,Arjun Joshi,customer167@example.com,Australia,2024-03-17,Direct
168,Nisha Roy,customer168@example.com,United States,2024-07-17,Email Campaign
169,Arjun Desai,customer169@example.com,Australia,2026-02-10,Organic Search
170,Arjun Roy,customer170@example.com,India,2025-08-09,Social Media
171,Aditya Desai,customer171@example.com,India,2026-01-09,Referral
172,Mira Roy,customer172@example.com,India,2024-11-29,Referral
173,Neel Sharma,customer173@example.com,Germany,2023-04-23,Email Campaign
174,Arjun Gupta,customer174@example.com,India,2023-01-02,Paid Ads
175,Rohan Paul,customer175@example.com,Canada,2024-10-03,Social Media
176,Sana Iyer,customer176@example.com,United States,2023-08-08,Email Campaign
177,Nisha Roy,customer177@example.com,Canada,2025-05-04,Organic Search
178,Diya Paul,customer178@example.com,United States,2026-06-02,Paid Ads
179,Diya Kapoor,customer179@example.com,United States,2024-01-20,Social Media
180,Tara Khan,customer180@example.com,Singapore,2026-02-27,Direct
181,Neel Desai,customer181@example.com,United Kingdom,2025-12-12,Referral
182,Diya Sharma,customer182@example.com,India,2024-12-30,Email Campaign
183,Kabir Desai,customer183@example.com,India,2023-09-04,Direct
184,Mira Paul,customer184@example.com,India,2025-04-15,Social Media
185,Arjun Iyer,customer185@example.com,United States,2023-07-22,Direct
186,Diya Patel,customer186@example.com,Australia,2026-04-22,Referral
187,Sana Desai,customer187@example.com,India,2023-05-03,Organic Search
188,Vivaan Sharma,customer188@example.com,India,2024-02-05,Organic Search
189,Diya Iyer,customer189@example.com,Germany,2025-02-05,Email Campaign
190,Nisha Patel,customer190@example.com,Australia,2023-10-21,Direct
191,Diya Roy,customer191@example.com,United States,2023-10-07,Referral
192,Mira Shah,customer192@example.com,India,2025-06-02,Social Media
193,Ananya Patel,customer193@example.com,United States,2023-07-17,Organic Search
194,Ishita Mehta,customer194@example.com,India,2025-09-08,Direct
195,Diya Patel,customer195@example.com,Singapore,2025-01-21,Organic Search
196,Kiara Joshi,customer196@example.com,United States,2023-05-24,Direct
197,Sana Gupta,customer197@example.com,United States,2024-08-31,Social Media
198,Diya Joshi,customer198@example.com,Singapore,2026-05-09,Referral
199,Ishita Joshi,customer199@example.com,Singapore,2026-02-21,Organic Search
200,Kabir Kapoor,customer200@example.com,India,2023-07-06,Email Campaign
201,Rohan Mehta,customer201@example.com,India,2024-04-08,Direct
202,Rohan Mehta,customer202@example.com,India,2024-10-21,Social Media
203,Nisha Sharma,customer203@example.com,India,2025-02-02,Referral
204,Diya Iyer,customer204@example.com,Australia,2025-08-12,Organic Search
205,Sana Sharma,customer205@example.com,Canada,2024-02-07,Email Campaign
206,Kabir Khan,customer206@example.com,India,2023-05-27,Paid Ads
207,Vivaan Sharma,customer207@example.com,Australia,2026-03-17,Organic Search
208,Ishita Mehta,customer208@example.com,Canada,2025-05-13,Direct
209,Diya Roy,customer209@example.com,India,2024-05-03,Email Campaign
210,Diya Iyer,customer210@example.com,United States,2025-07-17,Referral
211,Nisha Roy,customer211@example.com,India,2024-07-04,Organic Search
212,Kiara Iyer,customer212@example.com,India,2023-12-04,Referral
213,Aarav Patel,customer213@example.com,India,2025-05-21,Email Campaign
214,Aarav Kapoor,customer214@example.com,Australia,2024-10-02,Direct
215,Ishita Mehta,customer215@example.com,United States,2024-04-17,Email Campaign
216,Reyansh Sharma,customer216@example.com,India,2023-05-31,Direct
217,Kiara Kapoor,customer217@example.com,Australia,2023-09-20,Organic Search
218,Nisha Desai,customer218@example.com,United States,2023-05-24,Referral
219,Ananya Mehta,customer219@example.com,India,2023-12-12,Email Campaign
220,Nisha Sharma,customer220@example.com,United Kingdom,2024-09-15,Social Media
221,Ishita Roy,customer221@example.com,India,2025-10-13,Referral
222,Neel Patel,customer222@example.com,Singapore,2025-05-30,Social Media
223,Aarav Kapoor,customer223@example.com,Australia,2023-01-02,Social Media
224,Kiara Shah,customer224@example.com,India,2025-06-15,Referral
225,Nisha Kapoor,customer225@example.com,United States,2023-09-11,Organic Search
226,Kabir Sharma,customer226@example.com,United States,2024-03-28,Referral
227,Reyansh Iyer,customer227@example.com,United States,2025-11-26,Organic Search
228,Sana Iyer,customer228@example.com,India,2026-03-29,Direct
229,Aarav Gupta,customer229@example.com,United States,2025-10-11,Paid Ads
230,Ananya Roy,customer230@example.com,Germany,2023-01-09,Email Campaign
231,Vivaan Roy,customer231@example.com,Germany,2026-06-10,Referral
232,Arjun Khan,customer232@example.com,Australia,2026-01-27,Social Media
233,Sana Roy,customer233@example.com,United States,2025-03-26,Social Media
234,Kabir Joshi,customer234@example.com,United States,2023-07-27,Paid Ads
235,Rohan Sharma,customer235@example.com,Canada,2026-02-28,Social Media
236,Neel Gupta,customer236@example.com,India,2024-02-08,Organic Search
237,Diya Iyer,customer237@example.com,India,2023-06-01,Direct
238,Nisha Mehta,customer238@example.com,United States,2023-02-23,Social Media
239,Tara Desai,customer239@example.com,United States,2026-02-17,Direct
240,Aditya Roy,customer240@example.com,Germany,2024-09-19,Paid Ads
241,Sana Joshi,customer241@example.com,United States,2024-08-09,Social Media
242,Ishita Desai,customer242@example.com,Canada,2023-04-14,Email Campaign
243,Aditya Khan,customer243@example.com,Singapore,2023-09-11,Email Campaign
244,Vivaan Roy,customer244@example.com,Singapore,2026-06-04,Paid Ads
245,Neel Patel,customer245@example.com,Australia,2026-02-09,Social Media
246,Ananya Gupta,customer246@example.com,Germany,2024-05-24,Organic Search
247,Vivaan Khan,customer247@example.com,Australia,2023-04-09,Paid Ads
248,Rohan Roy,customer248@example.com,Canada,2023-06-02,Referral
249,Neel Joshi,customer249@example.com,United Kingdom,2025-07-02,Email Campaign
250,Rohan Desai,customer250@example.com,Australia,2025-05-27,Direct
251,Aditya Desai,customer251@example.com,United Kingdom,2023-12-04,Social Media
252,Ishita Joshi,customer252@example.com,India,2025-04-01,Email Campaign
253,Diya Paul,customer253@example.com,Canada,2026-04-01,Social Media
254,Ananya Kapoor,customer254@example.com,United Kingdom,2025-08-14,Organic Search
255,Reyansh Mehta,customer255@example.com,United Kingdom,2023-06-10,Organic Search
256,Ishita Desai,customer256@example.com,Canada,2025-03-11,Referral
257,Tara Desai,customer257@example.com,United States,2024-02-02,Paid Ads
258,Kiara Joshi,customer258@example.com,United Kingdom,2025-03-26,Paid Ads
259,Mira Mehta,customer259@example.com,India,2026-03-04,Social Media
260,Sana Roy,customer260@example.com,Germany,2026-05-03,Paid Ads
261,Sana Roy,customer261@example.com,United Kingdom,2024-02-05,Social Media
262,Arjun Kapoor,customer262@example.com,India,2024-10-01,Social Media
263,Diya Kapoor,customer263@example.com,United States,2025-11-22,Organic Search
264,Reyansh Desai,customer264@example.com,Singapore,2024-11-18,Referral
265,Kiara Iyer,customer265@example.com,India,2024-04-04,Referral
266,Kabir Khan,customer266@example.com,Australia,2025-08-12,Organic Search
267,Sana Khan,customer267@example.com,United States,2024-04-14,Direct
268,Diya Iyer,customer268@example.com,India,2025-11-11,Email Campaign
269,Aditya Sharma,customer269@example.com,India,2025-01-19,Email Campaign
270,Ishita Joshi,customer270@example.com,Canada,2023-02-07,Referral
271,Sana Joshi,customer271@example.com,Australia,2023-08-18,Paid Ads
272,Kabir Joshi,customer272@example.com,India,2024-07-16,Email Campaign
273,Vivaan Kapoor,customer273@example.com,India,2024-03-13,Email Campaign
274,Ishita Sharma,customer274@example.com,Canada,2023-01-27,Organic Search
275,Tara Iyer,customer275@example.com,India,2023-08-14,Referral
276,Neel Iyer,customer276@example.com,United States,2025-03-08,Paid Ads
277,Vivaan Gupta,customer277@example.com,Australia,2023-10-11,Referral
278,Arjun Mehta,customer278@example.com,India,2025-05-28,Social Media
279,Diya Iyer,customer279@example.com,Australia,2025-08-17,Organic Search
280,Reyansh Patel,customer280@example.com,India,2024-03-28,Paid Ads
281,Aditya Gupta,customer281@example.com,United States,2025-10-16,Social Media
282,Aarav Sharma,customer282@example.com,United States,2025-03-26,Social Media
283,Tara Kapoor,customer283@example.com,Canada,2024-10-20,Referral
284,Aditya Kapoor,customer284@example.com,Germany,2024-06-30,Organic Search
285,Sana Roy,customer285@example.com,India,2026-04-30,Direct
286,Neel Joshi,customer286@example.com,India,2025-12-08,Organic Search
287,Reyansh Iyer,customer287@example.com,India,2023-01-17,Social Media
288,Ananya Mehta,customer288@example.com,India,2026-04-10,Organic Search
289,Diya Roy,customer289@example.com,India,2026-05-28,Paid Ads
290,Vivaan Khan,customer290@example.com,United States,2023-06-07,Email Campaign
291,Kiara Joshi,customer291@example.com,Canada,2024-04-21,Paid Ads
292,Kiara Kapoor,customer292@example.com,India,2025-12-05,Social Media
293,Kiara Sharma,customer293@example.com,India,2024-06-01,Referral
294,Kabir Roy,customer294@example.com,United States,2023-04-09,Paid Ads
295,Tara Patel,customer295@example.com,Singapore,2025-11-26,Referral
296,Tara Shah,customer296@example.com,United States,2023-10-07,Paid Ads
297,Ananya Roy,customer297@example.com,India,2024-05-11,Paid Ads
298,Aarav Shah,customer298@example.com,Canada,2023-10-29,Paid Ads
299,Vivaan Joshi,customer299@example.com,India,2023-06-30,Direct
300,Kabir Joshi,customer300@example.com,India,2024-08-29,Paid Ads
301,Neel Mehta,customer301@example.com,Canada,2026-01-27,Direct
302,Aarav Sharma,customer302@example.com,Australia,2024-11-30,Paid Ads
303,Vivaan Gupta,customer303@example.com,India,2025-09-19,Paid Ads
304,Ananya Kapoor,customer304@example.com,Australia,2026-02-13,Paid Ads
305,Aarav Desai,customer305@example.com,Canada,2023-07-10,Paid Ads
306,Neel Shah,customer306@example.com,India,2023-09-10,Organic Search
307,Vivaan Iyer,customer307@example.com,United States,2025-09-07,Organic Search
308,Rohan Roy,customer308@example.com,United States,2025-07-16,Referral
309,Ananya Roy,customer309@example.com,United States,2026-03-30,Direct
310,Ishita Iyer,customer310@example.com,Canada,2023-05-08,Email Campaign
311,Diya Roy,customer311@example.com,United Kingdom,2023-01-18,Organic Search
312,Ishita Roy,customer312@example.com,Australia,2024-07-19,Social Media
313,Ananya Roy,customer313@example.com,United Kingdom,2024-07-23,Social Media
314,Rohan Patel,customer314@example.com,India,2024-11-16,Paid Ads
315,Rohan Mehta,customer315@example.com,India,2024-09-17,Email Campaign
316,Neel Khan,customer316@example.com,Singapore,2025-05-03,Direct
317,Diya Roy,customer317@example.com,United States,2025-08-19,Social Media
318,Ananya Iyer,customer318@example.com,India,2023-06-04,Email Campaign
319,Kabir Khan,customer319@example.com,United States,2024-05-04,Paid Ads
320,Kiara Desai,customer320@example.com,Australia,2025-02-23,Social Media
321,Kiara Iyer,customer321@example.com,India,2026-02-01,Social Media
322,Neel Kapoor,customer322@example.com,India,2023-09-03,Paid Ads
323,Nisha Patel,customer323@example.com,India,2026-04-14,Organic Search
324,Rohan Khan,customer324@example.com,India,2025-11-28,Email Campaign
325,Tara Mehta,customer325@example.com,United States,2025-01-28,Direct
326,Neel Kapoor,customer326@example.com,India,2024-06-21,Referral
327,Kiara Iyer,customer327@example.com,India,2025-07-09,Referral
328,Diya Desai,customer328@example.com,India,2024-02-12,Direct
329,Kabir Mehta,customer329@example.com,United Kingdom,2024-06-08,Paid Ads
330,Ananya Desai,customer330@example.com,Australia,2025-04-07,Referral
331,Ananya Sharma,customer331@example.com,United States,2025-06-21,Social Media
332,Aarav Joshi,customer332@example.com,Germany,2023-02-05,Email Campaign
333,Arjun Shah,customer333@example.com,India,2024-11-15,Email Campaign
334,Diya Desai,customer334@example.com,United States,2023-01-20,Paid Ads
335,Vivaan Joshi,customer335@example.com,United Kingdom,2023-11-17,Organic Search
336,Vivaan Iyer,customer336@example.com,United Kingdom,2024-05-26,Organic Search
337,Rohan Iyer,customer337@example.com,United States,2024-02-04,Social Media
338,Kiara Roy,customer338@example.com,India,2024-10-15,Referral
339,Diya Iyer,customer339@example.com,India,2025-08-29,Direct
340,Rohan Shah,customer340@example.com,India,2024-04-15,Direct
341,Ishita Kapoor,customer341@example.com,India,2026-03-12,Social Media
342,Kiara Roy,customer342@example.com,United Kingdom,2026-01-20,Social Media
343,Arjun Paul,customer343@example.com,Canada,2025-04-13,Organic Search
344,Tara Khan,customer344@example.com,India,2024-12-27,Email Campaign
345,Nisha Gupta,customer345@example.com,United Kingdom,2025-05-03,Organic Search
346,Sana Khan,customer346@example.com,Singapore,2023-02-20,Organic Search
347,Aarav Paul,customer347@example.com,India,2024-07-28,Paid Ads
348,Vivaan Sharma,customer348@example.com,India,2026-04-28,Organic Search
349,Aarav Roy,customer349@example.com,Canada,2026-02-22,Paid Ads
350,Vivaan Khan,customer350@example.com,United States,2023-05-30,Paid Ads
351,Tara Patel,customer351@example.com,United States,2023-11-10,Email Campaign
352,Ishita Khan,customer352@example.com,India,2024-07-23,Organic Search
353,Neel Joshi,customer353@example.com,United States,2023-11-01,Social Media
354,Kiara Sharma,customer354@example.com,India,2024-11-12,Organic Search
355,Neel Mehta,customer355@example.com,Australia,2025-04-17,Direct
356,Reyansh Iyer,customer356@example.com,Germany,2025-12-13,Organic Search
357,Kiara Patel,customer357@example.com,India,2025-09-29,Direct
358,Aditya Gupta,customer358@example.com,India,2024-03-19,Referral
359,Neel Paul,customer359@example.com,India,2024-09-04,Paid Ads
360,Rohan Gupta,customer360@example.com,United Kingdom,2025-09-19,Direct
361,Kabir Desai,customer361@example.com,United States,2023-09-21,Email Campaign
362,Vivaan Paul,customer362@example.com,India,2025-12-12,Referral
363,Kabir Mehta,customer363@example.com,United Kingdom,2025-09-30,Email Campaign
364,Rohan Mehta,customer364@example.com,Singapore,2023-01-05,Email Campaign
365,Nisha Roy,customer365@example.com,Canada,2026-01-31,Direct
366,Reyansh Kapoor,customer366@example.com,Germany,2026-05-04,Direct
367,Neel Kapoor,customer367@example.com,India,2025-02-12,Social Media
368,Rohan Roy,customer368@example.com,United States,2025-05-26,Referral
369,Arjun Joshi,customer369@example.com,India,2025-09-18,Direct
370,Rohan Sharma,customer370@example.com,United States,2025-06-02,Organic Search
371,Ishita Desai,customer371@example.com,Australia,2023-02-16,Organic Search
372,Rohan Joshi,customer372@example.com,United States,2025-05-16,Social Media
373,Reyansh Joshi,customer373@example.com,United States,2025-04-02,Email Campaign
374,Ishita Roy,customer374@example.com,Germany,2025-07-24,Direct
375,Kabir Desai,customer375@example.com,United Kingdom,2024-10-17,Direct
376,Vivaan Shah,customer376@example.com,United States,2023-09-26,Referral
377,Rohan Gupta,customer377@example.com,United Kingdom,2024-01-05,Organic Search
378,Sana Iyer,customer378@example.com,United States,2024-09-27,Social Media
379,Mira Desai,customer379@example.com,United States,2026-02-03,Referral
380,Aditya Khan,customer380@example.com,Canada,2024-10-18,Email Campaign
381,Ishita Kapoor,customer381@example.com,United Kingdom,2023-04-30,Organic Search
382,Neel Patel,customer382@example.com,United States,2025-04-10,Social Media
383,Diya Sharma,customer383@example.com,Canada,2025-12-17,Email Campaign
384,Vivaan Desai,customer384@example.com,India,2025-01-10,Email Campaign
385,Vivaan Desai,customer385@example.com,India,2023-04-27,Email Campaign
386,Aditya Mehta,customer386@example.com,United States,2025-03-01,Organic Search
387,Diya Gupta,customer387@example.com,United States,2026-02-24,Referral
388,Vivaan Kapoor,customer388@example.com,United Kingdom,2025-10-09,Email Campaign
389,Rohan Kapoor,customer389@example.com,United Kingdom,2025-12-17,Direct
390,Tara Shah,customer390@example.com,United States,2024-09-25,Paid Ads
391,Kabir Desai,customer391@example.com,Germany,2024-05-27,Social Media
392,Kabir Paul,customer392@example.com,Singapore,2025-03-12,Paid Ads
393,Rohan Sharma,customer393@example.com,Australia,2026-01-24,Organic Search
394,Ishita Kapoor,customer394@example.com,India,2026-02-15,Direct
395,Vivaan Joshi,customer395@example.com,United States,2024-07-13,Paid Ads
396,Mira Iyer,customer396@example.com,Canada,2024-05-02,Paid Ads
397,Reyansh Shah,customer397@example.com,United States,2026-06-14,Email Campaign
398,Sana Roy,customer398@example.com,United Kingdom,2025-06-15,Email Campaign
399,Reyansh Paul,customer399@example.com,United States,2026-04-27,Referral
400,Nisha Paul,customer400@example.com,United States,2024-12-04,Direct
401,Reyansh Roy,customer401@example.com,Canada,2024-08-03,Social Media
402,Kiara Mehta,customer402@example.com,Australia,2025-02-28,Direct
403,Vivaan Sharma,customer403@example.com,India,2025-05-10,Social Media
404,Tara Gupta,customer404@example.com,Germany,2023-09-04,Email Campaign
405,Ananya Sharma,customer405@example.com,India,2026-01-04,Paid Ads
406,Arjun Roy,customer406@example.com,Germany,2023-06-03,Paid Ads
407,Kiara Patel,customer407@example.com,Germany,2025-09-23,Paid Ads
408,Reyansh Desai,customer408@example.com,Germany,2026-01-14,Social Media
409,Ishita Khan,customer409@example.com,United States,2024-11-27,Paid Ads
410,Aditya Patel,customer410@example.com,United States,2026-05-28,Organic Search
411,Neel Patel,customer411@example.com,Australia,2025-12-28,Email Campaign
412,Neel Mehta,customer412@example.com,India,2025-12-06,Referral
413,Nisha Iyer,customer413@example.com,Australia,2025-10-05,Email Campaign
414,Nisha Roy,customer414@example.com,United Kingdom,2023-04-04,Organic Search
415,Aarav Sharma,customer415@example.com,India,2025-08-15,Paid Ads
416,Kiara Patel,customer416@example.com,Canada,2025-10-08,Paid Ads
417,Diya Patel,customer417@example.com,India,2024-03-28,Social Media
418,Reyansh Patel,customer418@example.com,India,2026-05-12,Social Media
419,Aarav Kapoor,customer419@example.com,United States,2025-06-30,Paid Ads
420,Vivaan Sharma,customer420@example.com,United States,2023-08-06,Direct
421,Tara Paul,customer421@example.com,United States,2024-04-18,Paid Ads
422,Rohan Gupta,customer422@example.com,Singapore,2024-03-07,Organic Search
423,Aarav Khan,customer423@example.com,Australia,2023-12-07,Organic Search
424,Aditya Desai,customer424@example.com,India,2024-07-04,Organic Search
425,Tara Patel,customer425@example.com,India,2023-12-23,Email Campaign
426,Ananya Joshi,customer426@example.com,Canada,2023-01-23,Referral
427,Vivaan Shah,customer427@example.com,United States,2024-06-05,Referral
428,Mira Kapoor,customer428@example.com,United States,2026-01-28,Email Campaign
429,Nisha Kapoor,customer429@example.com,India,2025-03-12,Paid Ads
430,Rohan Iyer,customer430@example.com,Canada,2026-04-18,Social Media
431,Ishita Sharma,customer431@example.com,India,2026-05-31,Paid Ads
432,Ishita Desai,customer432@example.com,Germany,2025-01-31,Direct
433,Aditya Gupta,customer433@example.com,United States,2024-03-17,Organic Search
434,Kabir Sharma,customer434@example.com,United States,2025-02-07,Organic Search
435,Neel Sharma,customer435@example.com,India,2025-10-12,Referral
436,Kiara Khan,customer436@example.com,Canada,2024-05-30,Social Media
437,Neel Mehta,customer437@example.com,United States,2025-11-05,Social Media
438,Tara Gupta,customer438@example.com,India,2025-03-02,Organic Search
439,Kiara Patel,customer439@example.com,United States,2023-12-02,Paid Ads
440,Diya Desai,customer440@example.com,India,2023-09-15,Referral
441,Diya Sharma,customer441@example.com,United States,2024-05-11,Email Campaign
442,Kiara Mehta,customer442@example.com,United Kingdom,2025-06-14,Referral
443,Reyansh Shah,customer443@example.com,Canada,2023-06-09,Referral
444,Kiara Sharma,customer444@example.com,United Kingdom,2025-05-01,Organic Search
445,Rohan Kapoor,customer445@example.com,United Kingdom,2024-11-20,Referral
446,Mira Shah,customer446@example.com,India,2024-01-15,Direct
447,Reyansh Shah,customer447@example.com,India,2025-08-14,Paid Ads
448,Tara Desai,customer448@example.com,United States,2024-11-21,Direct
449,Ishita Joshi,customer449@example.com,India,2026-04-06,Social Media
450,Tara Desai,customer450@example.com,United States,2025-12-02,Organic Search
451,Vivaan Gupta,customer451@example.com,United States,2023-10-12,Referral
452,Arjun Paul,customer452@example.com,Singapore,2024-02-01,Organic Search
453,Mira Roy,customer453@example.com,United States,2023-01-12,Direct
454,Ananya Sharma,customer454@example.com,Canada,2026-06-30,Email Campaign
455,Reyansh Paul,customer455@example.com,Singapore,2024-05-13,Referral
456,Nisha Paul,customer456@example.com,India,2025-01-23,Organic Search
457,Reyansh Mehta,customer457@example.com,Germany,2023-02-04,Social Media
458,Rohan Kapoor,customer458@example.com,Singapore,2024-12-27,Referral
459,Tara Iyer,customer459@example.com,India,2025-04-28,Direct
460,Diya Sharma,customer460@example.com,Australia,2023-03-31,Email Campaign
461,Mira Desai,customer461@example.com,United States,2025-02-14,Organic Search
462,Kabir Mehta,customer462@example.com,India,2024-08-27,Social Media
463,Aarav Desai,customer463@example.com,United States,2025-08-27,Referral
464,Reyansh Gupta,customer464@example.com,India,2025-10-18,Organic Search
465,Rohan Sharma,customer465@example.com,United States,2024-02-22,Email Campaign
466,Nisha Gupta,customer466@example.com,United States,2023-04-25,Social Media
467,Rohan Mehta,customer467@example.com,Singapore,2024-09-08,Email Campaign
468,Rohan Roy,customer468@example.com,United States,2026-05-04,Direct
469,Tara Mehta,customer469@example.com,Australia,2025-04-05,Direct
470,Mira Mehta,customer470@example.com,United States,2026-01-03,Organic Search
471,Ananya Gupta,customer471@example.com,India,2024-02-17,Paid Ads
472,Mira Desai,customer472@example.com,Germany,2024-12-29,Paid Ads
473,Tara Gupta,customer473@example.com,Germany,2025-10-17,Organic Search
474,Arjun Paul,customer474@example.com,United Kingdom,2025-01-30,Direct
475,Arjun Mehta,customer475@example.com,United Kingdom,2024-11-06,Direct
476,Rohan Gupta,customer476@example.com,United Kingdom,2024-04-01,Direct
477,Vivaan Mehta,customer477@example.com,United Kingdom,2025-07-08,Email Campaign
478,Neel Joshi,customer478@example.com,India,2023-07-11,Organic Search
479,Rohan Shah,customer479@example.com,Germany,2025-01-08,Direct
480,Arjun Kapoor,customer480@example.com,India,2026-01-27,Direct
481,Kiara Joshi,customer481@example.com,United Kingdom,2025-09-04,Social Media
482,Diya Kapoor,customer482@example.com,Singapore,2025-10-05,Social Media
483,Sana Kapoor,customer483@example.com,United States,2023-04-06,Social Media
484,Rohan Iyer,customer484@example.com,India,2024-10-24,Social Media
485,Kiara Roy,customer485@example.com,United States,2026-04-28,Referral
486,Vivaan Desai,customer486@example.com,Australia,2023-02-06,Referral
487,Tara Khan,customer487@example.com,India,2023-10-06,Referral
488,Ananya Desai,customer488@example.com,India,2023-08-05,Organic Search
489,Arjun Roy,customer489@example.com,India,2025-05-16,Organic Search
490,Ishita Sharma,customer490@example.com,Germany,2025-05-22,Direct
491,Kiara Paul,customer491@example.com,Singapore,2023-03-03,Paid Ads
492,Neel Joshi,customer492@example.com,Canada,2024-08-18,Paid Ads
493,Mira Roy,customer493@example.com,Singapore,2024-12-29,Social Media
494,Nisha Sharma,customer494@example.com,United States,2024-02-01,Organic Search
495,Aditya Gupta,customer495@example.com,United States,2024-11-29,Paid Ads
496,Kabir Joshi,customer496@example.com,United States,2025-11-08,Organic Search
497,Diya Roy,customer497@example.com,United States,2023-06-26,Email Campaign
498,Nisha Sharma,customer498@example.com,United States,2024-01-31,Organic Search
499,Kiara Mehta,customer499@example.com,Germany,2024-03-20,Email Campaign
500,Tara Khan,customer500@example.com,United States,2026-06-10,Social Media
501,Ishita Joshi,customer501@example.com,United States,2023-03-17,Referral
502,Diya Patel,customer502@example.com,United States,2023-09-22,Social Media
503,Arjun Joshi,customer503@example.com,United Kingdom,2024-03-30,Organic Search
504,Vivaan Patel,customer504@example.com,United States,2024-12-18,Referral
505,Tara Mehta,customer505@example.com,India,2025-01-04,Direct
506,Aditya Gupta,customer506@example.com,India,2025-04-30,Organic Search
507,Vivaan Iyer,customer507@example.com,India,2023-05-24,Social Media
508,Reyansh Mehta,customer508@example.com,United Kingdom,2025-06-03,Direct
509,Vivaan Desai,customer509@example.com,Germany,2025-12-28,Referral
510,Mira Khan,customer510@example.com,Singapore,2026-01-27,Email Campaign
511,Diya Joshi,customer511@example.com,India,2024-01-31,Direct
512,Nisha Iyer,customer512@example.com,United States,2025-11-14,Social Media
513,Aarav Desai,customer513@example.com,India,2025-08-05,Organic Search
514,Kiara Joshi,customer514@example.com,India,2025-06-09,Email Campaign
515,Aarav Joshi,customer515@example.com,United States,2026-03-20,Email Campaign
516,Sana Iyer,customer516@example.com,India,2026-03-13,Social Media
517,Mira Gupta,customer517@example.com,United Kingdom,2024-07-22,Direct
518,Aditya Mehta,customer518@example.com,Australia,2025-11-28,Paid Ads
519,Ishita Joshi,customer519@example.com,Germany,2023-04-19,Organic Search
520,Kabir Shah,customer520@example.com,United States,2025-12-01,Social Media
521,Vivaan Khan,customer521@example.com,United Kingdom,2026-04-24,Social Media
522,Nisha Iyer,customer522@example.com,Canada,2025-07-23,Email Campaign
523,Vivaan Gupta,customer523@example.com,India,2024-02-02,Referral
524,Nisha Gupta,customer524@example.com,United States,2026-05-31,Paid Ads
525,Reyansh Gupta,customer525@example.com,India,2024-09-25,Referral
526,Arjun Joshi,customer526@example.com,United States,2026-03-02,Paid Ads
527,Arjun Gupta,customer527@example.com,India,2026-04-01,Referral
528,Diya Iyer,customer528@example.com,India,2026-05-23,Email Campaign
529,Nisha Desai,customer529@example.com,United States,2025-01-02,Direct
530,Arjun Sharma,customer530@example.com,India,2023-08-23,Email Campaign
531,Aditya Khan,customer531@example.com,Australia,2024-10-19,Paid Ads
532,Diya Shah,customer532@example.com,India,2025-01-20,Email Campaign
533,Rohan Desai,customer533@example.com,Germany,2024-08-10,Email Campaign
534,Arjun Iyer,customer534@example.com,United States,2025-10-29,Paid Ads
535,Arjun Gupta,customer535@example.com,United Kingdom,2026-01-02,Paid Ads
536,Ananya Joshi,customer536@example.com,Canada,2025-08-11,Paid Ads
537,Sana Shah,customer537@example.com,United Kingdom,2024-05-06,Direct
538,Sana Kapoor,customer538@example.com,India,2025-07-01,Organic Search
539,Kiara Desai,customer539@example.com,United Kingdom,2026-06-30,Organic Search
540,Vivaan Shah,customer540@example.com,Singapore,2026-06-07,Paid Ads
541,Kiara Kapoor,customer541@example.com,Germany,2026-04-12,Social Media
542,Nisha Kapoor,customer542@example.com,India,2026-04-06,Referral
543,Neel Sharma,customer543@example.com,United Kingdom,2023-06-19,Organic Search
544,Sana Gupta,customer544@example.com,Canada,2025-08-03,Organic Search
545,Mira Khan,customer545@example.com,Germany,2025-03-05,Paid Ads
546,Ishita Khan,customer546@example.com,Canada,2024-09-25,Paid Ads
547,Diya Shah,customer547@example.com,India,2026-05-02,Direct
548,Ananya Desai,customer548@example.com,India,2023-01-29,Email Campaign
549,Nisha Mehta,customer549@example.com,Australia,2026-04-03,Social Media
550,Arjun Paul,customer550@example.com,Australia,2023-12-05,Referral
551,Mira Iyer,customer551@example.com,United States,2024-05-14,Referral
552,Mira Shah,customer552@example.com,Canada,2024-05-25,Referral
553,Kabir Mehta,customer553@example.com,United Kingdom,2023-08-05,Email Campaign
554,Aditya Khan,customer554@example.com,United States,2026-03-01,Organic Search
555,Aditya Kapoor,customer555@example.com,India,2025-12-29,Paid Ads
556,Nisha Desai,customer556@example.com,Germany,2026-06-29,Organic Search
557,Arjun Khan,customer557@example.com,India,2024-03-20,Referral
558,Neel Sharma,customer558@example.com,United States,2025-05-25,Direct
559,Aarav Sharma,customer559@example.com,United Kingdom,2026-04-20,Email Campaign
560,Sana Shah,customer560@example.com,United Kingdom,2023-06-16,Social Media
561,Diya Mehta,customer561@example.com,United States,2023-04-01,Direct
562,Diya Iyer,customer562@example.com,India,2024-12-14,Referral
563,Tara Joshi,customer563@example.com,India,2023-02-08,Paid Ads
564,Nisha Mehta,customer564@example.com,United States,2026-02-23,Direct
565,Tara Khan,customer565@example.com,United Kingdom,2023-06-22,Social Media
566,Kabir Paul,customer566@example.com,United Kingdom,2024-10-14,Direct
567,Rohan Gupta,customer567@example.com,United States,2025-01-23,Email Campaign
568,Tara Patel,customer568@example.com,Germany,2026-05-28,Organic Search
569,Ishita Gupta,customer569@example.com,Germany,2025-12-17,Paid Ads
570,Vivaan Mehta,customer570@example.com,India,2024-04-20,Direct
571,Reyansh Patel,customer571@example.com,United Kingdom,2024-03-31,Email Campaign
572,Nisha Patel,customer572@example.com,Germany,2025-04-08,Social Media
573,Ishita Roy,customer573@example.com,India,2025-06-13,Social Media
574,Reyansh Joshi,customer574@example.com,India,2025-10-21,Social Media
575,Diya Iyer,customer575@example.com,India,2024-01-22,Referral
576,Aarav Iyer,customer576@example.com,India,2023-12-14,Organic Search
577,Ishita Khan,customer577@example.com,India,2023-07-09,Organic Search
578,Ishita Patel,customer578@example.com,Singapore,2024-05-19,Social Media
579,Ishita Sharma,customer579@example.com,United States,2026-04-29,Paid Ads
580,Kiara Desai,customer580@example.com,Singapore,2025-04-03,Social Media
581,Reyansh Khan,customer581@example.com,United States,2025-07-17,Email Campaign
582,Vivaan Kapoor,customer582@example.com,Australia,2025-07-22,Organic Search
583,Mira Gupta,customer583@example.com,United States,2026-02-14,Paid Ads
584,Sana Shah,customer584@example.com,Canada,2023-05-14,Referral
585,Reyansh Kapoor,customer585@example.com,United Kingdom,2023-02-27,Social Media
586,Aditya Paul,customer586@example.com,India,2024-11-15,Referral
587,Vivaan Sharma,customer587@example.com,India,2024-11-02,Email Campaign
588,Ananya Shah,customer588@example.com,Australia,2023-06-22,Social Media
589,Aarav Paul,customer589@example.com,India,2025-03-25,Organic Search
590,Ishita Roy,customer590@example.com,United States,2026-03-18,Email Campaign
591,Ishita Paul,customer591@example.com,Canada,2023-03-21,Social Media
592,Reyansh Paul,customer592@example.com,United States,2025-06-04,Organic Search
593,Vivaan Gupta,customer593@example.com,Singapore,2026-05-21,Paid Ads
594,Neel Joshi,customer594@example.com,United States,2023-07-22,Email Campaign
595,Neel Paul,customer595@example.com,India,2025-02-02,Paid Ads
596,Sana Khan,customer596@example.com,India,2026-06-06,Organic Search
597,Mira Kapoor,customer597@example.com,United Kingdom,2026-06-04,Direct
598,Nisha Shah,customer598@example.com,Singapore,2023-02-16,Email Campaign
599,Aditya Gupta,customer599@example.com,India,2026-06-10,Social Media
600,Kiara Mehta,customer600@example.com,India,2026-03-12,Paid Ads
601,Nisha Paul,customer601@example.com,Australia,2024-10-17,Referral
602,Vivaan Roy,customer602@example.com,Germany,2024-04-15,Direct
603,Kiara Khan,customer603@example.com,United States,2025-08-28,Paid Ads
604,Aditya Paul,customer604@example.com,India,2025-11-01,Referral
605,Rohan Roy,customer605@example.com,Australia,2025-01-05,Organic Search
606,Kabir Shah,customer606@example.com,India,2025-02-22,Email Campaign
607,Ishita Patel,customer607@example.com,India,2025-08-25,Direct
608,Kabir Roy,customer608@example.com,India,2023-12-24,Referral
609,Diya Shah,customer609@example.com,India,2025-08-29,Paid Ads
610,Ananya Iyer,customer610@example.com,Singapore,2024-10-29,Social Media
611,Sana Iyer,customer611@example.com,United Kingdom,2024-01-08,Paid Ads
612,Aditya Paul,customer612@example.com,United States,2025-10-28,Referral
613,Aditya Roy,customer613@example.com,United States,2026-02-19,Referral
614,Diya Sharma,customer614@example.com,United States,2024-11-06,Social Media
615,Reyansh Patel,customer615@example.com,Australia,2023-03-31,Email Campaign
616,Nisha Desai,customer616@example.com,Germany,2024-11-28,Referral
617,Neel Khan,customer617@example.com,India,2026-04-16,Paid Ads
618,Vivaan Shah,customer618@example.com,India,2024-06-23,Direct
619,Kiara Sharma,customer619@example.com,India,2025-01-01,Referral
620,Sana Khan,customer620@example.com,United States,2025-05-18,Paid Ads
621,Nisha Gupta,customer621@example.com,United Kingdom,2023-02-10,Email Campaign
622,Neel Sharma,customer622@example.com,Canada,2025-01-09,Social Media
623,Nisha Roy,customer623@example.com,India,2024-05-16,Referral
624,Mira Mehta,customer624@example.com,Canada,2025-08-16,Social Media
625,Mira Gupta,customer625@example.com,Singapore,2026-03-14,Organic Search
626,Ishita Patel,customer626@example.com,Germany,2026-05-09,Email Campaign
627,Ishita Shah,customer627@example.com,United States,2025-07-17,Email Campaign
628,Sana Patel,customer628@example.com,United Kingdom,2024-04-05,Organic Search
629,Kabir Gupta,customer629@example.com,United States,2025-01-01,Organic Search
630,Nisha Kapoor,customer630@example.com,United States,2025-01-21,Organic Search
631,Kiara Shah,customer631@example.com,India,2025-07-13,Email Campaign
632,Arjun Gupta,customer632@example.com,Singapore,2025-06-27,Organic Search
633,Kiara Mehta,customer633@example.com,India,2026-06-30,Organic Search
634,Vivaan Paul,customer634@example.com,India,2024-01-25,Direct
635,Arjun Desai,customer635@example.com,India,2025-06-01,Social Media
636,Rohan Desai,customer636@example.com,Singapore,2023-09-13,Social Media
637,Sana Iyer,customer637@example.com,India,2024-12-09,Email Campaign
638,Rohan Kapoor,customer638@example.com,Singapore,2024-03-25,Email Campaign
639,Ishita Patel,customer639@example.com,United States,2023-01-10,Social Media
640,Nisha Shah,customer640@example.com,United Kingdom,2025-04-03,Email Campaign
641,Mira Patel,customer641@example.com,United States,2025-03-08,Social Media
642,Neel Joshi,customer642@example.com,Singapore,2026-06-19,Organic Search
643,Ishita Paul,customer643@example.com,India,2026-06-28,Email Campaign
644,Nisha Sharma,customer644@example.com,India,2025-05-26,Organic Search
645,Arjun Gupta,customer645@example.com,United States,2025-10-25,Organic Search
646,Mira Desai,customer646@example.com,India,2026-02-16,Paid Ads
647,Vivaan Iyer,customer647@example.com,Australia,2025-10-12,Organic Search
648,Diya Mehta,customer648@example.com,United States,2024-01-09,Direct
649,Aditya Kapoor,customer649@example.com,Germany,2025-12-24,Referral
650,Aditya Iyer,customer650@example.com,India,2023-05-26,Email Campaign
651,Rohan Gupta,customer651@example.com,Canada,2023-08-12,Referral
652,Ishita Patel,customer652@example.com,United States,2026-06-16,Organic Search
653,Neel Joshi,customer653@example.com,Canada,2023-06-26,Direct
654,Aditya Desai,customer654@example.com,India,2025-05-02,Referral
655,Reyansh Roy,customer655@example.com,India,2023-03-04,Direct
656,Aditya Khan,customer656@example.com,India,2026-05-25,Direct
657,Aditya Patel,customer657@example.com,Canada,2025-04-06,Referral
658,Sana Iyer,customer658@example.com,India,2025-03-05,Referral
659,Vivaan Khan,customer659@example.com,United Kingdom,2024-11-19,Email Campaign
660,Vivaan Iyer,customer660@example.com,United States,2023-04-15,Referral
661,Ananya Patel,customer661@example.com,India,2026-01-27,Referral
662,Reyansh Desai,customer662@example.com,Canada,2024-05-25,Organic Search
663,Vivaan Patel,customer663@example.com,India,2024-01-20,Social Media
664,Kiara Patel,customer664@example.com,India,2024-02-09,Referral
665,Rohan Joshi,customer665@example.com,United States,2025-04-02,Referral
666,Aditya Shah,customer666@example.com,India,2024-06-01,Social Media
667,Rohan Iyer,customer667@example.com,Germany,2024-04-20,Paid Ads
668,Mira Kapoor,customer668@example.com,United States,2024-12-09,Paid Ads
669,Arjun Sharma,customer669@example.com,India,2025-02-09,Paid Ads
670,Rohan Mehta,customer670@example.com,United States,2025-11-12,Social Media
671,Diya Roy,customer671@example.com,Canada,2025-09-23,Referral
672,Arjun Paul,customer672@example.com,Canada,2024-11-07,Social Media
673,Kabir Roy,customer673@example.com,India,2024-12-14,Referral
674,Aarav Khan,customer674@example.com,India,2023-03-24,Direct
675,Aditya Desai,customer675@example.com,United States,2026-03-14,Social Media
676,Vivaan Sharma,customer676@example.com,India,2026-01-13,Email Campaign
677,Kabir Roy,customer677@example.com,India,2026-01-06,Social Media
678,Neel Sharma,customer678@example.com,Canada,2024-04-01,Email Campaign
679,Nisha Joshi,customer679@example.com,Canada,2023-01-01,Referral
680,Aditya Sharma,customer680@example.com,Australia,2023-02-20,Social Media
681,Tara Patel,customer681@example.com,Germany,2024-11-15,Paid Ads
682,Mira Kapoor,customer682@example.com,Canada,2024-12-17,Organic Search
683,Reyansh Iyer,customer683@example.com,India,2024-03-24,Referral
684,Rohan Khan,customer684@example.com,United Kingdom,2025-05-30,Paid Ads
685,Diya Paul,customer685@example.com,India,2024-05-02,Paid Ads
686,Kiara Khan,customer686@example.com,India,2023-02-03,Direct
687,Nisha Joshi,customer687@example.com,United States,2023-04-05,Direct
688,Kiara Gupta,customer688@example.com,India,2025-12-31,Referral
689,Rohan Patel,customer689@example.com,Canada,2023-06-03,Email Campaign
690,Tara Mehta,customer690@example.com,United Kingdom,2023-09-07,Organic Search
691,Aditya Desai,customer691@example.com,Singapore,2024-11-04,Social Media
692,Ananya Shah,customer692@example.com,India,2024-03-13,Paid Ads
693,Sana Roy,customer693@example.com,United States,2023-04-28,Social Media
694,Vivaan Desai,customer694@example.com,Singapore,2025-02-09,Social Media
695,Ananya Sharma,customer695@example.com,United States,2023-09-25,Organic Search
696,Ananya Iyer,customer696@example.com,India,2025-12-13,Referral
697,Neel Roy,customer697@example.com,Canada,2023-08-24,Direct
698,Nisha Desai,customer698@example.com,United States,2024-01-24,Social Media
699,Reyansh Desai,customer699@example.com,India,2025-09-16,Organic Search
700,Ananya Shah,customer700@example.com,Australia,2025-02-01,Email Campaign
701,Ananya Kapoor,customer701@example.com,Australia,2024-02-05,Email Campaign
702,Sana Gupta,customer702@example.com,India,2024-09-15,Paid Ads
703,Neel Gupta,customer703@example.com,United States,2025-02-05,Social Media
704,Sana Khan,customer704@example.com,United Kingdom,2025-07-07,Paid Ads
705,Kiara Khan,customer705@example.com,India,2026-05-15,Direct
706,Kabir Roy,customer706@example.com,United States,2026-06-06,Social Media
707,Aarav Iyer,customer707@example.com,India,2025-05-02,Referral
708,Rohan Joshi,customer708@example.com,India,2024-07-31,Direct
709,Mira Desai,customer709@example.com,India,2023-03-16,Social Media
710,Ananya Sharma,customer710@example.com,United Kingdom,2024-03-10,Social Media
711,Neel Joshi,customer711@example.com,United States,2023-04-13,Social Media
712,Ananya Desai,customer712@example.com,United States,2025-02-02,Social Media
713,Mira Kapoor,customer713@example.com,United Kingdom,2025-01-07,Referral
714,Rohan Kapoor,customer714@example.com,India,2025-03-16,Organic Search
715,Sana Sharma,customer715@example.com,India,2023-04-08,Referral
716,Vivaan Gupta,customer716@example.com,United States,2025-03-08,Direct
717,Vivaan Joshi,customer717@example.com,United States,2025-05-08,Paid Ads
718,Nisha Kapoor,customer718@example.com,United States,2024-03-10,Email Campaign
719,Mira Gupta,customer719@example.com,India,2024-03-22,Referral
720,Vivaan Mehta,customer720@example.com,India,2023-09-06,Social Media
721,Ishita Desai,customer721@example.com,Singapore,2023-06-15,Social Media
722,Vivaan Paul,customer722@example.com,Australia,2025-09-10,Direct
723,Nisha Khan,customer723@example.com,United Kingdom,2025-10-16,Social Media
724,Reyansh Roy,customer724@example.com,India,2024-06-25,Direct
725,Aarav Paul,customer725@example.com,India,2025-01-28,Referral
726,Sana Gupta,customer726@example.com,India,2026-02-03,Social Media
727,Nisha Gupta,customer727@example.com,United States,2023-03-22,Direct
728,Ananya Sharma,customer728@example.com,Canada,2023-05-13,Referral
729,Ishita Iyer,customer729@example.com,United States,2025-03-07,Paid Ads
730,Kiara Patel,customer730@example.com,Canada,2025-06-18,Email Campaign
731,Sana Sharma,customer731@example.com,Australia,2023-05-18,Organic Search
732,Reyansh Sharma,customer732@example.com,India,2023-07-03,Organic Search
733,Reyansh Patel,customer733@example.com,Canada,2025-02-23,Paid Ads
734,Kabir Iyer,customer734@example.com,United States,2025-09-10,Referral
735,Kiara Mehta,customer735@example.com,United Kingdom,2023-03-10,Paid Ads
736,Kabir Shah,customer736@example.com,United States,2024-06-29,Direct
737,Arjun Joshi,customer737@example.com,United States,2023-02-22,Referral
738,Diya Sharma,customer738@example.com,United States,2023-07-24,Direct
739,Ananya Mehta,customer739@example.com,Singapore,2023-05-06,Social Media
740,Ishita Sharma,customer740@example.com,Australia,2023-02-12,Paid Ads
741,Vivaan Paul,customer741@example.com,India,2023-04-21,Referral
742,Sana Kapoor,customer742@example.com,United States,2025-01-30,Paid Ads
743,Arjun Kapoor,customer743@example.com,United States,2026-04-21,Social Media
744,Rohan Kapoor,customer744@example.com,Canada,2025-04-27,Organic Search
745,Aditya Gupta,customer745@example.com,Canada,2023-04-05,Email Campaign
746,Tara Roy,customer746@example.com,Singapore,2025-06-18,Referral
747,Aarav Iyer,customer747@example.com,India,2023-12-26,Social Media
748,Tara Patel,customer748@example.com,Canada,2025-06-18,Social Media
749,Kabir Khan,customer749@example.com,Australia,2023-10-08,Social Media
750,Arjun Desai,customer750@example.com,Australia,2026-05-03,Referral
751,Vivaan Joshi,customer751@example.com,Australia,2026-05-03,Referral
752,Ishita Shah,customer752@example.com,India,2024-10-28,Social Media
753,Aarav Patel,customer753@example.com,Germany,2023-04-03,Paid Ads
754,Reyansh Roy,customer754@example.com,India,2024-11-02,Social Media
755,Kabir Iyer,customer755@example.com,Germany,2023-03-02,Email Campaign
756,Diya Mehta,customer756@example.com,Australia,2024-09-25,Referral
757,Rohan Kapoor,customer757@example.com,United States,2025-12-10,Organic Search
758,Tara Kapoor,customer758@example.com,Germany,2025-10-25,Paid Ads
759,Ishita Khan,customer759@example.com,United Kingdom,2024-08-26,Email Campaign
760,Sana Khan,customer760@example.com,United Kingdom,2024-11-12,Email Campaign
761,Ananya Shah,customer761@example.com,India,2024-06-17,Organic Search
762,Vivaan Joshi,customer762@example.com,India,2025-04-17,Email Campaign
763,Reyansh Shah,customer763@example.com,India,2024-10-06,Referral
764,Ananya Khan,customer764@example.com,United Kingdom,2023-08-21,Social Media
765,Rohan Paul,customer765@example.com,United States,2024-06-07,Email Campaign
766,Ananya Patel,customer766@example.com,India,2023-12-12,Referral
767,Vivaan Khan,customer767@example.com,Canada,2025-12-05,Paid Ads
768,Vivaan Patel,customer768@example.com,United States,2024-06-29,Organic Search
769,Mira Roy,customer769@example.com,United States,2026-01-06,Paid Ads
770,Vivaan Khan,customer770@example.com,United Kingdom,2026-01-01,Social Media
771,Kabir Patel,customer771@example.com,Germany,2025-03-04,Paid Ads
772,Ananya Joshi,customer772@example.com,Canada,2023-09-06,Referral
773,Kiara Desai,customer773@example.com,Canada,2023-02-16,Paid Ads
774,Arjun Kapoor,customer774@example.com,India,2026-02-18,Direct
775,Diya Iyer,customer775@example.com,India,2023-08-02,Email Campaign
776,Diya Paul,customer776@example.com,United States,2023-08-27,Direct
777,Kabir Iyer,customer777@example.com,United States,2025-12-15,Email Campaign
778,Ishita Paul,customer778@example.com,United States,2023-12-16,Organic Search
779,Sana Roy,customer779@example.com,United Kingdom,2023-04-17,Organic Search
780,Aarav Desai,customer780@example.com,Germany,2025-04-10,Paid Ads
781,Aditya Joshi,customer781@example.com,United States,2023-02-17,Direct
782,Mira Roy,customer782@example.com,Singapore,2023-12-03,Organic Search
783,Aarav Joshi,customer783@example.com,India,2025-11-15,Referral
784,Kabir Shah,customer784@example.com,Germany,2025-03-14,Social Media
785,Diya Kapoor,customer785@example.com,United Kingdom,2023-01-08,Social Media
786,Kiara Iyer,customer786@example.com,United States,2024-09-16,Email Campaign
787,Vivaan Sharma,customer787@example.com,India,2026-06-30,Organic Search
788,Kabir Mehta,customer788@example.com,United States,2024-12-19,Social Media
789,Rohan Sharma,customer789@example.com,United Kingdom,2023-10-30,Email Campaign
790,Sana Shah,customer790@example.com,India,2024-09-30,Social Media
791,Ananya Roy,customer791@example.com,United Kingdom,2023-02-25,Organic Search
792,Diya Kapoor,customer792@example.com,Canada,2024-12-26,Email Campaign
793,Mira Patel,customer793@example.com,India,2024-06-09,Paid Ads
794,Aarav Mehta,customer794@example.com,United States,2024-04-18,Referral
795,Arjun Mehta,customer795@example.com,United States,2023-01-28,Email Campaign
796,Arjun Iyer,customer796@example.com,Germany,2023-03-19,Organic Search
797,Neel Khan,customer797@example.com,India,2026-05-24,Organic Search
798,Arjun Iyer,customer798@example.com,Singapore,2023-12-31,Email Campaign
799,Rohan Roy,customer799@example.com,United States,2024-10-27,Referral
800,Ishita Roy,customer800@example.com,Australia,2024-06-09,Paid Ads
801,Tara Mehta,customer801@example.com,India,2024-11-29,Organic Search
802,Ananya Paul,customer802@example.com,Canada,2025-06-01,Organic Search
803,Ishita Shah,customer803@example.com,India,2025-10-27,Social Media
804,Tara Khan,customer804@example.com,Germany,2025-10-23,Paid Ads
805,Ishita Gupta,customer805@example.com,Australia,2025-07-07,Email Campaign
806,Kiara Paul,customer806@example.com,India,2025-01-19,Social Media
807,Neel Sharma,customer807@example.com,Australia,2023-12-29,Direct
808,Tara Patel,customer808@example.com,United States,2025-03-16,Organic Search
809,Mira Paul,customer809@example.com,Australia,2025-01-08,Organic Search
810,Aditya Patel,customer810@example.com,Australia,2025-11-04,Referral
811,Diya Desai,customer811@example.com,India,2026-04-30,Social Media
812,Aarav Desai,customer812@example.com,India,2024-04-29,Direct
813,Diya Iyer,customer813@example.com,United Kingdom,2023-01-28,Social Media
814,Tara Joshi,customer814@example.com,Singapore,2024-12-14,Paid Ads
815,Sana Mehta,customer815@example.com,India,2025-11-28,Social Media
816,Aarav Paul,customer816@example.com,United States,2026-06-08,Email Campaign
817,Aarav Desai,customer817@example.com,India,2023-03-27,Email Campaign
818,Aditya Iyer,customer818@example.com,Canada,2023-05-06,Organic Search
819,Kabir Gupta,customer819@example.com,Singapore,2025-03-22,Social Media
820,Nisha Shah,customer820@example.com,Singapore,2024-06-20,Paid Ads
821,Arjun Patel,customer821@example.com,India,2023-05-25,Paid Ads
822,Kiara Iyer,customer822@example.com,Germany,2026-05-20,Social Media
823,Rohan Joshi,customer823@example.com,India,2023-01-25,Paid Ads
824,Aditya Patel,customer824@example.com,United States,2023-03-08,Organic Search
825,Kiara Kapoor,customer825@example.com,Singapore,2023-08-21,Paid Ads
826,Diya Sharma,customer826@example.com,Australia,2023-04-19,Social Media
827,Neel Desai,customer827@example.com,United States,2026-03-15,Paid Ads
828,Rohan Paul,customer828@example.com,India,2023-04-21,Direct
829,Ananya Mehta,customer829@example.com,India,2023-08-16,Social Media
830,Reyansh Desai,customer830@example.com,United States,2023-04-21,Direct
831,Tara Paul,customer831@example.com,United States,2023-02-03,Social Media
832,Arjun Patel,customer832@example.com,India,2024-09-14,Email Campaign
833,Diya Iyer,customer833@example.com,United Kingdom,2025-01-17,Organic Search
834,Kabir Desai,customer834@example.com,India,2024-08-17,Email Campaign
835,Sana Desai,customer835@example.com,United States,2024-02-29,Organic Search
836,Diya Sharma,customer836@example.com,Australia,2024-09-04,Paid Ads
837,Aarav Khan,customer837@example.com,Australia,2024-11-22,Direct
838,Sana Patel,customer838@example.com,United States,2023-11-11,Paid Ads
839,Ananya Shah,customer839@example.com,India,2025-05-26,Paid Ads
840,Vivaan Paul,customer840@example.com,Australia,2024-10-23,Referral
841,Rohan Joshi,customer841@example.com,United States,2023-10-04,Organic Search
842,Aarav Patel,customer842@example.com,India,2024-09-15,Email Campaign
843,Reyansh Mehta,customer843@example.com,India,2024-05-30,Referral
844,Ananya Shah,customer844@example.com,Germany,2025-04-22,Organic Search
845,Mira Joshi,customer845@example.com,United States,2023-12-16,Email Campaign
846,Aditya Roy,customer846@example.com,India,2025-04-02,Email Campaign
847,Kiara Mehta,customer847@example.com,United States,2026-03-06,Paid Ads
848,Arjun Sharma,customer848@example.com,United States,2025-01-28,Paid Ads
849,Ishita Joshi,customer849@example.com,United Kingdom,2025-06-17,Paid Ads
850,Diya Roy,customer850@example.com,United States,2023-08-31,Direct
851,Nisha Shah,customer851@example.com,India,2024-06-26,Social Media
852,Vivaan Khan,customer852@example.com,India,2025-11-29,Direct
853,Sana Kapoor,customer853@example.com,Singapore,2023-08-17,Direct
854,Aarav Khan,customer854@example.com,Canada,2024-07-01,Referral
855,Nisha Gupta,customer855@example.com,Canada,2025-07-08,Referral
856,Neel Khan,customer856@example.com,India,2026-05-31,Organic Search
857,Neel Joshi,customer857@example.com,India,2023-01-06,Referral
858,Ishita Roy,customer858@example.com,United States,2024-04-12,Direct
859,Sana Mehta,customer859@example.com,India,2023-03-16,Email Campaign
860,Sana Sharma,customer860@example.com,United States,2023-01-04,Email Campaign
861,Ishita Paul,customer861@example.com,United States,2024-10-07,Social Media
862,Tara Mehta,customer862@example.com,India,2023-04-28,Direct
863,Neel Iyer,customer863@example.com,United Kingdom,2025-05-30,Direct
864,Aarav Iyer,customer864@example.com,United Kingdom,2024-05-18,Direct
865,Vivaan Joshi,customer865@example.com,Germany,2025-08-04,Social Media
866,Diya Mehta,customer866@example.com,United States,2024-07-27,Organic Search
867,Ishita Paul,customer867@example.com,United Kingdom,2023-07-13,Organic Search
868,Nisha Shah,customer868@example.com,India,2025-04-26,Direct
869,Kabir Mehta,customer869@example.com,India,2024-12-15,Paid Ads
870,Neel Shah,customer870@example.com,India,2025-11-15,Direct
871,Vivaan Patel,customer871@example.com,Australia,2023-06-22,Referral
872,Rohan Desai,customer872@example.com,United Kingdom,2023-11-22,Email Campaign
873,Aditya Joshi,customer873@example.com,India,2026-02-15,Referral
874,Neel Mehta,customer874@example.com,Singapore,2025-04-15,Email Campaign
875,Kiara Kapoor,customer875@example.com,Singapore,2024-12-24,Email Campaign
876,Neel Mehta,customer876@example.com,United Kingdom,2023-08-13,Direct
877,Tara Paul,customer877@example.com,United Kingdom,2024-06-15,Paid Ads
878,Aditya Sharma,customer878@example.com,Canada,2023-04-23,Referral
879,Vivaan Mehta,customer879@example.com,Canada,2023-05-20,Email Campaign
880,Aditya Joshi,customer880@example.com,India,2024-07-12,Direct
881,Neel Joshi,customer881@example.com,India,2023-01-01,Direct
882,Ananya Roy,customer882@example.com,India,2023-03-31,Email Campaign
883,Rohan Paul,customer883@example.com,India,2024-10-15,Referral
884,Mira Kapoor,customer884@example.com,Germany,2023-11-16,Organic Search
885,Neel Roy,customer885@example.com,India,2023-05-19,Paid Ads
886,Sana Iyer,customer886@example.com,India,2025-04-24,Referral
887,Ananya Iyer,customer887@example.com,India,2023-09-16,Social Media
888,Reyansh Iyer,customer888@example.com,United States,2025-06-20,Paid Ads
889,Kiara Roy,customer889@example.com,Germany,2024-11-20,Referral
890,Aditya Patel,customer890@example.com,Australia,2023-01-10,Direct
891,Sana Mehta,customer891@example.com,United States,2023-09-18,Organic Search
892,Diya Shah,customer892@example.com,India,2023-06-21,Organic Search
893,Rohan Desai,customer893@example.com,India,2025-06-16,Social Media
894,Mira Iyer,customer894@example.com,India,2023-01-13,Organic Search
895,Neel Joshi,customer895@example.com,Singapore,2026-04-06,Social Media
896,Aarav Khan,customer896@example.com,Germany,2023-11-17,Paid Ads
897,Kiara Mehta,customer897@example.com,India,2023-11-25,Referral
898,Kabir Paul,customer898@example.com,United States,2025-02-23,Direct
899,Arjun Kapoor,customer899@example.com,India,2025-02-15,Paid Ads
900,Ananya Shah,customer900@example.com,United States,2025-06-29,Direct
901,Nisha Mehta,customer901@example.com,India,2026-01-23,Organic Search
902,Kiara Patel,customer902@example.com,India,2023-11-14,Email Campaign
903,Nisha Paul,customer903@example.com,India,2023-08-24,Paid Ads
904,Mira Kapoor,customer904@example.com,India,2023-11-30,Organic Search
905,Nisha Patel,customer905@example.com,India,2024-01-11,Social Media
906,Nisha Roy,customer906@example.com,Germany,2026-03-06,Referral
907,Rohan Kapoor,customer907@example.com,United States,2024-08-10,Paid Ads
908,Tara Khan,customer908@example.com,United States,2024-05-27,Social Media
909,Ishita Sharma,customer909@example.com,United States,2025-07-06,Referral
910,Sana Sharma,customer910@example.com,United States,2025-05-22,Paid Ads
911,Ananya Patel,customer911@example.com,United Kingdom,2026-06-06,Direct
912,Kiara Joshi,customer912@example.com,India,2023-09-27,Organic Search
913,Aditya Gupta,customer913@example.com,United States,2025-03-08,Direct
914,Nisha Joshi,customer914@example.com,Germany,2024-12-25,Social Media
915,Diya Patel,customer915@example.com,United States,2026-04-03,Email Campaign
916,Ishita Gupta,customer916@example.com,United States,2023-01-05,Direct
917,Vivaan Patel,customer917@example.com,Germany,2025-04-30,Social Media
918,Mira Mehta,customer918@example.com,Singapore,2023-03-19,Paid Ads
919,Vivaan Shah,customer919@example.com,United States,2024-07-27,Email Campaign
920,Kiara Paul,customer920@example.com,Singapore,2023-05-12,Email Campaign
921,Vivaan Joshi,customer921@example.com,India,2024-08-23,Email Campaign
922,Rohan Patel,customer922@example.com,United States,2025-12-01,Social Media
923,Neel Sharma,customer923@example.com,United States,2023-03-30,Organic Search
924,Kiara Patel,customer924@example.com,United States,2024-02-06,Paid Ads
925,Ananya Patel,customer925@example.com,United States,2023-10-23,Organic Search
926,Diya Gupta,customer926@example.com,Germany,2024-09-07,Social Media
927,Arjun Khan,customer927@example.com,United Kingdom,2025-03-10,Direct
928,Nisha Shah,customer928@example.com,India,2024-02-26,Social Media
929,Vivaan Joshi,customer929@example.com,United Kingdom,2025-11-12,Email Campaign
930,Aditya Shah,customer930@example.com,United States,2024-07-28,Referral
931,Sana Shah,customer931@example.com,Canada,2023-05-23,Referral
932,Tara Shah,customer932@example.com,India,2025-09-19,Referral
933,Diya Sharma,customer933@example.com,Australia,2024-10-26,Email Campaign
934,Ananya Paul,customer934@example.com,India,2023-05-25,Email Campaign
935,Reyansh Desai,customer935@example.com,India,2026-06-02,Social Media
936,Rohan Paul,customer936@example.com,United States,2025-10-03,Social Media
937,Nisha Gupta,customer937@example.com,Australia,2024-05-17,Organic Search
938,Mira Patel,customer938@example.com,India,2025-03-31,Direct
939,Aditya Mehta,customer939@example.com,Canada,2023-04-14,Direct
940,Aarav Mehta,customer940@example.com,India,2025-11-28,Paid Ads
941,Ishita Paul,customer941@example.com,India,2023-07-17,Organic Search
942,Tara Iyer,customer942@example.com,India,2024-08-01,Referral
943,Reyansh Gupta,customer943@example.com,United States,2024-01-26,Organic Search
944,Aarav Paul,customer944@example.com,United States,2026-04-17,Direct
945,Reyansh Mehta,customer945@example.com,Singapore,2024-07-07,Social Media
946,Tara Desai,customer946@example.com,India,2025-11-04,Referral
947,Rohan Sharma,customer947@example.com,India,2024-04-22,Organic Search
948,Mira Joshi,customer948@example.com,Canada,2026-06-08,Paid Ads
949,Sana Kapoor,customer949@example.com,India,2025-07-11,Paid Ads
950,Arjun Kapoor,customer950@example.com,United States,2024-02-24,Organic Search
951,Aarav Roy,customer951@example.com,Germany,2023-06-06,Email Campaign
952,Mira Joshi,customer952@example.com,Australia,2024-07-03,Paid Ads
953,Arjun Joshi,customer953@example.com,Australia,2026-01-25,Referral
954,Arjun Khan,customer954@example.com,Germany,2025-10-17,Referral
955,Reyansh Sharma,customer955@example.com,India,2025-09-23,Referral
956,Aditya Joshi,customer956@example.com,India,2025-08-08,Direct
957,Tara Gupta,customer957@example.com,United Kingdom,2023-10-16,Direct
958,Diya Sharma,customer958@example.com,United Kingdom,2023-07-15,Social Media
959,Rohan Desai,customer959@example.com,Singapore,2024-08-20,Email Campaign
960,Neel Sharma,customer960@example.com,India,2024-05-31,Email Campaign
961,Diya Paul,customer961@example.com,India,2025-05-14,Paid Ads
962,Ishita Joshi,customer962@example.com,United States,2026-02-15,Referral
963,Vivaan Iyer,customer963@example.com,India,2025-03-16,Social Media
964,Diya Sharma,customer964@example.com,Germany,2026-03-28,Social Media
965,Aditya Iyer,customer965@example.com,India,2025-03-25,Email Campaign
966,Kabir Desai,customer966@example.com,Canada,2023-08-16,Paid Ads
967,Nisha Kapoor,customer967@example.com,United States,2023-08-04,Referral
968,Mira Kapoor,customer968@example.com,Australia,2025-08-05,Paid Ads
969,Diya Patel,customer969@example.com,United States,2023-01-15,Email Campaign
970,Arjun Iyer,customer970@example.com,Australia,2026-03-26,Paid Ads
971,Neel Kapoor,customer971@example.com,India,2026-03-26,Referral
972,Sana Iyer,customer972@example.com,Australia,2023-02-16,Social Media
973,Neel Desai,customer973@example.com,India,2023-11-20,Referral
974,Reyansh Patel,customer974@example.com,United States,2025-04-23,Email Campaign
975,Rohan Roy,customer975@example.com,Germany,2023-05-10,Direct
976,Ananya Kapoor,customer976@example.com,United States,2023-04-05,Referral
977,Kiara Shah,customer977@example.com,Australia,2024-09-18,Paid Ads
978,Vivaan Paul,customer978@example.com,India,2025-01-24,Direct
979,Reyansh Mehta,customer979@example.com,India,2025-03-04,Email Campaign
980,Mira Patel,customer980@example.com,United States,2023-03-10,Email Campaign
981,Mira Desai,customer981@example.com,United Kingdom,2023-01-11,Organic Search
982,Reyansh Sharma,customer982@example.com,India,2025-05-21,Paid Ads
983,Mira Roy,customer983@example.com,Canada,2024-07-03,Organic Search
984,Vivaan Joshi,customer984@example.com,United States,2026-03-03,Social Media
985,Aditya Khan,customer985@example.com,Singapore,2024-12-12,Social Media
986,Aarav Shah,customer986@example.com,United States,2023-01-23,Email Campaign
987,Tara Shah,customer987@example.com,Germany,2025-03-25,Direct
988,Kabir Shah,customer988@example.com,United Kingdom,2023-12-12,Email Campaign
989,Sana Paul,customer989@example.com,United Kingdom,2023-10-29,Referral
990,Diya Mehta,customer990@example.com,India,2023-12-29,Direct
991,Diya Mehta,customer991@example.com,India,2024-01-31,Organic Search
992,Diya Sharma,customer992@example.com,United States,2023-08-06,Direct
993,Neel Khan,customer993@example.com,Germany,2023-05-21,Paid Ads
994,Neel Roy,customer994@example.com,United States,2025-08-15,Paid Ads
995,Mira Khan,customer995@example.com,India,2026-05-18,Paid Ads
996,Vivaan Paul,customer996@example.com,Canada,2025-09-11,Direct
997,Mira Patel,customer997@example.com,United States,2025-09-19,Email Campaign
998,Ishita Khan,customer998@example.com,Australia,2025-04-07,Referral
999,Ishita Joshi,customer999@example.com,Singapore,2024-11-13,Email Campaign
1000,Ananya Kapoor,customer1000@example.com,Australia,2025-09-30,Organic Search
1001,Ananya Khan,customer1001@example.com,United States,2023-12-22,Organic Search
1002,Arjun Roy,customer1002@example.com,United Kingdom,2025-10-04,Paid Ads
1003,Aarav Sharma,customer1003@example.com,United States,2026-03-02,Organic Search
1004,Arjun Joshi,customer1004@example.com,United Kingdom,2025-06-06,Paid Ads
1005,Kiara Patel,customer1005@example.com,United States,2023-05-07,Direct
1006,Ananya Sharma,customer1006@example.com,India,2026-02-03,Organic Search
1007,Nisha Paul,customer1007@example.com,United Kingdom,2025-10-05,Referral
1008,Kabir Desai,customer1008@example.com,United Kingdom,2024-08-26,Referral
1009,Mira Shah,customer1009@example.com,United States,2025-10-10,Paid Ads
1010,Nisha Desai,customer1010@example.com,India,2023-02-20,Organic Search
1011,Rohan Patel,customer1011@example.com,Australia,2025-11-18,Email Campaign
1012,Nisha Mehta,customer1012@example.com,Germany,2025-02-17,Direct
1013,Rohan Iyer,customer1013@example.com,Canada,2025-03-24,Referral
1014,Sana Roy,customer1014@example.com,Singapore,2024-02-24,Referral
1015,Arjun Roy,customer1015@example.com,India,2026-04-20,Paid Ads
1016,Ishita Sharma,customer1016@example.com,United States,2025-09-09,Email Campaign
1017,Neel Khan,customer1017@example.com,Canada,2025-04-04,Organic Search
1018,Ishita Shah,customer1018@example.com,Australia,2025-10-21,Email Campaign
1019,Mira Desai,customer1019@example.com,United States,2024-07-20,Social Media
1020,Arjun Iyer,customer1020@example.com,India,2024-01-06,Referral
1021,Mira Patel,customer1021@example.com,United States,2025-07-24,Social Media
1022,Arjun Khan,customer1022@example.com,United Kingdom,2024-10-22,Social Media
1023,Kiara Kapoor,customer1023@example.com,Germany,2025-08-26,Paid Ads
1024,Ananya Mehta,customer1024@example.com,United Kingdom,2026-03-06,Organic Search
1025,Mira Patel,customer1025@example.com,United States,2023-07-21,Direct
1026,Nisha Joshi,customer1026@example.com,United Kingdom,2023-11-09,Paid Ads
1027,Aditya Desai,customer1027@example.com,United Kingdom,2023-04-27,Email Campaign
1028,Vivaan Roy,customer1028@example.com,Germany,2025-07-25,Organic Search
1029,Kiara Roy,customer1029@example.com,India,2024-07-28,Referral
1030,Neel Shah,customer1030@example.com,United Kingdom,2023-09-01,Email Campaign
1031,Sana Kapoor,customer1031@example.com,Australia,2024-06-20,Direct
1032,Ananya Khan,customer1032@example.com,United Kingdom,2023-03-16,Paid Ads
1033,Nisha Desai,customer1033@example.com,United Kingdom,2024-01-21,Email Campaign
1034,Aditya Mehta,customer1034@example.com,Australia,2026-05-18,Direct
1035,Ishita Shah,customer1035@example.com,United Kingdom,2024-04-19,Paid Ads
1036,Nisha Roy,customer1036@example.com,Australia,2024-02-22,Organic Search
1037,Nisha Desai,customer1037@example.com,India,2023-12-13,Referral
1038,Ishita Gupta,customer1038@example.com,India,2024-10-01,Email Campaign
1039,Aditya Khan,customer1039@example.com,Australia,2025-07-27,Organic Search
1040,Reyansh Roy,customer1040@example.com,Australia,2025-08-12,Social Media
1041,Rohan Roy,customer1041@example.com,United States,2025-05-25,Organic Search
1042,Nisha Iyer,customer1042@example.com,United Kingdom,2025-02-01,Organic Search
1043,Aditya Khan,customer1043@example.com,India,2026-04-17,Direct
1044,Aarav Patel,customer1044@example.com,Canada,2026-04-20,Direct
1045,Diya Gupta,customer1045@example.com,United States,2024-10-25,Email Campaign
1046,Reyansh Desai,customer1046@example.com,United States,2023-01-25,Organic Search
1047,Sana Roy,customer1047@example.com,India,2026-04-18,Direct
1048,Nisha Iyer,customer1048@example.com,United Kingdom,2024-12-10,Email Campaign
1049,Reyansh Patel,customer1049@example.com,India,2026-03-30,Email Campaign
1050,Sana Shah,customer1050@example.com,India,2023-06-26,Email Campaign
1051,Diya Gupta,customer1051@example.com,United States,2023-10-12,Email Campaign
1052,Ananya Shah,customer1052@example.com,Germany,2023-03-04,Social Media
1053,Vivaan Iyer,customer1053@example.com,Canada,2025-09-29,Social Media
1054,Ananya Sharma,customer1054@example.com,United Kingdom,2024-10-23,Paid Ads
1055,Ananya Khan,customer1055@example.com,India,2024-10-27,Paid Ads
1056,Neel Patel,customer1056@example.com,Canada,2023-06-05,Organic Search
1057,Ananya Roy,customer1057@example.com,United States,2025-12-08,Direct
1058,Vivaan Roy,customer1058@example.com,India,2025-08-24,Email Campaign
1059,Ishita Gupta,customer1059@example.com,Germany,2025-04-28,Direct
1060,Nisha Gupta,customer1060@example.com,Canada,2026-01-12,Paid Ads
1061,Mira Iyer,customer1061@example.com,Australia,2024-11-19,Organic Search
1062,Aditya Kapoor,customer1062@example.com,United Kingdom,2023-05-28,Referral
1063,Aditya Khan,customer1063@example.com,Singapore,2023-12-08,Email Campaign
1064,Sana Sharma,customer1064@example.com,United States,2024-04-20,Referral
1065,Diya Roy,customer1065@example.com,Australia,2025-12-22,Paid Ads
1066,Kiara Joshi,customer1066@example.com,United Kingdom,2024-07-14,Email Campaign
1067,Diya Iyer,customer1067@example.com,United States,2023-11-23,Referral
1068,Kabir Paul,customer1068@example.com,India,2026-03-10,Email Campaign
1069,Diya Kapoor,customer1069@example.com,India,2025-09-16,Email Campaign
1070,Vivaan Iyer,customer1070@example.com,United Kingdom,2023-08-03,Paid Ads
1071,Neel Iyer,customer1071@example.com,India,2024-03-10,Referral
1072,Nisha Joshi,customer1072@example.com,United States,2025-08-09,Email Campaign
1073,Kiara Kapoor,customer1073@example.com,Canada,2024-12-23,Direct
1074,Diya Khan,customer1074@example.com,Australia,2023-02-01,Direct
1075,Ananya Shah,customer1075@example.com,United States,2024-10-31,Organic Search
1076,Ishita Paul,customer1076@example.com,India,2023-10-12,Paid Ads
1077,Diya Kapoor,customer1077@example.com,India,2024-03-04,Organic Search
1078,Diya Paul,customer1078@example.com,Canada,2023-10-13,Organic Search
1079,Tara Roy,customer1079@example.com,India,2026-03-13,Email Campaign
1080,Sana Iyer,customer1080@example.com,United Kingdom,2025-11-08,Social Media
1081,Sana Gupta,customer1081@example.com,Canada,2023-01-18,Email Campaign
1082,Diya Iyer,customer1082@example.com,United Kingdom,2025-02-07,Social Media
1083,Aditya Khan,customer1083@example.com,Singapore,2024-08-12,Email Campaign
1084,Neel Gupta,customer1084@example.com,India,2026-04-13,Email Campaign
1085,Arjun Paul,customer1085@example.com,United Kingdom,2025-10-06,Social Media
1086,Sana Kapoor,customer1086@example.com,United Kingdom,2023-07-13,Email Campaign
1087,Tara Joshi,customer1087@example.com,United States,2024-05-16,Direct
1088,Kabir Iyer,customer1088@example.com,Singapore,2025-09-14,Referral
1089,Reyansh Mehta,customer1089@example.com,Singapore,2026-02-10,Organic Search
1090,Mira Mehta,customer1090@example.com,Canada,2023-04-24,Organic Search
1091,Aditya Shah,customer1091@example.com,United States,2026-05-30,Direct
1092,Arjun Mehta,customer1092@example.com,India,2025-08-04,Referral
1093,Aarav Desai,customer1093@example.com,United States,2025-04-10,Paid Ads
1094,Ishita Mehta,customer1094@example.com,Germany,2025-07-13,Direct
1095,Ishita Kapoor,customer1095@example.com,United Kingdom,2023-02-24,Email Campaign
1096,Diya Roy,customer1096@example.com,Canada,2025-03-10,Direct
1097,Tara Patel,customer1097@example.com,Canada,2025-02-16,Referral
1098,Sana Mehta,customer1098@example.com,United States,2023-06-11,Direct
1099,Mira Khan,customer1099@example.com,United States,2023-03-28,Social Media
1100,Rohan Desai,customer1100@example.com,India,2023-02-24,Paid Ads
1101,Neel Desai,customer1101@example.com,United States,2026-04-16,Paid Ads
1102,Nisha Gupta,customer1102@example.com,Australia,2025-10-28,Email Campaign
1103,Aarav Patel,customer1103@example.com,United Kingdom,2025-04-12,Social Media
1104,Sana Kapoor,customer1104@example.com,United Kingdom,2023-11-09,Direct
1105,Sana Shah,customer1105@example.com,United Kingdom,2025-01-28,Referral
1106,Aditya Patel,customer1106@example.com,United States,2024-03-18,Direct
1107,Diya Shah,customer1107@example.com,Germany,2023-11-24,Referral
1108,Reyansh Roy,customer1108@example.com,India,2025-12-13,Email Campaign
1109,Kabir Desai,customer1109@example.com,United States,2025-01-30,Organic Search
1110,Mira Gupta,customer1110@example.com,United States,2026-06-16,Email Campaign
1111,Rohan Paul,customer1111@example.com,United Kingdom,2026-06-06,Paid Ads
1112,Kiara Patel,customer1112@example.com,India,2024-08-01,Email Campaign
1113,Kiara Kapoor,customer1113@example.com,Australia,2025-12-10,Organic Search
1114,Vivaan Shah,customer1114@example.com,United States,2025-10-03,Referral
1115,Ishita Patel,customer1115@example.com,India,2023-04-06,Paid Ads
1116,Arjun Gupta,customer1116@example.com,India,2026-01-16,Paid Ads
1117,Arjun Khan,customer1117@example.com,United States,2026-01-06,Email Campaign
1118,Aditya Khan,customer1118@example.com,India,2026-02-17,Social Media
1119,Ananya Gupta,customer1119@example.com,India,2025-03-24,Email Campaign
1120,Rohan Iyer,customer1120@example.com,United States,2024-05-05,Email Campaign
1121,Rohan Desai,customer1121@example.com,Germany,2024-03-27,Organic Search
1122,Diya Kapoor,customer1122@example.com,India,2023-06-14,Organic Search
1123,Diya Roy,customer1123@example.com,United States,2023-07-01,Email Campaign
1124,Aarav Roy,customer1124@example.com,India,2024-04-13,Paid Ads
1125,Vivaan Iyer,customer1125@example.com,United States,2025-06-28,Direct
1126,Diya Kapoor,customer1126@example.com,India,2025-01-04,Email Campaign
1127,Tara Shah,customer1127@example.com,United States,2025-04-02,Direct
1128,Vivaan Patel,customer1128@example.com,India,2025-08-01,Direct
1129,Aditya Gupta,customer1129@example.com,United States,2023-01-07,Organic Search
1130,Diya Paul,customer1130@example.com,Canada,2023-11-26,Email Campaign
1131,Tara Paul,customer1131@example.com,United States,2025-02-13,Email Campaign
1132,Vivaan Mehta,customer1132@example.com,India,2023-05-31,Direct
1133,Arjun Paul,customer1133@example.com,India,2026-01-13,Email Campaign
1134,Ishita Gupta,customer1134@example.com,United States,2023-05-27,Direct
1135,Rohan Sharma,customer1135@example.com,United Kingdom,2025-07-03,Referral
1136,Ananya Paul,customer1136@example.com,Canada,2024-11-30,Social Media
1137,Neel Desai,customer1137@example.com,India,2023-03-23,Email Campaign
1138,Sana Patel,customer1138@example.com,India,2024-05-28,Organic Search
1139,Kabir Desai,customer1139@example.com,United States,2025-03-25,Referral
1140,Diya Iyer,customer1140@example.com,United States,2024-12-09,Direct
1141,Tara Desai,customer1141@example.com,Singapore,2025-01-15,Paid Ads
1142,Aarav Desai,customer1142@example.com,India,2025-10-19,Paid Ads
1143,Kiara Sharma,customer1143@example.com,Australia,2024-12-07,Paid Ads
1144,Neel Roy,customer1144@example.com,United States,2024-04-15,Referral
1145,Diya Roy,customer1145@example.com,United States,2026-02-16,Paid Ads
1146,Rohan Sharma,customer1146@example.com,Australia,2024-01-31,Paid Ads
1147,Kabir Sharma,customer1147@example.com,Canada,2023-09-18,Email Campaign
1148,Rohan Iyer,customer1148@example.com,India,2025-03-15,Organic Search
1149,Aarav Joshi,customer1149@example.com,United States,2025-07-22,Direct
1150,Kabir Shah,customer1150@example.com,United States,2025-06-23,Direct
1151,Nisha Kapoor,customer1151@example.com,Canada,2026-06-03,Referral
1152,Aditya Paul,customer1152@example.com,Germany,2025-12-12,Direct
1153,Diya Mehta,customer1153@example.com,United States,2025-07-28,Direct
1154,Rohan Khan,customer1154@example.com,United States,2025-05-03,Organic Search
1155,Sana Joshi,customer1155@example.com,United Kingdom,2024-08-15,Direct
1156,Vivaan Roy,customer1156@example.com,India,2024-12-14,Direct
1157,Vivaan Iyer,customer1157@example.com,Canada,2026-03-27,Referral
1158,Ishita Paul,customer1158@example.com,Canada,2024-09-23,Paid Ads
1159,Rohan Sharma,customer1159@example.com,United States,2023-02-28,Organic Search
1160,Kabir Gupta,customer1160@example.com,Germany,2023-05-08,Referral
1161,Aditya Roy,customer1161@example.com,Germany,2025-01-05,Organic Search
1162,Ishita Kapoor,customer1162@example.com,India,2024-12-21,Email Campaign
1163,Arjun Iyer,customer1163@example.com,India,2026-02-12,Direct
1164,Mira Khan,customer1164@example.com,United Kingdom,2026-05-17,Referral
1165,Rohan Gupta,customer1165@example.com,India,2024-06-09,Paid Ads
1166,Aditya Desai,customer1166@example.com,Australia,2024-06-04,Referral
1167,Nisha Roy,customer1167@example.com,Germany,2024-07-05,Organic Search
1168,Vivaan Roy,customer1168@example.com,India,2023-08-25,Organic Search
1169,Arjun Paul,customer1169@example.com,India,2026-05-09,Paid Ads
1170,Tara Joshi,customer1170@example.com,United Kingdom,2026-06-12,Organic Search
1171,Sana Khan,customer1171@example.com,Australia,2024-05-08,Email Campaign
1172,Ananya Roy,customer1172@example.com,United Kingdom,2023-01-04,Social Media
1173,Kabir Joshi,customer1173@example.com,India,2024-10-27,Social Media
1174,Aarav Paul,customer1174@example.com,India,2024-03-17,Direct
1175,Mira Mehta,customer1175@example.com,United Kingdom,2023-01-29,Organic Search
1176,Vivaan Shah,customer1176@example.com,India,2026-02-06,Paid Ads
1177,Aditya Joshi,customer1177@example.com,Singapore,2024-09-01,Email Campaign
1178,Aarav Iyer,customer1178@example.com,Canada,2025-03-15,Referral
1179,Rohan Paul,customer1179@example.com,United States,2023-03-16,Social Media
1180,Nisha Mehta,customer1180@example.com,India,2025-04-17,Social Media
1181,Vivaan Joshi,customer1181@example.com,Australia,2026-03-15,Paid Ads
1182,Arjun Mehta,customer1182@example.com,Canada,2023-05-08,Referral
1183,Reyansh Joshi,customer1183@example.com,United States,2023-02-11,Paid Ads
1184,Aditya Khan,customer1184@example.com,India,2023-02-10,Organic Search
1185,Kabir Gupta,customer1185@example.com,Australia,2025-07-22,Direct
1186,Kiara Mehta,customer1186@example.com,United Kingdom,2023-02-03,Paid Ads
1187,Nisha Joshi,customer1187@example.com,United States,2025-11-06,Direct
1188,Ananya Patel,customer1188@example.com,United States,2026-03-22,Paid Ads
1189,Aarav Kapoor,customer1189@example.com,United Kingdom,2025-09-24,Direct
1190,Kiara Desai,customer1190@example.com,Australia,2024-08-10,Email Campaign
1191,Kiara Paul,customer1191@example.com,Germany,2023-12-08,Social Media
1192,Aditya Desai,customer1192@example.com,United States,2023-01-27,Email Campaign
1193,Ananya Khan,customer1193@example.com,India,2024-10-07,Social Media
1194,Sana Patel,customer1194@example.com,India,2024-12-31,Direct
1195,Kiara Sharma,customer1195@example.com,India,2023-06-17,Email Campaign
1196,Aarav Joshi,customer1196@example.com,United States,2024-09-01,Direct
1197,Aarav Khan,customer1197@example.com,United Kingdom,2023-09-25,Email Campaign
1198,Neel Khan,customer1198@example.com,United States,2025-03-31,Paid Ads
1199,Kiara Kapoor,customer1199@example.com,United States,2024-03-30,Referral
1200,Kiara Joshi,customer1200@example.com,United States,2025-06-24,Referral
1201,Aditya Paul,customer1201@example.com,United States,2025-07-10,Direct
1202,Nisha Mehta,customer1202@example.com,United States,2025-09-07,Direct
1203,Nisha Sharma,customer1203@example.com,Singapore,2024-12-02,Direct
1204,Tara Iyer,customer1204@example.com,United States,2024-09-25,Paid Ads
1205,Ananya Iyer,customer1205@example.com,India,2023-05-10,Email Campaign
1206,Mira Patel,customer1206@example.com,India,2025-10-16,Social Media
1207,Neel Gupta,customer1207@example.com,United Kingdom,2025-03-29,Email Campaign
1208,Ishita Mehta,customer1208@example.com,United States,2024-11-23,Email Campaign
1209,Aarav Patel,customer1209@example.com,Australia,2025-03-04,Social Media
1210,Kiara Patel,customer1210@example.com,India,2023-01-29,Paid Ads
1211,Tara Patel,customer1211@example.com,United Kingdom,2023-05-29,Email Campaign
1212,Aditya Khan,customer1212@example.com,United Kingdom,2023-01-11,Direct
1213,Diya Iyer,customer1213@example.com,Singapore,2024-11-06,Organic Search
1214,Mira Kapoor,customer1214@example.com,United States,2026-02-10,Organic Search
1215,Kabir Kapoor,customer1215@example.com,Germany,2023-07-06,Direct
1216,Diya Paul,customer1216@example.com,India,2025-03-17,Direct
1217,Sana Joshi,customer1217@example.com,India,2025-01-13,Organic Search
1218,Tara Paul,customer1218@example.com,United Kingdom,2026-06-04,Paid Ads
1219,Rohan Sharma,customer1219@example.com,Canada,2023-04-08,Referral
1220,Aditya Khan,customer1220@example.com,United States,2023-02-24,Direct
1221,Aarav Iyer,customer1221@example.com,United Kingdom,2024-09-14,Organic Search
1222,Diya Iyer,customer1222@example.com,Australia,2024-10-25,Direct
1223,Tara Desai,customer1223@example.com,Singapore,2025-01-27,Referral
1224,Sana Joshi,customer1224@example.com,Singapore,2024-02-10,Social Media
1225,Aditya Joshi,customer1225@example.com,India,2023-03-10,Paid Ads
1226,Kiara Gupta,customer1226@example.com,India,2025-01-20,Organic Search
1227,Diya Desai,customer1227@example.com,Germany,2026-03-17,Direct
1228,Arjun Gupta,customer1228@example.com,Australia,2026-06-21,Direct
1229,Arjun Iyer,customer1229@example.com,United States,2025-08-15,Social Media
1230,Nisha Paul,customer1230@example.com,Canada,2023-12-31,Social Media
1231,Reyansh Joshi,customer1231@example.com,Australia,2024-04-26,Social Media
1232,Ananya Sharma,customer1232@example.com,India,2023-07-20,Email Campaign
1233,Sana Kapoor,customer1233@example.com,United Kingdom,2023-06-03,Referral
1234,Kiara Desai,customer1234@example.com,United States,2023-03-14,Organic Search
1235,Arjun Paul,customer1235@example.com,India,2024-12-13,Social Media
1236,Neel Patel,customer1236@example.com,United States,2023-10-23,Paid Ads
1237,Nisha Desai,customer1237@example.com,United States,2025-11-06,Direct
1238,Arjun Mehta,customer1238@example.com,Germany,2026-05-25,Email Campaign
1239,Kabir Roy,customer1239@example.com,Canada,2023-03-02,Paid Ads
1240,Sana Sharma,customer1240@example.com,India,2025-07-27,Paid Ads
1241,Sana Joshi,customer1241@example.com,United States,2023-02-11,Organic Search
1242,Ananya Patel,customer1242@example.com,United Kingdom,2023-01-25,Email Campaign
1243,Nisha Joshi,customer1243@example.com,India,2025-11-28,Direct
1244,Ishita Roy,customer1244@example.com,United States,2023-05-11,Referral
1245,Nisha Joshi,customer1245@example.com,Australia,2026-06-06,Social Media
1246,Mira Gupta,customer1246@example.com,India,2023-04-18,Paid Ads
1247,Vivaan Shah,customer1247@example.com,United States,2023-06-21,Social Media
1248,Nisha Gupta,customer1248@example.com,India,2023-04-12,Referral
1249,Aditya Kapoor,customer1249@example.com,Canada,2025-05-15,Social Media
1250,Ananya Iyer,customer1250@example.com,United States,2024-06-07,Referral
1251,Aarav Shah,customer1251@example.com,United Kingdom,2023-10-02,Social Media
1252,Ananya Desai,customer1252@example.com,United States,2025-12-03,Referral
1253,Mira Gupta,customer1253@example.com,India,2025-03-27,Referral
1254,Nisha Joshi,customer1254@example.com,India,2025-08-14,Paid Ads
1255,Nisha Khan,customer1255@example.com,India,2025-11-06,Email Campaign
1256,Tara Desai,customer1256@example.com,Australia,2023-11-26,Referral
1257,Reyansh Mehta,customer1257@example.com,United States,2023-01-12,Direct
1258,Sana Patel,customer1258@example.com,Canada,2023-08-04,Paid Ads
1259,Kiara Khan,customer1259@example.com,India,2023-12-05,Email Campaign
1260,Vivaan Roy,customer1260@example.com,Australia,2024-10-22,Paid Ads
1261,Kiara Roy,customer1261@example.com,India,2026-01-09,Email Campaign
1262,Neel Roy,customer1262@example.com,India,2024-01-09,Direct
1263,Ishita Khan,customer1263@example.com,India,2025-09-02,Paid Ads
1264,Ishita Paul,customer1264@example.com,Australia,2024-12-10,Social Media
1265,Ananya Roy,customer1265@example.com,Canada,2026-05-08,Referral
1266,Tara Desai,customer1266@example.com,United States,2024-04-10,Referral
1267,Tara Shah,customer1267@example.com,United States,2026-01-17,Referral
1268,Kabir Joshi,customer1268@example.com,United States,2024-05-03,Email Campaign
1269,Mira Sharma,customer1269@example.com,United States,2023-02-16,Email Campaign
1270,Nisha Iyer,customer1270@example.com,United States,2025-02-16,Organic Search
1271,Aditya Joshi,customer1271@example.com,India,2025-11-05,Email Campaign
1272,Vivaan Mehta,customer1272@example.com,United Kingdom,2024-12-11,Referral
1273,Kiara Kapoor,customer1273@example.com,United Kingdom,2024-02-05,Social Media
1274,Rohan Patel,customer1274@example.com,India,2025-09-07,Paid Ads
1275,Neel Desai,customer1275@example.com,United Kingdom,2026-01-14,Email Campaign
1276,Arjun Joshi,customer1276@example.com,United Kingdom,2023-09-07,Referral
1277,Reyansh Desai,customer1277@example.com,Canada,2024-01-26,Direct
1278,Reyansh Khan,customer1278@example.com,India,2023-12-01,Organic Search
1279,Vivaan Iyer,customer1279@example.com,India,2024-09-20,Referral
1280,Rohan Paul,customer1280@example.com,India,2023-05-17,Organic Search
1281,Ananya Patel,customer1281@example.com,Germany,2025-06-01,Social Media
1282,Ishita Shah,customer1282@example.com,Canada,2024-11-18,Direct
1283,Rohan Patel,customer1283@example.com,India,2025-04-06,Paid Ads
1284,Rohan Kapoor,customer1284@example.com,Germany,2024-12-27,Social Media
1285,Diya Paul,customer1285@example.com,India,2024-08-16,Referral
1286,Reyansh Kapoor,customer1286@example.com,India,2026-05-31,Direct
1287,Mira Shah,customer1287@example.com,India,2025-09-16,Referral
1288,Neel Roy,customer1288@example.com,United States,2024-01-07,Direct
1289,Arjun Gupta,customer1289@example.com,United States,2025-07-23,Email Campaign
1290,Mira Joshi,customer1290@example.com,United States,2025-09-21,Email Campaign
1291,Kiara Gupta,customer1291@example.com,United Kingdom,2024-02-06,Direct
1292,Diya Desai,customer1292@example.com,United States,2024-09-06,Paid Ads
1293,Rohan Roy,customer1293@example.com,India,2026-03-28,Social Media
1294,Arjun Mehta,customer1294@example.com,India,2026-03-21,Organic Search
1295,Vivaan Desai,customer1295@example.com,India,2025-09-21,Direct
1296,Aarav Iyer,customer1296@example.com,Germany,2024-09-11,Social Media
1297,Diya Shah,customer1297@example.com,Canada,2023-07-07,Referral
1298,Sana Shah,customer1298@example.com,United States,2026-01-26,Paid Ads
1299,Kiara Gupta,customer1299@example.com,United States,2023-05-11,Paid Ads
1300,Mira Iyer,customer1300@example.com,Canada,2025-03-15,Social Media
1301,Aditya Paul,customer1301@example.com,India,2026-04-09,Social Media
1302,Sana Gupta,customer1302@example.com,Canada,2025-07-24,Direct
1303,Arjun Sharma,customer1303@example.com,United Kingdom,2025-09-12,Direct
1304,Arjun Khan,customer1304@example.com,India,2023-07-02,Organic Search
1305,Mira Mehta,customer1305@example.com,India,2025-09-09,Email Campaign
1306,Reyansh Joshi,customer1306@example.com,United States,2023-12-30,Email Campaign
1307,Nisha Paul,customer1307@example.com,India,2023-02-08,Paid Ads
1308,Ishita Gupta,customer1308@example.com,India,2024-05-11,Organic Search
1309,Diya Sharma,customer1309@example.com,India,2025-09-08,Social Media
1310,Aarav Paul,customer1310@example.com,India,2025-07-09,Organic Search
1311,Nisha Paul,customer1311@example.com,India,2024-12-22,Referral
1312,Nisha Desai,customer1312@example.com,United States,2026-03-30,Organic Search
1313,Neel Patel,customer1313@example.com,Australia,2023-01-16,Paid Ads
1314,Ishita Sharma,customer1314@example.com,Canada,2024-05-07,Organic Search
1315,Nisha Mehta,customer1315@example.com,India,2026-02-05,Referral
1316,Aditya Shah,customer1316@example.com,India,2025-06-12,Email Campaign
1317,Sana Khan,customer1317@example.com,Canada,2023-11-07,Social Media
1318,Sana Iyer,customer1318@example.com,Singapore,2025-01-08,Paid Ads
1319,Reyansh Iyer,customer1319@example.com,Canada,2026-04-08,Direct
1320,Kabir Roy,customer1320@example.com,United States,2024-06-29,Referral
1321,Neel Mehta,customer1321@example.com,United Kingdom,2024-02-18,Organic Search
1322,Ananya Sharma,customer1322@example.com,United States,2023-09-08,Referral
1323,Kabir Desai,customer1323@example.com,Germany,2025-01-28,Email Campaign
1324,Kabir Patel,customer1324@example.com,India,2026-03-10,Social Media
1325,Neel Shah,customer1325@example.com,India,2025-11-28,Referral
1326,Ananya Khan,customer1326@example.com,Canada,2025-03-24,Organic Search
1327,Ishita Joshi,customer1327@example.com,Canada,2023-01-29,Social Media
1328,Vivaan Desai,customer1328@example.com,Canada,2025-08-15,Paid Ads
1329,Mira Roy,customer1329@example.com,India,2024-04-21,Direct
1330,Neel Kapoor,customer1330@example.com,India,2023-11-14,Referral
1331,Vivaan Iyer,customer1331@example.com,United States,2023-09-02,Organic Search
1332,Vivaan Roy,customer1332@example.com,India,2025-01-17,Direct
1333,Tara Roy,customer1333@example.com,Canada,2024-11-27,Organic Search
1334,Aditya Desai,customer1334@example.com,Canada,2023-09-29,Referral
1335,Ishita Roy,customer1335@example.com,United Kingdom,2026-06-16,Direct
1336,Diya Gupta,customer1336@example.com,United Kingdom,2024-01-12,Paid Ads
1337,Mira Gupta,customer1337@example.com,India,2023-09-23,Email Campaign
1338,Reyansh Sharma,customer1338@example.com,Australia,2025-07-14,Direct
1339,Mira Patel,customer1339@example.com,United States,2025-07-09,Social Media
1340,Diya Sharma,customer1340@example.com,United States,2023-12-06,Social Media
1341,Aarav Kapoor,customer1341@example.com,United States,2024-01-24,Email Campaign
1342,Mira Shah,customer1342@example.com,United Kingdom,2024-07-30,Referral
1343,Sana Desai,customer1343@example.com,Canada,2023-01-03,Email Campaign
1344,Aditya Paul,customer1344@example.com,United States,2026-03-11,Social Media
1345,Vivaan Joshi,customer1345@example.com,India,2024-01-11,Social Media
1346,Neel Patel,customer1346@example.com,India,2023-11-20,Email Campaign
1347,Rohan Shah,customer1347@example.com,Australia,2023-05-26,Paid Ads
1348,Mira Shah,customer1348@example.com,India,2023-10-20,Social Media
1349,Kabir Patel,customer1349@example.com,India,2024-03-07,Email Campaign
1350,Aditya Kapoor,customer1350@example.com,United States,2024-12-05,Direct
1351,Arjun Shah,customer1351@example.com,United States,2025-08-06,Direct
1352,Rohan Shah,customer1352@example.com,Germany,2024-08-07,Paid Ads
1353,Nisha Patel,customer1353@example.com,United States,2024-02-03,Email Campaign
1354,Ishita Desai,customer1354@example.com,United States,2025-03-27,Social Media
1355,Tara Iyer,customer1355@example.com,India,2025-08-21,Direct
1356,Arjun Gupta,customer1356@example.com,India,2026-03-09,Organic Search
1357,Diya Patel,customer1357@example.com,Germany,2023-07-06,Direct
1358,Ananya Patel,customer1358@example.com,Canada,2023-03-02,Direct
1359,Aditya Paul,customer1359@example.com,India,2025-07-27,Email Campaign
1360,Sana Joshi,customer1360@example.com,United Kingdom,2024-12-10,Paid Ads
1361,Kiara Iyer,customer1361@example.com,India,2025-03-17,Email Campaign
1362,Tara Kapoor,customer1362@example.com,United States,2023-01-11,Email Campaign
1363,Kiara Patel,customer1363@example.com,India,2025-12-21,Paid Ads
1364,Aditya Gupta,customer1364@example.com,India,2023-08-14,Paid Ads
1365,Reyansh Desai,customer1365@example.com,Germany,2026-03-22,Direct
1366,Neel Desai,customer1366@example.com,United States,2024-07-17,Email Campaign
1367,Kiara Iyer,customer1367@example.com,India,2025-02-10,Paid Ads
1368,Kabir Khan,customer1368@example.com,Canada,2025-06-03,Email Campaign
1369,Arjun Desai,customer1369@example.com,Singapore,2026-06-20,Social Media
1370,Aditya Shah,customer1370@example.com,Canada,2026-02-04,Referral
1371,Aarav Gupta,customer1371@example.com,India,2023-08-14,Referral
1372,Aarav Sharma,customer1372@example.com,Singapore,2025-04-04,Paid Ads
1373,Neel Shah,customer1373@example.com,Canada,2023-08-06,Email Campaign
1374,Arjun Gupta,customer1374@example.com,United States,2025-07-25,Direct
1375,Vivaan Patel,customer1375@example.com,India,2025-01-22,Referral
1376,Vivaan Mehta,customer1376@example.com,India,2024-05-20,Direct
1377,Sana Paul,customer1377@example.com,India,2023-09-16,Referral
1378,Rohan Joshi,customer1378@example.com,United States,2023-02-23,Paid Ads
1379,Rohan Iyer,customer1379@example.com,India,2025-12-06,Social Media
1380,Mira Roy,customer1380@example.com,Australia,2024-12-27,Email Campaign
1381,Ananya Joshi,customer1381@example.com,United Kingdom,2024-11-19,Organic Search
1382,Aditya Patel,customer1382@example.com,Canada,2026-01-27,Referral
1383,Tara Khan,customer1383@example.com,United States,2025-11-09,Organic Search
1384,Sana Iyer,customer1384@example.com,United Kingdom,2024-02-23,Direct
1385,Aarav Kapoor,customer1385@example.com,Canada,2024-11-20,Social Media
1386,Ishita Sharma,customer1386@example.com,United States,2025-04-29,Referral
1387,Vivaan Desai,customer1387@example.com,United States,2023-03-03,Paid Ads
1388,Vivaan Shah,customer1388@example.com,United Kingdom,2026-03-14,Social Media
1389,Reyansh Joshi,customer1389@example.com,United States,2023-08-04,Organic Search
1390,Sana Khan,customer1390@example.com,India,2023-01-03,Social Media
1391,Vivaan Mehta,customer1391@example.com,India,2023-06-09,Social Media
1392,Ishita Gupta,customer1392@example.com,United States,2025-02-19,Organic Search
1393,Aditya Gupta,customer1393@example.com,United States,2026-02-17,Email Campaign
1394,Vivaan Mehta,customer1394@example.com,United States,2025-06-11,Paid Ads
1395,Nisha Khan,customer1395@example.com,United Kingdom,2026-01-17,Paid Ads
1396,Sana Paul,customer1396@example.com,India,2023-11-25,Social Media
1397,Neel Kapoor,customer1397@example.com,Germany,2024-08-02,Organic Search
1398,Ananya Kapoor,customer1398@example.com,United States,2025-08-09,Referral
1399,Tara Paul,customer1399@example.com,India,2024-09-26,Direct
1400,Aarav Sharma,customer1400@example.com,India,2025-09-14,Referral
1401,Reyansh Joshi,customer1401@example.com,India,2026-05-03,Organic Search
1402,Sana Paul,customer1402@example.com,United Kingdom,2025-07-09,Paid Ads
1403,Rohan Patel,customer1403@example.com,Canada,2025-01-07,Paid Ads
1404,Vivaan Sharma,customer1404@example.com,India,2023-06-19,Email Campaign
1405,Ananya Sharma,customer1405@example.com,United States,2024-06-04,Organic Search
1406,Neel Paul,customer1406@example.com,Canada,2023-02-09,Paid Ads
1407,Kabir Gupta,customer1407@example.com,United States,2025-08-12,Referral
1408,Nisha Joshi,customer1408@example.com,Canada,2026-06-03,Paid Ads
1409,Aarav Khan,customer1409@example.com,United States,2025-09-10,Email Campaign
1410,Ishita Sharma,customer1410@example.com,India,2026-02-21,Referral
1411,Kabir Iyer,customer1411@example.com,United Kingdom,2025-09-01,Organic Search
1412,Reyansh Kapoor,customer1412@example.com,Germany,2023-02-07,Organic Search
1413,Aditya Kapoor,customer1413@example.com,India,2023-11-24,Email Campaign
1414,Tara Patel,customer1414@example.com,India,2026-06-28,Email Campaign
1415,Aditya Paul,customer1415@example.com,Singapore,2026-04-14,Direct
1416,Ananya Desai,customer1416@example.com,United States,2025-07-02,Direct
1417,Rohan Mehta,customer1417@example.com,India,2024-03-29,Social Media
1418,Aarav Shah,customer1418@example.com,India,2023-02-06,Direct
1419,Diya Desai,customer1419@example.com,United States,2025-08-30,Email Campaign
1420,Mira Shah,customer1420@example.com,India,2025-03-06,Referral
1421,Tara Kapoor,customer1421@example.com,India,2025-08-30,Direct
1422,Arjun Shah,customer1422@example.com,United Kingdom,2024-08-15,Social Media
1423,Aarav Gupta,customer1423@example.com,Germany,2026-02-11,Paid Ads
1424,Vivaan Desai,customer1424@example.com,Germany,2025-11-29,Email Campaign
1425,Vivaan Patel,customer1425@example.com,Canada,2023-08-12,Direct
1426,Sana Khan,customer1426@example.com,India,2023-11-14,Paid Ads
1427,Kiara Sharma,customer1427@example.com,Germany,2023-12-15,Referral
1428,Reyansh Gupta,customer1428@example.com,India,2023-04-25,Email Campaign
1429,Vivaan Joshi,customer1429@example.com,United States,2024-11-28,Paid Ads
1430,Vivaan Sharma,customer1430@example.com,United Kingdom,2025-11-29,Direct
1431,Vivaan Khan,customer1431@example.com,Singapore,2023-02-09,Paid Ads
1432,Mira Desai,customer1432@example.com,India,2023-08-04,Direct
1433,Ananya Mehta,customer1433@example.com,India,2026-03-16,Paid Ads
1434,Aarav Desai,customer1434@example.com,Germany,2023-12-02,Social Media
1435,Kiara Sharma,customer1435@example.com,United States,2026-04-06,Email Campaign
1436,Arjun Mehta,customer1436@example.com,Canada,2023-04-02,Organic Search
1437,Vivaan Mehta,customer1437@example.com,India,2023-12-19,Direct
1438,Arjun Joshi,customer1438@example.com,United States,2024-07-24,Paid Ads
1439,Sana Paul,customer1439@example.com,United Kingdom,2025-03-26,Referral
1440,Rohan Iyer,customer1440@example.com,Canada,2025-02-19,Paid Ads
1441,Nisha Iyer,customer1441@example.com,United Kingdom,2023-12-29,Paid Ads
1442,Aditya Roy,customer1442@example.com,United States,2024-07-10,Paid Ads
1443,Kabir Paul,customer1443@example.com,India,2026-04-08,Organic Search
1444,Arjun Khan,customer1444@example.com,India,2023-12-22,Email Campaign
1445,Kabir Paul,customer1445@example.com,India,2023-07-10,Social Media
1446,Nisha Iyer,customer1446@example.com,India,2024-02-26,Social Media
1447,Sana Khan,customer1447@example.com,United States,2024-11-30,Organic Search
1448,Aditya Iyer,customer1448@example.com,India,2023-01-07,Direct
1449,Ishita Gupta,customer1449@example.com,India,2023-05-13,Social Media
1450,Ishita Paul,customer1450@example.com,United States,2024-07-10,Social Media
1451,Ishita Gupta,customer1451@example.com,United States,2025-04-05,Email Campaign
1452,Ishita Paul,customer1452@example.com,India,2025-01-30,Social Media
1453,Diya Sharma,customer1453@example.com,United States,2025-11-20,Social Media
1454,Diya Joshi,customer1454@example.com,Germany,2024-06-18,Email Campaign
1455,Vivaan Roy,customer1455@example.com,Australia,2024-03-01,Social Media
1456,Rohan Iyer,customer1456@example.com,United States,2024-11-02,Paid Ads
1457,Vivaan Khan,customer1457@example.com,United States,2023-12-29,Social Media
1458,Aarav Mehta,customer1458@example.com,United States,2023-03-23,Email Campaign
1459,Kabir Roy,customer1459@example.com,India,2023-12-22,Referral
1460,Mira Iyer,customer1460@example.com,Canada,2024-08-11,Organic Search
1461,Ananya Iyer,customer1461@example.com,United States,2023-10-22,Referral
1462,Rohan Gupta,customer1462@example.com,United Kingdom,2026-06-01,Email Campaign
1463,Mira Khan,customer1463@example.com,United States,2025-12-05,Organic Search
1464,Mira Desai,customer1464@example.com,United States,2026-02-10,Email Campaign
1465,Vivaan Mehta,customer1465@example.com,Australia,2026-06-10,Paid Ads
1466,Ishita Khan,customer1466@example.com,India,2023-01-17,Email Campaign
1467,Reyansh Sharma,customer1467@example.com,United Kingdom,2023-12-26,Organic Search
1468,Vivaan Paul,customer1468@example.com,India,2026-05-31,Referral
1469,Aarav Roy,customer1469@example.com,United States,2025-05-15,Social Media
1470,Aarav Joshi,customer1470@example.com,Germany,2024-11-30,Paid Ads
1471,Kabir Joshi,customer1471@example.com,United Kingdom,2024-03-23,Social Media
1472,Kiara Roy,customer1472@example.com,India,2025-05-05,Direct
1473,Aarav Paul,customer1473@example.com,Germany,2023-12-31,Referral
1474,Kabir Shah,customer1474@example.com,India,2024-11-05,Organic Search
1475,Tara Shah,customer1475@example.com,India,2025-10-04,Organic Search
1476,Diya Desai,customer1476@example.com,Germany,2024-04-11,Organic Search
1477,Ananya Khan,customer1477@example.com,Singapore,2024-02-18,Paid Ads
1478,Diya Joshi,customer1478@example.com,United Kingdom,2024-08-08,Email Campaign
1479,Mira Roy,customer1479@example.com,Canada,2026-06-10,Referral
1480,Ishita Patel,customer1480@example.com,Canada,2026-06-01,Referral
1481,Tara Khan,customer1481@example.com,Australia,2025-09-20,Social Media
1482,Rohan Sharma,customer1482@example.com,United States,2024-07-25,Organic Search
1483,Arjun Desai,customer1483@example.com,United States,2023-12-01,Direct
1484,Kabir Iyer,customer1484@example.com,India,2026-05-30,Organic Search
1485,Ananya Joshi,customer1485@example.com,Canada,2023-02-06,Email Campaign
1486,Rohan Roy,customer1486@example.com,Canada,2025-09-15,Direct
1487,Diya Khan,customer1487@example.com,United Kingdom,2023-10-05,Referral
1488,Arjun Gupta,customer1488@example.com,United States,2026-05-04,Direct
1489,Tara Mehta,customer1489@example.com,United Kingdom,2025-07-04,Social Media
1490,Nisha Roy,customer1490@example.com,Australia,2024-04-28,Direct
1491,Sana Iyer,customer1491@example.com,India,2026-06-19,Paid Ads
1492,Aarav Patel,customer1492@example.com,India,2024-12-31,Email Campaign
1493,Ananya Iyer,customer1493@example.com,Australia,2023-07-11,Direct
1494,Kiara Khan,customer1494@example.com,India,2025-11-06,Referral
1495,Kabir Shah,customer1495@example.com,United Kingdom,2024-06-07,Email Campaign
1496,Diya Sharma,customer1496@example.com,Canada,2025-07-06,Referral
1497,Diya Gupta,customer1497@example.com,United States,2024-02-05,Organic Search
1498,Ananya Kapoor,customer1498@example.com,India,2025-06-04,Social Media
1499,Aarav Mehta,customer1499@example.com,India,2024-12-05,Referral
1500,Nisha Roy,customer1500@example.com,Canada,2023-01-22,Email Campaign
1501,Vivaan Roy,customer1501@example.com,India,2024-04-18,Social Media
1502,Neel Roy,customer1502@example.com,Canada,2026-02-17,Social Media
1503,Ishita Gupta,customer1503@example.com,India,2023-07-29,Email Campaign
1504,Neel Gupta,customer1504@example.com,United States,2023-11-02,Paid Ads
1505,Neel Desai,customer1505@example.com,India,2024-12-04,Paid Ads
1506,Arjun Shah,customer1506@example.com,India,2024-11-17,Social Media
1507,Mira Joshi,customer1507@example.com,United Kingdom,2023-10-12,Paid Ads
1508,Ananya Sharma,customer1508@example.com,United Kingdom,2024-12-16,Referral
1509,Ishita Sharma,customer1509@example.com,United States,2025-02-01,Social Media
1510,Sana Desai,customer1510@example.com,United States,2026-06-04,Referral
1511,Kabir Gupta,customer1511@example.com,India,2025-08-05,Organic Search
1512,Tara Shah,customer1512@example.com,Canada,2024-01-16,Organic Search
1513,Reyansh Gupta,customer1513@example.com,India,2024-04-04,Social Media
1514,Vivaan Paul,customer1514@example.com,India,2025-10-27,Social Media
1515,Diya Desai,customer1515@example.com,India,2023-01-29,Organic Search
1516,Vivaan Paul,customer1516@example.com,Canada,2025-06-25,Social Media
1517,Aditya Iyer,customer1517@example.com,Australia,2025-11-22,Organic Search
1518,Aarav Sharma,customer1518@example.com,Germany,2025-05-28,Email Campaign
1519,Rohan Desai,customer1519@example.com,United States,2023-03-20,Organic Search
1520,Ananya Gupta,customer1520@example.com,Canada,2025-08-04,Email Campaign
1521,Diya Shah,customer1521@example.com,United States,2024-04-03,Referral
1522,Kabir Desai,customer1522@example.com,India,2024-07-23,Referral
1523,Arjun Gupta,customer1523@example.com,India,2025-01-07,Social Media
1524,Ananya Sharma,customer1524@example.com,India,2024-05-30,Referral
1525,Ananya Shah,customer1525@example.com,Singapore,2026-01-27,Direct
1526,Ananya Paul,customer1526@example.com,United States,2024-02-01,Direct
1527,Neel Sharma,customer1527@example.com,India,2023-02-08,Email Campaign
1528,Diya Joshi,customer1528@example.com,India,2025-06-05,Organic Search
1529,Diya Joshi,customer1529@example.com,Germany,2025-03-07,Direct
1530,Reyansh Shah,customer1530@example.com,India,2023-06-06,Social Media
1531,Ishita Patel,customer1531@example.com,United States,2026-01-03,Organic Search
1532,Kiara Khan,customer1532@example.com,India,2025-06-02,Direct
1533,Reyansh Joshi,customer1533@example.com,United States,2026-02-27,Referral
1534,Kabir Iyer,customer1534@example.com,Canada,2025-08-31,Direct
1535,Rohan Roy,customer1535@example.com,United States,2026-01-12,Organic Search
1536,Reyansh Patel,customer1536@example.com,United States,2025-11-11,Email Campaign
1537,Reyansh Roy,customer1537@example.com,India,2025-04-28,Paid Ads
1538,Vivaan Joshi,customer1538@example.com,India,2025-01-17,Referral
1539,Aditya Mehta,customer1539@example.com,United Kingdom,2025-09-15,Email Campaign
1540,Neel Desai,customer1540@example.com,United States,2023-01-21,Organic Search
1541,Rohan Roy,customer1541@example.com,India,2023-10-30,Social Media
1542,Reyansh Mehta,customer1542@example.com,India,2025-05-18,Referral
1543,Vivaan Gupta,customer1543@example.com,India,2023-03-25,Email Campaign
1544,Ananya Desai,customer1544@example.com,United States,2024-07-23,Organic Search
1545,Diya Gupta,customer1545@example.com,United States,2025-07-22,Direct
1546,Kiara Paul,customer1546@example.com,United Kingdom,2026-03-31,Direct
1547,Mira Roy,customer1547@example.com,United States,2026-04-01,Referral
1548,Kabir Iyer,customer1548@example.com,United States,2025-10-05,Social Media
1549,Neel Gupta,customer1549@example.com,United Kingdom,2025-03-03,Paid Ads
1550,Rohan Iyer,customer1550@example.com,Germany,2025-03-02,Direct
1551,Nisha Patel,customer1551@example.com,United States,2024-05-06,Social Media
1552,Neel Gupta,customer1552@example.com,India,2023-07-27,Social Media
1553,Mira Sharma,customer1553@example.com,Singapore,2025-12-19,Organic Search
1554,Ananya Kapoor,customer1554@example.com,Australia,2024-03-05,Social Media
1555,Neel Roy,customer1555@example.com,United Kingdom,2025-09-11,Organic Search
1556,Rohan Paul,customer1556@example.com,Australia,2024-06-03,Direct
1557,Aarav Mehta,customer1557@example.com,United Kingdom,2024-08-13,Social Media
1558,Diya Khan,customer1558@example.com,United Kingdom,2025-11-16,Social Media
1559,Kabir Paul,customer1559@example.com,United Kingdom,2023-07-18,Referral
1560,Diya Joshi,customer1560@example.com,Canada,2024-01-22,Email Campaign
1561,Diya Khan,customer1561@example.com,United Kingdom,2023-12-15,Referral
1562,Rohan Joshi,customer1562@example.com,India,2025-08-17,Direct
1563,Aditya Mehta,customer1563@example.com,Australia,2024-11-23,Organic Search
1564,Tara Gupta,customer1564@example.com,Singapore,2024-01-13,Organic Search
1565,Tara Patel,customer1565@example.com,Australia,2025-06-17,Organic Search
1566,Sana Khan,customer1566@example.com,United Kingdom,2025-07-04,Social Media
1567,Neel Iyer,customer1567@example.com,United States,2024-06-10,Social Media
1568,Kiara Gupta,customer1568@example.com,India,2026-03-22,Paid Ads
1569,Nisha Mehta,customer1569@example.com,India,2025-01-03,Social Media
1570,Tara Khan,customer1570@example.com,India,2023-07-25,Email Campaign
1571,Vivaan Mehta,customer1571@example.com,India,2024-03-30,Email Campaign
1572,Aarav Mehta,customer1572@example.com,Canada,2026-06-13,Social Media
1573,Kiara Mehta,customer1573@example.com,India,2024-06-04,Email Campaign
1574,Kiara Roy,customer1574@example.com,Germany,2025-10-13,Email Campaign
1575,Kiara Joshi,customer1575@example.com,India,2025-08-13,Direct
1576,Kiara Gupta,customer1576@example.com,Australia,2024-12-26,Social Media
1577,Tara Paul,customer1577@example.com,India,2025-10-10,Direct
1578,Aarav Joshi,customer1578@example.com,United States,2024-05-15,Email Campaign
1579,Sana Iyer,customer1579@example.com,United States,2023-04-27,Social Media
1580,Tara Shah,customer1580@example.com,Singapore,2024-01-21,Direct
1581,Nisha Iyer,customer1581@example.com,United States,2024-08-06,Direct
1582,Nisha Iyer,customer1582@example.com,India,2024-01-30,Email Campaign
1583,Arjun Roy,customer1583@example.com,United States,2025-12-23,Direct
1584,Rohan Paul,customer1584@example.com,United States,2024-12-21,Email Campaign
1585,Rohan Kapoor,customer1585@example.com,United Kingdom,2023-03-13,Direct
1586,Diya Joshi,customer1586@example.com,India,2023-10-01,Referral
1587,Aarav Roy,customer1587@example.com,United States,2023-12-04,Social Media
1588,Neel Khan,customer1588@example.com,United States,2024-08-29,Referral
1589,Diya Mehta,customer1589@example.com,India,2023-06-15,Direct
1590,Diya Iyer,customer1590@example.com,Canada,2023-01-11,Referral
1591,Ishita Kapoor,customer1591@example.com,United States,2024-12-29,Paid Ads
1592,Ishita Kapoor,customer1592@example.com,Singapore,2025-03-11,Email Campaign
1593,Aarav Sharma,customer1593@example.com,United States,2023-04-12,Paid Ads
1594,Rohan Sharma,customer1594@example.com,India,2025-02-17,Direct
1595,Arjun Sharma,customer1595@example.com,Australia,2023-08-02,Organic Search
1596,Ananya Joshi,customer1596@example.com,India,2026-01-16,Direct
1597,Vivaan Kapoor,customer1597@example.com,United States,2024-02-05,Paid Ads
1598,Arjun Iyer,customer1598@example.com,India,2024-08-10,Paid Ads
1599,Ishita Desai,customer1599@example.com,Singapore,2025-06-07,Paid Ads
1600,Vivaan Roy,customer1600@example.com,Canada,2025-12-05,Social Media
1601,Aditya Paul,customer1601@example.com,United Kingdom,2024-08-14,Email Campaign
1602,Mira Paul,customer1602@example.com,United States,2026-01-14,Referral
1603,Ishita Kapoor,customer1603@example.com,India,2023-04-02,Organic Search
1604,Ishita Mehta,customer1604@example.com,United States,2024-11-03,Social Media
1605,Diya Roy,customer1605@example.com,Canada,2024-12-14,Direct
1606,Sana Khan,customer1606@example.com,United Kingdom,2025-07-24,Social Media
1607,Nisha Sharma,customer1607@example.com,India,2023-08-30,Social Media
1608,Aarav Sharma,customer1608@example.com,Germany,2023-01-02,Social Media
1609,Aditya Kapoor,customer1609@example.com,India,2023-08-13,Direct
1610,Ishita Patel,customer1610@example.com,Germany,2025-03-11,Email Campaign
1611,Tara Khan,customer1611@example.com,United Kingdom,2024-08-11,Email Campaign
1612,Arjun Desai,customer1612@example.com,India,2023-04-26,Organic Search
1613,Arjun Kapoor,customer1613@example.com,United States,2025-07-06,Social Media
1614,Sana Iyer,customer1614@example.com,United Kingdom,2026-01-31,Paid Ads
1615,Neel Kapoor,customer1615@example.com,United Kingdom,2023-07-13,Paid Ads
1616,Neel Gupta,customer1616@example.com,India,2026-04-04,Organic Search
1617,Rohan Shah,customer1617@example.com,United States,2025-05-20,Direct
1618,Ananya Kapoor,customer1618@example.com,United States,2023-03-31,Paid Ads
1619,Diya Sharma,customer1619@example.com,India,2023-05-02,Organic Search
1620,Rohan Shah,customer1620@example.com,Germany,2023-05-23,Email Campaign
1621,Kabir Joshi,customer1621@example.com,United Kingdom,2025-09-20,Email Campaign
1622,Ananya Patel,customer1622@example.com,Australia,2023-04-16,Paid Ads
1623,Aditya Kapoor,customer1623@example.com,Canada,2025-06-05,Email Campaign
1624,Mira Patel,customer1624@example.com,United Kingdom,2024-03-03,Referral
1625,Diya Roy,customer1625@example.com,United Kingdom,2023-11-13,Organic Search
1626,Reyansh Sharma,customer1626@example.com,Canada,2024-09-26,Email Campaign
1627,Neel Sharma,customer1627@example.com,India,2023-01-09,Organic Search
1628,Arjun Shah,customer1628@example.com,United States,2025-02-12,Referral
1629,Ishita Sharma,customer1629@example.com,Singapore,2026-01-01,Referral
1630,Mira Roy,customer1630@example.com,India,2023-08-11,Paid Ads
1631,Aditya Mehta,customer1631@example.com,United Kingdom,2024-07-06,Organic Search
1632,Vivaan Gupta,customer1632@example.com,Canada,2024-12-16,Paid Ads
1633,Ananya Roy,customer1633@example.com,United Kingdom,2026-01-12,Organic Search
1634,Ishita Patel,customer1634@example.com,India,2023-04-21,Email Campaign
1635,Arjun Roy,customer1635@example.com,India,2023-09-08,Social Media
1636,Vivaan Kapoor,customer1636@example.com,United Kingdom,2024-01-18,Organic Search
1637,Aditya Sharma,customer1637@example.com,India,2023-01-07,Referral
1638,Aditya Joshi,customer1638@example.com,India,2024-04-03,Email Campaign
1639,Nisha Roy,customer1639@example.com,United States,2026-01-12,Email Campaign
1640,Rohan Gupta,customer1640@example.com,India,2023-07-27,Social Media
1641,Nisha Patel,customer1641@example.com,United States,2025-06-18,Referral
1642,Neel Kapoor,customer1642@example.com,India,2023-01-22,Organic Search
1643,Rohan Desai,customer1643@example.com,United States,2024-02-14,Referral
1644,Rohan Roy,customer1644@example.com,Canada,2025-06-13,Referral
1645,Kabir Mehta,customer1645@example.com,United States,2024-05-29,Social Media
1646,Kabir Sharma,customer1646@example.com,United Kingdom,2026-02-24,Organic Search
1647,Tara Roy,customer1647@example.com,India,2025-03-19,Email Campaign
1648,Reyansh Iyer,customer1648@example.com,India,2025-05-23,Organic Search
1649,Kabir Shah,customer1649@example.com,United Kingdom,2023-01-14,Direct
1650,Sana Roy,customer1650@example.com,United States,2025-08-28,Direct
1651,Diya Roy,customer1651@example.com,United States,2025-09-04,Social Media
1652,Aarav Shah,customer1652@example.com,India,2025-10-10,Referral
1653,Ishita Khan,customer1653@example.com,India,2025-11-01,Email Campaign
1654,Reyansh Kapoor,customer1654@example.com,Australia,2023-03-28,Direct
1655,Vivaan Iyer,customer1655@example.com,United States,2025-06-27,Organic Search
1656,Ishita Iyer,customer1656@example.com,India,2026-06-20,Email Campaign
1657,Aarav Roy,customer1657@example.com,Germany,2023-05-02,Direct
1658,Ishita Paul,customer1658@example.com,United Kingdom,2026-03-16,Paid Ads
1659,Aarav Mehta,customer1659@example.com,United Kingdom,2025-01-19,Referral
1660,Ananya Roy,customer1660@example.com,United Kingdom,2024-11-15,Direct
1661,Rohan Patel,customer1661@example.com,India,2023-11-05,Direct
1662,Sana Patel,customer1662@example.com,Australia,2024-11-25,Social Media
1663,Neel Iyer,customer1663@example.com,United Kingdom,2023-10-15,Referral
1664,Ananya Kapoor,customer1664@example.com,United States,2023-11-03,Paid Ads
1665,Neel Paul,customer1665@example.com,Canada,2025-07-02,Direct
1666,Mira Desai,customer1666@example.com,India,2024-10-23,Referral
1667,Vivaan Khan,customer1667@example.com,India,2024-07-02,Referral
1668,Mira Roy,customer1668@example.com,India,2023-11-08,Direct
1669,Ishita Mehta,customer1669@example.com,India,2025-05-22,Email Campaign
1670,Aditya Mehta,customer1670@example.com,India,2025-12-18,Social Media
1671,Rohan Shah,customer1671@example.com,India,2025-07-12,Organic Search
1672,Diya Khan,customer1672@example.com,United Kingdom,2025-01-24,Social Media
1673,Vivaan Paul,customer1673@example.com,India,2023-02-04,Referral
1674,Reyansh Khan,customer1674@example.com,India,2024-03-20,Paid Ads
1675,Ishita Joshi,customer1675@example.com,India,2023-04-03,Social Media
1676,Rohan Kapoor,customer1676@example.com,Australia,2026-05-15,Referral
1677,Tara Khan,customer1677@example.com,India,2023-12-19,Paid Ads
1678,Kabir Patel,customer1678@example.com,Singapore,2025-06-21,Organic Search
1679,Tara Gupta,customer1679@example.com,United States,2025-05-11,Social Media
1680,Kabir Sharma,customer1680@example.com,India,2023-06-08,Organic Search
1681,Vivaan Kapoor,customer1681@example.com,Australia,2025-08-14,Social Media
1682,Nisha Mehta,customer1682@example.com,India,2023-01-24,Organic Search
1683,Ishita Kapoor,customer1683@example.com,United States,2024-02-08,Paid Ads
1684,Kiara Sharma,customer1684@example.com,India,2025-03-15,Social Media
1685,Ishita Patel,customer1685@example.com,Canada,2024-05-30,Direct
1686,Mira Mehta,customer1686@example.com,Canada,2025-01-01,Social Media
1687,Ananya Patel,customer1687@example.com,Germany,2024-06-15,Email Campaign
1688,Reyansh Joshi,customer1688@example.com,United States,2025-08-13,Social Media
1689,Kabir Iyer,customer1689@example.com,United Kingdom,2023-06-01,Referral
1690,Sana Patel,customer1690@example.com,India,2025-08-04,Organic Search
1691,Sana Iyer,customer1691@example.com,United States,2024-08-30,Paid Ads
1692,Aditya Paul,customer1692@example.com,India,2024-02-24,Direct
1693,Nisha Shah,customer1693@example.com,Germany,2026-06-27,Paid Ads
1694,Kabir Joshi,customer1694@example.com,United States,2026-02-14,Social Media
1695,Tara Mehta,customer1695@example.com,United States,2025-05-15,Paid Ads
1696,Tara Sharma,customer1696@example.com,India,2024-07-31,Paid Ads
1697,Ishita Iyer,customer1697@example.com,United States,2023-12-01,Referral
1698,Vivaan Patel,customer1698@example.com,Australia,2025-07-20,Social Media
1699,Kiara Mehta,customer1699@example.com,Canada,2023-10-22,Paid Ads
1700,Diya Joshi,customer1700@example.com,India,2025-01-24,Email Campaign
1701,Mira Joshi,customer1701@example.com,Singapore,2023-07-05,Paid Ads
1702,Rohan Khan,customer1702@example.com,Australia,2026-06-23,Social Media
1703,Kabir Joshi,customer1703@example.com,United States,2024-09-28,Social Media
1704,Arjun Shah,customer1704@example.com,Canada,2026-06-14,Email Campaign
1705,Sana Paul,customer1705@example.com,India,2024-06-13,Direct
1706,Sana Joshi,customer1706@example.com,Germany,2023-01-21,Direct
1707,Aarav Khan,customer1707@example.com,Singapore,2025-06-29,Organic Search
1708,Nisha Iyer,customer1708@example.com,Canada,2025-05-16,Organic Search
1709,Kiara Gupta,customer1709@example.com,United States,2025-03-04,Email Campaign
1710,Ananya Roy,customer1710@example.com,United States,2023-04-10,Organic Search
1711,Aarav Iyer,customer1711@example.com,Canada,2025-01-21,Paid Ads
1712,Vivaan Desai,customer1712@example.com,India,2024-04-22,Email Campaign
1713,Rohan Shah,customer1713@example.com,United States,2025-07-28,Referral
1714,Mira Iyer,customer1714@example.com,United States,2024-06-09,Direct
1715,Aarav Roy,customer1715@example.com,United States,2023-11-30,Paid Ads
1716,Aditya Mehta,customer1716@example.com,Canada,2023-01-02,Referral
1717,Reyansh Iyer,customer1717@example.com,United Kingdom,2024-01-10,Email Campaign
1718,Rohan Khan,customer1718@example.com,Germany,2023-10-20,Referral
1719,Ishita Sharma,customer1719@example.com,United States,2025-04-16,Referral
1720,Kabir Kapoor,customer1720@example.com,India,2025-10-01,Referral
1721,Ishita Gupta,customer1721@example.com,Germany,2024-07-06,Email Campaign
1722,Tara Shah,customer1722@example.com,India,2023-11-14,Referral
1723,Reyansh Joshi,customer1723@example.com,India,2024-01-16,Referral
1724,Mira Kapoor,customer1724@example.com,United States,2023-01-14,Organic Search
1725,Kabir Mehta,customer1725@example.com,Singapore,2024-05-18,Paid Ads
1726,Ananya Kapoor,customer1726@example.com,United States,2023-08-19,Direct
1727,Kabir Iyer,customer1727@example.com,Canada,2026-01-12,Referral
1728,Tara Sharma,customer1728@example.com,United States,2023-05-10,Social Media
1729,Arjun Shah,customer1729@example.com,India,2025-04-17,Referral
1730,Reyansh Roy,customer1730@example.com,United States,2026-03-14,Organic Search
1731,Nisha Iyer,customer1731@example.com,United States,2025-06-09,Direct
1732,Diya Roy,customer1732@example.com,United Kingdom,2023-01-28,Email Campaign
1733,Rohan Paul,customer1733@example.com,Germany,2023-03-07,Social Media
1734,Rohan Patel,customer1734@example.com,United States,2026-04-01,Paid Ads
1735,Diya Patel,customer1735@example.com,India,2026-06-06,Referral
1736,Ananya Iyer,customer1736@example.com,India,2023-09-18,Paid Ads
1737,Kabir Gupta,customer1737@example.com,Singapore,2024-04-04,Organic Search
1738,Diya Khan,customer1738@example.com,Singapore,2023-10-28,Direct
1739,Vivaan Roy,customer1739@example.com,India,2025-07-07,Social Media
1740,Aarav Sharma,customer1740@example.com,India,2023-10-14,Organic Search
1741,Sana Gupta,customer1741@example.com,United Kingdom,2025-10-30,Social Media
1742,Neel Kapoor,customer1742@example.com,United Kingdom,2024-09-21,Referral
1743,Nisha Joshi,customer1743@example.com,United Kingdom,2023-09-27,Direct
1744,Reyansh Roy,customer1744@example.com,India,2024-08-14,Paid Ads
1745,Diya Mehta,customer1745@example.com,Canada,2025-04-23,Paid Ads
1746,Nisha Desai,customer1746@example.com,Singapore,2025-05-11,Organic Search
1747,Vivaan Desai,customer1747@example.com,India,2023-05-13,Paid Ads
1748,Mira Iyer,customer1748@example.com,United States,2025-08-29,Paid Ads
1749,Mira Iyer,customer1749@example.com,United Kingdom,2024-05-27,Email Campaign
1750,Vivaan Mehta,customer1750@example.com,India,2023-11-09,Organic Search
1751,Neel Joshi,customer1751@example.com,India,2024-07-29,Referral
1752,Tara Mehta,customer1752@example.com,India,2025-06-04,Email Campaign
1753,Ishita Kapoor,customer1753@example.com,India,2026-02-18,Referral
1754,Vivaan Desai,customer1754@example.com,United States,2026-02-04,Paid Ads
1755,Diya Patel,customer1755@example.com,Germany,2024-11-17,Social Media
1756,Nisha Mehta,customer1756@example.com,Germany,2026-05-12,Referral
1757,Vivaan Shah,customer1757@example.com,Singapore,2023-06-14,Direct
1758,Neel Kapoor,customer1758@example.com,United Kingdom,2023-11-01,Social Media
1759,Diya Joshi,customer1759@example.com,United Kingdom,2023-06-05,Direct
1760,Reyansh Desai,customer1760@example.com,United Kingdom,2024-09-11,Email Campaign
1761,Nisha Shah,customer1761@example.com,India,2026-06-28,Direct
1762,Ananya Sharma,customer1762@example.com,India,2025-08-14,Direct
1763,Sana Roy,customer1763@example.com,United States,2023-11-30,Referral
1764,Ishita Joshi,customer1764@example.com,United Kingdom,2025-08-26,Direct
1765,Sana Sharma,customer1765@example.com,India,2024-05-25,Organic Search
1766,Reyansh Kapoor,customer1766@example.com,United Kingdom,2025-11-09,Organic Search
1767,Aditya Paul,customer1767@example.com,United States,2023-10-09,Direct
1768,Ishita Kapoor,customer1768@example.com,United States,2025-03-07,Paid Ads
1769,Kiara Desai,customer1769@example.com,United States,2025-10-21,Organic Search
1770,Diya Desai,customer1770@example.com,United States,2023-04-29,Social Media
1771,Rohan Paul,customer1771@example.com,Canada,2025-11-24,Social Media
1772,Kiara Roy,customer1772@example.com,India,2023-07-17,Email Campaign
1773,Kiara Iyer,customer1773@example.com,Germany,2024-04-29,Paid Ads
1774,Rohan Mehta,customer1774@example.com,India,2025-12-18,Social Media
1775,Neel Patel,customer1775@example.com,Germany,2025-04-16,Direct
1776,Aditya Patel,customer1776@example.com,India,2026-03-30,Email Campaign
1777,Arjun Khan,customer1777@example.com,India,2025-10-05,Social Media
1778,Vivaan Paul,customer1778@example.com,India,2024-11-21,Social Media
1779,Diya Gupta,customer1779@example.com,United States,2026-05-14,Referral
1780,Diya Roy,customer1780@example.com,United States,2025-11-01,Social Media
1781,Sana Shah,customer1781@example.com,Canada,2024-05-04,Paid Ads
1782,Arjun Sharma,customer1782@example.com,Singapore,2023-10-03,Email Campaign
1783,Nisha Patel,customer1783@example.com,United Kingdom,2024-11-23,Referral
1784,Kiara Mehta,customer1784@example.com,United States,2023-08-30,Email Campaign
1785,Sana Shah,customer1785@example.com,India,2026-05-24,Referral
1786,Nisha Patel,customer1786@example.com,United States,2026-06-28,Referral
1787,Nisha Joshi,customer1787@example.com,United States,2023-05-06,Referral
1788,Nisha Iyer,customer1788@example.com,Australia,2023-08-05,Referral
1789,Aarav Sharma,customer1789@example.com,India,2026-04-23,Organic Search
1790,Vivaan Desai,customer1790@example.com,United States,2025-11-28,Email Campaign
1791,Vivaan Desai,customer1791@example.com,India,2026-05-31,Referral
1792,Tara Khan,customer1792@example.com,United Kingdom,2026-04-22,Referral
1793,Ishita Sharma,customer1793@example.com,India,2024-05-09,Email Campaign
1794,Rohan Gupta,customer1794@example.com,India,2024-03-02,Email Campaign
1795,Mira Patel,customer1795@example.com,United States,2026-04-16,Paid Ads
1796,Neel Desai,customer1796@example.com,Australia,2025-07-07,Email Campaign
1797,Diya Sharma,customer1797@example.com,United Kingdom,2023-05-31,Email Campaign
1798,Tara Patel,customer1798@example.com,United States,2024-01-19,Referral
1799,Vivaan Shah,customer1799@example.com,India,2023-11-04,Referral
1800,Tara Roy,customer1800@example.com,United States,2025-01-15,Paid Ads
1801,Ananya Paul,customer1801@example.com,India,2025-06-10,Paid Ads
1802,Kabir Gupta,customer1802@example.com,United Kingdom,2024-01-10,Direct
1803,Ananya Khan,customer1803@example.com,United States,2025-10-28,Organic Search
1804,Ananya Mehta,customer1804@example.com,Germany,2023-05-09,Social Media
1805,Tara Sharma,customer1805@example.com,United Kingdom,2025-10-11,Paid Ads
1806,Reyansh Joshi,customer1806@example.com,United States,2024-10-30,Referral
1807,Mira Iyer,customer1807@example.com,India,2024-05-31,Email Campaign
1808,Ananya Paul,customer1808@example.com,India,2023-03-27,Email Campaign
1809,Vivaan Iyer,customer1809@example.com,India,2026-04-13,Paid Ads
1810,Kabir Mehta,customer1810@example.com,Singapore,2026-05-01,Social Media
1811,Ananya Patel,customer1811@example.com,India,2023-11-07,Social Media
1812,Kiara Shah,customer1812@example.com,India,2026-02-16,Organic Search
1813,Ishita Roy,customer1813@example.com,India,2026-05-26,Referral
1814,Ishita Patel,customer1814@example.com,India,2024-03-02,Organic Search
1815,Ananya Patel,customer1815@example.com,Germany,2023-04-24,Paid Ads
1816,Kabir Mehta,customer1816@example.com,United Kingdom,2026-03-14,Organic Search
1817,Rohan Mehta,customer1817@example.com,Australia,2023-10-30,Referral
1818,Tara Desai,customer1818@example.com,India,2025-01-13,Direct
1819,Sana Gupta,customer1819@example.com,United States,2024-08-10,Organic Search
1820,Aarav Gupta,customer1820@example.com,India,2025-09-13,Paid Ads
1821,Diya Mehta,customer1821@example.com,Germany,2023-12-11,Direct
1822,Aarav Iyer,customer1822@example.com,India,2025-03-24,Paid Ads
1823,Nisha Desai,customer1823@example.com,United Kingdom,2025-03-11,Paid Ads
1824,Reyansh Kapoor,customer1824@example.com,Singapore,2025-10-21,Paid Ads
1825,Tara Khan,customer1825@example.com,United States,2026-03-16,Direct
1826,Sana Khan,customer1826@example.com,India,2025-12-12,Referral
1827,Ananya Roy,customer1827@example.com,India,2025-12-28,Paid Ads
1828,Nisha Desai,customer1828@example.com,United Kingdom,2023-12-27,Direct
1829,Ishita Patel,customer1829@example.com,India,2026-05-28,Organic Search
1830,Aditya Sharma,customer1830@example.com,United States,2025-10-06,Email Campaign
1831,Diya Kapoor,customer1831@example.com,Singapore,2024-12-04,Social Media
1832,Sana Gupta,customer1832@example.com,United States,2024-07-28,Social Media
1833,Kabir Patel,customer1833@example.com,Germany,2026-03-30,Social Media
1834,Tara Mehta,customer1834@example.com,India,2026-01-17,Email Campaign
1835,Nisha Kapoor,customer1835@example.com,India,2024-11-18,Social Media
1836,Rohan Patel,customer1836@example.com,India,2025-02-19,Social Media
1837,Ananya Iyer,customer1837@example.com,Germany,2024-08-07,Paid Ads
1838,Rohan Desai,customer1838@example.com,Singapore,2024-08-11,Referral
1839,Kabir Joshi,customer1839@example.com,Australia,2026-03-28,Social Media
1840,Ananya Paul,customer1840@example.com,Australia,2024-05-03,Email Campaign
1841,Nisha Sharma,customer1841@example.com,Canada,2025-08-28,Direct
1842,Arjun Kapoor,customer1842@example.com,Germany,2026-01-30,Referral
1843,Nisha Kapoor,customer1843@example.com,United Kingdom,2024-05-08,Social Media
1844,Nisha Gupta,customer1844@example.com,India,2023-01-19,Social Media
1845,Ananya Patel,customer1845@example.com,India,2024-02-01,Social Media
1846,Sana Kapoor,customer1846@example.com,Germany,2025-09-27,Organic Search
1847,Ananya Iyer,customer1847@example.com,India,2025-04-30,Organic Search
1848,Nisha Kapoor,customer1848@example.com,India,2025-04-01,Paid Ads
1849,Aditya Joshi,customer1849@example.com,United Kingdom,2024-03-30,Paid Ads
1850,Diya Joshi,customer1850@example.com,United Kingdom,2024-12-25,Organic Search
1851,Nisha Roy,customer1851@example.com,India,2025-12-24,Email Campaign
1852,Nisha Roy,customer1852@example.com,United States,2026-01-04,Direct
1853,Neel Gupta,customer1853@example.com,United States,2024-12-11,Organic Search
1854,Kiara Patel,customer1854@example.com,United States,2023-05-23,Referral
1855,Aditya Roy,customer1855@example.com,United States,2025-07-05,Organic Search
1856,Mira Gupta,customer1856@example.com,United Kingdom,2025-04-07,Referral
1857,Mira Roy,customer1857@example.com,United States,2024-08-27,Referral
1858,Aditya Roy,customer1858@example.com,Canada,2023-11-01,Direct
1859,Nisha Kapoor,customer1859@example.com,United States,2025-01-05,Direct
1860,Nisha Roy,customer1860@example.com,United States,2023-10-18,Paid Ads
1861,Ishita Khan,customer1861@example.com,India,2023-04-12,Direct
1862,Aditya Joshi,customer1862@example.com,United Kingdom,2025-05-16,Referral
1863,Neel Shah,customer1863@example.com,India,2025-08-25,Organic Search
1864,Vivaan Desai,customer1864@example.com,India,2025-08-31,Email Campaign
1865,Aarav Kapoor,customer1865@example.com,India,2025-04-21,Organic Search
1866,Kiara Desai,customer1866@example.com,Singapore,2025-08-19,Social Media
1867,Tara Shah,customer1867@example.com,United Kingdom,2025-07-30,Paid Ads
1868,Sana Kapoor,customer1868@example.com,India,2025-10-23,Organic Search
1869,Rohan Sharma,customer1869@example.com,India,2023-03-26,Paid Ads
1870,Aarav Gupta,customer1870@example.com,India,2023-11-24,Social Media
1871,Kiara Joshi,customer1871@example.com,United States,2025-03-26,Social Media
1872,Arjun Shah,customer1872@example.com,United Kingdom,2024-03-29,Direct
1873,Aarav Desai,customer1873@example.com,United States,2024-09-20,Social Media
1874,Neel Joshi,customer1874@example.com,India,2026-05-29,Social Media
1875,Ananya Iyer,customer1875@example.com,United Kingdom,2026-03-23,Referral
1876,Nisha Gupta,customer1876@example.com,Australia,2024-10-26,Email Campaign
1877,Neel Mehta,customer1877@example.com,United Kingdom,2023-01-12,Referral
1878,Kiara Paul,customer1878@example.com,United States,2026-03-02,Organic Search
1879,Kabir Sharma,customer1879@example.com,India,2023-10-31,Referral
1880,Aditya Paul,customer1880@example.com,United Kingdom,2025-09-01,Organic Search
1881,Ananya Joshi,customer1881@example.com,India,2025-02-21,Organic Search
1882,Nisha Khan,customer1882@example.com,India,2023-02-12,Organic Search
1883,Diya Gupta,customer1883@example.com,Australia,2025-08-01,Social Media
1884,Neel Paul,customer1884@example.com,United States,2023-12-09,Referral
1885,Reyansh Kapoor,customer1885@example.com,Canada,2024-05-12,Paid Ads
1886,Aarav Kapoor,customer1886@example.com,United Kingdom,2023-12-30,Paid Ads
1887,Nisha Paul,customer1887@example.com,United Kingdom,2025-06-09,Email Campaign
1888,Reyansh Sharma,customer1888@example.com,Germany,2024-03-02,Direct
1889,Kiara Joshi,customer1889@example.com,Canada,2025-10-01,Organic Search
1890,Kabir Desai,customer1890@example.com,United States,2023-01-21,Paid Ads
1891,Vivaan Iyer,customer1891@example.com,United Kingdom,2024-02-11,Referral
1892,Kiara Khan,customer1892@example.com,India,2024-09-10,Organic Search
1893,Kabir Khan,customer1893@example.com,India,2025-10-11,Referral
1894,Mira Sharma,customer1894@example.com,United Kingdom,2023-12-02,Paid Ads
1895,Aditya Paul,customer1895@example.com,India,2026-02-14,Paid Ads
1896,Aarav Paul,customer1896@example.com,Canada,2026-02-21,Referral
1897,Reyansh Roy,customer1897@example.com,United States,2024-02-03,Social Media
1898,Kiara Kapoor,customer1898@example.com,Germany,2025-03-03,Paid Ads
1899,Mira Sharma,customer1899@example.com,India,2024-12-15,Referral
1900,Arjun Kapoor,customer1900@example.com,United States,2023-02-20,Email Campaign
1901,Ishita Iyer,customer1901@example.com,United States,2023-11-20,Organic Search
1902,Ishita Patel,customer1902@example.com,India,2025-02-27,Referral
1903,Rohan Khan,customer1903@example.com,Germany,2023-05-21,Email Campaign
1904,Rohan Khan,customer1904@example.com,Germany,2024-04-14,Email Campaign
1905,Vivaan Paul,customer1905@example.com,India,2025-02-25,Email Campaign
1906,Ananya Gupta,customer1906@example.com,United Kingdom,2025-08-21,Direct
1907,Arjun Roy,customer1907@example.com,Germany,2025-10-04,Paid Ads
1908,Ananya Desai,customer1908@example.com,India,2024-01-08,Direct
1909,Aditya Iyer,customer1909@example.com,Canada,2024-05-08,Social Media
1910,Kabir Mehta,customer1910@example.com,India,2025-01-20,Paid Ads
1911,Arjun Roy,customer1911@example.com,United States,2026-03-25,Direct
1912,Ishita Roy,customer1912@example.com,United States,2023-10-18,Email Campaign
1913,Ananya Desai,customer1913@example.com,United States,2026-03-13,Social Media
1914,Sana Sharma,customer1914@example.com,Australia,2023-04-16,Paid Ads
1915,Tara Roy,customer1915@example.com,United Kingdom,2024-10-31,Referral
1916,Aarav Kapoor,customer1916@example.com,Singapore,2023-01-02,Direct
1917,Ishita Iyer,customer1917@example.com,United Kingdom,2024-08-11,Organic Search
1918,Sana Sharma,customer1918@example.com,United States,2024-10-05,Referral
1919,Tara Kapoor,customer1919@example.com,India,2023-03-31,Paid Ads
1920,Reyansh Khan,customer1920@example.com,India,2023-12-16,Social Media
1921,Arjun Sharma,customer1921@example.com,India,2026-02-05,Paid Ads
1922,Diya Paul,customer1922@example.com,Australia,2025-11-28,Paid Ads
1923,Reyansh Kapoor,customer1923@example.com,India,2025-06-27,Email Campaign
1924,Kiara Shah,customer1924@example.com,India,2023-06-08,Organic Search
1925,Nisha Roy,customer1925@example.com,Canada,2025-08-16,Referral
1926,Kiara Patel,customer1926@example.com,Australia,2023-11-08,Email Campaign
1927,Arjun Gupta,customer1927@example.com,India,2026-06-18,Social Media
1928,Neel Roy,customer1928@example.com,United Kingdom,2024-03-20,Organic Search
1929,Mira Kapoor,customer1929@example.com,United States,2023-10-25,Email Campaign
1930,Vivaan Shah,customer1930@example.com,United States,2025-08-09,Email Campaign
1931,Diya Desai,customer1931@example.com,United States,2023-02-05,Organic Search
1932,Mira Paul,customer1932@example.com,United States,2026-01-12,Email Campaign
1933,Vivaan Joshi,customer1933@example.com,United Kingdom,2026-04-10,Referral
1934,Reyansh Roy,customer1934@example.com,Australia,2024-07-12,Paid Ads
1935,Arjun Mehta,customer1935@example.com,United Kingdom,2025-06-09,Referral
1936,Diya Paul,customer1936@example.com,India,2023-05-21,Referral
1937,Mira Khan,customer1937@example.com,Australia,2025-06-05,Direct
1938,Sana Shah,customer1938@example.com,Germany,2026-02-15,Direct
1939,Sana Patel,customer1939@example.com,Singapore,2024-12-26,Paid Ads
1940,Arjun Iyer,customer1940@example.com,Australia,2026-05-28,Organic Search
1941,Aditya Joshi,customer1941@example.com,United States,2025-11-15,Referral
1942,Vivaan Patel,customer1942@example.com,Singapore,2024-06-04,Paid Ads
1943,Ananya Shah,customer1943@example.com,United Kingdom,2023-01-10,Social Media
1944,Reyansh Kapoor,customer1944@example.com,United States,2025-09-10,Paid Ads
1945,Kabir Paul,customer1945@example.com,Germany,2024-01-13,Referral
1946,Diya Iyer,customer1946@example.com,United States,2024-11-12,Paid Ads
1947,Kiara Paul,customer1947@example.com,United Kingdom,2024-08-06,Referral
1948,Kabir Khan,customer1948@example.com,India,2023-06-01,Paid Ads
1949,Aarav Sharma,customer1949@example.com,Singapore,2024-12-20,Paid Ads
1950,Reyansh Paul,customer1950@example.com,United States,2025-12-08,Email Campaign
1951,Reyansh Patel,customer1951@example.com,India,2026-03-23,Paid Ads
1952,Neel Iyer,customer1952@example.com,United States,2025-05-08,Paid Ads
1953,Aditya Iyer,customer1953@example.com,United States,2023-02-19,Direct
1954,Arjun Patel,customer1954@example.com,India,2024-10-25,Organic Search
1955,Ishita Desai,customer1955@example.com,Germany,2024-06-14,Social Media
1956,Tara Joshi,customer1956@example.com,Germany,2025-12-19,Direct
1957,Ishita Shah,customer1957@example.com,India,2026-04-05,Direct
1958,Aditya Sharma,customer1958@example.com,Singapore,2026-05-10,Email Campaign
1959,Tara Mehta,customer1959@example.com,Singapore,2025-05-06,Direct
1960,Ishita Joshi,customer1960@example.com,India,2023-05-26,Paid Ads
1961,Nisha Desai,customer1961@example.com,Australia,2025-07-03,Paid Ads
1962,Rohan Desai,customer1962@example.com,United Kingdom,2025-09-19,Social Media
1963,Vivaan Sharma,customer1963@example.com,India,2023-08-30,Organic Search
1964,Vivaan Roy,customer1964@example.com,Australia,2024-08-03,Referral
1965,Tara Khan,customer1965@example.com,India,2024-11-17,Referral
1966,Arjun Gupta,customer1966@example.com,India,2024-04-27,Paid Ads
1967,Neel Iyer,customer1967@example.com,Singapore,2026-02-05,Paid Ads
1968,Reyansh Shah,customer1968@example.com,India,2026-06-03,Organic Search
1969,Sana Mehta,customer1969@example.com,India,2024-11-03,Referral
1970,Mira Iyer,customer1970@example.com,United States,2024-09-22,Organic Search
1971,Nisha Shah,customer1971@example.com,United States,2024-10-22,Email Campaign
1972,Nisha Roy,customer1972@example.com,United States,2024-10-23,Email Campaign
1973,Vivaan Patel,customer1973@example.com,India,2025-03-15,Paid Ads
1974,Diya Mehta,customer1974@example.com,Australia,2024-02-23,Email Campaign
1975,Arjun Joshi,customer1975@example.com,Germany,2025-09-14,Direct
1976,Kabir Joshi,customer1976@example.com,Singapore,2026-03-29,Organic Search
1977,Mira Khan,customer1977@example.com,Germany,2024-10-11,Paid Ads
1978,Nisha Kapoor,customer1978@example.com,India,2025-08-26,Referral
1979,Aarav Sharma,customer1979@example.com,United Kingdom,2024-08-12,Email Campaign
1980,Ananya Khan,customer1980@example.com,United States,2026-01-05,Organic Search
1981,Neel Mehta,customer1981@example.com,India,2024-05-23,Social Media
1982,Nisha Roy,customer1982@example.com,United Kingdom,2024-03-16,Referral
1983,Aarav Desai,customer1983@example.com,Singapore,2025-07-09,Email Campaign
1984,Reyansh Desai,customer1984@example.com,Germany,2025-02-08,Email Campaign
1985,Vivaan Paul,customer1985@example.com,Australia,2023-09-20,Email Campaign
1986,Diya Desai,customer1986@example.com,Canada,2024-09-28,Email Campaign
1987,Rohan Gupta,customer1987@example.com,Singapore,2026-04-05,Social Media
1988,Rohan Khan,customer1988@example.com,India,2024-04-03,Paid Ads
1989,Aditya Patel,customer1989@example.com,India,2025-09-25,Paid Ads
1990,Mira Khan,customer1990@example.com,Canada,2024-11-30,Referral
1991,Vivaan Patel,customer1991@example.com,India,2023-10-29,Social Media
1992,Diya Kapoor,customer1992@example.com,United Kingdom,2026-05-26,Referral
1993,Ananya Desai,customer1993@example.com,United States,2026-01-30,Social Media
1994,Reyansh Khan,customer1994@example.com,United States,2024-07-07,Direct
1995,Kiara Patel,customer1995@example.com,Canada,2023-10-15,Referral
1996,Mira Khan,customer1996@example.com,United Kingdom,2026-04-05,Organic Search
1997,Ishita Gupta,customer1997@example.com,India,2024-09-12,Social Media
1998,Sana Kapoor,customer1998@example.com,United Kingdom,2025-10-02,Paid Ads
1999,Nisha Gupta,customer1999@example.com,United Kingdom,2023-02-05,Direct
2000,Rohan Sharma,customer2000@example.com,United States,2025-01-13,Organic Search
