payment_id,subscription_id,payment_date,amount,payment_status,payment_method
1,1,2026-01-31,19.99,successful,Net Banking
2,1,2026-02-28,19.99,successful,UPI
3,1,2026-03-28,19.99,successful,Card
4,1,2026-04-28,19.99,successful,Net Banking
5,1,2026-05-28,19.99,successful,Card
6,1,2026-06-28,19.99,refunded,Net Banking
7,1,2026-07-28,19.99,successful,UPI
8,1,2026-08-28,19.99,successful,Net Banking
9,1,2026-09-28,19.99,successful,Net Banking
10,2,2025-05-10,19.99,successful,Card
11,2,2025-06-10,19.99,successful,UPI
12,2,2025-07-10,19.99,successful,Card
13,2,2025-08-10,19.99,successful,Wallet
14,2,2025-09-10,19.99,successful,Card
15,2,2025-10-10,19.99,successful,UPI
16,2,2025-11-10,19.99,successful,Card
17,2,2025-12-10,19.99,successful,UPI
18,2,2026-01-10,19.99,successful,UPI
19,2,2026-02-10,19.99,successful,Net Banking
20,2,2026-03-10,19.99,refunded,Card
21,2,2026-04-10,19.99,successful,Card
22,2,2026-05-10,19.99,successful,Card
23,2,2026-06-10,19.99,failed,Wallet
24,2,2026-07-10,19.99,successful,Net Banking
25,2,2026-08-10,19.99,refunded,Card
26,2,2026-09-10,19.99,successful,Wallet
27,3,2026-02-04,9.99,successful,Card
28,3,2026-03-04,9.99,successful,UPI
29,3,2026-04-04,9.99,successful,Card
30,3,2026-05-04,9.99,refunded,Card
31,3,2026-06-04,9.99,successful,Net Banking
32,3,2026-07-04,9.99,successful,Card
33,3,2026-08-04,9.99,successful,Card
34,3,2026-09-04,9.99,successful,Wallet
35,4,2025-12-31,19.99,successful,Wallet
36,4,2026-01-31,19.99,successful,Net Banking
37,4,2026-02-28,19.99,successful,Card
38,4,2026-03-28,19.99,failed,Wallet
39,4,2026-04-28,19.99,failed,UPI
40,4,2026-05-28,19.99,successful,Net Banking
41,4,2026-06-28,19.99,successful,Card
42,4,2026-07-28,19.99,successful,Card
43,4,2026-08-28,19.99,successful,Net Banking
44,4,2026-09-28,19.99,successful,Net Banking
45,5,2025-11-10,19.99,successful,Wallet
46,5,2025-12-10,19.99,successful,Net Banking
47,5,2026-01-10,19.99,successful,UPI
48,5,2026-02-10,19.99,successful,Wallet
49,5,2026-03-10,19.99,successful,UPI
50,5,2026-04-10,19.99,failed,UPI
51,5,2026-05-10,19.99,successful,Wallet
52,5,2026-06-10,19.99,successful,Net Banking
53,5,2026-07-10,19.99,successful,Card
54,5,2026-08-10,19.99,successful,Card
55,5,2026-09-10,19.99,successful,Net Banking
56,6,2023-05-02,39.99,successful,Wallet
57,6,2023-06-02,39.99,failed,Card
58,6,2023-07-02,39.99,successful,Card
59,6,2023-08-02,39.99,successful,Net Banking
60,6,2023-09-02,39.99,successful,Wallet
61,6,2023-10-02,39.99,successful,Card
62,6,2023-11-02,39.99,successful,Card
63,6,2023-12-02,39.99,successful,UPI
64,6,2024-01-02,39.99,successful,Card
65,6,2024-02-02,39.99,failed,UPI
66,6,2024-03-02,39.99,successful,Card
67,6,2024-04-02,39.99,successful,UPI
68,6,2024-05-02,39.99,successful,Wallet
69,6,2024-06-02,39.99,successful,Card
70,6,2024-07-02,39.99,successful,Card
71,6,2024-08-02,39.99,successful,Wallet
72,6,2024-09-02,39.99,successful,UPI
73,6,2024-10-02,39.99,successful,UPI
74,6,2024-11-02,39.99,successful,Net Banking
75,6,2024-12-02,39.99,successful,Net Banking
76,6,2025-01-02,39.99,successful,Wallet
77,6,2025-02-02,39.99,successful,UPI
78,6,2025-03-02,39.99,successful,Card
79,6,2025-04-02,39.99,successful,Wallet
80,6,2025-05-02,39.99,successful,UPI
81,6,2025-06-02,39.99,successful,Net Banking
82,6,2025-07-02,39.99,successful,Card
83,6,2025-08-02,39.99,successful,Net Banking
84,6,2025-09-02,39.99,successful,Card
85,6,2025-10-02,39.99,successful,Wallet
86,6,2025-11-02,39.99,successful,Net Banking
87,6,2025-12-02,39.99,successful,Wallet
88,6,2026-01-02,39.99,successful,UPI
89,6,2026-02-02,39.99,successful,UPI
90,6,2026-03-02,39.99,successful,Net Banking
91,6,2026-04-02,39.99,successful,Card
92,6,2026-05-02,39.99,successful,Net Banking
93,6,2026-06-02,39.99,successful,Card
94,6,2026-07-02,39.99,successful,Card
95,6,2026-08-02,39.99,successful,Card
96,6,2026-09-02,39.99,successful,Net Banking
97,7,2024-04-11,9.99,successful,Card
98,7,2024-05-11,9.99,successful,Wallet
99,7,2024-06-11,9.99,refunded,UPI
100,7,2024-07-11,9.99,successful,Wallet
101,7,2024-08-11,9.99,successful,Wallet
102,7,2024-09-11,9.99,successful,Net Banking
103,7,2024-10-11,9.99,successful,Wallet
104,7,2024-11-11,9.99,successful,Net Banking
105,7,2024-12-11,9.99,successful,Net Banking
106,7,2025-01-11,9.99,successful,UPI
107,7,2025-02-11,9.99,successful,Card
108,7,2025-03-11,9.99,successful,Net Banking
109,7,2025-04-11,9.99,successful,UPI
110,7,2025-05-11,9.99,failed,UPI
111,7,2025-06-11,9.99,successful,UPI
112,7,2025-07-11,9.99,successful,UPI
113,7,2025-08-11,9.99,successful,Wallet
114,7,2025-09-11,9.99,successful,Card
115,7,2025-10-11,9.99,successful,Card
116,7,2025-11-11,9.99,refunded,Wallet
117,7,2025-12-11,9.99,successful,Card
118,7,2026-01-11,9.99,successful,Wallet
119,7,2026-02-11,9.99,failed,Card
120,7,2026-03-11,9.99,successful,UPI
121,7,2026-04-11,9.99,successful,Net Banking
122,7,2026-05-11,9.99,successful,UPI
123,7,2026-06-11,9.99,successful,UPI
124,7,2026-07-11,9.99,successful,Net Banking
125,7,2026-08-11,9.99,successful,UPI
126,7,2026-09-11,9.99,successful,Card
127,8,2026-05-23,19.99,successful,Net Banking
128,8,2026-06-23,19.99,successful,Net Banking
129,8,2026-07-23,19.99,failed,Card
130,9,2023-11-27,19.99,refunded,Wallet
131,9,2023-12-27,19.99,successful,UPI
132,9,2024-01-27,19.99,successful,Net Banking
133,9,2024-02-27,19.99,successful,UPI
134,9,2024-03-27,19.99,successful,Net Banking
135,9,2024-04-27,19.99,successful,Wallet
136,9,2024-05-27,19.99,successful,Net Banking
137,9,2024-06-27,19.99,successful,Card
138,9,2024-07-27,19.99,failed,UPI
139,9,2024-08-27,19.99,successful,Wallet
140,9,2024-09-27,19.99,successful,Card
141,9,2024-10-27,19.99,successful,UPI
142,10,2023-03-29,19.99,successful,Net Banking
143,10,2023-04-29,19.99,successful,Card
144,10,2023-05-29,19.99,successful,UPI
145,10,2023-06-29,19.99,successful,Wallet
146,10,2023-07-29,19.99,successful,UPI
147,10,2023-08-29,19.99,successful,Net Banking
148,10,2023-09-29,19.99,successful,Net Banking
149,10,2023-10-29,19.99,successful,Card
150,10,2023-11-29,19.99,successful,UPI
151,10,2023-12-29,19.99,successful,UPI
152,10,2024-01-29,19.99,successful,Wallet
153,10,2024-02-29,19.99,successful,Wallet
154,10,2024-03-29,19.99,successful,Card
155,10,2024-04-29,19.99,successful,Wallet
156,10,2024-05-29,19.99,successful,Card
157,11,2024-07-01,9.99,successful,UPI
158,11,2024-08-01,9.99,successful,Net Banking
159,11,2024-09-01,9.99,successful,Card
160,11,2024-10-01,9.99,successful,Card
161,11,2024-11-01,9.99,successful,Card
162,11,2024-12-01,9.99,successful,Net Banking
163,11,2025-01-01,9.99,successful,Card
164,11,2025-02-01,9.99,successful,Net Banking
165,11,2025-03-01,9.99,successful,Wallet
166,11,2025-04-01,9.99,successful,UPI
167,11,2025-05-01,9.99,successful,Wallet
168,11,2025-06-01,9.99,successful,UPI
169,11,2025-07-01,9.99,successful,Net Banking
170,11,2025-08-01,9.99,successful,Net Banking
171,11,2025-09-01,9.99,successful,Wallet
172,11,2025-10-01,9.99,successful,Net Banking
173,11,2025-11-01,9.99,successful,Card
174,11,2025-12-01,9.99,successful,Wallet
175,11,2026-01-01,9.99,successful,Wallet
176,11,2026-02-01,9.99,successful,Wallet
177,11,2026-03-01,9.99,successful,UPI
178,11,2026-04-01,9.99,successful,Card
179,11,2026-05-01,9.99,successful,Wallet
180,11,2026-06-01,9.99,successful,Wallet
181,11,2026-07-01,9.99,failed,Card
182,11,2026-08-01,9.99,refunded,Card
183,11,2026-09-01,9.99,successful,Net Banking
184,12,2026-01-28,59.99,successful,Net Banking
185,12,2026-02-28,59.99,successful,UPI
186,12,2026-03-28,59.99,successful,Wallet
187,12,2026-04-28,59.99,successful,UPI
188,12,2026-05-28,59.99,failed,Net Banking
189,12,2026-06-28,59.99,successful,UPI
190,12,2026-07-28,59.99,successful,Wallet
191,12,2026-08-28,59.99,successful,Card
192,12,2026-09-28,59.99,successful,UPI
193,13,2025-05-21,19.99,successful,UPI
194,13,2025-06-21,19.99,successful,Card
195,13,2025-07-21,19.99,successful,Card
196,13,2025-08-21,19.99,successful,UPI
197,13,2025-09-21,19.99,successful,UPI
198,13,2025-10-21,19.99,successful,Net Banking
199,13,2025-11-21,19.99,successful,Wallet
200,13,2025-12-21,19.99,successful,Net Banking
201,13,2026-01-21,19.99,successful,UPI
202,13,2026-02-21,19.99,successful,Card
203,13,2026-03-21,19.99,successful,Net Banking
204,13,2026-04-21,19.99,successful,Card
205,13,2026-05-21,19.99,successful,UPI
206,13,2026-06-21,19.99,successful,Net Banking
207,13,2026-07-21,19.99,successful,Wallet
208,13,2026-08-21,19.99,successful,Card
209,13,2026-09-21,19.99,failed,Card
210,14,2023-05-11,39.99,successful,Net Banking
211,14,2023-06-11,39.99,refunded,UPI
212,14,2023-07-11,39.99,successful,Net Banking
213,14,2023-08-11,39.99,successful,Wallet
214,14,2023-09-11,39.99,successful,Card
215,14,2023-10-11,39.99,failed,Wallet
216,14,2023-11-11,39.99,successful,Wallet
217,14,2023-12-11,39.99,successful,UPI
218,14,2024-01-11,39.99,failed,Card
219,14,2024-02-11,39.99,successful,UPI
220,14,2024-03-11,39.99,successful,Wallet
221,14,2024-04-11,39.99,successful,UPI
222,14,2024-05-11,39.99,successful,UPI
223,14,2024-06-11,39.99,successful,Wallet
224,14,2024-07-11,39.99,successful,Net Banking
225,14,2024-08-11,39.99,successful,Wallet
226,14,2024-09-11,39.99,successful,Wallet
227,14,2024-10-11,39.99,successful,Wallet
228,15,2025-02-08,39.99,successful,UPI
229,15,2025-03-08,39.99,successful,UPI
230,15,2025-04-08,39.99,successful,UPI
231,15,2025-05-08,39.99,successful,Net Banking
232,15,2025-06-08,39.99,successful,Net Banking
233,15,2025-07-08,39.99,successful,Wallet
234,15,2025-08-08,39.99,failed,Card
235,15,2025-09-08,39.99,successful,Wallet
236,15,2025-10-08,39.99,successful,Card
237,15,2025-11-08,39.99,successful,Card
238,15,2025-12-08,39.99,successful,Wallet
239,15,2026-01-08,39.99,successful,Wallet
240,15,2026-02-08,39.99,successful,UPI
241,15,2026-03-08,39.99,successful,Card
242,15,2026-04-08,39.99,successful,Card
243,15,2026-05-08,39.99,successful,UPI
244,15,2026-06-08,39.99,successful,UPI
245,15,2026-07-08,39.99,successful,Net Banking
246,15,2026-08-08,39.99,successful,UPI
247,15,2026-09-08,39.99,successful,Wallet
248,16,2023-12-10,19.99,successful,Net Banking
249,16,2024-01-10,19.99,successful,Net Banking
250,16,2024-02-10,19.99,successful,Wallet
251,16,2024-03-10,19.99,failed,Net Banking
252,16,2024-04-10,19.99,successful,UPI
253,16,2024-05-10,19.99,successful,UPI
254,16,2024-06-10,19.99,successful,UPI
255,16,2024-07-10,19.99,successful,Wallet
256,16,2024-08-10,19.99,failed,Card
257,16,2024-09-10,19.99,successful,Net Banking
258,16,2024-10-10,19.99,successful,Net Banking
259,16,2024-11-10,19.99,successful,Card
260,16,2024-12-10,19.99,failed,UPI
261,17,2025-01-26,39.99,successful,Card
262,17,2025-02-26,39.99,successful,Card
263,17,2025-03-26,39.99,failed,UPI
264,17,2025-04-26,39.99,successful,Wallet
265,17,2025-05-26,39.99,failed,Net Banking
266,17,2025-06-26,39.99,successful,Net Banking
267,17,2025-07-26,39.99,successful,Net Banking
268,17,2025-08-26,39.99,successful,Net Banking
269,17,2025-09-26,39.99,successful,Card
270,17,2025-10-26,39.99,successful,Net Banking
271,17,2025-11-26,39.99,successful,Wallet
272,17,2025-12-26,39.99,failed,Card
273,17,2026-01-26,39.99,successful,Wallet
274,17,2026-02-26,39.99,successful,UPI
275,17,2026-03-26,39.99,successful,Wallet
276,17,2026-04-26,39.99,successful,Wallet
277,17,2026-05-26,39.99,successful,UPI
278,17,2026-06-26,39.99,successful,Wallet
279,17,2026-07-26,39.99,successful,Card
280,17,2026-08-26,39.99,failed,Card
281,17,2026-09-26,39.99,successful,Wallet
282,18,2025-03-16,9.99,successful,Wallet
283,18,2025-04-16,9.99,successful,UPI
284,18,2025-05-16,9.99,successful,Wallet
285,18,2025-06-16,9.99,successful,UPI
286,18,2025-07-16,9.99,successful,UPI
287,18,2025-08-16,9.99,successful,UPI
288,18,2025-09-16,9.99,successful,Card
289,18,2025-10-16,9.99,successful,Net Banking
290,18,2025-11-16,9.99,successful,Card
291,18,2025-12-16,9.99,successful,UPI
292,18,2026-01-16,9.99,successful,UPI
293,18,2026-02-16,9.99,successful,Net Banking
294,18,2026-03-16,9.99,successful,Net Banking
295,18,2026-04-16,9.99,successful,Wallet
296,18,2026-05-16,9.99,successful,Net Banking
297,18,2026-06-16,9.99,successful,Card
298,18,2026-07-16,9.99,successful,Card
299,18,2026-08-16,9.99,successful,UPI
300,18,2026-09-16,9.99,successful,Net Banking
301,19,2024-01-21,9.99,successful,Net Banking
302,19,2024-02-21,9.99,successful,Wallet
303,19,2024-03-21,9.99,successful,Wallet
304,19,2024-04-21,9.99,successful,Net Banking
305,19,2024-05-21,9.99,successful,Net Banking
306,19,2024-06-21,9.99,successful,UPI
307,19,2024-07-21,9.99,successful,UPI
308,19,2024-08-21,9.99,successful,Net Banking
309,19,2024-09-21,9.99,successful,UPI
310,19,2024-10-21,9.99,successful,UPI
311,19,2024-11-21,9.99,successful,Card
312,19,2024-12-21,9.99,successful,UPI
313,19,2025-01-21,9.99,successful,Net Banking
314,19,2025-02-21,9.99,successful,Net Banking
315,19,2025-03-21,9.99,successful,Wallet
316,19,2025-04-21,9.99,successful,Net Banking
317,19,2025-05-21,9.99,successful,UPI
318,19,2025-06-21,9.99,successful,UPI
319,19,2025-07-21,9.99,successful,UPI
320,19,2025-08-21,9.99,successful,Net Banking
321,19,2025-09-21,9.99,successful,Card
322,19,2025-10-21,9.99,successful,Wallet
323,19,2025-11-21,9.99,successful,Card
324,19,2025-12-21,9.99,failed,Wallet
325,19,2026-01-21,9.99,successful,Wallet
326,19,2026-02-21,9.99,failed,Net Banking
327,19,2026-03-21,9.99,successful,Net Banking
328,19,2026-04-21,9.99,successful,Net Banking
329,19,2026-05-21,9.99,successful,UPI
330,19,2026-06-21,9.99,successful,Net Banking
331,19,2026-07-21,9.99,successful,Card
332,19,2026-08-21,9.99,successful,Card
333,19,2026-09-21,9.99,failed,Card
334,20,2026-04-30,19.99,failed,Wallet
335,20,2026-05-30,19.99,successful,UPI
336,20,2026-06-30,19.99,successful,Net Banking
337,20,2026-07-30,19.99,successful,Net Banking
338,20,2026-08-30,19.99,successful,Card
339,21,2025-08-13,9.99,successful,UPI
340,21,2025-09-13,9.99,successful,Card
341,21,2025-10-13,9.99,successful,Wallet
342,21,2025-11-13,9.99,successful,Net Banking
343,22,2023-10-04,9.99,successful,UPI
344,22,2023-11-04,9.99,successful,Net Banking
345,22,2023-12-04,9.99,successful,UPI
346,22,2024-01-04,9.99,successful,Wallet
347,22,2024-02-04,9.99,successful,Card
348,22,2024-03-04,9.99,successful,Wallet
349,22,2024-04-04,9.99,successful,Net Banking
350,22,2024-05-04,9.99,successful,Net Banking
351,22,2024-06-04,9.99,failed,UPI
352,22,2024-07-04,9.99,successful,Card
353,22,2024-08-04,9.99,successful,Card
354,22,2024-09-04,9.99,successful,Net Banking
355,22,2024-10-04,9.99,successful,Wallet
356,22,2024-11-04,9.99,successful,Card
357,22,2024-12-04,9.99,successful,Wallet
358,22,2025-01-04,9.99,successful,UPI
359,22,2025-02-04,9.99,successful,Card
360,22,2025-03-04,9.99,successful,UPI
361,22,2025-04-04,9.99,successful,Net Banking
362,22,2025-05-04,9.99,successful,UPI
363,22,2025-06-04,9.99,failed,Wallet
364,22,2025-07-04,9.99,successful,Net Banking
365,22,2025-08-04,9.99,successful,Wallet
366,22,2025-09-04,9.99,successful,Wallet
367,22,2025-10-04,9.99,successful,Net Banking
368,22,2025-11-04,9.99,successful,UPI
369,22,2025-12-04,9.99,successful,Net Banking
370,22,2026-01-04,9.99,successful,Net Banking
371,22,2026-02-04,9.99,successful,Net Banking
372,22,2026-03-04,9.99,successful,Wallet
373,22,2026-04-04,9.99,failed,Net Banking
374,22,2026-05-04,9.99,successful,Net Banking
375,22,2026-06-04,9.99,successful,UPI
376,22,2026-07-04,9.99,successful,Card
377,22,2026-08-04,9.99,failed,Wallet
378,22,2026-09-04,9.99,refunded,Card
379,23,2026-03-30,19.99,successful,Card
380,23,2026-04-30,19.99,successful,Card
381,23,2026-05-30,19.99,successful,Net Banking
382,23,2026-06-30,19.99,successful,UPI
383,23,2026-07-30,19.99,successful,UPI
384,23,2026-08-30,19.99,successful,UPI
385,23,2026-09-30,19.99,successful,Card
386,24,2024-04-04,19.99,successful,Net Banking
387,24,2024-05-04,19.99,successful,Card
388,24,2024-06-04,19.99,successful,Wallet
389,24,2024-07-04,19.99,successful,UPI
390,24,2024-08-04,19.99,successful,Wallet
391,24,2024-09-04,19.99,successful,UPI
392,24,2024-10-04,19.99,successful,Net Banking
393,24,2024-11-04,19.99,successful,Wallet
394,24,2024-12-04,19.99,successful,Wallet
395,24,2025-01-04,19.99,successful,UPI
396,24,2025-02-04,19.99,successful,Wallet
397,24,2025-03-04,19.99,successful,Net Banking
398,24,2025-04-04,19.99,successful,UPI
399,24,2025-05-04,19.99,successful,UPI
400,24,2025-06-04,19.99,successful,UPI
401,24,2025-07-04,19.99,failed,Net Banking
402,24,2025-08-04,19.99,successful,Card
403,24,2025-09-04,19.99,successful,UPI
404,24,2025-10-04,19.99,successful,Card
405,24,2025-11-04,19.99,successful,UPI
406,24,2025-12-04,19.99,successful,UPI
407,24,2026-01-04,19.99,successful,UPI
408,24,2026-02-04,19.99,successful,Card
409,24,2026-03-04,19.99,successful,Card
410,24,2026-04-04,19.99,successful,Card
411,24,2026-05-04,19.99,successful,UPI
412,24,2026-06-04,19.99,successful,Wallet
413,24,2026-07-04,19.99,successful,Wallet
414,24,2026-08-04,19.99,successful,UPI
415,24,2026-09-04,19.99,successful,Wallet
416,25,2023-01-22,19.99,successful,Card
417,25,2023-02-22,19.99,successful,UPI
418,25,2023-03-22,19.99,successful,Net Banking
419,25,2023-04-22,19.99,successful,Net Banking
420,25,2023-05-22,19.99,successful,Net Banking
421,25,2023-06-22,19.99,successful,Net Banking
422,25,2023-07-22,19.99,successful,Wallet
423,25,2023-08-22,19.99,successful,Card
424,25,2023-09-22,19.99,successful,Card
425,25,2023-10-22,19.99,successful,Wallet
426,25,2023-11-22,19.99,successful,UPI
427,25,2023-12-22,19.99,successful,Wallet
428,25,2024-01-22,19.99,successful,UPI
429,25,2024-02-22,19.99,successful,Card
430,25,2024-03-22,19.99,successful,UPI
431,25,2024-04-22,19.99,successful,UPI
432,25,2024-05-22,19.99,successful,UPI
433,25,2024-06-22,19.99,failed,UPI
434,25,2024-07-22,19.99,failed,Card
435,25,2024-08-22,19.99,successful,UPI
436,25,2024-09-22,19.99,successful,UPI
437,25,2024-10-22,19.99,successful,UPI
438,25,2024-11-22,19.99,failed,Wallet
439,25,2024-12-22,19.99,successful,Card
440,25,2025-01-22,19.99,successful,UPI
441,25,2025-02-22,19.99,successful,UPI
442,25,2025-03-22,19.99,successful,UPI
443,25,2025-04-22,19.99,successful,Net Banking
444,25,2025-05-22,19.99,successful,UPI
445,25,2025-06-22,19.99,successful,UPI
446,25,2025-07-22,19.99,successful,Net Banking
447,25,2025-08-22,19.99,successful,Card
448,25,2025-09-22,19.99,successful,Wallet
449,25,2025-10-22,19.99,successful,Wallet
450,25,2025-11-22,19.99,successful,Wallet
451,25,2025-12-22,19.99,successful,Card
452,25,2026-01-22,19.99,successful,Net Banking
453,25,2026-02-22,19.99,successful,Wallet
454,25,2026-03-22,19.99,successful,Card
455,25,2026-04-22,19.99,successful,Wallet
456,25,2026-05-22,19.99,successful,Wallet
457,25,2026-06-22,19.99,successful,UPI
458,25,2026-07-22,19.99,successful,UPI
459,25,2026-08-22,19.99,successful,UPI
460,25,2026-09-22,19.99,successful,Wallet
461,26,2023-09-10,39.99,successful,Wallet
462,26,2023-10-10,39.99,successful,UPI
463,26,2023-11-10,39.99,successful,Net Banking
464,26,2023-12-10,39.99,successful,UPI
465,26,2024-01-10,39.99,successful,Card
466,26,2024-02-10,39.99,successful,Card
467,26,2024-03-10,39.99,successful,Net Banking
468,26,2024-04-10,39.99,successful,Card
469,26,2024-05-10,39.99,successful,UPI
470,26,2024-06-10,39.99,successful,Card
471,26,2024-07-10,39.99,successful,Wallet
472,26,2024-08-10,39.99,successful,Wallet
473,26,2024-09-10,39.99,successful,Wallet
474,26,2024-10-10,39.99,successful,UPI
475,26,2024-11-10,39.99,successful,Net Banking
476,26,2024-12-10,39.99,successful,Net Banking
477,27,2025-01-17,19.99,successful,Wallet
478,27,2025-02-17,19.99,failed,Card
479,27,2025-03-17,19.99,successful,Net Banking
480,27,2025-04-17,19.99,failed,UPI
481,27,2025-05-17,19.99,failed,Card
482,27,2025-06-17,19.99,successful,Net Banking
483,28,2025-05-06,19.99,successful,Card
484,28,2025-06-06,19.99,successful,UPI
485,28,2025-07-06,19.99,failed,Card
486,28,2025-08-06,19.99,successful,UPI
487,28,2025-09-06,19.99,successful,UPI
488,28,2025-10-06,19.99,successful,Net Banking
489,28,2025-11-06,19.99,successful,Card
490,28,2025-12-06,19.99,successful,Wallet
491,28,2026-01-06,19.99,successful,UPI
492,28,2026-02-06,19.99,successful,UPI
493,28,2026-03-06,19.99,failed,Wallet
494,28,2026-04-06,19.99,refunded,Card
495,28,2026-05-06,19.99,successful,Wallet
496,28,2026-06-06,19.99,successful,Card
497,28,2026-07-06,19.99,successful,Card
498,28,2026-08-06,19.99,successful,UPI
499,28,2026-09-06,19.99,successful,UPI
500,29,2024-04-19,39.99,successful,Wallet
501,29,2024-05-19,39.99,successful,UPI
502,29,2024-06-19,39.99,successful,Card
503,29,2024-07-19,39.99,successful,Wallet
504,29,2024-08-19,39.99,successful,UPI
505,29,2024-09-19,39.99,failed,Card
506,29,2024-10-19,39.99,successful,Card
507,29,2024-11-19,39.99,successful,Net Banking
508,29,2024-12-19,39.99,successful,Wallet
509,29,2025-01-19,39.99,failed,UPI
510,30,2025-12-18,9.99,failed,UPI
511,30,2026-01-18,9.99,successful,UPI
512,30,2026-02-18,9.99,successful,Net Banking
513,30,2026-03-18,9.99,successful,Card
514,30,2026-04-18,9.99,successful,Wallet
515,30,2026-05-18,9.99,successful,Net Banking
516,30,2026-06-18,9.99,successful,Card
517,30,2026-07-18,9.99,successful,Net Banking
518,30,2026-08-18,9.99,successful,Card
519,30,2026-09-18,9.99,successful,Wallet
520,31,2024-05-25,9.99,successful,UPI
521,31,2024-06-25,9.99,failed,Card
522,31,2024-07-25,9.99,successful,Net Banking
523,31,2024-08-25,9.99,refunded,UPI
524,31,2024-09-25,9.99,successful,Wallet
525,31,2024-10-25,9.99,successful,UPI
526,31,2024-11-25,9.99,successful,Net Banking
527,31,2024-12-25,9.99,refunded,Net Banking
528,31,2025-01-25,9.99,successful,Card
529,31,2025-02-25,9.99,successful,Card
530,31,2025-03-25,9.99,successful,UPI
531,31,2025-04-25,9.99,successful,Net Banking
532,31,2025-05-25,9.99,successful,Wallet
533,31,2025-06-25,9.99,successful,Card
534,31,2025-07-25,9.99,successful,Wallet
535,31,2025-08-25,9.99,successful,Net Banking
536,32,2024-11-30,19.99,successful,Net Banking
537,32,2024-12-30,19.99,successful,Net Banking
538,32,2025-01-30,19.99,successful,UPI
539,32,2025-02-28,19.99,successful,Card
540,32,2025-03-28,19.99,successful,Card
541,32,2025-04-28,19.99,successful,UPI
542,32,2025-05-28,19.99,successful,Wallet
543,33,2025-09-02,19.99,failed,Wallet
544,33,2025-10-02,19.99,successful,UPI
545,33,2025-11-02,19.99,successful,Wallet
546,33,2025-12-02,19.99,successful,UPI
547,33,2026-01-02,19.99,successful,Card
548,33,2026-02-02,19.99,successful,Card
549,33,2026-03-02,19.99,successful,Card
550,33,2026-04-02,19.99,successful,UPI
551,33,2026-05-02,19.99,successful,Net Banking
552,33,2026-06-02,19.99,successful,Card
553,33,2026-07-02,19.99,successful,Net Banking
554,33,2026-08-02,19.99,failed,UPI
555,33,2026-09-02,19.99,successful,Card
556,34,2023-07-09,19.99,successful,Net Banking
557,34,2023-08-09,19.99,successful,Card
558,34,2023-09-09,19.99,successful,Net Banking
559,34,2023-10-09,19.99,successful,Wallet
560,34,2023-11-09,19.99,failed,Wallet
561,34,2023-12-09,19.99,successful,Net Banking
562,34,2024-01-09,19.99,successful,Net Banking
563,34,2024-02-09,19.99,successful,Net Banking
564,34,2024-03-09,19.99,successful,Wallet
565,34,2024-04-09,19.99,successful,UPI
566,34,2024-05-09,19.99,successful,Card
567,34,2024-06-09,19.99,successful,Net Banking
568,34,2024-07-09,19.99,successful,Card
569,34,2024-08-09,19.99,successful,Card
570,34,2024-09-09,19.99,successful,Card
571,34,2024-10-09,19.99,successful,Card
572,34,2024-11-09,19.99,successful,Wallet
573,34,2024-12-09,19.99,successful,Card
574,34,2025-01-09,19.99,successful,Net Banking
575,34,2025-02-09,19.99,successful,Card
576,34,2025-03-09,19.99,successful,Wallet
577,34,2025-04-09,19.99,successful,Card
578,34,2025-05-09,19.99,successful,Net Banking
579,34,2025-06-09,19.99,successful,UPI
580,34,2025-07-09,19.99,successful,Card
581,34,2025-08-09,19.99,failed,Card
582,34,2025-09-09,19.99,successful,UPI
583,34,2025-10-09,19.99,successful,Wallet
584,34,2025-11-09,19.99,successful,UPI
585,34,2025-12-09,19.99,successful,UPI
586,34,2026-01-09,19.99,successful,Card
587,34,2026-02-09,19.99,successful,Net Banking
588,34,2026-03-09,19.99,successful,Net Banking
589,34,2026-04-09,19.99,successful,UPI
590,34,2026-05-09,19.99,successful,UPI
591,34,2026-06-09,19.99,successful,UPI
592,34,2026-07-09,19.99,successful,Wallet
593,34,2026-08-09,19.99,successful,Net Banking
594,34,2026-09-09,19.99,successful,Wallet
595,35,2025-08-15,19.99,successful,Wallet
596,35,2025-09-15,19.99,successful,Card
597,35,2025-10-15,19.99,successful,Net Banking
598,35,2025-11-15,19.99,successful,UPI
599,35,2025-12-15,19.99,successful,UPI
600,35,2026-01-15,19.99,successful,Wallet
601,35,2026-02-15,19.99,failed,Wallet
602,35,2026-03-15,19.99,successful,Wallet
603,35,2026-04-15,19.99,successful,Card
604,35,2026-05-15,19.99,successful,Card
605,35,2026-06-15,19.99,successful,UPI
606,35,2026-07-15,19.99,successful,Wallet
607,35,2026-08-15,19.99,successful,Card
608,35,2026-09-15,19.99,failed,Wallet
609,36,2024-11-17,9.99,successful,Card
610,36,2024-12-17,9.99,successful,Net Banking
611,36,2025-01-17,9.99,successful,Card
612,36,2025-02-17,9.99,successful,Card
613,36,2025-03-17,9.99,successful,Wallet
614,36,2025-04-17,9.99,successful,Card
615,36,2025-05-17,9.99,failed,Card
616,36,2025-06-17,9.99,successful,Net Banking
617,36,2025-07-17,9.99,successful,Card
618,36,2025-08-17,9.99,successful,Net Banking
619,36,2025-09-17,9.99,successful,Net Banking
620,36,2025-10-17,9.99,successful,Card
621,36,2025-11-17,9.99,successful,UPI
622,36,2025-12-17,9.99,successful,Card
623,36,2026-01-17,9.99,successful,Net Banking
624,36,2026-02-17,9.99,successful,Wallet
625,36,2026-03-17,9.99,failed,Wallet
626,36,2026-04-17,9.99,successful,Wallet
627,37,2025-08-15,399.0,successful,Card
628,38,2024-07-16,39.99,successful,Wallet
629,38,2024-08-16,39.99,successful,Wallet
630,38,2024-09-16,39.99,successful,Net Banking
631,38,2024-10-16,39.99,successful,Wallet
632,38,2024-11-16,39.99,failed,UPI
633,38,2024-12-16,39.99,successful,Net Banking
634,38,2025-01-16,39.99,failed,Wallet
635,38,2025-02-16,39.99,successful,Net Banking
636,38,2025-03-16,39.99,successful,UPI
637,38,2025-04-16,39.99,successful,Wallet
638,38,2025-05-16,39.99,successful,Net Banking
639,38,2025-06-16,39.99,successful,Card
640,39,2025-07-17,9.99,refunded,Wallet
641,39,2025-08-17,9.99,successful,Card
642,39,2025-09-17,9.99,successful,Net Banking
643,39,2025-10-17,9.99,successful,Wallet
644,39,2025-11-17,9.99,successful,UPI
645,39,2025-12-17,9.99,successful,Wallet
646,39,2026-01-17,9.99,successful,Wallet
647,39,2026-02-17,9.99,successful,UPI
648,39,2026-03-17,9.99,successful,Wallet
649,39,2026-04-17,9.99,successful,UPI
650,39,2026-05-17,9.99,successful,Card
651,39,2026-06-17,9.99,successful,Net Banking
652,39,2026-07-17,9.99,successful,Card
653,40,2026-06-21,9.99,successful,Wallet
654,40,2026-07-21,9.99,successful,Card
655,40,2026-08-21,9.99,successful,Wallet
656,40,2026-09-21,9.99,failed,Net Banking
657,41,2025-04-11,19.99,failed,Card
658,41,2025-05-11,19.99,successful,Card
659,41,2025-06-11,19.99,failed,Wallet
660,41,2025-07-11,19.99,successful,Net Banking
661,41,2025-08-11,19.99,successful,UPI
662,41,2025-09-11,19.99,successful,Wallet
663,41,2025-10-11,19.99,failed,Net Banking
664,42,2026-02-28,19.99,successful,UPI
665,42,2026-03-28,19.99,successful,Wallet
666,42,2026-04-28,19.99,failed,Net Banking
667,42,2026-05-28,19.99,successful,Card
668,42,2026-06-28,19.99,successful,Card
669,43,2024-10-08,19.99,successful,Net Banking
670,43,2024-11-08,19.99,successful,Wallet
671,43,2024-12-08,19.99,successful,Wallet
672,43,2025-01-08,19.99,successful,UPI
673,43,2025-02-08,19.99,successful,Wallet
674,43,2025-03-08,19.99,successful,Net Banking
675,43,2025-04-08,19.99,successful,Card
676,43,2025-05-08,19.99,successful,Card
677,43,2025-06-08,19.99,failed,Wallet
678,43,2025-07-08,19.99,successful,Net Banking
679,43,2025-08-08,19.99,successful,Wallet
680,43,2025-09-08,19.99,successful,UPI
681,43,2025-10-08,19.99,successful,Wallet
682,43,2025-11-08,19.99,successful,Wallet
683,43,2025-12-08,19.99,successful,Card
684,43,2026-01-08,19.99,successful,Net Banking
685,43,2026-02-08,19.99,successful,Card
686,43,2026-03-08,19.99,successful,Card
687,43,2026-04-08,19.99,successful,Wallet
688,43,2026-05-08,19.99,successful,Wallet
689,43,2026-06-08,19.99,successful,UPI
690,43,2026-07-08,19.99,successful,Net Banking
691,43,2026-08-08,19.99,successful,UPI
692,43,2026-09-08,19.99,successful,Wallet
693,44,2023-01-21,19.99,successful,Wallet
694,44,2023-02-21,19.99,successful,Wallet
695,44,2023-03-21,19.99,successful,Card
696,44,2023-04-21,19.99,successful,Wallet
697,44,2023-05-21,19.99,successful,Net Banking
698,44,2023-06-21,19.99,successful,Wallet
699,44,2023-07-21,19.99,successful,UPI
700,45,2023-09-12,9.99,successful,Wallet
701,45,2023-10-12,9.99,successful,Wallet
702,45,2023-11-12,9.99,successful,UPI
703,45,2023-12-12,9.99,successful,Card
704,45,2024-01-12,9.99,successful,Net Banking
705,45,2024-02-12,9.99,successful,UPI
706,45,2024-03-12,9.99,successful,Net Banking
707,45,2024-04-12,9.99,successful,UPI
708,45,2024-05-12,9.99,successful,Wallet
709,45,2024-06-12,9.99,successful,UPI
710,45,2024-07-12,9.99,successful,UPI
711,45,2024-08-12,9.99,successful,Wallet
712,45,2024-09-12,9.99,successful,UPI
713,45,2024-10-12,9.99,successful,Wallet
714,45,2024-11-12,9.99,successful,Net Banking
715,45,2024-12-12,9.99,successful,UPI
716,45,2025-01-12,9.99,refunded,Wallet
717,45,2025-02-12,9.99,successful,Card
718,45,2025-03-12,9.99,successful,Card
719,45,2025-04-12,9.99,successful,Card
720,45,2025-05-12,9.99,successful,Card
721,45,2025-06-12,9.99,successful,UPI
722,45,2025-07-12,9.99,successful,UPI
723,45,2025-08-12,9.99,refunded,UPI
724,45,2025-09-12,9.99,successful,Card
725,45,2025-10-12,9.99,successful,Wallet
726,45,2025-11-12,9.99,successful,Card
727,45,2025-12-12,9.99,successful,UPI
728,45,2026-01-12,9.99,successful,Net Banking
729,45,2026-02-12,9.99,successful,Card
730,45,2026-03-12,9.99,successful,Card
731,45,2026-04-12,9.99,failed,Net Banking
732,45,2026-05-12,9.99,successful,Net Banking
733,45,2026-06-12,9.99,successful,Wallet
734,45,2026-07-12,9.99,successful,Card
735,45,2026-08-12,9.99,successful,Wallet
736,45,2026-09-12,9.99,successful,Card
737,46,2025-04-20,9.99,successful,Net Banking
738,46,2025-05-20,9.99,successful,Wallet
739,46,2025-06-20,9.99,successful,Card
740,46,2025-07-20,9.99,successful,Wallet
741,46,2025-08-20,9.99,successful,Card
742,46,2025-09-20,9.99,successful,UPI
743,46,2025-10-20,9.99,successful,Card
744,46,2025-11-20,9.99,successful,Card
745,46,2025-12-20,9.99,successful,Wallet
746,46,2026-01-20,9.99,successful,UPI
747,46,2026-02-20,9.99,successful,Card
748,46,2026-03-20,9.99,successful,Wallet
749,46,2026-04-20,9.99,successful,Card
750,46,2026-05-20,9.99,successful,Net Banking
751,46,2026-06-20,9.99,successful,Wallet
752,46,2026-07-20,9.99,successful,Net Banking
753,46,2026-08-20,9.99,successful,UPI
754,46,2026-09-20,9.99,successful,Wallet
755,47,2023-06-16,39.99,successful,Wallet
756,47,2023-07-16,39.99,successful,Wallet
757,47,2023-08-16,39.99,successful,Card
758,47,2023-09-16,39.99,successful,Net Banking
759,47,2023-10-16,39.99,failed,Card
760,47,2023-11-16,39.99,successful,UPI
761,47,2023-12-16,39.99,successful,UPI
762,47,2024-01-16,39.99,successful,Wallet
763,47,2024-02-16,39.99,refunded,UPI
764,47,2024-03-16,39.99,successful,Wallet
765,47,2024-04-16,39.99,successful,Card
766,47,2024-05-16,39.99,successful,Card
767,47,2024-06-16,39.99,successful,Wallet
768,47,2024-07-16,39.99,successful,Card
769,47,2024-08-16,39.99,successful,Wallet
770,47,2024-09-16,39.99,successful,Net Banking
771,47,2024-10-16,39.99,successful,UPI
772,47,2024-11-16,39.99,successful,Net Banking
773,47,2024-12-16,39.99,successful,Card
774,47,2025-01-16,39.99,successful,Card
775,47,2025-02-16,39.99,successful,Net Banking
776,47,2025-03-16,39.99,successful,Net Banking
777,47,2025-04-16,39.99,successful,Net Banking
778,47,2025-05-16,39.99,successful,Net Banking
779,47,2025-06-16,39.99,failed,Wallet
780,47,2025-07-16,39.99,successful,Net Banking
781,47,2025-08-16,39.99,successful,Wallet
782,47,2025-09-16,39.99,successful,Wallet
783,47,2025-10-16,39.99,successful,Wallet
784,47,2025-11-16,39.99,successful,Card
785,47,2025-12-16,39.99,successful,Net Banking
786,47,2026-01-16,39.99,successful,Net Banking
787,47,2026-02-16,39.99,successful,Wallet
788,47,2026-03-16,39.99,successful,Card
789,47,2026-04-16,39.99,successful,Net Banking
790,47,2026-05-16,39.99,successful,UPI
791,47,2026-06-16,39.99,successful,Card
792,47,2026-07-16,39.99,successful,UPI
793,47,2026-08-16,39.99,successful,Net Banking
794,47,2026-09-16,39.99,successful,Wallet
795,48,2024-01-23,39.99,successful,UPI
796,48,2024-02-23,39.99,successful,UPI
797,48,2024-03-23,39.99,successful,Net Banking
798,48,2024-04-23,39.99,successful,Card
799,48,2024-05-23,39.99,successful,Net Banking
800,48,2024-06-23,39.99,successful,Net Banking
801,48,2024-07-23,39.99,successful,Card
802,48,2024-08-23,39.99,successful,Wallet
803,48,2024-09-23,39.99,successful,UPI
804,48,2024-10-23,39.99,successful,UPI
805,48,2024-11-23,39.99,successful,Wallet
806,48,2024-12-23,39.99,successful,Wallet
807,48,2025-01-23,39.99,successful,Wallet
808,48,2025-02-23,39.99,successful,UPI
809,48,2025-03-23,39.99,successful,Card
810,48,2025-04-23,39.99,successful,Card
811,48,2025-05-23,39.99,successful,Net Banking
812,48,2025-06-23,39.99,successful,Card
813,48,2025-07-23,39.99,successful,Net Banking
814,48,2025-08-23,39.99,successful,Wallet
815,48,2025-09-23,39.99,refunded,Card
816,48,2025-10-23,39.99,successful,Card
817,48,2025-11-23,39.99,successful,Wallet
818,48,2025-12-23,39.99,successful,Wallet
819,48,2026-01-23,39.99,refunded,UPI
820,48,2026-02-23,39.99,successful,Card
821,48,2026-03-23,39.99,successful,Net Banking
822,48,2026-04-23,39.99,successful,Card
823,48,2026-05-23,39.99,failed,Net Banking
824,48,2026-06-23,39.99,successful,Wallet
825,48,2026-07-23,39.99,successful,UPI
826,48,2026-08-23,39.99,successful,Wallet
827,48,2026-09-23,39.99,successful,Card
828,49,2024-08-23,9.99,failed,Card
829,49,2024-09-23,9.99,successful,Net Banking
830,49,2024-10-23,9.99,successful,Wallet
831,49,2024-11-23,9.99,successful,Wallet
832,49,2024-12-23,9.99,successful,Wallet
833,49,2025-01-23,9.99,successful,Card
834,49,2025-02-23,9.99,successful,Net Banking
835,49,2025-03-23,9.99,failed,UPI
836,49,2025-04-23,9.99,successful,Net Banking
837,49,2025-05-23,9.99,failed,UPI
838,49,2025-06-23,9.99,successful,Card
839,49,2025-07-23,9.99,successful,UPI
840,49,2025-08-23,9.99,successful,Net Banking
841,49,2025-09-23,9.99,successful,Net Banking
842,49,2025-10-23,9.99,successful,Wallet
843,50,2023-11-12,59.99,successful,Net Banking
844,50,2023-12-12,59.99,successful,Wallet
845,50,2024-01-12,59.99,successful,UPI
846,50,2024-02-12,59.99,successful,Card
847,50,2024-03-12,59.99,successful,UPI
848,50,2024-04-12,59.99,successful,Wallet
849,50,2024-05-12,59.99,successful,Wallet
850,50,2024-06-12,59.99,successful,Card
851,50,2024-07-12,59.99,successful,Wallet
852,50,2024-08-12,59.99,successful,UPI
853,50,2024-09-12,59.99,successful,UPI
854,50,2024-10-12,59.99,successful,Card
855,50,2024-11-12,59.99,successful,Wallet
856,50,2024-12-12,59.99,successful,Card
857,50,2025-01-12,59.99,successful,Net Banking
858,50,2025-02-12,59.99,successful,Card
859,50,2025-03-12,59.99,successful,Card
860,50,2025-04-12,59.99,successful,Wallet
861,50,2025-05-12,59.99,failed,Card
862,50,2025-06-12,59.99,successful,UPI
863,50,2025-07-12,59.99,successful,UPI
864,50,2025-08-12,59.99,successful,UPI
865,50,2025-09-12,59.99,successful,UPI
866,50,2025-10-12,59.99,successful,UPI
867,50,2025-11-12,59.99,successful,Card
868,50,2025-12-12,59.99,successful,Card
869,50,2026-01-12,59.99,successful,Wallet
870,50,2026-02-12,59.99,successful,Net Banking
871,50,2026-03-12,59.99,successful,Card
872,50,2026-04-12,59.99,successful,Net Banking
873,50,2026-05-12,59.99,refunded,Net Banking
874,50,2026-06-12,59.99,successful,Net Banking
875,50,2026-07-12,59.99,successful,Wallet
876,50,2026-08-12,59.99,successful,UPI
877,50,2026-09-12,59.99,successful,Net Banking
878,51,2023-01-14,39.99,successful,Wallet
879,51,2023-02-14,39.99,successful,UPI
880,51,2023-03-14,39.99,successful,Card
881,52,2023-05-16,9.99,successful,Net Banking
882,52,2023-06-16,9.99,successful,Card
883,52,2023-07-16,9.99,successful,Wallet
884,52,2023-08-16,9.99,failed,Net Banking
885,52,2023-09-16,9.99,successful,Wallet
886,52,2023-10-16,9.99,successful,Wallet
887,52,2023-11-16,9.99,refunded,UPI
888,52,2023-12-16,9.99,successful,Card
889,52,2024-01-16,9.99,successful,Net Banking
890,52,2024-02-16,9.99,successful,UPI
891,52,2024-03-16,9.99,successful,Card
892,52,2024-04-16,9.99,successful,Wallet
893,52,2024-05-16,9.99,successful,Net Banking
894,52,2024-06-16,9.99,successful,Card
895,52,2024-07-16,9.99,successful,Wallet
896,52,2024-08-16,9.99,successful,UPI
897,52,2024-09-16,9.99,successful,UPI
898,52,2024-10-16,9.99,successful,UPI
899,52,2024-11-16,9.99,successful,UPI
900,52,2024-12-16,9.99,successful,UPI
901,52,2025-01-16,9.99,successful,Card
902,52,2025-02-16,9.99,successful,Card
903,52,2025-03-16,9.99,refunded,Wallet
904,52,2025-04-16,9.99,successful,UPI
905,52,2025-05-16,9.99,failed,UPI
906,52,2025-06-16,9.99,refunded,Card
907,52,2025-07-16,9.99,successful,UPI
908,52,2025-08-16,9.99,successful,Card
909,52,2025-09-16,9.99,successful,Card
910,52,2025-10-16,9.99,successful,UPI
911,52,2025-11-16,9.99,successful,Card
912,52,2025-12-16,9.99,successful,Wallet
913,52,2026-01-16,9.99,successful,Wallet
914,52,2026-02-16,9.99,successful,Card
915,52,2026-03-16,9.99,successful,Wallet
916,52,2026-04-16,9.99,successful,Card
917,52,2026-05-16,9.99,successful,Card
918,52,2026-06-16,9.99,successful,UPI
919,52,2026-07-16,9.99,successful,Card
920,52,2026-08-16,9.99,successful,UPI
921,52,2026-09-16,9.99,successful,Net Banking
922,53,2023-08-30,9.99,failed,UPI
923,53,2023-09-30,9.99,successful,Card
924,53,2023-10-30,9.99,successful,Card
925,53,2023-11-30,9.99,successful,Net Banking
926,53,2023-12-30,9.99,successful,UPI
927,53,2024-01-30,9.99,successful,Net Banking
928,53,2024-02-29,9.99,successful,Net Banking
929,53,2024-03-29,9.99,successful,Card
930,53,2024-04-29,9.99,successful,UPI
931,53,2024-05-29,9.99,successful,Card
932,53,2024-06-29,9.99,successful,Wallet
933,53,2024-07-29,9.99,failed,Card
934,53,2024-08-29,9.99,successful,Net Banking
935,53,2024-09-29,9.99,failed,Wallet
936,53,2024-10-29,9.99,successful,Card
937,53,2024-11-29,9.99,successful,Card
938,53,2024-12-29,9.99,successful,Wallet
939,53,2025-01-29,9.99,successful,Card
940,53,2025-02-28,9.99,successful,Wallet
941,53,2025-03-28,9.99,failed,Net Banking
942,53,2025-04-28,9.99,successful,Card
943,53,2025-05-28,9.99,successful,UPI
944,53,2025-06-28,9.99,refunded,Card
945,53,2025-07-28,9.99,successful,Net Banking
946,53,2025-08-28,9.99,successful,Net Banking
947,53,2025-09-28,9.99,successful,Wallet
948,53,2025-10-28,9.99,successful,Card
949,53,2025-11-28,9.99,successful,UPI
950,53,2025-12-28,9.99,successful,UPI
951,53,2026-01-28,9.99,successful,UPI
952,53,2026-02-28,9.99,successful,Wallet
953,53,2026-03-28,9.99,successful,Wallet
954,53,2026-04-28,9.99,successful,UPI
955,53,2026-05-28,9.99,successful,Card
956,53,2026-06-28,9.99,successful,Wallet
957,53,2026-07-28,9.99,successful,Card
958,53,2026-08-28,9.99,successful,Net Banking
959,53,2026-09-28,9.99,successful,Wallet
960,54,2025-02-15,19.99,successful,Wallet
961,54,2025-03-15,19.99,successful,Wallet
962,54,2025-04-15,19.99,successful,Card
963,54,2025-05-15,19.99,successful,UPI
964,54,2025-06-15,19.99,successful,Card
965,54,2025-07-15,19.99,successful,Net Banking
966,54,2025-08-15,19.99,successful,UPI
967,54,2025-09-15,19.99,successful,Net Banking
968,54,2025-10-15,19.99,failed,Card
969,54,2025-11-15,19.99,successful,Net Banking
970,54,2025-12-15,19.99,failed,Card
971,54,2026-01-15,19.99,successful,Net Banking
972,54,2026-02-15,19.99,successful,Net Banking
973,54,2026-03-15,19.99,failed,Card
974,54,2026-04-15,19.99,successful,Wallet
975,54,2026-05-15,19.99,successful,Card
976,54,2026-06-15,19.99,successful,UPI
977,54,2026-07-15,19.99,successful,Wallet
978,54,2026-08-15,19.99,successful,Card
979,54,2026-09-15,19.99,successful,UPI
980,55,2024-07-18,9.99,successful,Wallet
981,55,2024-08-18,9.99,failed,Wallet
982,55,2024-09-18,9.99,successful,UPI
983,55,2024-10-18,9.99,successful,Wallet
984,55,2024-11-18,9.99,successful,Card
985,55,2024-12-18,9.99,successful,Net Banking
986,55,2025-01-18,9.99,successful,Net Banking
987,55,2025-02-18,9.99,successful,UPI
988,55,2025-03-18,9.99,successful,Net Banking
989,55,2025-04-18,9.99,successful,Net Banking
990,55,2025-05-18,9.99,successful,Card
991,55,2025-06-18,9.99,successful,UPI
992,55,2025-07-18,9.99,successful,UPI
993,55,2025-08-18,9.99,successful,Net Banking
994,55,2025-09-18,9.99,successful,Card
995,55,2025-10-18,9.99,successful,Card
996,55,2025-11-18,9.99,failed,Card
997,55,2025-12-18,9.99,successful,Wallet
998,55,2026-01-18,9.99,successful,Net Banking
999,55,2026-02-18,9.99,successful,Card
1000,55,2026-03-18,9.99,successful,UPI
1001,55,2026-04-18,9.99,successful,Net Banking
1002,55,2026-05-18,9.99,successful,Wallet
1003,55,2026-06-18,9.99,refunded,UPI
1004,55,2026-07-18,9.99,failed,Net Banking
1005,55,2026-08-18,9.99,successful,Net Banking
1006,55,2026-09-18,9.99,successful,Card
1007,56,2025-06-16,59.99,successful,UPI
1008,56,2025-07-16,59.99,successful,Net Banking
1009,56,2025-08-16,59.99,successful,UPI
1010,56,2025-09-16,59.99,successful,Wallet
1011,56,2025-10-16,59.99,successful,Net Banking
1012,56,2025-11-16,59.99,successful,Card
1013,56,2025-12-16,59.99,successful,Net Banking
1014,56,2026-01-16,59.99,failed,Card
1015,56,2026-02-16,59.99,successful,Net Banking
1016,56,2026-03-16,59.99,failed,UPI
1017,56,2026-04-16,59.99,successful,Card
1018,56,2026-05-16,59.99,refunded,Card
1019,56,2026-06-16,59.99,successful,Wallet
1020,56,2026-07-16,59.99,successful,Card
1021,56,2026-08-16,59.99,successful,UPI
1022,56,2026-09-16,59.99,failed,Wallet
1023,57,2023-04-02,9.99,successful,UPI
1024,57,2023-05-02,9.99,successful,Card
1025,57,2023-06-02,9.99,successful,Wallet
1026,57,2023-07-02,9.99,successful,Card
1027,57,2023-08-02,9.99,successful,Wallet
1028,57,2023-09-02,9.99,successful,Card
1029,57,2023-10-02,9.99,successful,Net Banking
1030,57,2023-11-02,9.99,successful,Net Banking
1031,57,2023-12-02,9.99,successful,UPI
1032,58,2024-01-25,9.99,successful,UPI
1033,58,2024-02-25,9.99,successful,Wallet
1034,58,2024-03-25,9.99,successful,UPI
1035,58,2024-04-25,9.99,successful,Wallet
1036,58,2024-05-25,9.99,successful,Net Banking
1037,58,2024-06-25,9.99,successful,Wallet
1038,58,2024-07-25,9.99,successful,Wallet
1039,58,2024-08-25,9.99,successful,Card
1040,58,2024-09-25,9.99,failed,UPI
1041,58,2024-10-25,9.99,failed,UPI
1042,58,2024-11-25,9.99,successful,Card
1043,58,2024-12-25,9.99,successful,Card
1044,58,2025-01-25,9.99,successful,Net Banking
1045,58,2025-02-25,9.99,successful,Net Banking
1046,58,2025-03-25,9.99,successful,Wallet
1047,58,2025-04-25,9.99,successful,UPI
1048,58,2025-05-25,9.99,successful,Net Banking
1049,58,2025-06-25,9.99,successful,Net Banking
1050,58,2025-07-25,9.99,successful,UPI
1051,58,2025-08-25,9.99,successful,UPI
1052,58,2025-09-25,9.99,successful,Card
1053,58,2025-10-25,9.99,successful,Net Banking
1054,58,2025-11-25,9.99,failed,Wallet
1055,58,2025-12-25,9.99,successful,Wallet
1056,58,2026-01-25,9.99,successful,UPI
1057,58,2026-02-25,9.99,refunded,Net Banking
1058,58,2026-03-25,9.99,successful,UPI
1059,58,2026-04-25,9.99,successful,UPI
1060,58,2026-05-25,9.99,successful,UPI
1061,58,2026-06-25,9.99,successful,Net Banking
1062,58,2026-07-25,9.99,successful,UPI
1063,58,2026-08-25,9.99,successful,Net Banking
1064,58,2026-09-25,9.99,successful,Wallet
1065,59,2025-08-13,39.99,successful,Net Banking
1066,59,2025-09-13,39.99,successful,Wallet
1067,59,2025-10-13,39.99,successful,Net Banking
1068,59,2025-11-13,39.99,successful,Net Banking
1069,59,2025-12-13,39.99,failed,UPI
1070,59,2026-01-13,39.99,successful,UPI
1071,59,2026-02-13,39.99,successful,Card
1072,59,2026-03-13,39.99,successful,Net Banking
1073,59,2026-04-13,39.99,successful,Net Banking
1074,59,2026-05-13,39.99,successful,Wallet
1075,59,2026-06-13,39.99,successful,Net Banking
1076,59,2026-07-13,39.99,successful,Card
1077,59,2026-08-13,39.99,successful,Card
1078,59,2026-09-13,39.99,failed,Card
1079,60,2024-05-23,39.99,successful,Wallet
1080,60,2024-06-23,39.99,successful,Card
1081,60,2024-07-23,39.99,successful,Net Banking
1082,60,2024-08-23,39.99,successful,Wallet
1083,60,2024-09-23,39.99,successful,Card
1084,60,2024-10-23,39.99,successful,UPI
1085,60,2024-11-23,39.99,successful,Card
1086,60,2024-12-23,39.99,successful,Net Banking
1087,60,2025-01-23,39.99,failed,Net Banking
1088,60,2025-02-23,39.99,successful,Net Banking
1089,60,2025-03-23,39.99,successful,Card
1090,60,2025-04-23,39.99,successful,Card
1091,60,2025-05-23,39.99,successful,UPI
1092,60,2025-06-23,39.99,successful,Net Banking
1093,60,2025-07-23,39.99,successful,Net Banking
1094,60,2025-08-23,39.99,successful,Card
1095,60,2025-09-23,39.99,successful,Wallet
1096,60,2025-10-23,39.99,successful,Card
1097,60,2025-11-23,39.99,successful,Card
1098,60,2025-12-23,39.99,successful,UPI
1099,60,2026-01-23,39.99,successful,Net Banking
1100,60,2026-02-23,39.99,failed,Net Banking
1101,60,2026-03-23,39.99,successful,Net Banking
1102,60,2026-04-23,39.99,successful,Net Banking
1103,60,2026-05-23,39.99,successful,Wallet
1104,60,2026-06-23,39.99,successful,Wallet
1105,60,2026-07-23,39.99,successful,UPI
1106,60,2026-08-23,39.99,successful,Card
1107,60,2026-09-23,39.99,failed,Net Banking
1108,61,2025-02-14,39.99,successful,UPI
1109,61,2025-03-14,39.99,successful,Card
1110,61,2025-04-14,39.99,successful,Wallet
1111,61,2025-05-14,39.99,successful,UPI
1112,61,2025-06-14,39.99,failed,Card
1113,61,2025-07-14,39.99,successful,Card
1114,61,2025-08-14,39.99,successful,Net Banking
1115,61,2025-09-14,39.99,successful,Card
1116,61,2025-10-14,39.99,successful,Wallet
1117,61,2025-11-14,39.99,successful,Net Banking
1118,61,2025-12-14,39.99,successful,Net Banking
1119,61,2026-01-14,39.99,successful,Card
1120,61,2026-02-14,39.99,failed,Net Banking
1121,61,2026-03-14,39.99,successful,UPI
1122,61,2026-04-14,39.99,failed,Net Banking
1123,61,2026-05-14,39.99,successful,UPI
1124,61,2026-06-14,39.99,successful,Net Banking
1125,61,2026-07-14,39.99,successful,Net Banking
1126,61,2026-08-14,39.99,successful,Card
1127,61,2026-09-14,39.99,successful,Wallet
1128,62,2023-02-04,399.0,successful,Card
1129,62,2024-02-04,399.0,successful,Wallet
1130,62,2025-02-04,399.0,successful,Card
1131,62,2026-02-04,399.0,successful,Wallet
1132,63,2023-07-25,9.99,successful,Wallet
1133,63,2023-08-25,9.99,successful,UPI
1134,63,2023-09-25,9.99,refunded,Net Banking
1135,63,2023-10-25,9.99,successful,UPI
1136,63,2023-11-25,9.99,successful,UPI
1137,63,2023-12-25,9.99,successful,Net Banking
1138,63,2024-01-25,9.99,successful,Net Banking
1139,63,2024-02-25,9.99,successful,Card
1140,63,2024-03-25,9.99,successful,Wallet
1141,63,2024-04-25,9.99,successful,UPI
1142,63,2024-05-25,9.99,successful,Card
1143,63,2024-06-25,9.99,successful,Net Banking
1144,63,2024-07-25,9.99,successful,Card
1145,63,2024-08-25,9.99,successful,Wallet
1146,63,2024-09-25,9.99,successful,UPI
1147,63,2024-10-25,9.99,successful,UPI
1148,63,2024-11-25,9.99,successful,Wallet
1149,63,2024-12-25,9.99,successful,UPI
1150,63,2025-01-25,9.99,successful,UPI
1151,63,2025-02-25,9.99,successful,UPI
1152,63,2025-03-25,9.99,successful,UPI
1153,63,2025-04-25,9.99,successful,Card
1154,63,2025-05-25,9.99,successful,Card
1155,63,2025-06-25,9.99,successful,Wallet
1156,63,2025-07-25,9.99,successful,Card
1157,63,2025-08-25,9.99,successful,Card
1158,63,2025-09-25,9.99,successful,Wallet
1159,63,2025-10-25,9.99,successful,UPI
1160,63,2025-11-25,9.99,successful,Card
1161,63,2025-12-25,9.99,successful,Wallet
1162,63,2026-01-25,9.99,successful,UPI
1163,63,2026-02-25,9.99,successful,Card
1164,63,2026-03-25,9.99,successful,Net Banking
1165,63,2026-04-25,9.99,failed,Wallet
1166,63,2026-05-25,9.99,successful,Wallet
1167,63,2026-06-25,9.99,successful,UPI
1168,63,2026-07-25,9.99,successful,Wallet
1169,63,2026-08-25,9.99,successful,Wallet
1170,63,2026-09-25,9.99,successful,UPI
1171,64,2026-01-09,19.99,successful,UPI
1172,64,2026-02-09,19.99,successful,UPI
1173,64,2026-03-09,19.99,successful,Net Banking
1174,64,2026-04-09,19.99,successful,Card
1175,64,2026-05-09,19.99,successful,Wallet
1176,64,2026-06-09,19.99,successful,UPI
1177,64,2026-07-09,19.99,successful,Wallet
1178,64,2026-08-09,19.99,successful,Net Banking
1179,64,2026-09-09,19.99,successful,UPI
1180,65,2025-10-22,399.0,successful,Card
1181,66,2025-10-18,9.99,successful,Wallet
1182,66,2025-11-18,9.99,successful,UPI
1183,66,2025-12-18,9.99,successful,UPI
1184,66,2026-01-18,9.99,successful,Card
1185,67,2024-07-19,9.99,successful,Wallet
1186,67,2024-08-19,9.99,successful,Net Banking
1187,67,2024-09-19,9.99,successful,Wallet
1188,67,2024-10-19,9.99,successful,Card
1189,67,2024-11-19,9.99,successful,UPI
1190,67,2024-12-19,9.99,successful,Net Banking
1191,67,2025-01-19,9.99,successful,Card
1192,67,2025-02-19,9.99,successful,Net Banking
1193,67,2025-03-19,9.99,successful,Wallet
1194,67,2025-04-19,9.99,successful,Wallet
1195,67,2025-05-19,9.99,successful,Card
1196,67,2025-06-19,9.99,successful,Card
1197,67,2025-07-19,9.99,successful,Net Banking
1198,68,2025-09-25,399.0,failed,Wallet
1199,68,2026-09-25,399.0,successful,UPI
1200,69,2026-02-03,39.99,successful,Wallet
1201,69,2026-03-03,39.99,successful,UPI
1202,69,2026-04-03,39.99,successful,Wallet
1203,69,2026-05-03,39.99,successful,Net Banking
1204,69,2026-06-03,39.99,successful,Net Banking
1205,69,2026-07-03,39.99,successful,Card
1206,69,2026-08-03,39.99,refunded,UPI
1207,69,2026-09-03,39.99,successful,Wallet
1208,70,2024-12-03,9.99,successful,Card
1209,70,2025-01-03,9.99,successful,UPI
1210,70,2025-02-03,9.99,successful,UPI
1211,70,2025-03-03,9.99,successful,UPI
1212,70,2025-04-03,9.99,successful,UPI
1213,70,2025-05-03,9.99,successful,Card
1214,70,2025-06-03,9.99,successful,Wallet
1215,70,2025-07-03,9.99,refunded,UPI
1216,70,2025-08-03,9.99,successful,Card
1217,70,2025-09-03,9.99,successful,Net Banking
1218,70,2025-10-03,9.99,successful,UPI
1219,70,2025-11-03,9.99,successful,UPI
1220,70,2025-12-03,9.99,successful,Card
1221,70,2026-01-03,9.99,successful,UPI
1222,70,2026-02-03,9.99,failed,Net Banking
1223,70,2026-03-03,9.99,failed,UPI
1224,70,2026-04-03,9.99,successful,UPI
1225,70,2026-05-03,9.99,successful,Wallet
1226,70,2026-06-03,9.99,successful,UPI
1227,70,2026-07-03,9.99,successful,Card
1228,70,2026-08-03,9.99,successful,UPI
1229,70,2026-09-03,9.99,successful,UPI
1230,71,2024-02-06,19.99,successful,Wallet
1231,71,2024-03-06,19.99,successful,Card
1232,71,2024-04-06,19.99,successful,Wallet
1233,71,2024-05-06,19.99,successful,Card
1234,71,2024-06-06,19.99,successful,UPI
1235,71,2024-07-06,19.99,failed,Wallet
1236,71,2024-08-06,19.99,successful,Net Banking
1237,71,2024-09-06,19.99,successful,Card
1238,71,2024-10-06,19.99,successful,UPI
1239,71,2024-11-06,19.99,successful,Card
1240,71,2024-12-06,19.99,successful,UPI
1241,71,2025-01-06,19.99,refunded,Card
1242,71,2025-02-06,19.99,successful,Card
1243,71,2025-03-06,19.99,successful,Wallet
1244,71,2025-04-06,19.99,successful,Card
1245,71,2025-05-06,19.99,successful,UPI
1246,72,2024-12-30,39.99,successful,UPI
1247,72,2025-01-30,39.99,successful,Card
1248,72,2025-02-28,39.99,successful,Net Banking
1249,72,2025-03-28,39.99,successful,Wallet
1250,72,2025-04-28,39.99,successful,UPI
1251,72,2025-05-28,39.99,successful,UPI
1252,72,2025-06-28,39.99,failed,Wallet
1253,72,2025-07-28,39.99,successful,Card
1254,72,2025-08-28,39.99,successful,Net Banking
1255,72,2025-09-28,39.99,failed,Wallet
1256,72,2025-10-28,39.99,successful,Wallet
1257,72,2025-11-28,39.99,successful,Card
1258,72,2025-12-28,39.99,successful,Wallet
1259,73,2023-06-11,39.99,failed,Card
1260,73,2023-07-11,39.99,successful,Wallet
1261,73,2023-08-11,39.99,successful,Card
1262,73,2023-09-11,39.99,successful,Net Banking
1263,73,2023-10-11,39.99,successful,Net Banking
1264,73,2023-11-11,39.99,successful,Card
1265,73,2023-12-11,39.99,successful,Wallet
1266,73,2024-01-11,39.99,successful,UPI
1267,73,2024-02-11,39.99,successful,UPI
1268,73,2024-03-11,39.99,successful,Wallet
1269,73,2024-04-11,39.99,successful,Net Banking
1270,73,2024-05-11,39.99,successful,Wallet
1271,73,2024-06-11,39.99,successful,UPI
1272,73,2024-07-11,39.99,successful,UPI
1273,73,2024-08-11,39.99,successful,Wallet
1274,74,2023-07-21,19.99,successful,Card
1275,74,2023-08-21,19.99,successful,UPI
1276,74,2023-09-21,19.99,successful,Wallet
1277,74,2023-10-21,19.99,successful,Net Banking
1278,74,2023-11-21,19.99,failed,Net Banking
1279,74,2023-12-21,19.99,successful,UPI
1280,74,2024-01-21,19.99,successful,Card
1281,74,2024-02-21,19.99,successful,Wallet
1282,74,2024-03-21,19.99,failed,Card
1283,74,2024-04-21,19.99,successful,Wallet
1284,74,2024-05-21,19.99,successful,UPI
1285,74,2024-06-21,19.99,successful,Card
1286,74,2024-07-21,19.99,successful,Wallet
1287,74,2024-08-21,19.99,successful,UPI
1288,74,2024-09-21,19.99,successful,UPI
1289,74,2024-10-21,19.99,successful,Net Banking
1290,74,2024-11-21,19.99,failed,UPI
1291,74,2024-12-21,19.99,successful,Card
1292,74,2025-01-21,19.99,successful,UPI
1293,74,2025-02-21,19.99,successful,Net Banking
1294,74,2025-03-21,19.99,failed,Card
1295,74,2025-04-21,19.99,successful,UPI
1296,74,2025-05-21,19.99,successful,Net Banking
1297,74,2025-06-21,19.99,successful,Wallet
1298,74,2025-07-21,19.99,successful,Net Banking
1299,74,2025-08-21,19.99,refunded,Net Banking
1300,74,2025-09-21,19.99,successful,Wallet
1301,74,2025-10-21,19.99,successful,Wallet
1302,74,2025-11-21,19.99,failed,Net Banking
1303,74,2025-12-21,19.99,successful,Wallet
1304,74,2026-01-21,19.99,successful,Net Banking
1305,74,2026-02-21,19.99,successful,Net Banking
1306,74,2026-03-21,19.99,failed,Net Banking
1307,74,2026-04-21,19.99,failed,Wallet
1308,74,2026-05-21,19.99,successful,Wallet
1309,74,2026-06-21,19.99,refunded,Net Banking
1310,74,2026-07-21,19.99,successful,Wallet
1311,74,2026-08-21,19.99,failed,Card
1312,74,2026-09-21,19.99,successful,Net Banking
1313,75,2025-09-22,39.99,successful,UPI
1314,75,2025-10-22,39.99,successful,Net Banking
1315,75,2025-11-22,39.99,successful,Card
1316,75,2025-12-22,39.99,successful,Net Banking
1317,75,2026-01-22,39.99,successful,Net Banking
1318,75,2026-02-22,39.99,successful,Wallet
1319,75,2026-03-22,39.99,successful,Net Banking
1320,75,2026-04-22,39.99,successful,Net Banking
1321,75,2026-05-22,39.99,successful,Wallet
1322,75,2026-06-22,39.99,successful,Wallet
1323,76,2023-09-27,9.99,successful,UPI
1324,76,2023-10-27,9.99,successful,Net Banking
1325,76,2023-11-27,9.99,successful,Net Banking
1326,76,2023-12-27,9.99,successful,Card
1327,76,2024-01-27,9.99,successful,Wallet
1328,76,2024-02-27,9.99,successful,Net Banking
1329,76,2024-03-27,9.99,successful,Net Banking
1330,76,2024-04-27,9.99,successful,UPI
1331,76,2024-05-27,9.99,successful,UPI
1332,76,2024-06-27,9.99,failed,Card
1333,76,2024-07-27,9.99,successful,Net Banking
1334,76,2024-08-27,9.99,successful,UPI
1335,76,2024-09-27,9.99,successful,Card
1336,76,2024-10-27,9.99,successful,Wallet
1337,76,2024-11-27,9.99,successful,Wallet
1338,76,2024-12-27,9.99,successful,Card
1339,76,2025-01-27,9.99,successful,Card
1340,76,2025-02-27,9.99,successful,Net Banking
1341,76,2025-03-27,9.99,failed,UPI
1342,76,2025-04-27,9.99,failed,Card
1343,76,2025-05-27,9.99,successful,Wallet
1344,76,2025-06-27,9.99,successful,Net Banking
1345,76,2025-07-27,9.99,successful,UPI
1346,76,2025-08-27,9.99,successful,Net Banking
1347,76,2025-09-27,9.99,successful,UPI
1348,76,2025-10-27,9.99,successful,Wallet
1349,76,2025-11-27,9.99,successful,Wallet
1350,76,2025-12-27,9.99,successful,Wallet
1351,76,2026-01-27,9.99,successful,UPI
1352,76,2026-02-27,9.99,successful,Card
1353,76,2026-03-27,9.99,successful,Wallet
1354,76,2026-04-27,9.99,successful,UPI
1355,76,2026-05-27,9.99,successful,Wallet
1356,76,2026-06-27,9.99,successful,UPI
1357,76,2026-07-27,9.99,successful,Wallet
1358,76,2026-08-27,9.99,successful,Wallet
1359,76,2026-09-27,9.99,successful,Wallet
1360,77,2025-03-26,19.99,successful,Net Banking
1361,77,2025-04-26,19.99,failed,Card
1362,78,2024-03-31,39.99,failed,Net Banking
1363,78,2024-04-30,39.99,successful,Wallet
1364,78,2024-05-30,39.99,failed,Card
1365,78,2024-06-30,39.99,successful,Net Banking
1366,78,2024-07-30,39.99,successful,Card
1367,78,2024-08-30,39.99,successful,UPI
1368,79,2026-06-29,19.99,successful,UPI
1369,79,2026-07-29,19.99,successful,Card
1370,79,2026-08-29,19.99,successful,Net Banking
1371,79,2026-09-29,19.99,successful,UPI
1372,80,2025-10-13,59.99,successful,Card
1373,80,2025-11-13,59.99,successful,UPI
1374,80,2025-12-13,59.99,failed,Card
1375,80,2026-01-13,59.99,successful,UPI
1376,80,2026-02-13,59.99,successful,Card
1377,80,2026-03-13,59.99,successful,UPI
1378,80,2026-04-13,59.99,successful,UPI
1379,80,2026-05-13,59.99,successful,Wallet
1380,80,2026-06-13,59.99,successful,Net Banking
1381,80,2026-07-13,59.99,successful,Wallet
1382,80,2026-08-13,59.99,successful,Card
1383,80,2026-09-13,59.99,successful,UPI
1384,81,2023-10-23,9.99,successful,Wallet
1385,81,2023-11-23,9.99,successful,Net Banking
1386,81,2023-12-23,9.99,successful,Net Banking
1387,81,2024-01-23,9.99,failed,Net Banking
1388,82,2024-12-20,19.99,successful,UPI
1389,82,2025-01-20,19.99,successful,UPI
1390,82,2025-02-20,19.99,successful,Wallet
1391,82,2025-03-20,19.99,successful,UPI
1392,82,2025-04-20,19.99,successful,UPI
1393,82,2025-05-20,19.99,successful,Net Banking
1394,82,2025-06-20,19.99,successful,UPI
1395,82,2025-07-20,19.99,successful,UPI
1396,82,2025-08-20,19.99,successful,Wallet
1397,82,2025-09-20,19.99,successful,Net Banking
1398,82,2025-10-20,19.99,failed,Wallet
1399,82,2025-11-20,19.99,successful,Card
1400,82,2025-12-20,19.99,successful,Wallet
1401,82,2026-01-20,19.99,successful,UPI
1402,82,2026-02-20,19.99,successful,Wallet
1403,82,2026-03-20,19.99,successful,Card
1404,82,2026-04-20,19.99,successful,UPI
1405,82,2026-05-20,19.99,successful,UPI
1406,82,2026-06-20,19.99,successful,Card
1407,82,2026-07-20,19.99,successful,Card
1408,82,2026-08-20,19.99,successful,Card
1409,82,2026-09-20,19.99,successful,UPI
1410,83,2023-12-04,39.99,successful,UPI
1411,83,2024-01-04,39.99,successful,Wallet
1412,83,2024-02-04,39.99,successful,Wallet
1413,83,2024-03-04,39.99,failed,Net Banking
1414,83,2024-04-04,39.99,successful,Net Banking
1415,83,2024-05-04,39.99,successful,Wallet
1416,83,2024-06-04,39.99,successful,Wallet
1417,83,2024-07-04,39.99,successful,UPI
1418,83,2024-08-04,39.99,successful,UPI
1419,83,2024-09-04,39.99,refunded,UPI
1420,83,2024-10-04,39.99,successful,UPI
1421,84,2024-12-02,39.99,failed,Card
1422,84,2025-01-02,39.99,successful,Net Banking
1423,84,2025-02-02,39.99,successful,UPI
1424,84,2025-03-02,39.99,successful,UPI
1425,84,2025-04-02,39.99,successful,UPI
1426,85,2025-05-27,9.99,successful,Net Banking
1427,85,2025-06-27,9.99,successful,Wallet
1428,85,2025-07-27,9.99,successful,Net Banking
1429,85,2025-08-27,9.99,successful,Card
1430,85,2025-09-27,9.99,successful,UPI
1431,85,2025-10-27,9.99,successful,Wallet
1432,85,2025-11-27,9.99,successful,UPI
1433,85,2025-12-27,9.99,successful,Card
1434,85,2026-01-27,9.99,successful,Net Banking
1435,85,2026-02-27,9.99,successful,Wallet
1436,85,2026-03-27,9.99,successful,UPI
1437,85,2026-04-27,9.99,successful,Net Banking
1438,85,2026-05-27,9.99,successful,Net Banking
1439,85,2026-06-27,9.99,successful,Net Banking
1440,85,2026-07-27,9.99,successful,Card
1441,86,2025-05-28,39.99,successful,Wallet
1442,86,2025-06-28,39.99,successful,Card
1443,86,2025-07-28,39.99,successful,Net Banking
1444,86,2025-08-28,39.99,successful,UPI
1445,86,2025-09-28,39.99,successful,Wallet
1446,86,2025-10-28,39.99,successful,Wallet
1447,86,2025-11-28,39.99,successful,Net Banking
1448,86,2025-12-28,39.99,successful,Card
1449,86,2026-01-28,39.99,successful,Net Banking
1450,86,2026-02-28,39.99,successful,UPI
1451,87,2026-04-09,9.99,failed,Card
1452,87,2026-05-09,9.99,successful,Wallet
1453,87,2026-06-09,9.99,failed,Net Banking
1454,87,2026-07-09,9.99,successful,Net Banking
1455,87,2026-08-09,9.99,successful,Net Banking
1456,87,2026-09-09,9.99,successful,Card
1457,88,2025-12-12,19.99,successful,Wallet
1458,88,2026-01-12,19.99,successful,UPI
1459,88,2026-02-12,19.99,successful,Wallet
1460,88,2026-03-12,19.99,successful,Net Banking
1461,88,2026-04-12,19.99,successful,Card
1462,88,2026-05-12,19.99,successful,Card
1463,88,2026-06-12,19.99,successful,Card
1464,88,2026-07-12,19.99,successful,Wallet
1465,88,2026-08-12,19.99,failed,Card
1466,88,2026-09-12,19.99,successful,Wallet
1467,89,2025-03-02,9.99,successful,Card
1468,89,2025-04-02,9.99,successful,Card
1469,89,2025-05-02,9.99,failed,UPI
1470,89,2025-06-02,9.99,successful,Wallet
1471,89,2025-07-02,9.99,successful,Wallet
1472,89,2025-08-02,9.99,successful,Wallet
1473,89,2025-09-02,9.99,successful,Wallet
1474,89,2025-10-02,9.99,successful,UPI
1475,89,2025-11-02,9.99,successful,Wallet
1476,89,2025-12-02,9.99,successful,UPI
1477,89,2026-01-02,9.99,successful,Wallet
1478,89,2026-02-02,9.99,successful,Card
1479,89,2026-03-02,9.99,successful,Net Banking
1480,89,2026-04-02,9.99,successful,Wallet
1481,89,2026-05-02,9.99,successful,Wallet
1482,89,2026-06-02,9.99,successful,UPI
1483,89,2026-07-02,9.99,failed,Net Banking
1484,89,2026-08-02,9.99,successful,Card
1485,89,2026-09-02,9.99,successful,Wallet
1486,90,2023-08-05,9.99,successful,UPI
1487,90,2023-09-05,9.99,successful,Net Banking
1488,90,2023-10-05,9.99,successful,Card
1489,90,2023-11-05,9.99,successful,UPI
1490,90,2023-12-05,9.99,successful,Card
1491,90,2024-01-05,9.99,successful,Card
1492,90,2024-02-05,9.99,successful,Wallet
1493,90,2024-03-05,9.99,successful,Net Banking
1494,90,2024-04-05,9.99,refunded,Wallet
1495,90,2024-05-05,9.99,successful,Net Banking
1496,90,2024-06-05,9.99,successful,Card
1497,90,2024-07-05,9.99,successful,Wallet
1498,90,2024-08-05,9.99,failed,Wallet
1499,90,2024-09-05,9.99,successful,Net Banking
1500,90,2024-10-05,9.99,successful,Wallet
1501,90,2024-11-05,9.99,successful,Net Banking
1502,90,2024-12-05,9.99,successful,Wallet
1503,90,2025-01-05,9.99,failed,Card
1504,90,2025-02-05,9.99,successful,UPI
1505,90,2025-03-05,9.99,successful,Net Banking
1506,90,2025-04-05,9.99,successful,Card
1507,90,2025-05-05,9.99,successful,Net Banking
1508,90,2025-06-05,9.99,successful,Wallet
1509,90,2025-07-05,9.99,successful,Net Banking
1510,90,2025-08-05,9.99,successful,Wallet
1511,90,2025-09-05,9.99,successful,Wallet
1512,90,2025-10-05,9.99,failed,Wallet
1513,90,2025-11-05,9.99,successful,Wallet
1514,90,2025-12-05,9.99,successful,Card
1515,90,2026-01-05,9.99,successful,Net Banking
1516,90,2026-02-05,9.99,successful,Wallet
1517,90,2026-03-05,9.99,successful,UPI
1518,90,2026-04-05,9.99,successful,Net Banking
1519,90,2026-05-05,9.99,successful,Card
1520,90,2026-06-05,9.99,successful,Net Banking
1521,90,2026-07-05,9.99,successful,UPI
1522,90,2026-08-05,9.99,successful,UPI
1523,90,2026-09-05,9.99,successful,UPI
1524,91,2025-02-02,19.99,refunded,Net Banking
1525,91,2025-03-02,19.99,successful,Net Banking
1526,91,2025-04-02,19.99,successful,Net Banking
1527,91,2025-05-02,19.99,failed,Wallet
1528,91,2025-06-02,19.99,successful,UPI
1529,91,2025-07-02,19.99,successful,Net Banking
1530,91,2025-08-02,19.99,successful,Net Banking
1531,91,2025-09-02,19.99,successful,Net Banking
1532,91,2025-10-02,19.99,successful,Card
1533,91,2025-11-02,19.99,successful,Net Banking
1534,91,2025-12-02,19.99,successful,Wallet
1535,91,2026-01-02,19.99,successful,UPI
1536,91,2026-02-02,19.99,successful,UPI
1537,91,2026-03-02,19.99,successful,Net Banking
1538,91,2026-04-02,19.99,successful,Wallet
1539,91,2026-05-02,19.99,successful,Net Banking
1540,91,2026-06-02,19.99,successful,Net Banking
1541,91,2026-07-02,19.99,successful,UPI
1542,91,2026-08-02,19.99,successful,Card
1543,91,2026-09-02,19.99,successful,Wallet
1544,92,2023-07-07,19.99,successful,Wallet
1545,92,2023-08-07,19.99,successful,UPI
1546,92,2023-09-07,19.99,refunded,Net Banking
1547,92,2023-10-07,19.99,successful,UPI
1548,92,2023-11-07,19.99,successful,Card
1549,92,2023-12-07,19.99,refunded,Wallet
1550,92,2024-01-07,19.99,successful,UPI
1551,92,2024-02-07,19.99,successful,Wallet
1552,92,2024-03-07,19.99,successful,Wallet
1553,92,2024-04-07,19.99,successful,Net Banking
1554,92,2024-05-07,19.99,successful,Wallet
1555,92,2024-06-07,19.99,successful,Wallet
1556,92,2024-07-07,19.99,successful,UPI
1557,92,2024-08-07,19.99,successful,UPI
1558,92,2024-09-07,19.99,successful,Card
1559,92,2024-10-07,19.99,successful,Net Banking
1560,92,2024-11-07,19.99,successful,Net Banking
1561,92,2024-12-07,19.99,successful,Card
1562,93,2025-01-30,39.99,successful,UPI
1563,93,2025-02-28,39.99,successful,Card
1564,93,2025-03-28,39.99,successful,Net Banking
1565,93,2025-04-28,39.99,successful,Card
1566,93,2025-05-28,39.99,successful,Wallet
1567,93,2025-06-28,39.99,successful,Wallet
1568,93,2025-07-28,39.99,successful,Wallet
1569,93,2025-08-28,39.99,successful,Net Banking
1570,93,2025-09-28,39.99,successful,Wallet
1571,93,2025-10-28,39.99,failed,Wallet
1572,93,2025-11-28,39.99,failed,Card
1573,93,2025-12-28,39.99,failed,UPI
1574,93,2026-01-28,39.99,failed,Net Banking
1575,93,2026-02-28,39.99,successful,Net Banking
1576,94,2024-01-15,59.99,successful,Net Banking
1577,94,2024-02-15,59.99,successful,UPI
1578,94,2024-03-15,59.99,successful,UPI
1579,94,2024-04-15,59.99,failed,Net Banking
1580,94,2024-05-15,59.99,successful,UPI
1581,94,2024-06-15,59.99,successful,UPI
1582,94,2024-07-15,59.99,successful,Wallet
1583,94,2024-08-15,59.99,successful,UPI
1584,94,2024-09-15,59.99,successful,UPI
1585,94,2024-10-15,59.99,successful,Wallet
1586,94,2024-11-15,59.99,successful,Net Banking
1587,94,2024-12-15,59.99,successful,Card
1588,94,2025-01-15,59.99,successful,UPI
1589,94,2025-02-15,59.99,successful,Wallet
1590,94,2025-03-15,59.99,successful,Wallet
1591,94,2025-04-15,59.99,successful,Card
1592,94,2025-05-15,59.99,successful,Net Banking
1593,94,2025-06-15,59.99,successful,UPI
1594,94,2025-07-15,59.99,successful,Net Banking
1595,94,2025-08-15,59.99,successful,Card
1596,94,2025-09-15,59.99,successful,Card
1597,94,2025-10-15,59.99,successful,Wallet
1598,94,2025-11-15,59.99,successful,Net Banking
1599,94,2025-12-15,59.99,successful,Net Banking
1600,94,2026-01-15,59.99,successful,Card
1601,94,2026-02-15,59.99,successful,Net Banking
1602,94,2026-03-15,59.99,successful,UPI
1603,94,2026-04-15,59.99,successful,Net Banking
1604,94,2026-05-15,59.99,failed,UPI
1605,94,2026-06-15,59.99,successful,Net Banking
1606,94,2026-07-15,59.99,successful,Net Banking
1607,94,2026-08-15,59.99,successful,Net Banking
1608,94,2026-09-15,59.99,successful,UPI
1609,95,2024-05-07,19.99,successful,UPI
1610,95,2024-06-07,19.99,successful,UPI
1611,95,2024-07-07,19.99,successful,UPI
1612,95,2024-08-07,19.99,successful,Card
1613,95,2024-09-07,19.99,successful,Wallet
1614,95,2024-10-07,19.99,successful,Card
1615,95,2024-11-07,19.99,successful,Card
1616,95,2024-12-07,19.99,successful,UPI
1617,95,2025-01-07,19.99,successful,Wallet
1618,95,2025-02-07,19.99,successful,Card
1619,96,2025-11-30,9.99,successful,Card
1620,96,2025-12-30,9.99,successful,Wallet
1621,96,2026-01-30,9.99,successful,Net Banking
1622,96,2026-02-28,9.99,failed,Card
1623,96,2026-03-28,9.99,successful,Wallet
1624,96,2026-04-28,9.99,successful,Wallet
1625,96,2026-05-28,9.99,successful,Net Banking
1626,96,2026-06-28,9.99,successful,Net Banking
1627,96,2026-07-28,9.99,successful,Card
1628,96,2026-08-28,9.99,successful,Net Banking
1629,96,2026-09-28,9.99,successful,Card
1630,97,2026-03-26,9.99,failed,UPI
1631,97,2026-04-26,9.99,failed,Net Banking
1632,97,2026-05-26,9.99,successful,UPI
1633,97,2026-06-26,9.99,successful,UPI
1634,97,2026-07-26,9.99,successful,UPI
1635,97,2026-08-26,9.99,successful,Net Banking
1636,97,2026-09-26,9.99,successful,Card
1637,98,2023-01-15,19.99,successful,UPI
1638,98,2023-02-15,19.99,failed,UPI
1639,98,2023-03-15,19.99,successful,Net Banking
1640,98,2023-04-15,19.99,successful,Wallet
1641,98,2023-05-15,19.99,failed,Net Banking
1642,98,2023-06-15,19.99,successful,Wallet
1643,98,2023-07-15,19.99,successful,Card
1644,98,2023-08-15,19.99,successful,Wallet
1645,98,2023-09-15,19.99,successful,Wallet
1646,98,2023-10-15,19.99,successful,Net Banking
1647,98,2023-11-15,19.99,successful,UPI
1648,98,2023-12-15,19.99,failed,Card
1649,98,2024-01-15,19.99,successful,UPI
1650,98,2024-02-15,19.99,successful,Wallet
1651,98,2024-03-15,19.99,successful,Wallet
1652,98,2024-04-15,19.99,successful,Net Banking
1653,98,2024-05-15,19.99,successful,Card
1654,98,2024-06-15,19.99,successful,Net Banking
1655,98,2024-07-15,19.99,successful,Net Banking
1656,98,2024-08-15,19.99,successful,Net Banking
1657,98,2024-09-15,19.99,successful,UPI
1658,98,2024-10-15,19.99,failed,Wallet
1659,98,2024-11-15,19.99,successful,UPI
1660,98,2024-12-15,19.99,successful,Card
1661,98,2025-01-15,19.99,successful,Card
1662,98,2025-02-15,19.99,successful,Card
1663,98,2025-03-15,19.99,failed,Card
1664,98,2025-04-15,19.99,successful,Card
1665,98,2025-05-15,19.99,successful,Net Banking
1666,98,2025-06-15,19.99,refunded,Wallet
1667,98,2025-07-15,19.99,successful,Card
1668,98,2025-08-15,19.99,successful,Card
1669,98,2025-09-15,19.99,successful,Card
1670,98,2025-10-15,19.99,successful,Wallet
1671,98,2025-11-15,19.99,successful,Card
1672,98,2025-12-15,19.99,successful,UPI
1673,98,2026-01-15,19.99,successful,Net Banking
1674,98,2026-02-15,19.99,successful,Net Banking
1675,98,2026-03-15,19.99,successful,UPI
1676,98,2026-04-15,19.99,successful,Card
1677,98,2026-05-15,19.99,successful,UPI
1678,98,2026-06-15,19.99,successful,Wallet
1679,98,2026-07-15,19.99,failed,Net Banking
1680,98,2026-08-15,19.99,successful,Wallet
1681,98,2026-09-15,19.99,successful,Card
1682,99,2023-03-06,19.99,successful,Net Banking
1683,99,2023-04-06,19.99,successful,Card
1684,99,2023-05-06,19.99,successful,Wallet
1685,99,2023-06-06,19.99,successful,Net Banking
1686,99,2023-07-06,19.99,successful,Wallet
1687,99,2023-08-06,19.99,successful,UPI
1688,99,2023-09-06,19.99,successful,Card
1689,99,2023-10-06,19.99,successful,UPI
1690,99,2023-11-06,19.99,successful,Net Banking
1691,99,2023-12-06,19.99,successful,Wallet
1692,99,2024-01-06,19.99,successful,Card
1693,99,2024-02-06,19.99,successful,Wallet
1694,99,2024-03-06,19.99,successful,Net Banking
1695,99,2024-04-06,19.99,successful,Wallet
1696,99,2024-05-06,19.99,successful,UPI
1697,99,2024-06-06,19.99,successful,Net Banking
1698,99,2024-07-06,19.99,successful,Wallet
1699,99,2024-08-06,19.99,successful,Net Banking
1700,99,2024-09-06,19.99,successful,Net Banking
1701,99,2024-10-06,19.99,successful,Wallet
1702,99,2024-11-06,19.99,successful,UPI
1703,99,2024-12-06,19.99,successful,UPI
1704,99,2025-01-06,19.99,successful,Net Banking
1705,99,2025-02-06,19.99,successful,Net Banking
1706,99,2025-03-06,19.99,successful,Wallet
1707,99,2025-04-06,19.99,successful,UPI
1708,99,2025-05-06,19.99,successful,Net Banking
1709,99,2025-06-06,19.99,successful,Card
1710,99,2025-07-06,19.99,successful,Wallet
1711,99,2025-08-06,19.99,successful,Card
1712,99,2025-09-06,19.99,successful,UPI
1713,99,2025-10-06,19.99,successful,Net Banking
1714,99,2025-11-06,19.99,successful,UPI
1715,99,2025-12-06,19.99,successful,Net Banking
1716,99,2026-01-06,19.99,successful,Net Banking
1717,99,2026-02-06,19.99,failed,Wallet
1718,99,2026-03-06,19.99,successful,UPI
1719,99,2026-04-06,19.99,successful,Net Banking
1720,99,2026-05-06,19.99,successful,Wallet
1721,99,2026-06-06,19.99,successful,UPI
1722,99,2026-07-06,19.99,successful,UPI
1723,99,2026-08-06,19.99,successful,UPI
1724,99,2026-09-06,19.99,successful,Net Banking
1725,100,2024-06-04,19.99,successful,UPI
1726,100,2024-07-04,19.99,successful,Wallet
1727,100,2024-08-04,19.99,successful,Net Banking
1728,100,2024-09-04,19.99,successful,Card
1729,100,2024-10-04,19.99,successful,Net Banking
1730,100,2024-11-04,19.99,successful,UPI
1731,100,2024-12-04,19.99,successful,UPI
1732,100,2025-01-04,19.99,successful,Card
1733,100,2025-02-04,19.99,successful,UPI
1734,100,2025-03-04,19.99,successful,UPI
1735,100,2025-04-04,19.99,successful,Card
1736,100,2025-05-04,19.99,successful,UPI
1737,100,2025-06-04,19.99,successful,UPI
1738,100,2025-07-04,19.99,successful,Net Banking
1739,100,2025-08-04,19.99,successful,Card
1740,100,2025-09-04,19.99,successful,UPI
1741,100,2025-10-04,19.99,successful,Wallet
1742,100,2025-11-04,19.99,successful,Wallet
1743,100,2025-12-04,19.99,successful,Card
1744,100,2026-01-04,19.99,successful,Card
1745,100,2026-02-04,19.99,successful,Net Banking
1746,100,2026-03-04,19.99,successful,Card
1747,100,2026-04-04,19.99,successful,Net Banking
1748,100,2026-05-04,19.99,successful,Card
1749,100,2026-06-04,19.99,successful,Wallet
1750,100,2026-07-04,19.99,successful,Wallet
1751,100,2026-08-04,19.99,successful,Wallet
1752,100,2026-09-04,19.99,successful,Net Banking
1753,101,2026-02-26,39.99,successful,Wallet
1754,101,2026-03-26,39.99,successful,Net Banking
1755,101,2026-04-26,39.99,failed,Wallet
1756,101,2026-05-26,39.99,successful,Card
1757,101,2026-06-26,39.99,successful,UPI
1758,101,2026-07-26,39.99,successful,UPI
1759,101,2026-08-26,39.99,successful,UPI
1760,101,2026-09-26,39.99,successful,Wallet
1761,102,2024-10-09,9.99,successful,UPI
1762,102,2024-11-09,9.99,successful,UPI
1763,102,2024-12-09,9.99,successful,Card
1764,102,2025-01-09,9.99,successful,UPI
1765,102,2025-02-09,9.99,successful,UPI
1766,102,2025-03-09,9.99,successful,Card
1767,102,2025-04-09,9.99,successful,Wallet
1768,102,2025-05-09,9.99,failed,Card
1769,102,2025-06-09,9.99,successful,Wallet
1770,102,2025-07-09,9.99,successful,Wallet
1771,103,2025-07-21,9.99,successful,Net Banking
1772,103,2025-08-21,9.99,successful,Card
1773,103,2025-09-21,9.99,successful,UPI
1774,103,2025-10-21,9.99,successful,Card
1775,103,2025-11-21,9.99,successful,Wallet
1776,103,2025-12-21,9.99,successful,Card
1777,103,2026-01-21,9.99,successful,UPI
1778,103,2026-02-21,9.99,successful,Card
1779,103,2026-03-21,9.99,successful,UPI
1780,103,2026-04-21,9.99,successful,Net Banking
1781,103,2026-05-21,9.99,successful,Wallet
1782,103,2026-06-21,9.99,successful,Card
1783,103,2026-07-21,9.99,successful,Card
1784,103,2026-08-21,9.99,successful,UPI
1785,103,2026-09-21,9.99,successful,UPI
1786,104,2025-12-22,19.99,successful,Card
1787,104,2026-01-22,19.99,failed,UPI
1788,104,2026-02-22,19.99,failed,UPI
1789,104,2026-03-22,19.99,successful,Card
1790,104,2026-04-22,19.99,successful,Wallet
1791,104,2026-05-22,19.99,successful,Wallet
1792,104,2026-06-22,19.99,successful,Wallet
1793,104,2026-07-22,19.99,successful,UPI
1794,104,2026-08-22,19.99,successful,UPI
1795,104,2026-09-22,19.99,successful,UPI
1796,105,2026-03-08,19.99,successful,Wallet
1797,105,2026-04-08,19.99,successful,UPI
1798,105,2026-05-08,19.99,successful,Wallet
1799,105,2026-06-08,19.99,successful,Card
1800,105,2026-07-08,19.99,successful,Card
1801,105,2026-08-08,19.99,successful,Wallet
1802,105,2026-09-08,19.99,successful,Wallet
1803,106,2024-08-15,9.99,successful,Wallet
1804,106,2024-09-15,9.99,successful,Card
1805,106,2024-10-15,9.99,successful,Card
1806,106,2024-11-15,9.99,successful,UPI
1807,106,2024-12-15,9.99,successful,UPI
1808,106,2025-01-15,9.99,successful,UPI
1809,106,2025-02-15,9.99,successful,UPI
1810,106,2025-03-15,9.99,successful,UPI
1811,106,2025-04-15,9.99,successful,Card
1812,106,2025-05-15,9.99,successful,Net Banking
1813,106,2025-06-15,9.99,successful,Card
1814,106,2025-07-15,9.99,successful,Wallet
1815,106,2025-08-15,9.99,successful,Card
1816,106,2025-09-15,9.99,successful,Wallet
1817,107,2024-01-27,19.99,successful,Net Banking
1818,107,2024-02-27,19.99,successful,UPI
1819,107,2024-03-27,19.99,successful,Card
1820,107,2024-04-27,19.99,successful,Net Banking
1821,107,2024-05-27,19.99,successful,Card
1822,107,2024-06-27,19.99,successful,Wallet
1823,107,2024-07-27,19.99,successful,Wallet
1824,108,2024-02-23,39.99,successful,Card
1825,108,2024-03-23,39.99,successful,Wallet
1826,108,2024-04-23,39.99,successful,UPI
1827,108,2024-05-23,39.99,successful,Net Banking
1828,108,2024-06-23,39.99,successful,Wallet
1829,108,2024-07-23,39.99,successful,Card
1830,108,2024-08-23,39.99,refunded,UPI
1831,108,2024-09-23,39.99,successful,Wallet
1832,109,2023-10-16,19.99,successful,Wallet
1833,109,2023-11-16,19.99,successful,UPI
1834,109,2023-12-16,19.99,successful,Net Banking
1835,109,2024-01-16,19.99,successful,Card
1836,109,2024-02-16,19.99,successful,Wallet
1837,109,2024-03-16,19.99,successful,UPI
1838,109,2024-04-16,19.99,successful,UPI
1839,109,2024-05-16,19.99,successful,Wallet
1840,109,2024-06-16,19.99,successful,Card
1841,109,2024-07-16,19.99,successful,Net Banking
1842,109,2024-08-16,19.99,successful,Card
1843,109,2024-09-16,19.99,successful,Wallet
1844,109,2024-10-16,19.99,successful,Wallet
1845,109,2024-11-16,19.99,successful,Net Banking
1846,109,2024-12-16,19.99,successful,Wallet
1847,109,2025-01-16,19.99,successful,Wallet
1848,109,2025-02-16,19.99,successful,Card
1849,109,2025-03-16,19.99,successful,Wallet
1850,109,2025-04-16,19.99,successful,Wallet
1851,109,2025-05-16,19.99,successful,Net Banking
1852,109,2025-06-16,19.99,successful,Net Banking
1853,109,2025-07-16,19.99,successful,Card
1854,109,2025-08-16,19.99,failed,UPI
1855,109,2025-09-16,19.99,successful,Net Banking
1856,109,2025-10-16,19.99,successful,Wallet
1857,109,2025-11-16,19.99,successful,Wallet
1858,109,2025-12-16,19.99,successful,Net Banking
1859,109,2026-01-16,19.99,successful,Card
1860,109,2026-02-16,19.99,refunded,Net Banking
1861,109,2026-03-16,19.99,successful,Card
1862,109,2026-04-16,19.99,successful,Net Banking
1863,109,2026-05-16,19.99,successful,UPI
1864,109,2026-06-16,19.99,successful,Wallet
1865,109,2026-07-16,19.99,successful,Net Banking
1866,109,2026-08-16,19.99,failed,Card
1867,109,2026-09-16,19.99,successful,Card
1868,110,2024-01-14,19.99,successful,UPI
1869,110,2024-02-14,19.99,failed,Card
1870,110,2024-03-14,19.99,successful,Net Banking
1871,110,2024-04-14,19.99,successful,Card
1872,110,2024-05-14,19.99,successful,UPI
1873,110,2024-06-14,19.99,successful,Net Banking
1874,110,2024-07-14,19.99,successful,Card
1875,110,2024-08-14,19.99,successful,Card
1876,110,2024-09-14,19.99,successful,UPI
1877,110,2024-10-14,19.99,successful,Card
1878,110,2024-11-14,19.99,successful,Net Banking
1879,110,2024-12-14,19.99,successful,UPI
1880,110,2025-01-14,19.99,successful,Wallet
1881,110,2025-02-14,19.99,successful,Card
1882,110,2025-03-14,19.99,successful,Wallet
1883,110,2025-04-14,19.99,refunded,UPI
1884,110,2025-05-14,19.99,successful,Wallet
1885,110,2025-06-14,19.99,successful,Card
1886,110,2025-07-14,19.99,successful,UPI
1887,110,2025-08-14,19.99,successful,Net Banking
1888,110,2025-09-14,19.99,successful,Wallet
1889,110,2025-10-14,19.99,successful,Net Banking
1890,110,2025-11-14,19.99,successful,Card
1891,110,2025-12-14,19.99,failed,Net Banking
1892,110,2026-01-14,19.99,successful,Card
1893,110,2026-02-14,19.99,successful,UPI
1894,110,2026-03-14,19.99,successful,Net Banking
1895,110,2026-04-14,19.99,successful,Card
1896,110,2026-05-14,19.99,successful,Wallet
1897,110,2026-06-14,19.99,failed,Card
1898,110,2026-07-14,19.99,successful,Wallet
1899,110,2026-08-14,19.99,successful,Card
1900,110,2026-09-14,19.99,successful,UPI
1901,111,2023-08-19,39.99,successful,Card
1902,111,2023-09-19,39.99,successful,Net Banking
1903,111,2023-10-19,39.99,failed,Net Banking
1904,111,2023-11-19,39.99,failed,Net Banking
1905,111,2023-12-19,39.99,successful,Card
1906,111,2024-01-19,39.99,successful,Net Banking
1907,111,2024-02-19,39.99,successful,Wallet
1908,111,2024-03-19,39.99,successful,Wallet
1909,111,2024-04-19,39.99,successful,Net Banking
1910,111,2024-05-19,39.99,successful,Card
1911,111,2024-06-19,39.99,successful,UPI
1912,111,2024-07-19,39.99,successful,Net Banking
1913,111,2024-08-19,39.99,successful,Wallet
1914,111,2024-09-19,39.99,successful,UPI
1915,111,2024-10-19,39.99,successful,Wallet
1916,111,2024-11-19,39.99,successful,UPI
1917,111,2024-12-19,39.99,failed,UPI
1918,111,2025-01-19,39.99,successful,Card
1919,111,2025-02-19,39.99,successful,UPI
1920,111,2025-03-19,39.99,failed,Net Banking
1921,111,2025-04-19,39.99,successful,Card
1922,111,2025-05-19,39.99,successful,Net Banking
1923,111,2025-06-19,39.99,successful,Wallet
1924,111,2025-07-19,39.99,successful,Net Banking
1925,111,2025-08-19,39.99,successful,Net Banking
1926,111,2025-09-19,39.99,successful,UPI
1927,111,2025-10-19,39.99,successful,Net Banking
1928,111,2025-11-19,39.99,successful,UPI
1929,111,2025-12-19,39.99,successful,Net Banking
1930,111,2026-01-19,39.99,successful,Card
1931,111,2026-02-19,39.99,failed,Net Banking
1932,111,2026-03-19,39.99,successful,Net Banking
1933,111,2026-04-19,39.99,successful,UPI
1934,111,2026-05-19,39.99,successful,Card
1935,111,2026-06-19,39.99,successful,UPI
1936,111,2026-07-19,39.99,successful,UPI
1937,111,2026-08-19,39.99,failed,Card
1938,111,2026-09-19,39.99,failed,Wallet
1939,112,2025-10-14,19.99,successful,UPI
1940,112,2025-11-14,19.99,successful,Wallet
1941,112,2025-12-14,19.99,successful,Wallet
1942,112,2026-01-14,19.99,successful,UPI
1943,112,2026-02-14,19.99,successful,Net Banking
1944,112,2026-03-14,19.99,successful,Net Banking
1945,112,2026-04-14,19.99,successful,UPI
1946,112,2026-05-14,19.99,successful,Net Banking
1947,112,2026-06-14,19.99,successful,Net Banking
1948,112,2026-07-14,19.99,successful,Net Banking
1949,112,2026-08-14,19.99,successful,Card
1950,113,2026-09-05,9.99,failed,Net Banking
1951,114,2023-02-10,399.0,successful,Card
1952,114,2024-02-10,399.0,successful,Card
1953,114,2025-02-10,399.0,successful,Card
1954,114,2026-02-10,399.0,successful,Card
1955,115,2025-11-17,59.99,successful,Card
1956,115,2025-12-17,59.99,successful,Wallet
1957,115,2026-01-17,59.99,successful,Wallet
1958,115,2026-02-17,59.99,successful,Net Banking
1959,115,2026-03-17,59.99,successful,Net Banking
1960,115,2026-04-17,59.99,successful,Net Banking
1961,115,2026-05-17,59.99,successful,Net Banking
1962,115,2026-06-17,59.99,successful,Wallet
1963,115,2026-07-17,59.99,successful,Net Banking
1964,115,2026-08-17,59.99,successful,Wallet
1965,115,2026-09-17,59.99,successful,Net Banking
1966,116,2023-05-15,9.99,successful,UPI
1967,116,2023-06-15,9.99,successful,UPI
1968,116,2023-07-15,9.99,successful,Card
1969,116,2023-08-15,9.99,successful,Card
1970,116,2023-09-15,9.99,successful,Wallet
1971,116,2023-10-15,9.99,successful,Card
1972,117,2023-07-20,59.99,successful,UPI
1973,117,2023-08-20,59.99,successful,UPI
1974,117,2023-09-20,59.99,successful,Card
1975,117,2023-10-20,59.99,successful,UPI
1976,117,2023-11-20,59.99,successful,Card
1977,117,2023-12-20,59.99,successful,UPI
1978,117,2024-01-20,59.99,successful,Wallet
1979,117,2024-02-20,59.99,successful,Net Banking
1980,117,2024-03-20,59.99,successful,Wallet
1981,117,2024-04-20,59.99,successful,Card
1982,117,2024-05-20,59.99,successful,Card
1983,117,2024-06-20,59.99,successful,Net Banking
1984,117,2024-07-20,59.99,successful,UPI
1985,117,2024-08-20,59.99,failed,UPI
1986,117,2024-09-20,59.99,successful,Card
1987,117,2024-10-20,59.99,successful,Card
1988,117,2024-11-20,59.99,successful,Wallet
1989,117,2024-12-20,59.99,successful,Net Banking
1990,117,2025-01-20,59.99,successful,Wallet
1991,117,2025-02-20,59.99,successful,Wallet
1992,117,2025-03-20,59.99,successful,Wallet
1993,117,2025-04-20,59.99,failed,Wallet
1994,117,2025-05-20,59.99,successful,Card
1995,117,2025-06-20,59.99,refunded,UPI
1996,117,2025-07-20,59.99,successful,Wallet
1997,117,2025-08-20,59.99,successful,Net Banking
1998,117,2025-09-20,59.99,successful,Wallet
1999,117,2025-10-20,59.99,successful,Net Banking
2000,117,2025-11-20,59.99,successful,Card
2001,117,2025-12-20,59.99,successful,Card
2002,117,2026-01-20,59.99,successful,Net Banking
2003,117,2026-02-20,59.99,successful,Card
2004,117,2026-03-20,59.99,successful,UPI
2005,117,2026-04-20,59.99,successful,Net Banking
2006,117,2026-05-20,59.99,successful,Card
2007,117,2026-06-20,59.99,successful,Wallet
2008,117,2026-07-20,59.99,successful,Net Banking
2009,117,2026-08-20,59.99,successful,UPI
2010,117,2026-09-20,59.99,successful,Wallet
2011,118,2025-02-18,39.99,successful,Net Banking
2012,118,2025-03-18,39.99,successful,Wallet
2013,118,2025-04-18,39.99,successful,Wallet
2014,118,2025-05-18,39.99,successful,Net Banking
2015,118,2025-06-18,39.99,successful,Wallet
2016,118,2025-07-18,39.99,successful,Net Banking
2017,118,2025-08-18,39.99,successful,UPI
2018,118,2025-09-18,39.99,failed,Card
2019,118,2025-10-18,39.99,successful,Card
2020,118,2025-11-18,39.99,successful,Card
2021,118,2025-12-18,39.99,successful,Wallet
2022,118,2026-01-18,39.99,successful,Card
2023,118,2026-02-18,39.99,successful,Net Banking
2024,118,2026-03-18,39.99,successful,UPI
2025,118,2026-04-18,39.99,successful,Wallet
2026,118,2026-05-18,39.99,successful,Wallet
2027,118,2026-06-18,39.99,successful,Net Banking
2028,118,2026-07-18,39.99,successful,Net Banking
2029,118,2026-08-18,39.99,failed,Net Banking
2030,118,2026-09-18,39.99,failed,Card
2031,119,2025-07-18,59.99,successful,UPI
2032,119,2025-08-18,59.99,successful,UPI
2033,119,2025-09-18,59.99,successful,Wallet
2034,119,2025-10-18,59.99,refunded,Card
2035,119,2025-11-18,59.99,successful,UPI
2036,119,2025-12-18,59.99,successful,UPI
2037,119,2026-01-18,59.99,successful,Net Banking
2038,119,2026-02-18,59.99,successful,Card
2039,119,2026-03-18,59.99,successful,UPI
2040,119,2026-04-18,59.99,successful,Wallet
2041,119,2026-05-18,59.99,successful,Card
2042,119,2026-06-18,59.99,successful,Net Banking
2043,119,2026-07-18,59.99,successful,Card
2044,119,2026-08-18,59.99,successful,UPI
2045,119,2026-09-18,59.99,successful,Wallet
2046,120,2025-11-22,59.99,successful,Card
2047,120,2025-12-22,59.99,successful,UPI
2048,120,2026-01-22,59.99,successful,Wallet
2049,120,2026-02-22,59.99,failed,UPI
2050,120,2026-03-22,59.99,successful,Net Banking
2051,120,2026-04-22,59.99,successful,Net Banking
2052,120,2026-05-22,59.99,successful,Card
2053,120,2026-06-22,59.99,successful,Wallet
2054,120,2026-07-22,59.99,failed,Card
2055,120,2026-08-22,59.99,successful,Net Banking
2056,120,2026-09-22,59.99,successful,Wallet
2057,121,2025-12-07,399.0,successful,Card
2058,122,2024-05-17,9.99,successful,UPI
2059,122,2024-06-17,9.99,successful,Card
2060,122,2024-07-17,9.99,successful,UPI
2061,122,2024-08-17,9.99,successful,Wallet
2062,122,2024-09-17,9.99,successful,Net Banking
2063,122,2024-10-17,9.99,successful,UPI
2064,122,2024-11-17,9.99,successful,Card
2065,122,2024-12-17,9.99,successful,Net Banking
2066,122,2025-01-17,9.99,successful,Card
2067,122,2025-02-17,9.99,successful,Card
2068,122,2025-03-17,9.99,successful,Net Banking
2069,122,2025-04-17,9.99,successful,UPI
2070,122,2025-05-17,9.99,successful,Wallet
2071,122,2025-06-17,9.99,successful,Card
2072,122,2025-07-17,9.99,successful,Wallet
2073,122,2025-08-17,9.99,successful,Wallet
2074,122,2025-09-17,9.99,successful,Wallet
2075,122,2025-10-17,9.99,successful,Net Banking
2076,122,2025-11-17,9.99,successful,Wallet
2077,122,2025-12-17,9.99,successful,UPI
2078,122,2026-01-17,9.99,successful,Card
2079,122,2026-02-17,9.99,successful,Net Banking
2080,122,2026-03-17,9.99,successful,Wallet
2081,122,2026-04-17,9.99,successful,Net Banking
2082,122,2026-05-17,9.99,successful,UPI
2083,122,2026-06-17,9.99,successful,Net Banking
2084,122,2026-07-17,9.99,successful,Wallet
2085,122,2026-08-17,9.99,successful,Wallet
2086,122,2026-09-17,9.99,successful,Net Banking
2087,123,2024-02-11,39.99,successful,Card
2088,123,2024-03-11,39.99,successful,Net Banking
2089,123,2024-04-11,39.99,successful,Card
2090,123,2024-05-11,39.99,successful,UPI
2091,123,2024-06-11,39.99,successful,UPI
2092,123,2024-07-11,39.99,successful,UPI
2093,123,2024-08-11,39.99,successful,Wallet
2094,123,2024-09-11,39.99,refunded,Wallet
2095,123,2024-10-11,39.99,successful,Net Banking
2096,123,2024-11-11,39.99,failed,Net Banking
2097,123,2024-12-11,39.99,successful,Card
2098,123,2025-01-11,39.99,successful,Net Banking
2099,123,2025-02-11,39.99,successful,Wallet
2100,123,2025-03-11,39.99,successful,Card
2101,123,2025-04-11,39.99,successful,Wallet
2102,123,2025-05-11,39.99,failed,Net Banking
2103,123,2025-06-11,39.99,successful,UPI
2104,123,2025-07-11,39.99,successful,Net Banking
2105,123,2025-08-11,39.99,successful,Net Banking
2106,123,2025-09-11,39.99,successful,Net Banking
2107,123,2025-10-11,39.99,failed,Card
2108,123,2025-11-11,39.99,successful,Card
2109,123,2025-12-11,39.99,successful,UPI
2110,123,2026-01-11,39.99,successful,UPI
2111,123,2026-02-11,39.99,successful,UPI
2112,123,2026-03-11,39.99,successful,Card
2113,123,2026-04-11,39.99,successful,Net Banking
2114,123,2026-05-11,39.99,successful,Wallet
2115,123,2026-06-11,39.99,successful,UPI
2116,123,2026-07-11,39.99,successful,UPI
2117,123,2026-08-11,39.99,failed,Wallet
2118,123,2026-09-11,39.99,successful,Card
2119,124,2025-03-15,9.99,successful,Wallet
2120,124,2025-04-15,9.99,successful,Card
2121,124,2025-05-15,9.99,successful,UPI
2122,124,2025-06-15,9.99,successful,Net Banking
2123,124,2025-07-15,9.99,failed,Wallet
2124,124,2025-08-15,9.99,successful,Net Banking
2125,124,2025-09-15,9.99,successful,Net Banking
2126,124,2025-10-15,9.99,successful,UPI
2127,124,2025-11-15,9.99,successful,Net Banking
2128,124,2025-12-15,9.99,successful,Wallet
2129,124,2026-01-15,9.99,successful,Wallet
2130,124,2026-02-15,9.99,successful,Net Banking
2131,124,2026-03-15,9.99,successful,Card
2132,124,2026-04-15,9.99,successful,Wallet
2133,124,2026-05-15,9.99,successful,Card
2134,124,2026-06-15,9.99,successful,Wallet
2135,124,2026-07-15,9.99,successful,Net Banking
2136,124,2026-08-15,9.99,successful,Card
2137,124,2026-09-15,9.99,successful,UPI
2138,125,2023-04-09,9.99,successful,Card
2139,125,2023-05-09,9.99,successful,UPI
2140,125,2023-06-09,9.99,successful,Wallet
2141,125,2023-07-09,9.99,successful,Net Banking
2142,125,2023-08-09,9.99,failed,UPI
2143,125,2023-09-09,9.99,successful,UPI
2144,126,2024-11-14,59.99,successful,Wallet
2145,126,2024-12-14,59.99,successful,Net Banking
2146,126,2025-01-14,59.99,successful,Card
2147,126,2025-02-14,59.99,successful,Card
2148,126,2025-03-14,59.99,failed,Net Banking
2149,126,2025-04-14,59.99,successful,Wallet
2150,126,2025-05-14,59.99,failed,UPI
2151,126,2025-06-14,59.99,successful,Wallet
2152,126,2025-07-14,59.99,successful,Net Banking
2153,126,2025-08-14,59.99,successful,Card
2154,126,2025-09-14,59.99,failed,Card
2155,126,2025-10-14,59.99,successful,UPI
2156,126,2025-11-14,59.99,successful,UPI
2157,126,2025-12-14,59.99,successful,Card
2158,126,2026-01-14,59.99,successful,Net Banking
2159,126,2026-02-14,59.99,successful,UPI
2160,126,2026-03-14,59.99,successful,Net Banking
2161,126,2026-04-14,59.99,successful,Card
2162,126,2026-05-14,59.99,successful,Wallet
2163,126,2026-06-14,59.99,successful,Net Banking
2164,126,2026-07-14,59.99,successful,UPI
2165,126,2026-08-14,59.99,successful,Net Banking
2166,126,2026-09-14,59.99,refunded,UPI
2167,127,2024-12-26,19.99,successful,Card
2168,127,2025-01-26,19.99,successful,Wallet
2169,127,2025-02-26,19.99,successful,Net Banking
2170,127,2025-03-26,19.99,successful,UPI
2171,127,2025-04-26,19.99,successful,Net Banking
2172,127,2025-05-26,19.99,successful,Wallet
2173,127,2025-06-26,19.99,successful,Wallet
2174,127,2025-07-26,19.99,successful,Wallet
2175,127,2025-08-26,19.99,refunded,Wallet
2176,127,2025-09-26,19.99,successful,UPI
2177,127,2025-10-26,19.99,successful,Wallet
2178,127,2025-11-26,19.99,successful,UPI
2179,127,2025-12-26,19.99,successful,Card
2180,127,2026-01-26,19.99,successful,UPI
2181,127,2026-02-26,19.99,successful,Card
2182,127,2026-03-26,19.99,successful,Card
2183,127,2026-04-26,19.99,successful,Net Banking
2184,127,2026-05-26,19.99,successful,Wallet
2185,127,2026-06-26,19.99,successful,Wallet
2186,127,2026-07-26,19.99,successful,Wallet
2187,127,2026-08-26,19.99,successful,Wallet
2188,127,2026-09-26,19.99,successful,UPI
2189,128,2025-08-18,19.99,successful,UPI
2190,128,2025-09-18,19.99,successful,Card
2191,128,2025-10-18,19.99,successful,UPI
2192,128,2025-11-18,19.99,successful,Wallet
2193,128,2025-12-18,19.99,successful,Card
2194,128,2026-01-18,19.99,successful,UPI
2195,128,2026-02-18,19.99,successful,Card
2196,128,2026-03-18,19.99,successful,Wallet
2197,128,2026-04-18,19.99,successful,Net Banking
2198,128,2026-05-18,19.99,successful,Card
2199,128,2026-06-18,19.99,successful,UPI
2200,128,2026-07-18,19.99,successful,Card
2201,128,2026-08-18,19.99,successful,Wallet
2202,128,2026-09-18,19.99,successful,Wallet
2203,129,2024-09-04,19.99,successful,Card
2204,129,2024-10-04,19.99,successful,UPI
2205,129,2024-11-04,19.99,successful,Card
2206,129,2024-12-04,19.99,successful,Wallet
2207,129,2025-01-04,19.99,successful,Wallet
2208,129,2025-02-04,19.99,successful,Wallet
2209,129,2025-03-04,19.99,successful,UPI
2210,129,2025-04-04,19.99,successful,Net Banking
2211,129,2025-05-04,19.99,successful,Net Banking
2212,129,2025-06-04,19.99,successful,Card
2213,129,2025-07-04,19.99,refunded,Card
2214,129,2025-08-04,19.99,successful,Card
2215,129,2025-09-04,19.99,successful,Card
2216,129,2025-10-04,19.99,successful,Net Banking
2217,129,2025-11-04,19.99,successful,Card
2218,129,2025-12-04,19.99,refunded,UPI
2219,129,2026-01-04,19.99,successful,Net Banking
2220,129,2026-02-04,19.99,successful,UPI
2221,129,2026-03-04,19.99,successful,UPI
2222,129,2026-04-04,19.99,successful,Wallet
2223,129,2026-05-04,19.99,successful,Net Banking
2224,129,2026-06-04,19.99,successful,Net Banking
2225,129,2026-07-04,19.99,successful,UPI
2226,129,2026-08-04,19.99,failed,Card
2227,129,2026-09-04,19.99,successful,Net Banking
2228,130,2024-10-04,9.99,successful,Wallet
2229,130,2024-11-04,9.99,successful,Wallet
2230,130,2024-12-04,9.99,successful,Wallet
2231,130,2025-01-04,9.99,successful,UPI
2232,130,2025-02-04,9.99,successful,Wallet
2233,130,2025-03-04,9.99,successful,Net Banking
2234,131,2025-10-25,19.99,successful,UPI
2235,131,2025-11-25,19.99,failed,Wallet
2236,131,2025-12-25,19.99,successful,Wallet
2237,131,2026-01-25,19.99,successful,Net Banking
2238,131,2026-02-25,19.99,successful,Card
2239,131,2026-03-25,19.99,failed,UPI
2240,131,2026-04-25,19.99,successful,Net Banking
2241,131,2026-05-25,19.99,successful,Net Banking
2242,131,2026-06-25,19.99,successful,Net Banking
2243,131,2026-07-25,19.99,successful,Card
2244,131,2026-08-25,19.99,successful,Card
2245,131,2026-09-25,19.99,successful,Card
2246,132,2026-05-26,9.99,successful,Card
2247,132,2026-06-26,9.99,successful,Wallet
2248,132,2026-07-26,9.99,successful,Wallet
2249,132,2026-08-26,9.99,refunded,Net Banking
2250,132,2026-09-26,9.99,successful,Wallet
2251,133,2024-05-17,39.99,successful,Wallet
2252,133,2024-06-17,39.99,successful,Wallet
2253,133,2024-07-17,39.99,successful,Wallet
2254,133,2024-08-17,39.99,successful,Card
2255,133,2024-09-17,39.99,successful,Net Banking
2256,133,2024-10-17,39.99,successful,Net Banking
2257,133,2024-11-17,39.99,successful,UPI
2258,133,2024-12-17,39.99,successful,Card
2259,133,2025-01-17,39.99,failed,Card
2260,133,2025-02-17,39.99,successful,Wallet
2261,133,2025-03-17,39.99,successful,UPI
2262,133,2025-04-17,39.99,successful,Net Banking
2263,133,2025-05-17,39.99,successful,Wallet
2264,133,2025-06-17,39.99,successful,UPI
2265,133,2025-07-17,39.99,successful,UPI
2266,133,2025-08-17,39.99,successful,Net Banking
2267,133,2025-09-17,39.99,failed,Net Banking
2268,133,2025-10-17,39.99,successful,Wallet
2269,133,2025-11-17,39.99,successful,Card
2270,133,2025-12-17,39.99,successful,Card
2271,133,2026-01-17,39.99,successful,Wallet
2272,133,2026-02-17,39.99,successful,Wallet
2273,133,2026-03-17,39.99,successful,Card
2274,133,2026-04-17,39.99,successful,UPI
2275,133,2026-05-17,39.99,successful,Wallet
2276,133,2026-06-17,39.99,successful,UPI
2277,133,2026-07-17,39.99,successful,Net Banking
2278,133,2026-08-17,39.99,successful,Card
2279,133,2026-09-17,39.99,successful,UPI
2280,134,2025-02-05,19.99,successful,Card
2281,134,2025-03-05,19.99,successful,Wallet
2282,134,2025-04-05,19.99,successful,Net Banking
2283,134,2025-05-05,19.99,successful,Wallet
2284,134,2025-06-05,19.99,successful,Card
2285,134,2025-07-05,19.99,successful,Card
2286,134,2025-08-05,19.99,successful,Card
2287,134,2025-09-05,19.99,successful,Card
2288,134,2025-10-05,19.99,successful,Card
2289,134,2025-11-05,19.99,successful,Card
2290,134,2025-12-05,19.99,successful,UPI
2291,134,2026-01-05,19.99,successful,UPI
2292,134,2026-02-05,19.99,successful,UPI
2293,134,2026-03-05,19.99,failed,Wallet
2294,134,2026-04-05,19.99,successful,Card
2295,134,2026-05-05,19.99,successful,Net Banking
2296,134,2026-06-05,19.99,successful,Card
2297,134,2026-07-05,19.99,failed,Wallet
2298,134,2026-08-05,19.99,successful,Net Banking
2299,134,2026-09-05,19.99,successful,Card
2300,135,2024-02-02,19.99,successful,Net Banking
2301,135,2024-03-02,19.99,successful,UPI
2302,135,2024-04-02,19.99,successful,Card
2303,135,2024-05-02,19.99,successful,UPI
2304,135,2024-06-02,19.99,failed,Card
2305,135,2024-07-02,19.99,failed,Card
2306,135,2024-08-02,19.99,successful,Net Banking
2307,135,2024-09-02,19.99,successful,Net Banking
2308,135,2024-10-02,19.99,successful,Net Banking
2309,136,2025-05-20,39.99,successful,Card
2310,136,2025-06-20,39.99,successful,Net Banking
2311,136,2025-07-20,39.99,successful,Card
2312,136,2025-08-20,39.99,successful,UPI
2313,136,2025-09-20,39.99,successful,UPI
2314,136,2025-10-20,39.99,successful,Wallet
2315,136,2025-11-20,39.99,successful,Net Banking
2316,136,2025-12-20,39.99,successful,Net Banking
2317,136,2026-01-20,39.99,successful,Net Banking
2318,136,2026-02-20,39.99,successful,Wallet
2319,136,2026-03-20,39.99,successful,Card
2320,136,2026-04-20,39.99,successful,UPI
2321,137,2025-03-05,399.0,successful,Card
2322,137,2026-03-05,399.0,successful,Card
2323,138,2024-01-28,9.99,successful,UPI
2324,138,2024-02-28,9.99,failed,UPI
2325,138,2024-03-28,9.99,successful,Net Banking
2326,138,2024-04-28,9.99,failed,UPI
2327,138,2024-05-28,9.99,failed,Wallet
2328,138,2024-06-28,9.99,successful,Net Banking
2329,138,2024-07-28,9.99,successful,Card
2330,138,2024-08-28,9.99,successful,Net Banking
2331,138,2024-09-28,9.99,successful,Wallet
2332,138,2024-10-28,9.99,successful,Net Banking
2333,138,2024-11-28,9.99,successful,UPI
2334,138,2024-12-28,9.99,successful,UPI
2335,138,2025-01-28,9.99,failed,UPI
2336,138,2025-02-28,9.99,successful,Wallet
2337,138,2025-03-28,9.99,successful,Net Banking
2338,138,2025-04-28,9.99,successful,Card
2339,138,2025-05-28,9.99,refunded,UPI
2340,138,2025-06-28,9.99,successful,Net Banking
2341,138,2025-07-28,9.99,successful,Card
2342,138,2025-08-28,9.99,successful,Card
2343,138,2025-09-28,9.99,successful,Net Banking
2344,138,2025-10-28,9.99,successful,Card
2345,138,2025-11-28,9.99,successful,Wallet
2346,138,2025-12-28,9.99,successful,Card
2347,138,2026-01-28,9.99,successful,UPI
2348,138,2026-02-28,9.99,successful,Net Banking
2349,138,2026-03-28,9.99,successful,Card
2350,138,2026-04-28,9.99,successful,UPI
2351,138,2026-05-28,9.99,successful,UPI
2352,138,2026-06-28,9.99,successful,Card
2353,138,2026-07-28,9.99,successful,UPI
2354,138,2026-08-28,9.99,successful,UPI
2355,138,2026-09-28,9.99,successful,Wallet
2356,139,2023-07-26,19.99,successful,Card
2357,139,2023-08-26,19.99,successful,Net Banking
2358,139,2023-09-26,19.99,failed,Net Banking
2359,139,2023-10-26,19.99,successful,Wallet
2360,139,2023-11-26,19.99,successful,Net Banking
2361,139,2023-12-26,19.99,successful,Net Banking
2362,139,2024-01-26,19.99,successful,Card
2363,139,2024-02-26,19.99,failed,Net Banking
2364,139,2024-03-26,19.99,successful,UPI
2365,139,2024-04-26,19.99,failed,Wallet
2366,139,2024-05-26,19.99,refunded,Net Banking
2367,140,2025-11-04,9.99,successful,Card
2368,140,2025-12-04,9.99,successful,Card
2369,140,2026-01-04,9.99,successful,Card
2370,140,2026-02-04,9.99,successful,UPI
2371,140,2026-03-04,9.99,failed,Net Banking
2372,140,2026-04-04,9.99,successful,UPI
2373,140,2026-05-04,9.99,successful,Net Banking
2374,140,2026-06-04,9.99,successful,Wallet
2375,140,2026-07-04,9.99,successful,Wallet
2376,140,2026-08-04,9.99,successful,UPI
2377,140,2026-09-04,9.99,failed,Card
2378,141,2025-06-10,19.99,successful,UPI
2379,141,2025-07-10,19.99,successful,UPI
2380,141,2025-08-10,19.99,successful,Card
2381,141,2025-09-10,19.99,successful,Wallet
2382,141,2025-10-10,19.99,successful,Wallet
2383,141,2025-11-10,19.99,failed,Wallet
2384,141,2025-12-10,19.99,failed,UPI
2385,141,2026-01-10,19.99,successful,Card
2386,141,2026-02-10,19.99,failed,Wallet
2387,141,2026-03-10,19.99,successful,Wallet
2388,141,2026-04-10,19.99,successful,Wallet
2389,141,2026-05-10,19.99,successful,Net Banking
2390,141,2026-06-10,19.99,successful,Net Banking
2391,141,2026-07-10,19.99,successful,Card
2392,141,2026-08-10,19.99,successful,Card
2393,141,2026-09-10,19.99,successful,Net Banking
2394,142,2025-05-13,39.99,successful,Wallet
2395,142,2025-06-13,39.99,failed,Card
2396,142,2025-07-13,39.99,successful,Net Banking
2397,142,2025-08-13,39.99,successful,Wallet
2398,142,2025-09-13,39.99,refunded,UPI
2399,142,2025-10-13,39.99,successful,Net Banking
2400,142,2025-11-13,39.99,successful,UPI
2401,142,2025-12-13,39.99,successful,Net Banking
2402,142,2026-01-13,39.99,successful,Wallet
2403,142,2026-02-13,39.99,successful,Card
2404,142,2026-03-13,39.99,successful,Net Banking
2405,142,2026-04-13,39.99,successful,Wallet
2406,142,2026-05-13,39.99,successful,Net Banking
2407,142,2026-06-13,39.99,successful,Net Banking
2408,142,2026-07-13,39.99,successful,UPI
2409,142,2026-08-13,39.99,successful,Wallet
2410,143,2025-01-12,19.99,successful,Net Banking
2411,143,2025-02-12,19.99,successful,Card
2412,143,2025-03-12,19.99,successful,Card
2413,143,2025-04-12,19.99,successful,Wallet
2414,143,2025-05-12,19.99,successful,Card
2415,143,2025-06-12,19.99,successful,Wallet
2416,143,2025-07-12,19.99,successful,Wallet
2417,143,2025-08-12,19.99,successful,UPI
2418,143,2025-09-12,19.99,successful,Net Banking
2419,143,2025-10-12,19.99,successful,UPI
2420,143,2025-11-12,19.99,successful,Net Banking
2421,143,2025-12-12,19.99,successful,Wallet
2422,143,2026-01-12,19.99,successful,Wallet
2423,143,2026-02-12,19.99,successful,Card
2424,143,2026-03-12,19.99,successful,Card
2425,143,2026-04-12,19.99,successful,Card
2426,144,2026-06-18,19.99,successful,UPI
2427,144,2026-07-18,19.99,successful,Net Banking
2428,144,2026-08-18,19.99,successful,Net Banking
2429,144,2026-09-18,19.99,successful,UPI
2430,145,2024-07-17,39.99,successful,Card
2431,145,2024-08-17,39.99,successful,Wallet
2432,145,2024-09-17,39.99,successful,Wallet
2433,145,2024-10-17,39.99,successful,UPI
2434,145,2024-11-17,39.99,successful,Card
2435,145,2024-12-17,39.99,successful,Wallet
2436,145,2025-01-17,39.99,successful,Card
2437,145,2025-02-17,39.99,successful,Card
2438,145,2025-03-17,39.99,refunded,UPI
2439,145,2025-04-17,39.99,successful,Wallet
2440,145,2025-05-17,39.99,successful,Card
2441,145,2025-06-17,39.99,successful,Net Banking
2442,145,2025-07-17,39.99,successful,Card
2443,145,2025-08-17,39.99,successful,Wallet
2444,145,2025-09-17,39.99,successful,UPI
2445,145,2025-10-17,39.99,successful,Wallet
2446,145,2025-11-17,39.99,successful,Wallet
2447,145,2025-12-17,39.99,successful,Wallet
2448,145,2026-01-17,39.99,successful,Card
2449,145,2026-02-17,39.99,successful,Wallet
2450,145,2026-03-17,39.99,successful,UPI
2451,145,2026-04-17,39.99,successful,Net Banking
2452,145,2026-05-17,39.99,successful,Card
2453,145,2026-06-17,39.99,successful,Net Banking
2454,145,2026-07-17,39.99,successful,Net Banking
2455,145,2026-08-17,39.99,successful,Wallet
2456,145,2026-09-17,39.99,successful,Net Banking
2457,146,2025-10-17,19.99,successful,Card
2458,146,2025-11-17,19.99,successful,Card
2459,146,2025-12-17,19.99,successful,Wallet
2460,146,2026-01-17,19.99,successful,Net Banking
2461,146,2026-02-17,19.99,successful,Card
2462,146,2026-03-17,19.99,successful,UPI
2463,146,2026-04-17,19.99,successful,Wallet
2464,146,2026-05-17,19.99,successful,Card
2465,146,2026-06-17,19.99,successful,Wallet
2466,146,2026-07-17,19.99,successful,Card
2467,146,2026-08-17,19.99,successful,Wallet
2468,146,2026-09-17,19.99,successful,Wallet
2469,147,2023-04-06,9.99,successful,Card
2470,147,2023-05-06,9.99,successful,Card
2471,147,2023-06-06,9.99,successful,Wallet
2472,147,2023-07-06,9.99,failed,UPI
2473,147,2023-08-06,9.99,successful,UPI
2474,147,2023-09-06,9.99,successful,Wallet
2475,147,2023-10-06,9.99,successful,Wallet
2476,147,2023-11-06,9.99,successful,UPI
2477,147,2023-12-06,9.99,successful,UPI
2478,147,2024-01-06,9.99,successful,Wallet
2479,147,2024-02-06,9.99,successful,Card
2480,147,2024-03-06,9.99,successful,Card
2481,147,2024-04-06,9.99,successful,Net Banking
2482,147,2024-05-06,9.99,successful,Net Banking
2483,147,2024-06-06,9.99,successful,Wallet
2484,147,2024-07-06,9.99,successful,Card
2485,147,2024-08-06,9.99,successful,Net Banking
2486,147,2024-09-06,9.99,successful,Net Banking
2487,147,2024-10-06,9.99,successful,UPI
2488,147,2024-11-06,9.99,successful,Wallet
2489,147,2024-12-06,9.99,failed,UPI
2490,147,2025-01-06,9.99,failed,Card
2491,147,2025-02-06,9.99,successful,Card
2492,147,2025-03-06,9.99,successful,Wallet
2493,147,2025-04-06,9.99,successful,Wallet
2494,147,2025-05-06,9.99,successful,Wallet
2495,147,2025-06-06,9.99,successful,Wallet
2496,147,2025-07-06,9.99,successful,Wallet
2497,147,2025-08-06,9.99,successful,Net Banking
2498,147,2025-09-06,9.99,successful,Card
2499,147,2025-10-06,9.99,successful,Net Banking
2500,147,2025-11-06,9.99,successful,UPI
2501,147,2025-12-06,9.99,successful,Card
2502,147,2026-01-06,9.99,successful,Wallet
2503,147,2026-02-06,9.99,successful,UPI
2504,147,2026-03-06,9.99,successful,Card
2505,147,2026-04-06,9.99,successful,Card
2506,147,2026-05-06,9.99,successful,Net Banking
2507,147,2026-06-06,9.99,successful,Net Banking
2508,147,2026-07-06,9.99,successful,UPI
2509,147,2026-08-06,9.99,successful,UPI
2510,147,2026-09-06,9.99,successful,Card
2511,148,2024-04-29,9.99,successful,UPI
2512,148,2024-05-29,9.99,successful,Net Banking
2513,148,2024-06-29,9.99,successful,Net Banking
2514,148,2024-07-29,9.99,successful,UPI
2515,148,2024-08-29,9.99,successful,Net Banking
2516,148,2024-09-29,9.99,failed,Wallet
2517,148,2024-10-29,9.99,successful,Card
2518,148,2024-11-29,9.99,successful,Net Banking
2519,148,2024-12-29,9.99,successful,Card
2520,148,2025-01-29,9.99,successful,Net Banking
2521,148,2025-02-28,9.99,failed,Wallet
2522,148,2025-03-28,9.99,successful,Net Banking
2523,148,2025-04-28,9.99,successful,Wallet
2524,148,2025-05-28,9.99,successful,Wallet
2525,148,2025-06-28,9.99,successful,UPI
2526,148,2025-07-28,9.99,successful,Net Banking
2527,148,2025-08-28,9.99,successful,Card
2528,148,2025-09-28,9.99,successful,Net Banking
2529,148,2025-10-28,9.99,successful,Card
2530,148,2025-11-28,9.99,successful,Net Banking
2531,148,2025-12-28,9.99,failed,Wallet
2532,148,2026-01-28,9.99,successful,UPI
2533,148,2026-02-28,9.99,successful,Wallet
2534,148,2026-03-28,9.99,successful,Card
2535,148,2026-04-28,9.99,successful,UPI
2536,148,2026-05-28,9.99,successful,Net Banking
2537,148,2026-06-28,9.99,successful,Card
2538,148,2026-07-28,9.99,successful,Card
2539,148,2026-08-28,9.99,successful,Wallet
2540,148,2026-09-28,9.99,successful,Card
2541,149,2023-08-19,39.99,successful,Net Banking
2542,149,2023-09-19,39.99,successful,Wallet
2543,149,2023-10-19,39.99,successful,Net Banking
2544,149,2023-11-19,39.99,successful,UPI
2545,149,2023-12-19,39.99,successful,Card
2546,149,2024-01-19,39.99,successful,Wallet
2547,149,2024-02-19,39.99,successful,Wallet
2548,149,2024-03-19,39.99,successful,Net Banking
2549,149,2024-04-19,39.99,successful,Wallet
2550,149,2024-05-19,39.99,successful,Net Banking
2551,149,2024-06-19,39.99,successful,Wallet
2552,149,2024-07-19,39.99,successful,Wallet
2553,149,2024-08-19,39.99,successful,Net Banking
2554,149,2024-09-19,39.99,successful,Card
2555,149,2024-10-19,39.99,successful,UPI
2556,149,2024-11-19,39.99,successful,Wallet
2557,149,2024-12-19,39.99,successful,Wallet
2558,149,2025-01-19,39.99,successful,Wallet
2559,149,2025-02-19,39.99,successful,UPI
2560,149,2025-03-19,39.99,successful,Card
2561,149,2025-04-19,39.99,successful,Wallet
2562,149,2025-05-19,39.99,successful,UPI
2563,149,2025-06-19,39.99,successful,UPI
2564,149,2025-07-19,39.99,successful,Net Banking
2565,149,2025-08-19,39.99,successful,Net Banking
2566,149,2025-09-19,39.99,successful,Net Banking
2567,149,2025-10-19,39.99,successful,UPI
2568,149,2025-11-19,39.99,successful,UPI
2569,149,2025-12-19,39.99,successful,Net Banking
2570,149,2026-01-19,39.99,successful,Wallet
2571,149,2026-02-19,39.99,successful,Wallet
2572,149,2026-03-19,39.99,refunded,Wallet
2573,149,2026-04-19,39.99,successful,Net Banking
2574,149,2026-05-19,39.99,refunded,Wallet
2575,149,2026-06-19,39.99,successful,Net Banking
2576,149,2026-07-19,39.99,successful,Wallet
2577,149,2026-08-19,39.99,successful,Wallet
2578,149,2026-09-19,39.99,successful,UPI
2579,150,2025-01-18,39.99,successful,Card
2580,150,2025-02-18,39.99,successful,UPI
2581,150,2025-03-18,39.99,failed,UPI
2582,150,2025-04-18,39.99,successful,Wallet
2583,150,2025-05-18,39.99,successful,UPI
2584,150,2025-06-18,39.99,successful,UPI
2585,150,2025-07-18,39.99,successful,Wallet
2586,150,2025-08-18,39.99,successful,Wallet
2587,150,2025-09-18,39.99,successful,Wallet
2588,150,2025-10-18,39.99,successful,Card
2589,150,2025-11-18,39.99,successful,Wallet
2590,150,2025-12-18,39.99,successful,UPI
2591,150,2026-01-18,39.99,successful,Net Banking
2592,150,2026-02-18,39.99,successful,UPI
2593,150,2026-03-18,39.99,successful,Net Banking
2594,150,2026-04-18,39.99,successful,UPI
2595,150,2026-05-18,39.99,successful,Wallet
2596,150,2026-06-18,39.99,successful,Net Banking
2597,150,2026-07-18,39.99,successful,Wallet
2598,150,2026-08-18,39.99,successful,Net Banking
2599,150,2026-09-18,39.99,successful,Net Banking
2600,151,2026-04-09,39.99,successful,Net Banking
2601,151,2026-05-09,39.99,successful,Card
2602,151,2026-06-09,39.99,successful,Wallet
2603,151,2026-07-09,39.99,successful,Net Banking
2604,152,2026-09-05,59.99,successful,UPI
2605,153,2024-06-24,39.99,successful,Card
2606,153,2024-07-24,39.99,successful,Card
2607,153,2024-08-24,39.99,successful,Net Banking
2608,153,2024-09-24,39.99,successful,UPI
2609,154,2024-10-29,19.99,successful,Wallet
2610,154,2024-11-29,19.99,successful,UPI
2611,154,2024-12-29,19.99,successful,UPI
2612,154,2025-01-29,19.99,successful,UPI
2613,154,2025-02-28,19.99,successful,UPI
2614,154,2025-03-28,19.99,successful,Card
2615,154,2025-04-28,19.99,successful,Wallet
2616,154,2025-05-28,19.99,successful,Wallet
2617,154,2025-06-28,19.99,successful,Card
2618,154,2025-07-28,19.99,failed,Card
2619,154,2025-08-28,19.99,successful,Card
2620,154,2025-09-28,19.99,successful,UPI
2621,154,2025-10-28,19.99,successful,Net Banking
2622,154,2025-11-28,19.99,successful,Net Banking
2623,154,2025-12-28,19.99,successful,Wallet
2624,154,2026-01-28,19.99,successful,UPI
2625,154,2026-02-28,19.99,successful,UPI
2626,154,2026-03-28,19.99,failed,Wallet
2627,154,2026-04-28,19.99,failed,Card
2628,154,2026-05-28,19.99,successful,UPI
2629,154,2026-06-28,19.99,successful,UPI
2630,154,2026-07-28,19.99,successful,Card
2631,154,2026-08-28,19.99,successful,Net Banking
2632,154,2026-09-28,19.99,successful,Wallet
2633,155,2025-11-25,9.99,successful,Card
2634,155,2025-12-25,9.99,successful,Card
2635,155,2026-01-25,9.99,successful,Wallet
2636,155,2026-02-25,9.99,successful,Card
2637,155,2026-03-25,9.99,failed,Card
2638,155,2026-04-25,9.99,successful,UPI
2639,155,2026-05-25,9.99,successful,Card
2640,155,2026-06-25,9.99,successful,Card
2641,155,2026-07-25,9.99,failed,Net Banking
2642,155,2026-08-25,9.99,successful,UPI
2643,155,2026-09-25,9.99,successful,Wallet
2644,156,2024-06-08,39.99,successful,Net Banking
2645,156,2024-07-08,39.99,successful,UPI
2646,156,2024-08-08,39.99,successful,Wallet
2647,156,2024-09-08,39.99,successful,Net Banking
2648,156,2024-10-08,39.99,successful,Wallet
2649,156,2024-11-08,39.99,failed,Card
2650,156,2024-12-08,39.99,successful,Card
2651,156,2025-01-08,39.99,successful,Net Banking
2652,156,2025-02-08,39.99,successful,UPI
2653,156,2025-03-08,39.99,successful,Net Banking
2654,156,2025-04-08,39.99,successful,UPI
2655,156,2025-05-08,39.99,successful,UPI
2656,156,2025-06-08,39.99,successful,UPI
2657,156,2025-07-08,39.99,refunded,Wallet
2658,156,2025-08-08,39.99,successful,Card
2659,157,2026-03-29,9.99,successful,Card
2660,157,2026-04-29,9.99,successful,UPI
2661,157,2026-05-29,9.99,successful,Card
2662,157,2026-06-29,9.99,successful,Wallet
2663,157,2026-07-29,9.99,successful,Wallet
2664,157,2026-08-29,9.99,successful,Wallet
2665,157,2026-09-29,9.99,successful,Net Banking
2666,158,2026-06-20,19.99,successful,Wallet
2667,158,2026-07-20,19.99,successful,Net Banking
2668,159,2026-01-14,399.0,successful,UPI
2669,160,2024-07-31,19.99,successful,Net Banking
2670,160,2024-08-31,19.99,successful,Net Banking
2671,160,2024-09-30,19.99,successful,Card
2672,160,2024-10-30,19.99,successful,Wallet
2673,160,2024-11-30,19.99,successful,Card
2674,160,2024-12-30,19.99,successful,Wallet
2675,160,2025-01-30,19.99,refunded,Wallet
2676,160,2025-02-28,19.99,successful,Card
2677,160,2025-03-28,19.99,successful,Card
2678,160,2025-04-28,19.99,successful,Card
2679,160,2025-05-28,19.99,successful,UPI
2680,160,2025-06-28,19.99,successful,UPI
2681,160,2025-07-28,19.99,successful,Card
2682,160,2025-08-28,19.99,successful,Net Banking
2683,160,2025-09-28,19.99,successful,UPI
2684,160,2025-10-28,19.99,successful,Net Banking
2685,160,2025-11-28,19.99,successful,Card
2686,160,2025-12-28,19.99,successful,UPI
2687,160,2026-01-28,19.99,successful,Net Banking
2688,160,2026-02-28,19.99,failed,UPI
2689,160,2026-03-28,19.99,successful,Card
2690,160,2026-04-28,19.99,failed,UPI
2691,160,2026-05-28,19.99,successful,Card
2692,160,2026-06-28,19.99,successful,Net Banking
2693,160,2026-07-28,19.99,successful,Net Banking
2694,160,2026-08-28,19.99,successful,Card
2695,160,2026-09-28,19.99,successful,UPI
2696,161,2024-11-12,39.99,refunded,Net Banking
2697,161,2024-12-12,39.99,successful,Card
2698,161,2025-01-12,39.99,successful,Wallet
2699,161,2025-02-12,39.99,successful,Net Banking
2700,161,2025-03-12,39.99,successful,UPI
2701,161,2025-04-12,39.99,successful,UPI
2702,161,2025-05-12,39.99,successful,UPI
2703,161,2025-06-12,39.99,successful,UPI
2704,161,2025-07-12,39.99,successful,UPI
2705,161,2025-08-12,39.99,successful,UPI
2706,161,2025-09-12,39.99,successful,Card
2707,161,2025-10-12,39.99,successful,UPI
2708,162,2024-07-10,9.99,successful,Net Banking
2709,162,2024-08-10,9.99,successful,Card
2710,162,2024-09-10,9.99,successful,Card
2711,162,2024-10-10,9.99,successful,Net Banking
2712,162,2024-11-10,9.99,successful,Wallet
2713,162,2024-12-10,9.99,successful,UPI
2714,162,2025-01-10,9.99,failed,Card
2715,162,2025-02-10,9.99,successful,Wallet
2716,162,2025-03-10,9.99,successful,Card
2717,162,2025-04-10,9.99,successful,Net Banking
2718,162,2025-05-10,9.99,successful,Net Banking
2719,162,2025-06-10,9.99,successful,Card
2720,162,2025-07-10,9.99,successful,Net Banking
2721,162,2025-08-10,9.99,successful,UPI
2722,162,2025-09-10,9.99,successful,Net Banking
2723,162,2025-10-10,9.99,successful,Card
2724,162,2025-11-10,9.99,successful,UPI
2725,162,2025-12-10,9.99,successful,Card
2726,162,2026-01-10,9.99,successful,Card
2727,162,2026-02-10,9.99,successful,UPI
2728,162,2026-03-10,9.99,successful,UPI
2729,162,2026-04-10,9.99,failed,Net Banking
2730,162,2026-05-10,9.99,successful,UPI
2731,162,2026-06-10,9.99,successful,Wallet
2732,162,2026-07-10,9.99,successful,Card
2733,162,2026-08-10,9.99,successful,UPI
2734,162,2026-09-10,9.99,successful,Wallet
2735,163,2025-10-09,59.99,successful,UPI
2736,163,2025-11-09,59.99,successful,UPI
2737,163,2025-12-09,59.99,successful,Net Banking
2738,163,2026-01-09,59.99,successful,UPI
2739,163,2026-02-09,59.99,successful,UPI
2740,163,2026-03-09,59.99,successful,Card
2741,163,2026-04-09,59.99,successful,UPI
2742,163,2026-05-09,59.99,successful,Net Banking
2743,163,2026-06-09,59.99,successful,Card
2744,163,2026-07-09,59.99,successful,UPI
2745,164,2024-10-07,9.99,successful,Card
2746,164,2024-11-07,9.99,successful,Card
2747,165,2024-12-26,39.99,successful,Wallet
2748,165,2025-01-26,39.99,successful,Wallet
2749,165,2025-02-26,39.99,successful,Net Banking
2750,165,2025-03-26,39.99,successful,UPI
2751,165,2025-04-26,39.99,successful,Net Banking
2752,165,2025-05-26,39.99,successful,UPI
2753,165,2025-06-26,39.99,failed,UPI
2754,165,2025-07-26,39.99,successful,Net Banking
2755,165,2025-08-26,39.99,successful,Net Banking
2756,165,2025-09-26,39.99,successful,Card
2757,165,2025-10-26,39.99,successful,Card
2758,165,2025-11-26,39.99,successful,Wallet
2759,165,2025-12-26,39.99,successful,Wallet
2760,165,2026-01-26,39.99,successful,Wallet
2761,165,2026-02-26,39.99,successful,UPI
2762,165,2026-03-26,39.99,failed,UPI
2763,166,2025-03-06,59.99,successful,Wallet
2764,166,2025-04-06,59.99,successful,Net Banking
2765,166,2025-05-06,59.99,successful,Card
2766,166,2025-06-06,59.99,successful,Wallet
2767,166,2025-07-06,59.99,successful,Net Banking
2768,166,2025-08-06,59.99,failed,Net Banking
2769,166,2025-09-06,59.99,successful,Net Banking
2770,166,2025-10-06,59.99,successful,Net Banking
2771,166,2025-11-06,59.99,successful,UPI
2772,166,2025-12-06,59.99,successful,UPI
2773,166,2026-01-06,59.99,failed,Net Banking
2774,166,2026-02-06,59.99,successful,Wallet
2775,166,2026-03-06,59.99,successful,UPI
2776,166,2026-04-06,59.99,successful,Net Banking
2777,166,2026-05-06,59.99,successful,UPI
2778,166,2026-06-06,59.99,successful,UPI
2779,166,2026-07-06,59.99,successful,UPI
2780,167,2025-11-17,59.99,successful,Net Banking
2781,167,2025-12-17,59.99,successful,Card
2782,167,2026-01-17,59.99,successful,Wallet
2783,167,2026-02-17,59.99,successful,UPI
2784,167,2026-03-17,59.99,successful,Net Banking
2785,167,2026-04-17,59.99,successful,Card
2786,167,2026-05-17,59.99,successful,Net Banking
2787,167,2026-06-17,59.99,successful,Wallet
2788,167,2026-07-17,59.99,successful,Net Banking
2789,167,2026-08-17,59.99,successful,Wallet
2790,167,2026-09-17,59.99,successful,Net Banking
2791,168,2026-06-08,39.99,successful,Card
2792,168,2026-07-08,39.99,successful,UPI
2793,168,2026-08-08,39.99,successful,UPI
2794,168,2026-09-08,39.99,failed,Card
2795,169,2023-07-09,9.99,successful,UPI
2796,169,2023-08-09,9.99,successful,Card
2797,170,2026-06-02,19.99,successful,Wallet
2798,170,2026-07-02,19.99,successful,Wallet
2799,170,2026-08-02,19.99,successful,Wallet
2800,170,2026-09-02,19.99,successful,Net Banking
2801,171,2024-09-24,19.99,failed,Net Banking
2802,171,2024-10-24,19.99,successful,Card
2803,171,2024-11-24,19.99,failed,Net Banking
2804,171,2024-12-24,19.99,successful,UPI
2805,171,2025-01-24,19.99,successful,Net Banking
2806,171,2025-02-24,19.99,successful,Card
2807,171,2025-03-24,19.99,successful,Card
2808,171,2025-04-24,19.99,successful,Card
2809,171,2025-05-24,19.99,successful,UPI
2810,171,2025-06-24,19.99,successful,UPI
2811,171,2025-07-24,19.99,successful,UPI
2812,171,2025-08-24,19.99,successful,Net Banking
2813,171,2025-09-24,19.99,successful,Card
2814,171,2025-10-24,19.99,successful,UPI
2815,171,2025-11-24,19.99,successful,Card
2816,172,2024-09-19,39.99,successful,Wallet
2817,172,2024-10-19,39.99,failed,UPI
2818,172,2024-11-19,39.99,successful,Card
2819,172,2024-12-19,39.99,successful,Net Banking
2820,172,2025-01-19,39.99,successful,Wallet
2821,172,2025-02-19,39.99,successful,Card
2822,172,2025-03-19,39.99,successful,Wallet
2823,172,2025-04-19,39.99,successful,Wallet
2824,172,2025-05-19,39.99,successful,Net Banking
2825,173,2025-08-30,59.99,successful,Net Banking
2826,173,2025-09-30,59.99,successful,UPI
2827,173,2025-10-30,59.99,successful,Wallet
2828,173,2025-11-30,59.99,successful,Wallet
2829,173,2025-12-30,59.99,successful,UPI
2830,173,2026-01-30,59.99,successful,UPI
2831,173,2026-02-28,59.99,refunded,UPI
2832,173,2026-03-28,59.99,successful,Card
2833,173,2026-04-28,59.99,successful,Net Banking
2834,173,2026-05-28,59.99,successful,Card
2835,173,2026-06-28,59.99,failed,Net Banking
2836,173,2026-07-28,59.99,successful,UPI
2837,173,2026-08-28,59.99,successful,Wallet
2838,173,2026-09-28,59.99,successful,Net Banking
2839,174,2024-12-10,39.99,successful,UPI
2840,174,2025-01-10,39.99,successful,Wallet
2841,174,2025-02-10,39.99,successful,Wallet
2842,174,2025-03-10,39.99,successful,Wallet
2843,174,2025-04-10,39.99,failed,Card
2844,174,2025-05-10,39.99,successful,UPI
2845,174,2025-06-10,39.99,successful,Net Banking
2846,174,2025-07-10,39.99,successful,Card
2847,174,2025-08-10,39.99,successful,Wallet
2848,174,2025-09-10,39.99,successful,Wallet
2849,174,2025-10-10,39.99,successful,Net Banking
2850,174,2025-11-10,39.99,successful,Wallet
2851,174,2025-12-10,39.99,successful,Card
2852,174,2026-01-10,39.99,successful,Wallet
2853,174,2026-02-10,39.99,successful,UPI
2854,174,2026-03-10,39.99,successful,UPI
2855,174,2026-04-10,39.99,successful,UPI
2856,174,2026-05-10,39.99,successful,UPI
2857,174,2026-06-10,39.99,successful,Net Banking
2858,174,2026-07-10,39.99,successful,Card
2859,174,2026-08-10,39.99,successful,UPI
2860,174,2026-09-10,39.99,successful,Net Banking
2861,175,2024-10-10,9.99,successful,Net Banking
2862,175,2024-11-10,9.99,successful,Wallet
2863,175,2024-12-10,9.99,successful,Wallet
2864,175,2025-01-10,9.99,successful,Card
2865,175,2025-02-10,9.99,successful,Net Banking
2866,175,2025-03-10,9.99,successful,Net Banking
2867,175,2025-04-10,9.99,successful,Wallet
2868,175,2025-05-10,9.99,successful,UPI
2869,175,2025-06-10,9.99,successful,Card
2870,175,2025-07-10,9.99,successful,Wallet
2871,175,2025-08-10,9.99,successful,Wallet
2872,175,2025-09-10,9.99,successful,Net Banking
2873,175,2025-10-10,9.99,successful,Card
2874,175,2025-11-10,9.99,failed,Card
2875,175,2025-12-10,9.99,successful,UPI
2876,175,2026-01-10,9.99,successful,Net Banking
2877,175,2026-02-10,9.99,successful,Net Banking
2878,176,2023-11-14,9.99,successful,Net Banking
2879,176,2023-12-14,9.99,successful,Wallet
2880,176,2024-01-14,9.99,successful,UPI
2881,176,2024-02-14,9.99,successful,Card
2882,176,2024-03-14,9.99,successful,Card
2883,176,2024-04-14,9.99,successful,UPI
2884,176,2024-05-14,9.99,successful,Card
2885,176,2024-06-14,9.99,successful,Wallet
2886,176,2024-07-14,9.99,successful,Wallet
2887,176,2024-08-14,9.99,successful,Wallet
2888,176,2024-09-14,9.99,successful,Net Banking
2889,176,2024-10-14,9.99,successful,Net Banking
2890,176,2024-11-14,9.99,successful,Wallet
2891,176,2024-12-14,9.99,successful,Wallet
2892,176,2025-01-14,9.99,successful,Wallet
2893,176,2025-02-14,9.99,successful,Net Banking
2894,176,2025-03-14,9.99,successful,Net Banking
2895,176,2025-04-14,9.99,successful,Wallet
2896,176,2025-05-14,9.99,successful,Wallet
2897,176,2025-06-14,9.99,successful,Wallet
2898,176,2025-07-14,9.99,successful,Card
2899,176,2025-08-14,9.99,successful,Net Banking
2900,176,2025-09-14,9.99,successful,Card
2901,176,2025-10-14,9.99,successful,Card
2902,176,2025-11-14,9.99,failed,UPI
2903,176,2025-12-14,9.99,successful,UPI
2904,176,2026-01-14,9.99,successful,Card
2905,176,2026-02-14,9.99,successful,Net Banking
2906,176,2026-03-14,9.99,successful,Wallet
2907,176,2026-04-14,9.99,successful,Wallet
2908,176,2026-05-14,9.99,successful,UPI
2909,176,2026-06-14,9.99,successful,Wallet
2910,176,2026-07-14,9.99,successful,Card
2911,176,2026-08-14,9.99,successful,UPI
2912,176,2026-09-14,9.99,successful,Wallet
2913,177,2026-06-02,59.99,successful,UPI
2914,177,2026-07-02,59.99,successful,Wallet
2915,177,2026-08-02,59.99,successful,Wallet
2916,177,2026-09-02,59.99,successful,Card
2917,178,2026-09-26,399.0,successful,Wallet
2918,179,2026-06-11,39.99,successful,Card
2919,179,2026-07-11,39.99,successful,UPI
2920,179,2026-08-11,39.99,successful,UPI
2921,179,2026-09-11,39.99,successful,Wallet
2922,180,2024-11-14,59.99,failed,Net Banking
2923,180,2024-12-14,59.99,successful,Card
2924,180,2025-01-14,59.99,successful,Wallet
2925,180,2025-02-14,59.99,successful,Wallet
2926,180,2025-03-14,59.99,successful,Net Banking
2927,180,2025-04-14,59.99,successful,Card
2928,180,2025-05-14,59.99,successful,UPI
2929,180,2025-06-14,59.99,successful,UPI
2930,180,2025-07-14,59.99,successful,UPI
2931,180,2025-08-14,59.99,successful,Wallet
2932,180,2025-09-14,59.99,refunded,Card
2933,180,2025-10-14,59.99,successful,Net Banking
2934,180,2025-11-14,59.99,successful,Net Banking
2935,180,2025-12-14,59.99,successful,Net Banking
2936,180,2026-01-14,59.99,successful,UPI
2937,180,2026-02-14,59.99,successful,Wallet
2938,180,2026-03-14,59.99,successful,Wallet
2939,180,2026-04-14,59.99,successful,Card
2940,180,2026-05-14,59.99,successful,Wallet
2941,180,2026-06-14,59.99,successful,Wallet
2942,180,2026-07-14,59.99,successful,Wallet
2943,180,2026-08-14,59.99,successful,Card
2944,180,2026-09-14,59.99,successful,Wallet
2945,181,2024-10-25,9.99,successful,Card
2946,181,2024-11-25,9.99,successful,UPI
2947,181,2024-12-25,9.99,successful,Card
2948,181,2025-01-25,9.99,successful,UPI
2949,181,2025-02-25,9.99,successful,UPI
2950,181,2025-03-25,9.99,successful,Net Banking
2951,181,2025-04-25,9.99,failed,UPI
2952,181,2025-05-25,9.99,successful,UPI
2953,181,2025-06-25,9.99,successful,Wallet
2954,181,2025-07-25,9.99,successful,Card
2955,181,2025-08-25,9.99,successful,Net Banking
2956,181,2025-09-25,9.99,successful,UPI
2957,181,2025-10-25,9.99,successful,Net Banking
2958,181,2025-11-25,9.99,successful,UPI
2959,181,2025-12-25,9.99,successful,UPI
2960,181,2026-01-25,9.99,failed,Card
2961,181,2026-02-25,9.99,successful,UPI
2962,181,2026-03-25,9.99,failed,Net Banking
2963,181,2026-04-25,9.99,successful,Card
2964,181,2026-05-25,9.99,successful,Net Banking
2965,181,2026-06-25,9.99,successful,Wallet
2966,181,2026-07-25,9.99,successful,Wallet
2967,181,2026-08-25,9.99,successful,Card
2968,181,2026-09-25,9.99,successful,Wallet
2969,182,2026-06-10,9.99,successful,Net Banking
2970,182,2026-07-10,9.99,successful,UPI
2971,182,2026-08-10,9.99,failed,Net Banking
2972,183,2026-09-12,9.99,successful,Net Banking
2973,184,2026-02-10,19.99,successful,UPI
2974,184,2026-03-10,19.99,successful,UPI
2975,184,2026-04-10,19.99,successful,Card
2976,184,2026-05-10,19.99,successful,Card
2977,184,2026-06-10,19.99,successful,Card
2978,184,2026-07-10,19.99,successful,Wallet
2979,184,2026-08-10,19.99,failed,Net Banking
2980,184,2026-09-10,19.99,successful,Card
2981,185,2024-03-17,59.99,successful,Card
2982,185,2024-04-17,59.99,successful,Net Banking
2983,185,2024-05-17,59.99,successful,UPI
2984,185,2024-06-17,59.99,successful,Card
2985,185,2024-07-17,59.99,successful,UPI
2986,185,2024-08-17,59.99,failed,Card
2987,185,2024-09-17,59.99,successful,Card
2988,185,2024-10-17,59.99,failed,UPI
2989,185,2024-11-17,59.99,successful,Net Banking
2990,185,2024-12-17,59.99,successful,Card
2991,185,2025-01-17,59.99,successful,Card
2992,185,2025-02-17,59.99,successful,Card
2993,186,2024-07-17,19.99,successful,Wallet
2994,186,2024-08-17,19.99,successful,UPI
2995,186,2024-09-17,19.99,successful,Wallet
2996,186,2024-10-17,19.99,successful,Net Banking
2997,186,2024-11-17,19.99,successful,Net Banking
2998,186,2024-12-17,19.99,successful,Card
2999,186,2025-01-17,19.99,successful,Card
3000,186,2025-02-17,19.99,successful,Net Banking
3001,186,2025-03-17,19.99,failed,UPI
3002,186,2025-04-17,19.99,successful,Wallet
3003,186,2025-05-17,19.99,successful,Card
3004,186,2025-06-17,19.99,successful,Card
3005,186,2025-07-17,19.99,successful,Card
3006,186,2025-08-17,19.99,successful,Wallet
3007,186,2025-09-17,19.99,successful,UPI
3008,186,2025-10-17,19.99,successful,Wallet
3009,187,2026-02-10,9.99,successful,Card
3010,187,2026-03-10,9.99,successful,UPI
3011,187,2026-04-10,9.99,successful,UPI
3012,187,2026-05-10,9.99,successful,Wallet
3013,187,2026-06-10,9.99,successful,UPI
3014,187,2026-07-10,9.99,refunded,Wallet
3015,187,2026-08-10,9.99,successful,Net Banking
3016,188,2025-08-09,19.99,successful,UPI
3017,188,2025-09-09,19.99,successful,Wallet
3018,188,2025-10-09,19.99,successful,UPI
3019,188,2025-11-09,19.99,successful,Net Banking
3020,188,2025-12-09,19.99,refunded,Wallet
3021,188,2026-01-09,19.99,successful,Card
3022,188,2026-02-09,19.99,successful,Net Banking
3023,188,2026-03-09,19.99,successful,UPI
3024,188,2026-04-09,19.99,successful,Net Banking
3025,188,2026-05-09,19.99,successful,Card
3026,188,2026-06-09,19.99,successful,UPI
3027,188,2026-07-09,19.99,failed,Wallet
3028,188,2026-08-09,19.99,successful,Card
3029,188,2026-09-09,19.99,successful,Net Banking
3030,189,2026-01-09,9.99,successful,Wallet
3031,189,2026-02-09,9.99,successful,Card
3032,189,2026-03-09,9.99,successful,Wallet
3033,189,2026-04-09,9.99,successful,Wallet
3034,189,2026-05-09,9.99,successful,Net Banking
3035,189,2026-06-09,9.99,successful,Net Banking
3036,189,2026-07-09,9.99,successful,Net Banking
3037,190,2024-11-29,9.99,successful,Net Banking
3038,190,2024-12-29,9.99,successful,Wallet
3039,190,2025-01-29,9.99,successful,Card
3040,190,2025-02-28,9.99,successful,Wallet
3041,190,2025-03-28,9.99,successful,Net Banking
3042,190,2025-04-28,9.99,successful,UPI
3043,190,2025-05-28,9.99,successful,Net Banking
3044,190,2025-06-28,9.99,successful,UPI
3045,190,2025-07-28,9.99,successful,Wallet
3046,190,2025-08-28,9.99,refunded,UPI
3047,190,2025-09-28,9.99,successful,Net Banking
3048,190,2025-10-28,9.99,failed,Wallet
3049,190,2025-11-28,9.99,successful,UPI
3050,190,2025-12-28,9.99,failed,UPI
3051,190,2026-01-28,9.99,successful,Wallet
3052,190,2026-02-28,9.99,successful,Wallet
3053,190,2026-03-28,9.99,successful,Wallet
3054,190,2026-04-28,9.99,successful,Card
3055,190,2026-05-28,9.99,successful,Net Banking
3056,190,2026-06-28,9.99,successful,Wallet
3057,190,2026-07-28,9.99,failed,UPI
3058,190,2026-08-28,9.99,successful,Card
3059,190,2026-09-28,9.99,failed,UPI
3060,191,2023-04-23,19.99,successful,Wallet
3061,191,2023-05-23,19.99,successful,Wallet
3062,191,2023-06-23,19.99,successful,UPI
3063,191,2023-07-23,19.99,successful,Wallet
3064,191,2023-08-23,19.99,successful,Wallet
3065,191,2023-09-23,19.99,failed,Wallet
3066,191,2023-10-23,19.99,successful,Net Banking
3067,191,2023-11-23,19.99,successful,UPI
3068,191,2023-12-23,19.99,successful,UPI
3069,191,2024-01-23,19.99,successful,Wallet
3070,191,2024-02-23,19.99,successful,Wallet
3071,191,2024-03-23,19.99,successful,Wallet
3072,191,2024-04-23,19.99,successful,Wallet
3073,191,2024-05-23,19.99,successful,Net Banking
3074,191,2024-06-23,19.99,failed,Wallet
3075,191,2024-07-23,19.99,successful,Card
3076,191,2024-08-23,19.99,successful,UPI
3077,191,2024-09-23,19.99,successful,Net Banking
3078,191,2024-10-23,19.99,successful,UPI
3079,191,2024-11-23,19.99,successful,UPI
3080,191,2024-12-23,19.99,successful,UPI
3081,191,2025-01-23,19.99,failed,Card
3082,191,2025-02-23,19.99,successful,UPI
3083,191,2025-03-23,19.99,successful,Card
3084,191,2025-04-23,19.99,successful,Card
3085,191,2025-05-23,19.99,successful,Card
3086,191,2025-06-23,19.99,successful,Wallet
3087,191,2025-07-23,19.99,failed,UPI
3088,191,2025-08-23,19.99,successful,Card
3089,191,2025-09-23,19.99,failed,Net Banking
3090,191,2025-10-23,19.99,successful,UPI
3091,191,2025-11-23,19.99,successful,Net Banking
3092,191,2025-12-23,19.99,successful,Card
3093,191,2026-01-23,19.99,successful,Card
3094,191,2026-02-23,19.99,successful,Wallet
3095,191,2026-03-23,19.99,successful,Wallet
3096,191,2026-04-23,19.99,successful,Wallet
3097,191,2026-05-23,19.99,successful,Wallet
3098,191,2026-06-23,19.99,successful,UPI
3099,191,2026-07-23,19.99,successful,Card
3100,191,2026-08-23,19.99,successful,UPI
3101,191,2026-09-23,19.99,successful,UPI
3102,192,2023-01-02,9.99,successful,UPI
3103,192,2023-02-02,9.99,successful,Wallet
3104,192,2023-03-02,9.99,refunded,Wallet
3105,193,2024-10-03,19.99,successful,Card
3106,193,2024-11-03,19.99,successful,Net Banking
3107,193,2024-12-03,19.99,successful,Wallet
3108,193,2025-01-03,19.99,successful,Card
3109,193,2025-02-03,19.99,successful,Net Banking
3110,193,2025-03-03,19.99,successful,UPI
3111,193,2025-04-03,19.99,successful,Card
3112,193,2025-05-03,19.99,successful,Net Banking
3113,193,2025-06-03,19.99,successful,Card
3114,193,2025-07-03,19.99,successful,Wallet
3115,193,2025-08-03,19.99,successful,Wallet
3116,193,2025-09-03,19.99,successful,Wallet
3117,193,2025-10-03,19.99,successful,Net Banking
3118,193,2025-11-03,19.99,successful,Card
3119,193,2025-12-03,19.99,successful,Net Banking
3120,193,2026-01-03,19.99,successful,Card
3121,193,2026-02-03,19.99,successful,Net Banking
3122,193,2026-03-03,19.99,successful,Card
3123,193,2026-04-03,19.99,successful,Wallet
3124,193,2026-05-03,19.99,successful,Net Banking
3125,193,2026-06-03,19.99,successful,Card
3126,193,2026-07-03,19.99,successful,Wallet
3127,193,2026-08-03,19.99,successful,UPI
3128,193,2026-09-03,19.99,successful,Card
3129,194,2023-08-08,19.99,successful,Net Banking
3130,194,2023-09-08,19.99,successful,Wallet
3131,194,2023-10-08,19.99,successful,UPI
3132,194,2023-11-08,19.99,failed,UPI
3133,194,2023-12-08,19.99,successful,Card
3134,194,2024-01-08,19.99,successful,Wallet
3135,194,2024-02-08,19.99,successful,Wallet
3136,194,2024-03-08,19.99,successful,Net Banking
3137,194,2024-04-08,19.99,successful,Net Banking
3138,194,2024-05-08,19.99,successful,Net Banking
3139,194,2024-06-08,19.99,successful,Wallet
3140,194,2024-07-08,19.99,successful,Card
3141,194,2024-08-08,19.99,successful,Wallet
3142,194,2024-09-08,19.99,successful,Wallet
3143,194,2024-10-08,19.99,successful,Wallet
3144,195,2024-10-22,9.99,successful,UPI
3145,195,2024-11-22,9.99,successful,Card
3146,195,2024-12-22,9.99,failed,Card
3147,195,2025-01-22,9.99,successful,Wallet
3148,195,2025-02-22,9.99,successful,Card
3149,195,2025-03-22,9.99,successful,Card
3150,195,2025-04-22,9.99,successful,Card
3151,195,2025-05-22,9.99,failed,Net Banking
3152,195,2025-06-22,9.99,successful,UPI
3153,195,2025-07-22,9.99,failed,UPI
3154,195,2025-08-22,9.99,successful,Net Banking
3155,195,2025-09-22,9.99,successful,Net Banking
3156,195,2025-10-22,9.99,successful,Net Banking
3157,195,2025-11-22,9.99,successful,Card
3158,195,2025-12-22,9.99,successful,Net Banking
3159,195,2026-01-22,9.99,successful,Net Banking
3160,195,2026-02-22,9.99,successful,Card
3161,195,2026-03-22,9.99,successful,Card
3162,195,2026-04-22,9.99,successful,Wallet
3163,195,2026-05-22,9.99,successful,Wallet
3164,195,2026-06-22,9.99,successful,UPI
3165,195,2026-07-22,9.99,successful,Card
3166,195,2026-08-22,9.99,failed,Card
3167,195,2026-09-22,9.99,successful,Wallet
3168,196,2025-05-04,399.0,successful,Net Banking
3169,196,2026-05-04,399.0,successful,UPI
3170,197,2026-06-02,9.99,successful,Card
3171,197,2026-07-02,9.99,successful,Net Banking
3172,197,2026-08-02,9.99,successful,Card
3173,197,2026-09-02,9.99,successful,Card
3174,198,2024-01-20,19.99,refunded,UPI
3175,198,2024-02-20,19.99,successful,UPI
3176,198,2024-03-20,19.99,successful,Card
3177,198,2024-04-20,19.99,successful,Wallet
3178,198,2024-05-20,19.99,successful,UPI
3179,198,2024-06-20,19.99,successful,Card
3180,198,2024-07-20,19.99,successful,Net Banking
3181,198,2024-08-20,19.99,failed,Wallet
3182,198,2024-09-20,19.99,successful,Net Banking
3183,198,2024-10-20,19.99,successful,Card
3184,198,2024-11-20,19.99,successful,Card
3185,198,2024-12-20,19.99,successful,Net Banking
3186,198,2025-01-20,19.99,successful,Net Banking
3187,198,2025-02-20,19.99,successful,Wallet
3188,198,2025-03-20,19.99,successful,Wallet
3189,198,2025-04-20,19.99,successful,UPI
3190,198,2025-05-20,19.99,successful,UPI
3191,198,2025-06-20,19.99,successful,Wallet
3192,198,2025-07-20,19.99,successful,Card
3193,198,2025-08-20,19.99,failed,Wallet
3194,198,2025-09-20,19.99,successful,Card
3195,198,2025-10-20,19.99,successful,Card
3196,198,2025-11-20,19.99,successful,Wallet
3197,198,2025-12-20,19.99,successful,Wallet
3198,198,2026-01-20,19.99,refunded,Card
3199,198,2026-02-20,19.99,successful,Card
3200,198,2026-03-20,19.99,failed,Card
3201,198,2026-04-20,19.99,successful,Card
3202,198,2026-05-20,19.99,successful,Net Banking
3203,198,2026-06-20,19.99,successful,Card
3204,198,2026-07-20,19.99,successful,UPI
3205,198,2026-08-20,19.99,successful,Wallet
3206,198,2026-09-20,19.99,successful,Net Banking
3207,199,2026-02-27,9.99,successful,Net Banking
3208,199,2026-03-27,9.99,successful,Net Banking
3209,199,2026-04-27,9.99,successful,Wallet
3210,199,2026-05-27,9.99,successful,Card
3211,199,2026-06-27,9.99,successful,Wallet
3212,199,2026-07-27,9.99,successful,Wallet
3213,199,2026-08-27,9.99,successful,UPI
3214,199,2026-09-27,9.99,successful,Net Banking
3215,200,2025-12-12,39.99,successful,Wallet
3216,200,2026-01-12,39.99,successful,Wallet
3217,200,2026-02-12,39.99,successful,Net Banking
3218,200,2026-03-12,39.99,successful,Net Banking
3219,200,2026-04-12,39.99,successful,Card
3220,200,2026-05-12,39.99,successful,UPI
3221,200,2026-06-12,39.99,failed,UPI
3222,201,2024-12-30,19.99,successful,Card
3223,201,2025-01-30,19.99,successful,Card
3224,201,2025-02-28,19.99,successful,Net Banking
3225,201,2025-03-28,19.99,successful,Net Banking
3226,201,2025-04-28,19.99,successful,Wallet
3227,201,2025-05-28,19.99,successful,Wallet
3228,201,2025-06-28,19.99,successful,Wallet
3229,201,2025-07-28,19.99,successful,Net Banking
3230,201,2025-08-28,19.99,successful,Wallet
3231,201,2025-09-28,19.99,failed,Net Banking
3232,201,2025-10-28,19.99,successful,Card
3233,201,2025-11-28,19.99,successful,Wallet
3234,201,2025-12-28,19.99,successful,Net Banking
3235,201,2026-01-28,19.99,successful,Net Banking
3236,201,2026-02-28,19.99,successful,Wallet
3237,201,2026-03-28,19.99,successful,Wallet
3238,201,2026-04-28,19.99,successful,Card
3239,201,2026-05-28,19.99,successful,Card
3240,201,2026-06-28,19.99,successful,Card
3241,201,2026-07-28,19.99,successful,UPI
3242,201,2026-08-28,19.99,successful,Card
3243,201,2026-09-28,19.99,successful,UPI
3244,202,2023-09-04,9.99,successful,Card
3245,202,2023-10-04,9.99,successful,Wallet
3246,202,2023-11-04,9.99,successful,Card
3247,202,2023-12-04,9.99,successful,Card
3248,202,2024-01-04,9.99,successful,UPI
3249,202,2024-02-04,9.99,successful,Card
3250,202,2024-03-04,9.99,refunded,Card
3251,202,2024-04-04,9.99,successful,UPI
3252,202,2024-05-04,9.99,successful,UPI
3253,202,2024-06-04,9.99,successful,Card
3254,202,2024-07-04,9.99,successful,Net Banking
3255,202,2024-08-04,9.99,successful,UPI
3256,202,2024-09-04,9.99,successful,Wallet
3257,202,2024-10-04,9.99,successful,Wallet
3258,202,2024-11-04,9.99,successful,Net Banking
3259,202,2024-12-04,9.99,successful,Card
3260,202,2025-01-04,9.99,successful,UPI
3261,202,2025-02-04,9.99,failed,Card
3262,202,2025-03-04,9.99,successful,Wallet
3263,202,2025-04-04,9.99,successful,Wallet
3264,202,2025-05-04,9.99,successful,Wallet
3265,202,2025-06-04,9.99,failed,Net Banking
3266,202,2025-07-04,9.99,successful,Net Banking
3267,202,2025-08-04,9.99,refunded,UPI
3268,202,2025-09-04,9.99,successful,Net Banking
3269,202,2025-10-04,9.99,successful,Net Banking
3270,202,2025-11-04,9.99,successful,Net Banking
3271,202,2025-12-04,9.99,successful,Card
3272,202,2026-01-04,9.99,successful,Card
3273,202,2026-02-04,9.99,successful,Card
3274,202,2026-03-04,9.99,successful,Wallet
3275,202,2026-04-04,9.99,successful,Net Banking
3276,202,2026-05-04,9.99,successful,Net Banking
3277,202,2026-06-04,9.99,successful,Net Banking
3278,202,2026-07-04,9.99,successful,Wallet
3279,202,2026-08-04,9.99,refunded,UPI
3280,202,2026-09-04,9.99,successful,Net Banking
3281,203,2025-04-15,19.99,successful,Wallet
3282,203,2025-05-15,19.99,successful,Card
3283,203,2025-06-15,19.99,successful,Wallet
3284,203,2025-07-15,19.99,successful,UPI
3285,203,2025-08-15,19.99,failed,Wallet
3286,203,2025-09-15,19.99,successful,Wallet
3287,203,2025-10-15,19.99,successful,Net Banking
3288,203,2025-11-15,19.99,successful,Card
3289,203,2025-12-15,19.99,successful,Net Banking
3290,203,2026-01-15,19.99,successful,UPI
3291,203,2026-02-15,19.99,successful,Wallet
3292,203,2026-03-15,19.99,successful,UPI
3293,204,2026-04-26,39.99,successful,Card
3294,204,2026-05-26,39.99,successful,Net Banking
3295,204,2026-06-26,39.99,successful,Net Banking
3296,204,2026-07-26,39.99,failed,Card
3297,204,2026-08-26,39.99,successful,UPI
3298,204,2026-09-26,39.99,successful,Card
3299,205,2023-07-22,39.99,successful,Card
3300,205,2023-08-22,39.99,successful,Card
3301,205,2023-09-22,39.99,successful,Wallet
3302,205,2023-10-22,39.99,successful,Net Banking
3303,205,2023-11-22,39.99,successful,Net Banking
3304,205,2023-12-22,39.99,successful,UPI
3305,205,2024-01-22,39.99,successful,Net Banking
3306,206,2026-04-22,19.99,successful,Net Banking
3307,206,2026-05-22,19.99,successful,Wallet
3308,206,2026-06-22,19.99,failed,Net Banking
3309,206,2026-07-22,19.99,successful,Net Banking
3310,206,2026-08-22,19.99,successful,Wallet
3311,206,2026-09-22,19.99,successful,Net Banking
3312,207,2023-05-03,9.99,successful,Card
3313,207,2023-06-03,9.99,successful,Card
3314,207,2023-07-03,9.99,successful,Wallet
3315,207,2023-08-03,9.99,successful,Net Banking
3316,207,2023-09-03,9.99,successful,Wallet
3317,207,2023-10-03,9.99,successful,Wallet
3318,207,2023-11-03,9.99,successful,Card
3319,207,2023-12-03,9.99,successful,UPI
3320,207,2024-01-03,9.99,successful,Wallet
3321,207,2024-02-03,9.99,successful,Wallet
3322,207,2024-03-03,9.99,successful,Card
3323,207,2024-04-03,9.99,successful,Wallet
3324,207,2024-05-03,9.99,successful,UPI
3325,207,2024-06-03,9.99,failed,Wallet
3326,207,2024-07-03,9.99,successful,Card
3327,207,2024-08-03,9.99,successful,UPI
3328,207,2024-09-03,9.99,successful,Card
3329,207,2024-10-03,9.99,successful,UPI
3330,207,2024-11-03,9.99,successful,Net Banking
3331,207,2024-12-03,9.99,successful,UPI
3332,207,2025-01-03,9.99,successful,UPI
3333,207,2025-02-03,9.99,successful,Wallet
3334,207,2025-03-03,9.99,successful,UPI
3335,207,2025-04-03,9.99,successful,Wallet
3336,207,2025-05-03,9.99,successful,Card
3337,207,2025-06-03,9.99,successful,UPI
3338,207,2025-07-03,9.99,successful,UPI
3339,207,2025-08-03,9.99,successful,Wallet
3340,207,2025-09-03,9.99,successful,UPI
3341,207,2025-10-03,9.99,successful,Wallet
3342,207,2025-11-03,9.99,successful,UPI
3343,207,2025-12-03,9.99,successful,UPI
3344,207,2026-01-03,9.99,successful,Net Banking
3345,207,2026-02-03,9.99,successful,Card
3346,207,2026-03-03,9.99,successful,UPI
3347,207,2026-04-03,9.99,successful,Card
3348,207,2026-05-03,9.99,successful,Card
3349,207,2026-06-03,9.99,successful,UPI
3350,207,2026-07-03,9.99,successful,UPI
3351,207,2026-08-03,9.99,successful,Net Banking
3352,207,2026-09-03,9.99,successful,Net Banking
3353,208,2024-02-05,19.99,successful,Card
3354,208,2024-03-05,19.99,successful,UPI
3355,208,2024-04-05,19.99,successful,Card
3356,208,2024-05-05,19.99,successful,Wallet
3357,208,2024-06-05,19.99,successful,Net Banking
3358,208,2024-07-05,19.99,successful,Net Banking
3359,208,2024-08-05,19.99,successful,Net Banking
3360,208,2024-09-05,19.99,successful,Wallet
3361,208,2024-10-05,19.99,successful,Wallet
3362,208,2024-11-05,19.99,successful,Card
3363,208,2024-12-05,19.99,successful,UPI
3364,208,2025-01-05,19.99,successful,Card
3365,208,2025-02-05,19.99,successful,Wallet
3366,208,2025-03-05,19.99,successful,UPI
3367,208,2025-04-05,19.99,successful,UPI
3368,208,2025-05-05,19.99,successful,Wallet
3369,208,2025-06-05,19.99,refunded,UPI
3370,209,2025-02-05,9.99,failed,Wallet
3371,209,2025-03-05,9.99,successful,Wallet
3372,209,2025-04-05,9.99,successful,Card
3373,209,2025-05-05,9.99,successful,Card
3374,209,2025-06-05,9.99,failed,Wallet
3375,209,2025-07-05,9.99,failed,Wallet
3376,209,2025-08-05,9.99,successful,Wallet
3377,209,2025-09-05,9.99,successful,Net Banking
3378,209,2025-10-05,9.99,successful,Wallet
3379,209,2025-11-05,9.99,successful,Net Banking
3380,209,2025-12-05,9.99,successful,UPI
3381,209,2026-01-05,9.99,successful,Net Banking
3382,209,2026-02-05,9.99,successful,Net Banking
3383,209,2026-03-05,9.99,successful,Card
3384,209,2026-04-05,9.99,successful,Net Banking
3385,209,2026-05-05,9.99,successful,UPI
3386,209,2026-06-05,9.99,successful,Net Banking
3387,209,2026-07-05,9.99,successful,Wallet
3388,209,2026-08-05,9.99,successful,Net Banking
3389,209,2026-09-05,9.99,successful,Wallet
3390,210,2023-10-21,9.99,successful,UPI
3391,210,2023-11-21,9.99,successful,Card
3392,210,2023-12-21,9.99,successful,Wallet
3393,210,2024-01-21,9.99,successful,Card
3394,210,2024-02-21,9.99,successful,UPI
3395,210,2024-03-21,9.99,successful,UPI
3396,210,2024-04-21,9.99,successful,Net Banking
3397,210,2024-05-21,9.99,successful,Wallet
3398,210,2024-06-21,9.99,successful,Net Banking
3399,210,2024-07-21,9.99,failed,Card
3400,210,2024-08-21,9.99,successful,Wallet
3401,210,2024-09-21,9.99,successful,Wallet
3402,210,2024-10-21,9.99,successful,UPI
3403,210,2024-11-21,9.99,successful,UPI
3404,210,2024-12-21,9.99,refunded,Wallet
3405,210,2025-01-21,9.99,successful,Net Banking
3406,210,2025-02-21,9.99,successful,Card
3407,210,2025-03-21,9.99,successful,Wallet
3408,210,2025-04-21,9.99,successful,Net Banking
3409,210,2025-05-21,9.99,successful,Card
3410,210,2025-06-21,9.99,successful,UPI
3411,210,2025-07-21,9.99,successful,Wallet
3412,210,2025-08-21,9.99,successful,Wallet
3413,210,2025-09-21,9.99,successful,UPI
3414,210,2025-10-21,9.99,successful,UPI
3415,210,2025-11-21,9.99,failed,Net Banking
3416,210,2025-12-21,9.99,successful,Card
3417,210,2026-01-21,9.99,successful,UPI
3418,210,2026-02-21,9.99,successful,Card
3419,210,2026-03-21,9.99,successful,Card
3420,210,2026-04-21,9.99,successful,Net Banking
3421,210,2026-05-21,9.99,successful,Net Banking
3422,210,2026-06-21,9.99,successful,Card
3423,210,2026-07-21,9.99,successful,Card
3424,210,2026-08-21,9.99,successful,Wallet
3425,210,2026-09-21,9.99,successful,UPI
3426,211,2023-10-07,19.99,successful,UPI
3427,211,2023-11-07,19.99,successful,Net Banking
3428,211,2023-12-07,19.99,failed,Net Banking
3429,211,2024-01-07,19.99,successful,UPI
3430,211,2024-02-07,19.99,successful,Wallet
3431,211,2024-03-07,19.99,successful,Wallet
3432,211,2024-04-07,19.99,successful,UPI
3433,211,2024-05-07,19.99,successful,UPI
3434,211,2024-06-07,19.99,successful,Wallet
3435,211,2024-07-07,19.99,successful,Net Banking
3436,211,2024-08-07,19.99,successful,Card
3437,211,2024-09-07,19.99,successful,Card
3438,211,2024-10-07,19.99,refunded,UPI
3439,211,2024-11-07,19.99,successful,Net Banking
3440,211,2024-12-07,19.99,successful,Net Banking
3441,211,2025-01-07,19.99,successful,Wallet
3442,211,2025-02-07,19.99,successful,Net Banking
3443,211,2025-03-07,19.99,successful,Net Banking
3444,211,2025-04-07,19.99,successful,Wallet
3445,211,2025-05-07,19.99,successful,Wallet
3446,211,2025-06-07,19.99,successful,UPI
3447,211,2025-07-07,19.99,failed,Wallet
3448,211,2025-08-07,19.99,successful,Wallet
3449,211,2025-09-07,19.99,successful,Card
3450,211,2025-10-07,19.99,successful,Card
3451,211,2025-11-07,19.99,successful,UPI
3452,211,2025-12-07,19.99,successful,Wallet
3453,211,2026-01-07,19.99,successful,Card
3454,211,2026-02-07,19.99,successful,Net Banking
3455,211,2026-03-07,19.99,successful,Net Banking
3456,211,2026-04-07,19.99,successful,Wallet
3457,211,2026-05-07,19.99,failed,Net Banking
3458,211,2026-06-07,19.99,successful,Wallet
3459,211,2026-07-07,19.99,successful,Net Banking
3460,211,2026-08-07,19.99,successful,Net Banking
3461,211,2026-09-07,19.99,successful,UPI
3462,212,2025-06-02,9.99,successful,Wallet
3463,212,2025-07-02,9.99,successful,Card
3464,212,2025-08-02,9.99,successful,Wallet
3465,212,2025-09-02,9.99,successful,Wallet
3466,212,2025-10-02,9.99,successful,UPI
3467,212,2025-11-02,9.99,successful,Card
3468,212,2025-12-02,9.99,successful,Wallet
3469,212,2026-01-02,9.99,successful,Net Banking
3470,212,2026-02-02,9.99,successful,UPI
3471,212,2026-03-02,9.99,successful,Net Banking
3472,212,2026-04-02,9.99,successful,Net Banking
3473,212,2026-05-02,9.99,successful,Wallet
3474,212,2026-06-02,9.99,failed,Card
3475,212,2026-07-02,9.99,successful,UPI
3476,212,2026-08-02,9.99,successful,Wallet
3477,212,2026-09-02,9.99,failed,Wallet
3478,213,2023-07-17,19.99,successful,UPI
3479,213,2023-08-17,19.99,successful,Wallet
3480,213,2023-09-17,19.99,successful,Card
3481,214,2025-09-08,9.99,successful,UPI
3482,214,2025-10-08,9.99,successful,Card
3483,214,2025-11-08,9.99,successful,Net Banking
3484,214,2025-12-08,9.99,successful,Net Banking
3485,214,2026-01-08,9.99,successful,UPI
3486,214,2026-02-08,9.99,successful,Wallet
3487,214,2026-03-08,9.99,successful,Card
3488,214,2026-04-08,9.99,successful,Net Banking
3489,214,2026-05-08,9.99,successful,UPI
3490,214,2026-06-08,9.99,successful,Net Banking
3491,214,2026-07-08,9.99,successful,UPI
3492,214,2026-08-08,9.99,successful,Card
3493,214,2026-09-08,9.99,successful,Wallet
3494,215,2025-01-21,39.99,successful,Wallet
3495,215,2025-02-21,39.99,successful,Wallet
3496,215,2025-03-21,39.99,successful,Net Banking
3497,215,2025-04-21,39.99,successful,UPI
3498,215,2025-05-21,39.99,successful,Card
3499,215,2025-06-21,39.99,successful,Wallet
3500,215,2025-07-21,39.99,successful,Card
3501,215,2025-08-21,39.99,successful,Card
3502,215,2025-09-21,39.99,successful,Net Banking
3503,215,2025-10-21,39.99,successful,Wallet
3504,215,2025-11-21,39.99,successful,Wallet
3505,215,2025-12-21,39.99,successful,Card
3506,215,2026-01-21,39.99,successful,Wallet
3507,215,2026-02-21,39.99,successful,UPI
3508,215,2026-03-21,39.99,successful,Card
3509,215,2026-04-21,39.99,successful,Card
3510,215,2026-05-21,39.99,successful,Wallet
3511,215,2026-06-21,39.99,successful,Net Banking
3512,216,2026-08-18,59.99,successful,Card
3513,216,2026-09-18,59.99,successful,Card
3514,217,2023-05-24,59.99,successful,UPI
3515,217,2023-06-24,59.99,successful,Net Banking
3516,217,2023-07-24,59.99,successful,Card
3517,217,2023-08-24,59.99,successful,Net Banking
3518,217,2023-09-24,59.99,successful,UPI
3519,217,2023-10-24,59.99,successful,Wallet
3520,217,2023-11-24,59.99,successful,Wallet
3521,217,2023-12-24,59.99,successful,Wallet
3522,217,2024-01-24,59.99,successful,Net Banking
3523,217,2024-02-24,59.99,failed,Card
3524,217,2024-03-24,59.99,successful,Card
3525,217,2024-04-24,59.99,successful,Wallet
3526,217,2024-05-24,59.99,successful,UPI
3527,217,2024-06-24,59.99,successful,UPI
3528,217,2024-07-24,59.99,successful,Net Banking
3529,217,2024-08-24,59.99,successful,Wallet
3530,217,2024-09-24,59.99,successful,Net Banking
3531,217,2024-10-24,59.99,successful,Wallet
3532,217,2024-11-24,59.99,successful,UPI
3533,217,2024-12-24,59.99,successful,Wallet
3534,217,2025-01-24,59.99,successful,Net Banking
3535,217,2025-02-24,59.99,successful,Wallet
3536,217,2025-03-24,59.99,successful,Net Banking
3537,217,2025-04-24,59.99,successful,Wallet
3538,217,2025-05-24,59.99,successful,Net Banking
3539,217,2025-06-24,59.99,failed,UPI
3540,217,2025-07-24,59.99,successful,Wallet
3541,217,2025-08-24,59.99,successful,Card
3542,217,2025-09-24,59.99,successful,UPI
3543,217,2025-10-24,59.99,successful,UPI
3544,217,2025-11-24,59.99,successful,Card
3545,217,2025-12-24,59.99,successful,Card
3546,217,2026-01-24,59.99,successful,UPI
3547,217,2026-02-24,59.99,successful,UPI
3548,217,2026-03-24,59.99,successful,Net Banking
3549,217,2026-04-24,59.99,successful,Net Banking
3550,217,2026-05-24,59.99,successful,Card
3551,217,2026-06-24,59.99,failed,UPI
3552,217,2026-07-24,59.99,successful,Wallet
3553,217,2026-08-24,59.99,successful,UPI
3554,217,2026-09-24,59.99,successful,Card
3555,218,2024-08-31,19.99,successful,Card
3556,218,2024-09-30,19.99,refunded,UPI
3557,218,2024-10-30,19.99,successful,Card
3558,218,2024-11-30,19.99,successful,Wallet
3559,218,2024-12-30,19.99,successful,Net Banking
3560,218,2025-01-30,19.99,successful,Wallet
3561,218,2025-02-28,19.99,successful,Net Banking
3562,218,2025-03-28,19.99,successful,Wallet
3563,218,2025-04-28,19.99,successful,Net Banking
3564,218,2025-05-28,19.99,successful,Wallet
3565,218,2025-06-28,19.99,successful,Net Banking
3566,218,2025-07-28,19.99,successful,Card
3567,218,2025-08-28,19.99,refunded,Card
3568,218,2025-09-28,19.99,successful,UPI
3569,218,2025-10-28,19.99,successful,Card
3570,218,2025-11-28,19.99,successful,Card
3571,218,2025-12-28,19.99,successful,Card
3572,218,2026-01-28,19.99,successful,Net Banking
3573,218,2026-02-28,19.99,successful,Wallet
3574,218,2026-03-28,19.99,successful,UPI
3575,218,2026-04-28,19.99,successful,Wallet
3576,218,2026-05-28,19.99,successful,Card
3577,218,2026-06-28,19.99,successful,Card
3578,218,2026-07-28,19.99,successful,Wallet
3579,218,2026-08-28,19.99,successful,UPI
3580,218,2026-09-28,19.99,successful,Card
3581,219,2026-05-09,39.99,successful,Card
3582,219,2026-06-09,39.99,successful,Net Banking
3583,219,2026-07-09,39.99,successful,Card
3584,219,2026-08-09,39.99,successful,Wallet
3585,219,2026-09-09,39.99,successful,Card
3586,220,2026-02-21,9.99,successful,UPI
3587,220,2026-03-21,9.99,successful,Card
3588,220,2026-04-21,9.99,successful,Wallet
3589,220,2026-05-21,9.99,successful,Wallet
3590,220,2026-06-21,9.99,successful,Card
3591,220,2026-07-21,9.99,successful,Card
3592,220,2026-08-21,9.99,successful,UPI
3593,220,2026-09-21,9.99,successful,UPI
3594,221,2023-07-06,9.99,successful,UPI
3595,221,2023-08-06,9.99,successful,UPI
3596,221,2023-09-06,9.99,successful,Wallet
3597,221,2023-10-06,9.99,successful,Wallet
3598,221,2023-11-06,9.99,failed,UPI
3599,221,2023-12-06,9.99,successful,Card
3600,221,2024-01-06,9.99,successful,Net Banking
3601,221,2024-02-06,9.99,successful,Wallet
3602,221,2024-03-06,9.99,successful,UPI
3603,221,2024-04-06,9.99,refunded,UPI
3604,221,2024-05-06,9.99,successful,Wallet
3605,221,2024-06-06,9.99,successful,Wallet
3606,221,2024-07-06,9.99,successful,Card
3607,221,2024-08-06,9.99,successful,UPI
3608,221,2024-09-06,9.99,successful,Net Banking
3609,221,2024-10-06,9.99,successful,Card
3610,222,2024-04-08,19.99,successful,Net Banking
3611,222,2024-05-08,19.99,successful,Card
3612,222,2024-06-08,19.99,successful,Card
3613,222,2024-07-08,19.99,successful,UPI
3614,222,2024-08-08,19.99,successful,Net Banking
3615,222,2024-09-08,19.99,successful,Net Banking
3616,222,2024-10-08,19.99,successful,UPI
3617,222,2024-11-08,19.99,successful,Card
3618,222,2024-12-08,19.99,successful,Net Banking
3619,222,2025-01-08,19.99,successful,Card
3620,223,2024-10-21,9.99,successful,Card
3621,223,2024-11-21,9.99,successful,UPI
3622,223,2024-12-21,9.99,failed,Net Banking
3623,223,2025-01-21,9.99,successful,UPI
3624,223,2025-02-21,9.99,successful,Wallet
3625,223,2025-03-21,9.99,successful,Wallet
3626,223,2025-04-21,9.99,successful,Card
3627,223,2025-05-21,9.99,successful,Wallet
3628,223,2025-06-21,9.99,successful,Wallet
3629,223,2025-07-21,9.99,successful,Card
3630,223,2025-08-21,9.99,successful,UPI
3631,223,2025-09-21,9.99,successful,Net Banking
3632,223,2025-10-21,9.99,successful,Net Banking
3633,223,2025-11-21,9.99,successful,Net Banking
3634,223,2025-12-21,9.99,successful,Wallet
3635,223,2026-01-21,9.99,successful,Net Banking
3636,223,2026-02-21,9.99,successful,UPI
3637,223,2026-03-21,9.99,successful,Wallet
3638,223,2026-04-21,9.99,successful,Wallet
3639,223,2026-05-21,9.99,failed,Card
3640,223,2026-06-21,9.99,successful,UPI
3641,223,2026-07-21,9.99,failed,Net Banking
3642,223,2026-08-21,9.99,successful,Wallet
3643,223,2026-09-21,9.99,successful,UPI
3644,224,2025-02-02,9.99,successful,Net Banking
3645,224,2025-03-02,9.99,successful,Wallet
3646,224,2025-04-02,9.99,successful,UPI
3647,224,2025-05-02,9.99,successful,UPI
3648,224,2025-06-02,9.99,successful,UPI
3649,224,2025-07-02,9.99,successful,Wallet
3650,224,2025-08-02,9.99,failed,UPI
3651,224,2025-09-02,9.99,successful,UPI
3652,224,2025-10-02,9.99,successful,Card
3653,224,2025-11-02,9.99,successful,Net Banking
3654,224,2025-12-02,9.99,failed,Net Banking
3655,224,2026-01-02,9.99,successful,UPI
3656,224,2026-02-02,9.99,successful,Net Banking
3657,224,2026-03-02,9.99,successful,Net Banking
3658,224,2026-04-02,9.99,successful,Net Banking
3659,224,2026-05-02,9.99,successful,Net Banking
3660,224,2026-06-02,9.99,successful,Wallet
3661,224,2026-07-02,9.99,successful,Card
3662,224,2026-08-02,9.99,failed,UPI
3663,224,2026-09-02,9.99,successful,Wallet
3664,225,2025-08-12,19.99,successful,Net Banking
3665,225,2025-09-12,19.99,successful,Card
3666,225,2025-10-12,19.99,successful,Net Banking
3667,225,2025-11-12,19.99,successful,Card
3668,225,2025-12-12,19.99,failed,Wallet
3669,225,2026-01-12,19.99,successful,Card
3670,225,2026-02-12,19.99,successful,Wallet
3671,225,2026-03-12,19.99,successful,Card
3672,225,2026-04-12,19.99,failed,UPI
3673,225,2026-05-12,19.99,successful,Card
3674,225,2026-06-12,19.99,successful,Card
3675,225,2026-07-12,19.99,successful,Net Banking
3676,225,2026-08-12,19.99,successful,Card
3677,225,2026-09-12,19.99,successful,Net Banking
3678,226,2024-02-07,39.99,successful,Wallet
3679,226,2024-03-07,39.99,successful,Card
3680,226,2024-04-07,39.99,successful,Net Banking
3681,226,2024-05-07,39.99,successful,UPI
3682,226,2024-06-07,39.99,successful,Wallet
3683,226,2024-07-07,39.99,successful,UPI
3684,226,2024-08-07,39.99,successful,UPI
3685,226,2024-09-07,39.99,successful,Net Banking
3686,226,2024-10-07,39.99,successful,UPI
3687,226,2024-11-07,39.99,failed,Card
3688,226,2024-12-07,39.99,successful,Wallet
3689,226,2025-01-07,39.99,failed,Net Banking
3690,226,2025-02-07,39.99,failed,Card
3691,226,2025-03-07,39.99,successful,Wallet
3692,226,2025-04-07,39.99,successful,UPI
3693,226,2025-05-07,39.99,successful,UPI
3694,226,2025-06-07,39.99,successful,Wallet
3695,226,2025-07-07,39.99,successful,Wallet
3696,226,2025-08-07,39.99,refunded,Wallet
3697,226,2025-09-07,39.99,successful,Card
3698,226,2025-10-07,39.99,successful,Net Banking
3699,226,2025-11-07,39.99,successful,UPI
3700,226,2025-12-07,39.99,successful,Card
3701,226,2026-01-07,39.99,successful,UPI
3702,226,2026-02-07,39.99,successful,UPI
3703,226,2026-03-07,39.99,successful,Card
3704,226,2026-04-07,39.99,successful,UPI
3705,226,2026-05-07,39.99,successful,Wallet
3706,226,2026-06-07,39.99,successful,Wallet
3707,226,2026-07-07,39.99,successful,Card
3708,226,2026-08-07,39.99,successful,Wallet
3709,226,2026-09-07,39.99,successful,Net Banking
3710,227,2023-05-27,19.99,successful,Net Banking
3711,227,2023-06-27,19.99,successful,Wallet
3712,227,2023-07-27,19.99,successful,Net Banking
3713,227,2023-08-27,19.99,successful,UPI
3714,227,2023-09-27,19.99,successful,Net Banking
3715,227,2023-10-27,19.99,successful,Net Banking
3716,227,2023-11-27,19.99,successful,Net Banking
3717,227,2023-12-27,19.99,successful,Net Banking
3718,227,2024-01-27,19.99,successful,Wallet
3719,227,2024-02-27,19.99,successful,Card
3720,227,2024-03-27,19.99,successful,UPI
3721,227,2024-04-27,19.99,successful,UPI
3722,227,2024-05-27,19.99,successful,Card
3723,227,2024-06-27,19.99,successful,Net Banking
3724,227,2024-07-27,19.99,successful,Wallet
3725,227,2024-08-27,19.99,successful,Net Banking
3726,227,2024-09-27,19.99,successful,UPI
3727,227,2024-10-27,19.99,successful,Wallet
3728,227,2024-11-27,19.99,successful,Wallet
3729,227,2024-12-27,19.99,successful,Net Banking
3730,227,2025-01-27,19.99,successful,Net Banking
3731,227,2025-02-27,19.99,successful,Card
3732,227,2025-03-27,19.99,successful,Net Banking
3733,227,2025-04-27,19.99,successful,UPI
3734,227,2025-05-27,19.99,successful,Net Banking
3735,227,2025-06-27,19.99,successful,UPI
3736,227,2025-07-27,19.99,successful,Net Banking
3737,227,2025-08-27,19.99,successful,Net Banking
3738,227,2025-09-27,19.99,successful,Wallet
3739,227,2025-10-27,19.99,successful,UPI
3740,227,2025-11-27,19.99,successful,UPI
3741,227,2025-12-27,19.99,successful,Net Banking
3742,227,2026-01-27,19.99,successful,UPI
3743,227,2026-02-27,19.99,failed,Card
3744,227,2026-03-27,19.99,successful,Net Banking
3745,227,2026-04-27,19.99,successful,Card
3746,227,2026-05-27,19.99,successful,Wallet
3747,227,2026-06-27,19.99,successful,UPI
3748,227,2026-07-27,19.99,successful,Card
3749,227,2026-08-27,19.99,successful,Wallet
3750,227,2026-09-27,19.99,successful,Wallet
3751,228,2026-03-17,39.99,successful,Net Banking
3752,228,2026-04-17,39.99,successful,UPI
3753,228,2026-05-17,39.99,successful,Card
3754,229,2025-05-13,9.99,successful,Net Banking
3755,229,2025-06-13,9.99,successful,Wallet
3756,229,2025-07-13,9.99,successful,Wallet
3757,229,2025-08-13,9.99,successful,UPI
3758,229,2025-09-13,9.99,successful,Net Banking
3759,229,2025-10-13,9.99,successful,Card
3760,229,2025-11-13,9.99,successful,Wallet
3761,229,2025-12-13,9.99,failed,Card
3762,230,2024-05-03,19.99,successful,Card
3763,230,2024-06-03,19.99,successful,Card
3764,230,2024-07-03,19.99,successful,Wallet
3765,230,2024-08-03,19.99,successful,Wallet
3766,230,2024-09-03,19.99,successful,Card
3767,230,2024-10-03,19.99,failed,Card
3768,230,2024-11-03,19.99,successful,Card
3769,230,2024-12-03,19.99,successful,Card
3770,230,2025-01-03,19.99,successful,Wallet
3771,230,2025-02-03,19.99,successful,Net Banking
3772,230,2025-03-03,19.99,successful,UPI
3773,230,2025-04-03,19.99,successful,Wallet
3774,230,2025-05-03,19.99,successful,Wallet
3775,230,2025-06-03,19.99,successful,Card
3776,230,2025-07-03,19.99,successful,Wallet
3777,230,2025-08-03,19.99,successful,UPI
3778,230,2025-09-03,19.99,successful,Card
3779,230,2025-10-03,19.99,successful,Net Banking
3780,230,2025-11-03,19.99,successful,UPI
3781,230,2025-12-03,19.99,successful,Card
3782,230,2026-01-03,19.99,successful,UPI
3783,230,2026-02-03,19.99,successful,Wallet
3784,230,2026-03-03,19.99,successful,Net Banking
3785,230,2026-04-03,19.99,successful,Card
3786,230,2026-05-03,19.99,successful,UPI
3787,230,2026-06-03,19.99,successful,Card
3788,230,2026-07-03,19.99,successful,UPI
3789,230,2026-08-03,19.99,successful,Wallet
3790,230,2026-09-03,19.99,successful,Card
3791,231,2025-07-17,19.99,successful,Net Banking
3792,231,2025-08-17,19.99,successful,UPI
3793,231,2025-09-17,19.99,successful,Wallet
3794,231,2025-10-17,19.99,successful,UPI
3795,231,2025-11-17,19.99,successful,UPI
3796,231,2025-12-17,19.99,successful,UPI
3797,231,2026-01-17,19.99,successful,Card
3798,231,2026-02-17,19.99,refunded,UPI
3799,231,2026-03-17,19.99,successful,UPI
3800,231,2026-04-17,19.99,successful,UPI
3801,231,2026-05-17,19.99,successful,Wallet
3802,231,2026-06-17,19.99,successful,Card
3803,231,2026-07-17,19.99,successful,Card
3804,231,2026-08-17,19.99,successful,Card
3805,231,2026-09-17,19.99,successful,Net Banking
3806,232,2024-07-04,9.99,successful,UPI
3807,232,2024-08-04,9.99,successful,Card
3808,232,2024-09-04,9.99,successful,UPI
3809,232,2024-10-04,9.99,successful,Wallet
3810,232,2024-11-04,9.99,failed,Card
3811,232,2024-12-04,9.99,successful,UPI
3812,232,2025-01-04,9.99,successful,Net Banking
3813,232,2025-02-04,9.99,successful,Wallet
3814,232,2025-03-04,9.99,successful,Net Banking
3815,232,2025-04-04,9.99,successful,Net Banking
3816,232,2025-05-04,9.99,successful,Wallet
3817,232,2025-06-04,9.99,successful,Net Banking
3818,232,2025-07-04,9.99,successful,Wallet
3819,232,2025-08-04,9.99,successful,UPI
3820,232,2025-09-04,9.99,successful,Wallet
3821,232,2025-10-04,9.99,successful,Net Banking
3822,232,2025-11-04,9.99,successful,Card
3823,232,2025-12-04,9.99,successful,Net Banking
3824,232,2026-01-04,9.99,successful,Wallet
3825,232,2026-02-04,9.99,successful,Wallet
3826,232,2026-03-04,9.99,successful,UPI
3827,232,2026-04-04,9.99,successful,Net Banking
3828,232,2026-05-04,9.99,successful,Wallet
3829,232,2026-06-04,9.99,successful,Net Banking
3830,232,2026-07-04,9.99,successful,Card
3831,232,2026-08-04,9.99,successful,UPI
3832,232,2026-09-04,9.99,refunded,Wallet
3833,233,2023-12-04,19.99,successful,Net Banking
3834,233,2024-01-04,19.99,successful,Card
3835,233,2024-02-04,19.99,successful,Wallet
3836,233,2024-03-04,19.99,failed,Net Banking
3837,233,2024-04-04,19.99,successful,Card
3838,233,2024-05-04,19.99,successful,Wallet
3839,233,2024-06-04,19.99,successful,Card
3840,233,2024-07-04,19.99,successful,Net Banking
3841,233,2024-08-04,19.99,successful,Wallet
3842,234,2025-05-21,19.99,successful,Net Banking
3843,234,2025-06-21,19.99,successful,Wallet
3844,234,2025-07-21,19.99,successful,Net Banking
3845,234,2025-08-21,19.99,failed,Wallet
3846,234,2025-09-21,19.99,successful,Net Banking
3847,234,2025-10-21,19.99,successful,Net Banking
3848,234,2025-11-21,19.99,successful,Wallet
3849,234,2025-12-21,19.99,successful,Net Banking
3850,234,2026-01-21,19.99,successful,UPI
3851,234,2026-02-21,19.99,successful,Wallet
3852,234,2026-03-21,19.99,successful,UPI
3853,234,2026-04-21,19.99,successful,Net Banking
3854,234,2026-05-21,19.99,successful,UPI
3855,234,2026-06-21,19.99,successful,Wallet
3856,234,2026-07-21,19.99,failed,UPI
3857,234,2026-08-21,19.99,successful,UPI
3858,234,2026-09-21,19.99,failed,Net Banking
3859,235,2024-10-02,19.99,successful,Net Banking
3860,235,2024-11-02,19.99,successful,Wallet
3861,235,2024-12-02,19.99,successful,Card
3862,235,2025-01-02,19.99,successful,Card
3863,235,2025-02-02,19.99,successful,UPI
3864,235,2025-03-02,19.99,successful,Wallet
3865,235,2025-04-02,19.99,successful,UPI
3866,235,2025-05-02,19.99,successful,Card
3867,235,2025-06-02,19.99,successful,Net Banking
3868,235,2025-07-02,19.99,successful,Card
3869,235,2025-08-02,19.99,successful,UPI
3870,235,2025-09-02,19.99,successful,Card
3871,235,2025-10-02,19.99,successful,Card
3872,235,2025-11-02,19.99,successful,UPI
3873,235,2025-12-02,19.99,successful,Wallet
3874,235,2026-01-02,19.99,successful,UPI
3875,235,2026-02-02,19.99,successful,Card
3876,235,2026-03-02,19.99,failed,Net Banking
3877,235,2026-04-02,19.99,successful,Wallet
3878,235,2026-05-02,19.99,successful,Card
3879,235,2026-06-02,19.99,successful,UPI
3880,235,2026-07-02,19.99,successful,Net Banking
3881,235,2026-08-02,19.99,successful,Card
3882,235,2026-09-02,19.99,successful,Card
3883,236,2024-04-17,9.99,failed,Wallet
3884,236,2024-05-17,9.99,successful,Net Banking
3885,236,2024-06-17,9.99,successful,Wallet
3886,236,2024-07-17,9.99,successful,Net Banking
3887,236,2024-08-17,9.99,successful,UPI
3888,236,2024-09-17,9.99,successful,UPI
3889,237,2023-05-31,19.99,successful,Net Banking
3890,237,2023-06-30,19.99,successful,Wallet
3891,237,2023-07-30,19.99,successful,UPI
3892,237,2023-08-30,19.99,successful,Wallet
3893,237,2023-09-30,19.99,successful,Net Banking
3894,237,2023-10-30,19.99,successful,Wallet
3895,237,2023-11-30,19.99,successful,Net Banking
3896,237,2023-12-30,19.99,successful,Card
3897,237,2024-01-30,19.99,refunded,Card
3898,237,2024-02-29,19.99,successful,Wallet
3899,237,2024-03-29,19.99,successful,Wallet
3900,237,2024-04-29,19.99,successful,Wallet
3901,237,2024-05-29,19.99,successful,Wallet
3902,237,2024-06-29,19.99,successful,Card
3903,237,2024-07-29,19.99,successful,UPI
3904,238,2024-08-27,59.99,successful,UPI
3905,238,2024-09-27,59.99,successful,Card
3906,238,2024-10-27,59.99,successful,Wallet
3907,238,2024-11-27,59.99,successful,Net Banking
3908,238,2024-12-27,59.99,successful,Card
3909,238,2025-01-27,59.99,successful,UPI
3910,238,2025-02-27,59.99,successful,Net Banking
3911,238,2025-03-27,59.99,successful,Card
3912,238,2025-04-27,59.99,successful,Card
3913,238,2025-05-27,59.99,successful,UPI
3914,238,2025-06-27,59.99,successful,Net Banking
3915,238,2025-07-27,59.99,successful,Wallet
3916,238,2025-08-27,59.99,successful,UPI
3917,238,2025-09-27,59.99,failed,Net Banking
3918,238,2025-10-27,59.99,successful,Card
3919,238,2025-11-27,59.99,successful,Net Banking
3920,238,2025-12-27,59.99,successful,Card
3921,238,2026-01-27,59.99,failed,Wallet
3922,238,2026-02-27,59.99,successful,UPI
3923,238,2026-03-27,59.99,successful,Net Banking
3924,238,2026-04-27,59.99,successful,Card
3925,238,2026-05-27,59.99,successful,Card
3926,238,2026-06-27,59.99,failed,Card
3927,238,2026-07-27,59.99,successful,Card
3928,238,2026-08-27,59.99,successful,UPI
3929,238,2026-09-27,59.99,successful,Card
3930,239,2023-09-20,19.99,successful,Wallet
3931,239,2023-10-20,19.99,successful,Card
3932,239,2023-11-20,19.99,successful,Card
3933,239,2023-12-20,19.99,successful,Card
3934,239,2024-01-20,19.99,successful,Card
3935,239,2024-02-20,19.99,successful,UPI
3936,239,2024-03-20,19.99,successful,UPI
3937,239,2024-04-20,19.99,successful,Net Banking
3938,239,2024-05-20,19.99,successful,Net Banking
3939,239,2024-06-20,19.99,successful,Card
3940,239,2024-07-20,19.99,successful,UPI
3941,239,2024-08-20,19.99,successful,Card
3942,239,2024-09-20,19.99,successful,Card
3943,239,2024-10-20,19.99,successful,Card
3944,239,2024-11-20,19.99,successful,Wallet
3945,239,2024-12-20,19.99,successful,Net Banking
3946,239,2025-01-20,19.99,successful,Card
3947,239,2025-02-20,19.99,successful,Card
3948,239,2025-03-20,19.99,successful,Card
3949,239,2025-04-20,19.99,successful,UPI
3950,239,2025-05-20,19.99,successful,Card
3951,239,2025-06-20,19.99,successful,Net Banking
3952,239,2025-07-20,19.99,failed,Card
3953,239,2025-08-20,19.99,refunded,Net Banking
3954,239,2025-09-20,19.99,successful,Card
3955,239,2025-10-20,19.99,successful,Card
3956,239,2025-11-20,19.99,successful,Card
3957,239,2025-12-20,19.99,successful,Wallet
3958,239,2026-01-20,19.99,successful,Net Banking
3959,239,2026-02-20,19.99,successful,Wallet
3960,239,2026-03-20,19.99,failed,Card
3961,239,2026-04-20,19.99,successful,UPI
3962,239,2026-05-20,19.99,failed,Wallet
3963,239,2026-06-20,19.99,successful,Net Banking
3964,239,2026-07-20,19.99,successful,Net Banking
3965,239,2026-08-20,19.99,successful,UPI
3966,239,2026-09-20,19.99,successful,UPI
3967,240,2023-05-24,19.99,successful,Card
3968,240,2023-06-24,19.99,successful,Wallet
3969,240,2023-07-24,19.99,successful,Card
3970,240,2023-08-24,19.99,successful,Wallet
3971,240,2023-09-24,19.99,successful,Net Banking
3972,240,2023-10-24,19.99,successful,UPI
3973,240,2023-11-24,19.99,successful,Net Banking
3974,240,2023-12-24,19.99,successful,Card
3975,240,2024-01-24,19.99,successful,Card
3976,240,2024-02-24,19.99,failed,UPI
3977,240,2024-03-24,19.99,successful,Wallet
3978,240,2024-04-24,19.99,successful,Wallet
3979,240,2024-05-24,19.99,failed,UPI
3980,241,2023-12-12,9.99,successful,Wallet
3981,241,2024-01-12,9.99,successful,Net Banking
3982,241,2024-02-12,9.99,successful,Net Banking
3983,241,2024-03-12,9.99,successful,Wallet
3984,242,2024-04-29,59.99,successful,Card
3985,242,2024-05-29,59.99,successful,Net Banking
3986,242,2024-06-29,59.99,successful,Card
3987,242,2024-07-29,59.99,failed,Wallet
3988,242,2024-08-29,59.99,successful,Net Banking
3989,242,2024-09-29,59.99,successful,Net Banking
3990,242,2024-10-29,59.99,successful,Net Banking
3991,242,2024-11-29,59.99,successful,UPI
3992,242,2024-12-29,59.99,refunded,Card
3993,242,2025-01-29,59.99,successful,Net Banking
3994,242,2025-02-28,59.99,successful,Net Banking
3995,242,2025-03-28,59.99,failed,Wallet
3996,242,2025-04-28,59.99,successful,Net Banking
3997,242,2025-05-28,59.99,successful,Net Banking
3998,242,2025-06-28,59.99,successful,UPI
3999,242,2025-07-28,59.99,successful,Card
4000,242,2025-08-28,59.99,successful,Wallet
4001,242,2025-09-28,59.99,successful,Net Banking
4002,242,2025-10-28,59.99,successful,Card
4003,242,2025-11-28,59.99,successful,Card
4004,242,2025-12-28,59.99,successful,Card
4005,242,2026-01-28,59.99,successful,Net Banking
4006,242,2026-02-28,59.99,successful,UPI
4007,242,2026-03-28,59.99,successful,Wallet
4008,242,2026-04-28,59.99,successful,Wallet
4009,242,2026-05-28,59.99,successful,Net Banking
4010,242,2026-06-28,59.99,successful,Wallet
4011,242,2026-07-28,59.99,successful,Card
4012,242,2026-08-28,59.99,successful,Card
4013,242,2026-09-28,59.99,failed,Wallet
4014,243,2024-09-15,19.99,successful,Card
4015,243,2024-10-15,19.99,successful,Card
4016,243,2024-11-15,19.99,successful,UPI
4017,243,2024-12-15,19.99,successful,Wallet
4018,243,2025-01-15,19.99,successful,Card
4019,243,2025-02-15,19.99,successful,UPI
4020,243,2025-03-15,19.99,successful,UPI
4021,243,2025-04-15,19.99,successful,UPI
4022,243,2025-05-15,19.99,successful,UPI
4023,243,2025-06-15,19.99,successful,Net Banking
4024,243,2025-07-15,19.99,successful,UPI
4025,243,2025-08-15,19.99,successful,Net Banking
4026,243,2025-09-15,19.99,refunded,Net Banking
4027,243,2025-10-15,19.99,successful,Net Banking
4028,243,2025-11-15,19.99,successful,Net Banking
4029,243,2025-12-15,19.99,successful,Card
4030,243,2026-01-15,19.99,successful,Card
4031,244,2025-10-13,19.99,successful,UPI
4032,244,2025-11-13,19.99,successful,Card
4033,244,2025-12-13,19.99,successful,Net Banking
4034,244,2026-01-13,19.99,successful,Wallet
4035,244,2026-02-13,19.99,failed,UPI
4036,244,2026-03-13,19.99,successful,UPI
4037,244,2026-04-13,19.99,failed,Card
4038,244,2026-05-13,19.99,successful,Wallet
4039,244,2026-06-13,19.99,successful,Net Banking
4040,245,2025-05-30,399.0,failed,Card
4041,245,2026-05-30,399.0,successful,Wallet
4042,246,2023-01-02,9.99,successful,Card
4043,246,2023-02-02,9.99,successful,Card
4044,246,2023-03-02,9.99,successful,Card
4045,246,2023-04-02,9.99,successful,Card
4046,246,2023-05-02,9.99,successful,Net Banking
4047,246,2023-06-02,9.99,successful,Card
4048,246,2023-07-02,9.99,successful,UPI
4049,246,2023-08-02,9.99,successful,Card
4050,246,2023-09-02,9.99,failed,Net Banking
4051,247,2025-06-15,19.99,successful,Wallet
4052,247,2025-07-15,19.99,successful,Net Banking
4053,247,2025-08-15,19.99,successful,UPI
4054,247,2025-09-15,19.99,successful,UPI
4055,247,2025-10-15,19.99,successful,UPI
4056,247,2025-11-15,19.99,successful,UPI
4057,247,2025-12-15,19.99,successful,Wallet
4058,247,2026-01-15,19.99,refunded,Card
4059,247,2026-02-15,19.99,successful,UPI
4060,247,2026-03-15,19.99,successful,Card
4061,247,2026-04-15,19.99,successful,Card
4062,247,2026-05-15,19.99,successful,Wallet
4063,247,2026-06-15,19.99,successful,UPI
4064,247,2026-07-15,19.99,successful,Wallet
4065,247,2026-08-15,19.99,successful,Card
4066,247,2026-09-15,19.99,successful,Net Banking
4067,248,2023-09-11,19.99,successful,Net Banking
4068,248,2023-10-11,19.99,failed,Net Banking
4069,248,2023-11-11,19.99,successful,Net Banking
4070,248,2023-12-11,19.99,successful,Card
4071,248,2024-01-11,19.99,successful,Net Banking
4072,248,2024-02-11,19.99,successful,Card
4073,248,2024-03-11,19.99,successful,Wallet
4074,249,2024-04-05,19.99,successful,Card
4075,249,2024-05-05,19.99,successful,Net Banking
4076,249,2024-06-05,19.99,successful,Wallet
4077,249,2024-07-05,19.99,successful,Card
4078,249,2024-08-05,19.99,successful,Wallet
4079,249,2024-09-05,19.99,successful,Wallet
4080,249,2024-10-05,19.99,successful,Wallet
4081,249,2024-11-05,19.99,successful,Net Banking
4082,250,2024-03-28,19.99,successful,Card
4083,250,2024-04-28,19.99,successful,Net Banking
4084,250,2024-05-28,19.99,successful,Wallet
4085,250,2024-06-28,19.99,successful,UPI
4086,250,2024-07-28,19.99,successful,Card
4087,250,2024-08-28,19.99,successful,Card
4088,250,2024-09-28,19.99,successful,UPI
4089,250,2024-10-28,19.99,successful,Net Banking
4090,250,2024-11-28,19.99,successful,Wallet
4091,250,2024-12-28,19.99,successful,UPI
4092,250,2025-01-28,19.99,successful,Wallet
4093,250,2025-02-28,19.99,successful,Net Banking
4094,250,2025-03-28,19.99,successful,Wallet
4095,250,2025-04-28,19.99,successful,UPI
4096,250,2025-05-28,19.99,successful,Card
4097,250,2025-06-28,19.99,successful,UPI
4098,250,2025-07-28,19.99,successful,UPI
4099,250,2025-08-28,19.99,successful,UPI
4100,250,2025-09-28,19.99,successful,Card
4101,250,2025-10-28,19.99,successful,Net Banking
4102,250,2025-11-28,19.99,successful,UPI
4103,250,2025-12-28,19.99,successful,Net Banking
4104,250,2026-01-28,19.99,successful,Wallet
4105,250,2026-02-28,19.99,successful,Net Banking
4106,250,2026-03-28,19.99,successful,Net Banking
4107,250,2026-04-28,19.99,successful,Card
4108,250,2026-05-28,19.99,successful,Wallet
4109,250,2026-06-28,19.99,successful,Wallet
4110,250,2026-07-28,19.99,successful,Net Banking
4111,250,2026-08-28,19.99,successful,Wallet
4112,250,2026-09-28,19.99,successful,UPI
4113,251,2025-11-26,59.99,successful,UPI
4114,251,2025-12-26,59.99,successful,Net Banking
4115,251,2026-01-26,59.99,successful,Net Banking
4116,251,2026-02-26,59.99,successful,UPI
4117,251,2026-03-26,59.99,successful,Net Banking
4118,251,2026-04-26,59.99,successful,UPI
4119,251,2026-05-26,59.99,successful,UPI
4120,251,2026-06-26,59.99,successful,Card
4121,251,2026-07-26,59.99,failed,UPI
4122,251,2026-08-26,59.99,successful,Wallet
4123,251,2026-09-26,59.99,successful,Card
4124,252,2026-03-29,39.99,successful,Card
4125,252,2026-04-29,39.99,successful,UPI
4126,252,2026-05-29,39.99,successful,UPI
4127,252,2026-06-29,39.99,successful,Card
4128,252,2026-07-29,39.99,successful,UPI
4129,252,2026-08-29,39.99,successful,Net Banking
4130,252,2026-09-29,39.99,successful,UPI
4131,253,2025-10-11,39.99,successful,Wallet
4132,253,2025-11-11,39.99,successful,Wallet
4133,253,2025-12-11,39.99,successful,Card
4134,253,2026-01-11,39.99,successful,UPI
4135,253,2026-02-11,39.99,successful,Card
4136,253,2026-03-11,39.99,failed,Card
4137,253,2026-04-11,39.99,successful,UPI
4138,253,2026-05-11,39.99,successful,Net Banking
4139,253,2026-06-11,39.99,successful,Net Banking
4140,253,2026-07-11,39.99,successful,UPI
4141,253,2026-08-11,39.99,successful,Card
4142,253,2026-09-11,39.99,successful,Card
4143,254,2023-01-09,19.99,successful,UPI
4144,254,2023-02-09,19.99,successful,UPI
4145,254,2023-03-09,19.99,successful,UPI
4146,254,2023-04-09,19.99,successful,Wallet
4147,254,2023-05-09,19.99,successful,Card
4148,254,2023-06-09,19.99,successful,Card
4149,254,2023-07-09,19.99,successful,Net Banking
4150,254,2023-08-09,19.99,successful,Wallet
4151,254,2023-09-09,19.99,successful,Net Banking
4152,254,2023-10-09,19.99,successful,Net Banking
4153,254,2023-11-09,19.99,successful,Card
4154,254,2023-12-09,19.99,successful,Net Banking
4155,254,2024-01-09,19.99,successful,Net Banking
4156,254,2024-02-09,19.99,successful,Wallet
4157,254,2024-03-09,19.99,successful,UPI
4158,254,2024-04-09,19.99,successful,Net Banking
4159,254,2024-05-09,19.99,successful,Net Banking
4160,254,2024-06-09,19.99,successful,UPI
4161,254,2024-07-09,19.99,successful,UPI
4162,254,2024-08-09,19.99,successful,Wallet
4163,254,2024-09-09,19.99,successful,Wallet
4164,254,2024-10-09,19.99,successful,Card
4165,254,2024-11-09,19.99,successful,Wallet
4166,254,2024-12-09,19.99,successful,Net Banking
4167,254,2025-01-09,19.99,successful,Wallet
4168,254,2025-02-09,19.99,successful,Card
4169,254,2025-03-09,19.99,successful,Net Banking
4170,254,2025-04-09,19.99,successful,Card
4171,254,2025-05-09,19.99,failed,Wallet
4172,254,2025-06-09,19.99,failed,Wallet
4173,254,2025-07-09,19.99,failed,Wallet
4174,254,2025-08-09,19.99,successful,Net Banking
4175,254,2025-09-09,19.99,successful,Wallet
4176,254,2025-10-09,19.99,successful,Wallet
4177,254,2025-11-09,19.99,successful,Card
4178,254,2025-12-09,19.99,successful,UPI
4179,254,2026-01-09,19.99,successful,Net Banking
4180,254,2026-02-09,19.99,successful,Card
4181,254,2026-03-09,19.99,successful,Card
4182,254,2026-04-09,19.99,successful,Card
4183,254,2026-05-09,19.99,successful,UPI
4184,254,2026-06-09,19.99,successful,Card
4185,254,2026-07-09,19.99,successful,Wallet
4186,254,2026-08-09,19.99,successful,Wallet
4187,254,2026-09-09,19.99,successful,UPI
4188,255,2026-06-10,9.99,successful,UPI
4189,255,2026-07-10,9.99,successful,Wallet
4190,255,2026-08-10,9.99,successful,Net Banking
4191,256,2026-01-27,39.99,successful,Card
4192,256,2026-02-27,39.99,successful,Wallet
4193,256,2026-03-27,39.99,successful,Net Banking
4194,256,2026-04-27,39.99,successful,Net Banking
4195,256,2026-05-27,39.99,successful,Wallet
4196,257,2025-03-26,9.99,successful,Net Banking
4197,257,2025-04-26,9.99,successful,Net Banking
4198,257,2025-05-26,9.99,successful,Card
4199,257,2025-06-26,9.99,successful,UPI
4200,257,2025-07-26,9.99,successful,Net Banking
4201,257,2025-08-26,9.99,successful,UPI
4202,257,2025-09-26,9.99,successful,UPI
4203,257,2025-10-26,9.99,successful,Card
4204,257,2025-11-26,9.99,successful,Net Banking
4205,257,2025-12-26,9.99,successful,Wallet
4206,257,2026-01-26,9.99,successful,UPI
4207,257,2026-02-26,9.99,successful,Wallet
4208,257,2026-03-26,9.99,successful,Net Banking
4209,257,2026-04-26,9.99,successful,UPI
4210,257,2026-05-26,9.99,successful,Wallet
4211,257,2026-06-26,9.99,successful,Card
4212,257,2026-07-26,9.99,successful,Net Banking
4213,257,2026-08-26,9.99,successful,UPI
4214,257,2026-09-26,9.99,successful,Card
4215,258,2023-07-27,19.99,successful,Card
4216,258,2023-08-27,19.99,successful,Net Banking
4217,258,2023-09-27,19.99,successful,Wallet
4218,258,2023-10-27,19.99,successful,UPI
4219,258,2023-11-27,19.99,successful,UPI
4220,258,2023-12-27,19.99,successful,Net Banking
4221,258,2024-01-27,19.99,successful,UPI
4222,258,2024-02-27,19.99,successful,Net Banking
4223,258,2024-03-27,19.99,successful,Net Banking
4224,258,2024-04-27,19.99,successful,UPI
4225,258,2024-05-27,19.99,successful,Net Banking
4226,258,2024-06-27,19.99,successful,Net Banking
4227,258,2024-07-27,19.99,failed,Wallet
4228,258,2024-08-27,19.99,successful,Wallet
4229,258,2024-09-27,19.99,successful,Wallet
4230,258,2024-10-27,19.99,successful,Wallet
4231,258,2024-11-27,19.99,successful,Net Banking
4232,258,2024-12-27,19.99,successful,Net Banking
4233,258,2025-01-27,19.99,successful,Card
4234,258,2025-02-27,19.99,successful,Wallet
4235,258,2025-03-27,19.99,successful,Net Banking
4236,258,2025-04-27,19.99,successful,Wallet
4237,258,2025-05-27,19.99,successful,Wallet
4238,258,2025-06-27,19.99,successful,Net Banking
4239,258,2025-07-27,19.99,successful,UPI
4240,258,2025-08-27,19.99,successful,Card
4241,258,2025-09-27,19.99,successful,UPI
4242,258,2025-10-27,19.99,successful,Wallet
4243,258,2025-11-27,19.99,successful,UPI
4244,258,2025-12-27,19.99,successful,UPI
4245,258,2026-01-27,19.99,successful,Card
4246,258,2026-02-27,19.99,successful,UPI
4247,258,2026-03-27,19.99,successful,Net Banking
4248,258,2026-04-27,19.99,successful,Card
4249,258,2026-05-27,19.99,successful,Card
4250,258,2026-06-27,19.99,successful,Net Banking
4251,258,2026-07-27,19.99,successful,UPI
4252,258,2026-08-27,19.99,successful,UPI
4253,258,2026-09-27,19.99,successful,Wallet
4254,259,2026-02-28,59.99,successful,Card
4255,259,2026-03-28,59.99,successful,Net Banking
4256,259,2026-04-28,59.99,failed,Wallet
4257,259,2026-05-28,59.99,successful,UPI
4258,259,2026-06-28,59.99,successful,Net Banking
4259,259,2026-07-28,59.99,successful,Card
4260,259,2026-08-28,59.99,successful,UPI
4261,259,2026-09-28,59.99,successful,UPI
4262,260,2024-02-08,9.99,successful,Wallet
4263,260,2024-03-08,9.99,successful,UPI
4264,260,2024-04-08,9.99,successful,UPI
4265,260,2024-05-08,9.99,successful,UPI
4266,260,2024-06-08,9.99,successful,Net Banking
4267,260,2024-07-08,9.99,successful,Wallet
4268,260,2024-08-08,9.99,successful,Wallet
4269,260,2024-09-08,9.99,successful,UPI
4270,260,2024-10-08,9.99,successful,UPI
4271,260,2024-11-08,9.99,successful,Wallet
4272,260,2024-12-08,9.99,successful,Card
4273,260,2025-01-08,9.99,successful,UPI
4274,261,2023-06-01,9.99,successful,UPI
4275,261,2023-07-01,9.99,successful,Card
4276,261,2023-08-01,9.99,successful,Net Banking
4277,261,2023-09-01,9.99,successful,Net Banking
4278,261,2023-10-01,9.99,successful,Net Banking
4279,261,2023-11-01,9.99,successful,UPI
4280,261,2023-12-01,9.99,successful,UPI
4281,261,2024-01-01,9.99,successful,Wallet
4282,261,2024-02-01,9.99,successful,Wallet
4283,261,2024-03-01,9.99,successful,UPI
4284,261,2024-04-01,9.99,failed,Wallet
4285,261,2024-05-01,9.99,successful,Card
4286,261,2024-06-01,9.99,successful,Wallet
4287,261,2024-07-01,9.99,successful,Net Banking
4288,261,2024-08-01,9.99,successful,Net Banking
4289,261,2024-09-01,9.99,successful,Net Banking
4290,261,2024-10-01,9.99,successful,UPI
4291,261,2024-11-01,9.99,successful,Net Banking
4292,261,2024-12-01,9.99,failed,Net Banking
4293,261,2025-01-01,9.99,successful,Card
4294,261,2025-02-01,9.99,successful,UPI
4295,261,2025-03-01,9.99,successful,Net Banking
4296,261,2025-04-01,9.99,successful,Card
4297,261,2025-05-01,9.99,successful,UPI
4298,261,2025-06-01,9.99,successful,Card
4299,261,2025-07-01,9.99,successful,Net Banking
4300,261,2025-08-01,9.99,successful,Card
4301,261,2025-09-01,9.99,successful,Card
4302,261,2025-10-01,9.99,successful,Card
4303,261,2025-11-01,9.99,successful,Card
4304,261,2025-12-01,9.99,successful,Card
4305,261,2026-01-01,9.99,successful,Card
4306,261,2026-02-01,9.99,successful,Card
4307,261,2026-03-01,9.99,successful,Wallet
4308,261,2026-04-01,9.99,successful,Net Banking
4309,261,2026-05-01,9.99,successful,UPI
4310,261,2026-06-01,9.99,successful,UPI
4311,261,2026-07-01,9.99,successful,Card
4312,261,2026-08-01,9.99,successful,UPI
4313,261,2026-09-01,9.99,successful,Wallet
4314,262,2023-02-23,9.99,successful,Card
4315,262,2023-03-23,9.99,successful,Card
4316,262,2023-04-23,9.99,successful,Wallet
4317,262,2023-05-23,9.99,successful,Net Banking
4318,262,2023-06-23,9.99,successful,Wallet
4319,262,2023-07-23,9.99,successful,Wallet
4320,262,2023-08-23,9.99,successful,Card
4321,262,2023-09-23,9.99,successful,Card
4322,262,2023-10-23,9.99,successful,Wallet
4323,262,2023-11-23,9.99,successful,Card
4324,262,2023-12-23,9.99,successful,UPI
4325,262,2024-01-23,9.99,successful,Card
4326,262,2024-02-23,9.99,successful,Card
4327,262,2024-03-23,9.99,successful,Wallet
4328,262,2024-04-23,9.99,successful,Wallet
4329,262,2024-05-23,9.99,successful,Wallet
4330,262,2024-06-23,9.99,successful,Wallet
4331,262,2024-07-23,9.99,successful,UPI
4332,262,2024-08-23,9.99,successful,UPI
4333,262,2024-09-23,9.99,successful,Wallet
4334,262,2024-10-23,9.99,successful,Net Banking
4335,262,2024-11-23,9.99,successful,Net Banking
4336,262,2024-12-23,9.99,failed,UPI
4337,262,2025-01-23,9.99,successful,Net Banking
4338,262,2025-02-23,9.99,successful,Card
4339,262,2025-03-23,9.99,successful,Wallet
4340,262,2025-04-23,9.99,successful,UPI
4341,262,2025-05-23,9.99,successful,UPI
4342,262,2025-06-23,9.99,successful,UPI
4343,262,2025-07-23,9.99,refunded,UPI
4344,262,2025-08-23,9.99,successful,Wallet
4345,262,2025-09-23,9.99,successful,UPI
4346,262,2025-10-23,9.99,successful,Wallet
4347,262,2025-11-23,9.99,successful,Card
4348,262,2025-12-23,9.99,successful,Net Banking
4349,262,2026-01-23,9.99,successful,Net Banking
4350,262,2026-02-23,9.99,failed,Wallet
4351,262,2026-03-23,9.99,successful,UPI
4352,262,2026-04-23,9.99,successful,UPI
4353,262,2026-05-23,9.99,successful,Net Banking
4354,262,2026-06-23,9.99,successful,Wallet
4355,262,2026-07-23,9.99,successful,Wallet
4356,262,2026-08-23,9.99,successful,UPI
4357,262,2026-09-23,9.99,successful,Card
4358,263,2026-02-17,9.99,successful,Card
4359,263,2026-03-17,9.99,successful,UPI
4360,263,2026-04-17,9.99,successful,Net Banking
4361,263,2026-05-17,9.99,failed,Wallet
4362,263,2026-06-17,9.99,successful,UPI
4363,263,2026-07-17,9.99,successful,Wallet
4364,263,2026-08-17,9.99,successful,Card
4365,263,2026-09-17,9.99,successful,Wallet
4366,264,2024-09-19,59.99,successful,Card
4367,264,2024-10-19,59.99,successful,UPI
4368,264,2024-11-19,59.99,successful,UPI
4369,264,2024-12-19,59.99,failed,Wallet
4370,264,2025-01-19,59.99,successful,Card
4371,264,2025-02-19,59.99,successful,Net Banking
4372,264,2025-03-19,59.99,successful,UPI
4373,264,2025-04-19,59.99,successful,Wallet
4374,264,2025-05-19,59.99,successful,Wallet
4375,264,2025-06-19,59.99,successful,Card
4376,264,2025-07-19,59.99,successful,Card
4377,264,2025-08-19,59.99,successful,Card
4378,264,2025-09-19,59.99,successful,Net Banking
4379,264,2025-10-19,59.99,successful,Net Banking
4380,264,2025-11-19,59.99,successful,Wallet
4381,264,2025-12-19,59.99,successful,Card
4382,264,2026-01-19,59.99,successful,Wallet
4383,264,2026-02-19,59.99,successful,Wallet
4384,264,2026-03-19,59.99,refunded,Card
4385,264,2026-04-19,59.99,successful,Wallet
4386,264,2026-05-19,59.99,failed,Wallet
4387,264,2026-06-19,59.99,successful,Net Banking
4388,264,2026-07-19,59.99,successful,Wallet
4389,264,2026-08-19,59.99,successful,Wallet
4390,264,2026-09-19,59.99,successful,Wallet
4391,265,2024-08-09,19.99,successful,Card
4392,265,2024-09-09,19.99,successful,Wallet
4393,265,2024-10-09,19.99,successful,UPI
4394,265,2024-11-09,19.99,successful,Net Banking
4395,265,2024-12-09,19.99,successful,Net Banking
4396,265,2025-01-09,19.99,successful,Net Banking
4397,265,2025-02-09,19.99,failed,Wallet
4398,265,2025-03-09,19.99,successful,Net Banking
4399,265,2025-04-09,19.99,successful,Wallet
4400,265,2025-05-09,19.99,successful,UPI
4401,265,2025-06-09,19.99,successful,Card
4402,265,2025-07-09,19.99,successful,Net Banking
4403,265,2025-08-09,19.99,successful,Card
4404,265,2025-09-09,19.99,successful,Net Banking
4405,265,2025-10-09,19.99,successful,Wallet
4406,265,2025-11-09,19.99,successful,Wallet
4407,265,2025-12-09,19.99,successful,Card
4408,265,2026-01-09,19.99,successful,Card
4409,265,2026-02-09,19.99,successful,Net Banking
4410,265,2026-03-09,19.99,successful,Card
4411,265,2026-04-09,19.99,successful,Wallet
4412,265,2026-05-09,19.99,successful,UPI
4413,265,2026-06-09,19.99,successful,Card
4414,265,2026-07-09,19.99,successful,UPI
4415,265,2026-08-09,19.99,successful,UPI
4416,265,2026-09-09,19.99,successful,Wallet
4417,266,2023-04-14,59.99,successful,Wallet
4418,266,2023-05-14,59.99,successful,UPI
4419,266,2023-06-14,59.99,successful,Net Banking
4420,266,2023-07-14,59.99,successful,UPI
4421,266,2023-08-14,59.99,successful,Card
4422,266,2023-09-14,59.99,successful,Card
4423,266,2023-10-14,59.99,successful,Wallet
4424,266,2023-11-14,59.99,successful,Card
4425,266,2023-12-14,59.99,successful,Wallet
4426,266,2024-01-14,59.99,successful,Wallet
4427,266,2024-02-14,59.99,refunded,Wallet
4428,266,2024-03-14,59.99,successful,UPI
4429,266,2024-04-14,59.99,successful,Card
4430,266,2024-05-14,59.99,successful,Card
4431,266,2024-06-14,59.99,failed,Wallet
4432,266,2024-07-14,59.99,successful,Wallet
4433,266,2024-08-14,59.99,successful,UPI
4434,266,2024-09-14,59.99,successful,UPI
4435,266,2024-10-14,59.99,successful,Net Banking
4436,266,2024-11-14,59.99,successful,UPI
4437,266,2024-12-14,59.99,refunded,Wallet
4438,266,2025-01-14,59.99,successful,Net Banking
4439,266,2025-02-14,59.99,successful,Card
4440,266,2025-03-14,59.99,successful,UPI
4441,266,2025-04-14,59.99,successful,Wallet
4442,266,2025-05-14,59.99,successful,Card
4443,266,2025-06-14,59.99,successful,Wallet
4444,266,2025-07-14,59.99,successful,Net Banking
4445,266,2025-08-14,59.99,successful,Card
4446,266,2025-09-14,59.99,successful,Net Banking
4447,266,2025-10-14,59.99,successful,UPI
4448,266,2025-11-14,59.99,successful,Card
4449,266,2025-12-14,59.99,successful,UPI
4450,266,2026-01-14,59.99,successful,UPI
4451,266,2026-02-14,59.99,refunded,Net Banking
4452,266,2026-03-14,59.99,successful,UPI
4453,266,2026-04-14,59.99,successful,UPI
4454,266,2026-05-14,59.99,successful,Card
4455,266,2026-06-14,59.99,successful,Card
4456,266,2026-07-14,59.99,successful,Card
4457,266,2026-08-14,59.99,successful,UPI
4458,266,2026-09-14,59.99,successful,Wallet
4459,267,2023-09-11,19.99,successful,Card
4460,267,2023-10-11,19.99,successful,Net Banking
4461,267,2023-11-11,19.99,successful,Card
4462,267,2023-12-11,19.99,successful,UPI
4463,267,2024-01-11,19.99,successful,Net Banking
4464,267,2024-02-11,19.99,successful,UPI
4465,267,2024-03-11,19.99,successful,Card
4466,267,2024-04-11,19.99,successful,UPI
4467,267,2024-05-11,19.99,successful,Net Banking
4468,268,2026-06-04,19.99,successful,Wallet
4469,268,2026-07-04,19.99,successful,Card
4470,268,2026-08-04,19.99,successful,Wallet
4471,268,2026-09-04,19.99,successful,Card
4472,269,2026-02-09,39.99,successful,Card
4473,269,2026-03-09,39.99,successful,UPI
4474,269,2026-04-09,39.99,successful,Wallet
4475,269,2026-05-09,39.99,successful,Net Banking
4476,269,2026-06-09,39.99,successful,Net Banking
4477,269,2026-07-09,39.99,successful,Net Banking
4478,269,2026-08-09,39.99,successful,Card
4479,269,2026-09-09,39.99,successful,UPI
4480,270,2024-05-24,19.99,successful,Card
4481,270,2024-06-24,19.99,successful,Net Banking
4482,270,2024-07-24,19.99,successful,UPI
4483,270,2024-08-24,19.99,successful,UPI
4484,270,2024-09-24,19.99,successful,Wallet
4485,270,2024-10-24,19.99,successful,UPI
4486,270,2024-11-24,19.99,successful,Net Banking
4487,270,2024-12-24,19.99,failed,Card
4488,270,2025-01-24,19.99,successful,Card
4489,270,2025-02-24,19.99,successful,UPI
4490,270,2025-03-24,19.99,successful,UPI
4491,270,2025-04-24,19.99,successful,Wallet
4492,271,2025-05-18,19.99,successful,Net Banking
4493,271,2025-06-18,19.99,successful,Card
4494,271,2025-07-18,19.99,successful,Wallet
4495,271,2025-08-18,19.99,successful,Card
4496,271,2025-09-18,19.99,successful,Wallet
4497,271,2025-10-18,19.99,successful,UPI
4498,271,2025-11-18,19.99,successful,UPI
4499,271,2025-12-18,19.99,successful,UPI
4500,271,2026-01-18,19.99,successful,Net Banking
4501,271,2026-02-18,19.99,successful,Wallet
4502,271,2026-03-18,19.99,successful,UPI
4503,271,2026-04-18,19.99,successful,Wallet
4504,271,2026-05-18,19.99,successful,UPI
4505,271,2026-06-18,19.99,successful,Wallet
4506,271,2026-07-18,19.99,successful,Card
4507,271,2026-08-18,19.99,successful,UPI
4508,272,2023-04-09,19.99,successful,Wallet
4509,272,2023-05-09,19.99,successful,Wallet
4510,272,2023-06-09,19.99,refunded,Net Banking
4511,272,2023-07-09,19.99,successful,Card
4512,272,2023-08-09,19.99,successful,UPI
4513,272,2023-09-09,19.99,successful,Card
4514,273,2023-06-02,59.99,successful,Net Banking
4515,273,2023-07-02,59.99,successful,Wallet
4516,273,2023-08-02,59.99,successful,Wallet
4517,273,2023-09-02,59.99,successful,Wallet
4518,273,2023-10-02,59.99,successful,Card
4519,273,2023-11-02,59.99,successful,UPI
4520,273,2023-12-02,59.99,failed,Net Banking
4521,273,2024-01-02,59.99,failed,Card
4522,273,2024-02-02,59.99,successful,Card
4523,273,2024-03-02,59.99,failed,Net Banking
4524,273,2024-04-02,59.99,successful,Wallet
4525,273,2024-05-02,59.99,successful,Wallet
4526,273,2024-06-02,59.99,successful,UPI
4527,273,2024-07-02,59.99,successful,UPI
4528,273,2024-08-02,59.99,successful,Net Banking
4529,273,2024-09-02,59.99,successful,Net Banking
4530,273,2024-10-02,59.99,successful,Wallet
4531,273,2024-11-02,59.99,successful,Card
4532,273,2024-12-02,59.99,successful,Net Banking
4533,273,2025-01-02,59.99,successful,Card
4534,273,2025-02-02,59.99,successful,Net Banking
4535,273,2025-03-02,59.99,successful,Card
4536,273,2025-04-02,59.99,successful,UPI
4537,273,2025-05-02,59.99,successful,UPI
4538,273,2025-06-02,59.99,successful,Wallet
4539,273,2025-07-02,59.99,successful,Wallet
4540,273,2025-08-02,59.99,successful,Wallet
4541,273,2025-09-02,59.99,refunded,UPI
4542,273,2025-10-02,59.99,successful,UPI
4543,273,2025-11-02,59.99,successful,Card
4544,273,2025-12-02,59.99,successful,UPI
4545,273,2026-01-02,59.99,successful,Card
4546,273,2026-02-02,59.99,successful,Wallet
4547,273,2026-03-02,59.99,successful,Card
4548,273,2026-04-02,59.99,successful,UPI
4549,273,2026-05-02,59.99,successful,Card
4550,273,2026-06-02,59.99,successful,Net Banking
4551,273,2026-07-02,59.99,successful,UPI
4552,273,2026-08-02,59.99,successful,UPI
4553,273,2026-09-02,59.99,successful,UPI
4554,274,2025-07-02,9.99,successful,Card
4555,274,2025-08-02,9.99,successful,Card
4556,274,2025-09-02,9.99,successful,Wallet
4557,274,2025-10-02,9.99,successful,Card
4558,274,2025-11-02,9.99,failed,Net Banking
4559,274,2025-12-02,9.99,successful,Wallet
4560,274,2026-01-02,9.99,successful,Wallet
4561,274,2026-02-02,9.99,successful,Wallet
4562,274,2026-03-02,9.99,successful,Wallet
4563,274,2026-04-02,9.99,failed,Net Banking
4564,274,2026-05-02,9.99,refunded,Net Banking
4565,274,2026-06-02,9.99,successful,Card
4566,274,2026-07-02,9.99,successful,Net Banking
4567,274,2026-08-02,9.99,successful,Net Banking
4568,274,2026-09-02,9.99,successful,Wallet
4569,275,2025-05-27,9.99,successful,Wallet
4570,275,2025-06-27,9.99,successful,Wallet
4571,275,2025-07-27,9.99,successful,Net Banking
4572,275,2025-08-27,9.99,successful,Net Banking
4573,275,2025-09-27,9.99,failed,UPI
4574,275,2025-10-27,9.99,successful,Card
4575,275,2025-11-27,9.99,successful,Wallet
4576,275,2025-12-27,9.99,successful,Wallet
4577,275,2026-01-27,9.99,successful,UPI
4578,276,2023-12-04,59.99,successful,Net Banking
4579,276,2024-01-04,59.99,successful,Net Banking
4580,276,2024-02-04,59.99,successful,UPI
4581,276,2024-03-04,59.99,successful,Net Banking
4582,276,2024-04-04,59.99,successful,Wallet
4583,276,2024-05-04,59.99,successful,Wallet
4584,276,2024-06-04,59.99,successful,UPI
4585,276,2024-07-04,59.99,successful,Wallet
4586,276,2024-08-04,59.99,successful,Net Banking
4587,276,2024-09-04,59.99,successful,Card
4588,276,2024-10-04,59.99,successful,Wallet
4589,276,2024-11-04,59.99,successful,Wallet
4590,276,2024-12-04,59.99,successful,Net Banking
4591,276,2025-01-04,59.99,successful,Wallet
4592,276,2025-02-04,59.99,successful,UPI
4593,276,2025-03-04,59.99,successful,Net Banking
4594,276,2025-04-04,59.99,successful,Wallet
4595,276,2025-05-04,59.99,refunded,Net Banking
4596,276,2025-06-04,59.99,successful,Card
4597,276,2025-07-04,59.99,successful,Net Banking
4598,276,2025-08-04,59.99,successful,Card
4599,276,2025-09-04,59.99,successful,Card
4600,276,2025-10-04,59.99,successful,Net Banking
4601,276,2025-11-04,59.99,successful,UPI
4602,276,2025-12-04,59.99,successful,Card
4603,276,2026-01-04,59.99,successful,UPI
4604,276,2026-02-04,59.99,successful,UPI
4605,276,2026-03-04,59.99,successful,Wallet
4606,276,2026-04-04,59.99,successful,Wallet
4607,276,2026-05-04,59.99,successful,Net Banking
4608,276,2026-06-04,59.99,successful,Net Banking
4609,276,2026-07-04,59.99,successful,Card
4610,276,2026-08-04,59.99,successful,Card
4611,276,2026-09-04,59.99,successful,UPI
4612,277,2025-04-01,39.99,successful,Net Banking
4613,277,2025-05-01,39.99,successful,Card
4614,277,2025-06-01,39.99,successful,Card
4615,277,2025-07-01,39.99,successful,Net Banking
4616,277,2025-08-01,39.99,successful,UPI
4617,277,2025-09-01,39.99,failed,Card
4618,277,2025-10-01,39.99,successful,Net Banking
4619,277,2025-11-01,39.99,successful,Card
4620,277,2025-12-01,39.99,successful,Wallet
4621,277,2026-01-01,39.99,successful,UPI
4622,277,2026-02-01,39.99,successful,Wallet
4623,277,2026-03-01,39.99,successful,Net Banking
4624,277,2026-04-01,39.99,successful,Card
4625,277,2026-05-01,39.99,successful,UPI
4626,277,2026-06-01,39.99,successful,Card
4627,277,2026-07-01,39.99,successful,UPI
4628,277,2026-08-01,39.99,successful,UPI
4629,277,2026-09-01,39.99,successful,Net Banking
4630,278,2026-04-01,9.99,successful,Wallet
4631,278,2026-05-01,9.99,successful,Wallet
4632,278,2026-06-01,9.99,successful,Net Banking
4633,278,2026-07-01,9.99,successful,Card
4634,279,2026-07-23,39.99,successful,Wallet
4635,279,2026-08-23,39.99,successful,UPI
4636,280,2025-08-14,19.99,successful,Net Banking
4637,280,2025-09-14,19.99,successful,Net Banking
4638,280,2025-10-14,19.99,failed,Net Banking
4639,280,2025-11-14,19.99,successful,Wallet
4640,281,2025-12-12,9.99,failed,Card
4641,281,2026-01-12,9.99,successful,Net Banking
4642,281,2026-02-12,9.99,successful,Wallet
4643,281,2026-03-12,9.99,successful,Net Banking
4644,281,2026-04-12,9.99,successful,Net Banking
4645,281,2026-05-12,9.99,successful,UPI
4646,281,2026-06-12,9.99,successful,Card
4647,281,2026-07-12,9.99,failed,Wallet
4648,281,2026-08-12,9.99,successful,UPI
4649,281,2026-09-12,9.99,successful,Card
4650,282,2023-06-10,9.99,successful,UPI
4651,282,2023-07-10,9.99,successful,Net Banking
4652,282,2023-08-10,9.99,successful,UPI
4653,282,2023-09-10,9.99,successful,Net Banking
4654,282,2023-10-10,9.99,successful,Net Banking
4655,282,2023-11-10,9.99,failed,UPI
4656,282,2023-12-10,9.99,successful,Net Banking
4657,282,2024-01-10,9.99,successful,UPI
4658,282,2024-02-10,9.99,successful,Card
4659,282,2024-03-10,9.99,successful,Card
4660,282,2024-04-10,9.99,successful,Wallet
4661,282,2024-05-10,9.99,successful,Card
4662,282,2024-06-10,9.99,successful,Card
4663,282,2024-07-10,9.99,successful,UPI
4664,282,2024-08-10,9.99,successful,Wallet
4665,282,2024-09-10,9.99,successful,UPI
4666,282,2024-10-10,9.99,failed,Net Banking
4667,282,2024-11-10,9.99,failed,Wallet
4668,282,2024-12-10,9.99,successful,Card
4669,282,2025-01-10,9.99,successful,Card
4670,282,2025-02-10,9.99,successful,UPI
4671,282,2025-03-10,9.99,failed,UPI
4672,282,2025-04-10,9.99,failed,Wallet
4673,282,2025-05-10,9.99,successful,Card
4674,282,2025-06-10,9.99,failed,UPI
4675,282,2025-07-10,9.99,successful,UPI
4676,282,2025-08-10,9.99,successful,Card
4677,282,2025-09-10,9.99,successful,Net Banking
4678,282,2025-10-10,9.99,successful,Card
4679,282,2025-11-10,9.99,successful,UPI
4680,282,2025-12-10,9.99,successful,Net Banking
4681,282,2026-01-10,9.99,successful,UPI
4682,282,2026-02-10,9.99,successful,Net Banking
4683,282,2026-03-10,9.99,successful,UPI
4684,282,2026-04-10,9.99,successful,UPI
4685,282,2026-05-10,9.99,successful,Net Banking
4686,282,2026-06-10,9.99,successful,Net Banking
4687,282,2026-07-10,9.99,successful,Wallet
4688,282,2026-08-10,9.99,successful,UPI
4689,282,2026-09-10,9.99,successful,Card
4690,283,2025-03-11,9.99,successful,Net Banking
4691,283,2025-04-11,9.99,successful,Card
4692,283,2025-05-11,9.99,successful,Net Banking
4693,283,2025-06-11,9.99,successful,Card
4694,283,2025-07-11,9.99,successful,UPI
4695,283,2025-08-11,9.99,successful,UPI
4696,283,2025-09-11,9.99,successful,Net Banking
4697,283,2025-10-11,9.99,successful,Card
4698,283,2025-11-11,9.99,successful,UPI
4699,283,2025-12-11,9.99,successful,Wallet
4700,283,2026-01-11,9.99,successful,Card
4701,283,2026-02-11,9.99,successful,Wallet
4702,283,2026-03-11,9.99,successful,Card
4703,283,2026-04-11,9.99,failed,Wallet
4704,284,2024-02-02,19.99,successful,Wallet
4705,284,2024-03-02,19.99,successful,Net Banking
4706,284,2024-04-02,19.99,successful,Wallet
4707,284,2024-05-02,19.99,successful,UPI
4708,284,2024-06-02,19.99,successful,Wallet
4709,284,2024-07-02,19.99,successful,Card
4710,284,2024-08-02,19.99,successful,Wallet
4711,284,2024-09-02,19.99,successful,UPI
4712,284,2024-10-02,19.99,successful,UPI
4713,284,2024-11-02,19.99,successful,Card
4714,284,2024-12-02,19.99,successful,Wallet
4715,284,2025-01-02,19.99,successful,Wallet
4716,284,2025-02-02,19.99,successful,Wallet
4717,284,2025-03-02,19.99,successful,Card
4718,284,2025-04-02,19.99,successful,Wallet
4719,284,2025-05-02,19.99,successful,Wallet
4720,284,2025-06-02,19.99,successful,Net Banking
4721,284,2025-07-02,19.99,successful,Card
4722,284,2025-08-02,19.99,successful,UPI
4723,284,2025-09-02,19.99,successful,Net Banking
4724,284,2025-10-02,19.99,successful,Card
4725,284,2025-11-02,19.99,successful,UPI
4726,284,2025-12-02,19.99,successful,Wallet
4727,284,2026-01-02,19.99,successful,UPI
4728,284,2026-02-02,19.99,successful,Card
4729,284,2026-03-02,19.99,successful,Net Banking
4730,284,2026-04-02,19.99,successful,Card
4731,284,2026-05-02,19.99,successful,Net Banking
4732,284,2026-06-02,19.99,successful,Wallet
4733,284,2026-07-02,19.99,successful,Card
4734,284,2026-08-02,19.99,successful,Card
4735,284,2026-09-02,19.99,successful,UPI
4736,285,2025-03-26,9.99,successful,Wallet
4737,285,2025-04-26,9.99,successful,Net Banking
4738,285,2025-05-26,9.99,successful,UPI
4739,285,2025-06-26,9.99,successful,Wallet
4740,285,2025-07-26,9.99,successful,Card
4741,285,2025-08-26,9.99,successful,UPI
4742,285,2025-09-26,9.99,successful,UPI
4743,285,2025-10-26,9.99,successful,Card
4744,285,2025-11-26,9.99,successful,Net Banking
4745,285,2025-12-26,9.99,successful,UPI
4746,285,2026-01-26,9.99,successful,Card
4747,285,2026-02-26,9.99,successful,Net Banking
4748,285,2026-03-26,9.99,successful,Card
4749,285,2026-04-26,9.99,successful,UPI
4750,285,2026-05-26,9.99,successful,UPI
4751,285,2026-06-26,9.99,successful,UPI
4752,285,2026-07-26,9.99,successful,Card
4753,285,2026-08-26,9.99,successful,Wallet
4754,285,2026-09-26,9.99,successful,Wallet
4755,286,2026-03-04,39.99,successful,Card
4756,286,2026-04-04,39.99,successful,Card
4757,286,2026-05-04,39.99,successful,Wallet
4758,286,2026-06-04,39.99,refunded,Wallet
4759,286,2026-07-04,39.99,successful,Wallet
4760,286,2026-08-04,39.99,successful,Net Banking
4761,286,2026-09-04,39.99,successful,Wallet
4762,287,2026-05-03,19.99,successful,Card
4763,287,2026-06-03,19.99,successful,Net Banking
4764,287,2026-07-03,19.99,successful,Net Banking
4765,287,2026-08-03,19.99,successful,Card
4766,287,2026-09-03,19.99,successful,Wallet
4767,288,2024-02-05,59.99,failed,Wallet
4768,288,2024-03-05,59.99,successful,UPI
4769,288,2024-04-05,59.99,successful,Net Banking
4770,288,2024-05-05,59.99,successful,Card
4771,289,2024-10-01,39.99,successful,Net Banking
4772,289,2024-11-01,39.99,successful,UPI
4773,289,2024-12-01,39.99,successful,Net Banking
4774,289,2025-01-01,39.99,successful,Card
4775,289,2025-02-01,39.99,successful,Card
4776,289,2025-03-01,39.99,successful,Net Banking
4777,289,2025-04-01,39.99,successful,Net Banking
4778,289,2025-05-01,39.99,successful,Wallet
4779,289,2025-06-01,39.99,successful,Wallet
4780,289,2025-07-01,39.99,successful,Wallet
4781,289,2025-08-01,39.99,successful,UPI
4782,289,2025-09-01,39.99,successful,Wallet
4783,289,2025-10-01,39.99,successful,Wallet
4784,289,2025-11-01,39.99,successful,Card
4785,289,2025-12-01,39.99,successful,Wallet
4786,289,2026-01-01,39.99,successful,Wallet
4787,289,2026-02-01,39.99,successful,Net Banking
4788,289,2026-03-01,39.99,successful,UPI
4789,289,2026-04-01,39.99,successful,Wallet
4790,289,2026-05-01,39.99,failed,Wallet
4791,289,2026-06-01,39.99,successful,Card
4792,289,2026-07-01,39.99,successful,Wallet
4793,289,2026-08-01,39.99,successful,Card
4794,289,2026-09-01,39.99,successful,Wallet
4795,290,2025-11-22,19.99,successful,Card
4796,290,2025-12-22,19.99,successful,UPI
4797,290,2026-01-22,19.99,successful,Net Banking
4798,290,2026-02-22,19.99,successful,Card
4799,290,2026-03-22,19.99,successful,Wallet
4800,290,2026-04-22,19.99,successful,UPI
4801,290,2026-05-22,19.99,successful,UPI
4802,290,2026-06-22,19.99,successful,Card
4803,290,2026-07-22,19.99,successful,Card
4804,290,2026-08-22,19.99,successful,Wallet
4805,290,2026-09-22,19.99,successful,Card
4806,291,2024-11-18,9.99,successful,UPI
4807,291,2024-12-18,9.99,successful,Card
4808,291,2025-01-18,9.99,successful,Net Banking
4809,291,2025-02-18,9.99,successful,Card
4810,291,2025-03-18,9.99,successful,Wallet
4811,291,2025-04-18,9.99,successful,Wallet
4812,291,2025-05-18,9.99,successful,Card
4813,291,2025-06-18,9.99,successful,Wallet
4814,291,2025-07-18,9.99,successful,Wallet
4815,291,2025-08-18,9.99,successful,Wallet
4816,291,2025-09-18,9.99,failed,UPI
4817,291,2025-10-18,9.99,successful,UPI
4818,291,2025-11-18,9.99,successful,Net Banking
4819,291,2025-12-18,9.99,successful,Wallet
4820,291,2026-01-18,9.99,successful,UPI
4821,291,2026-02-18,9.99,successful,UPI
4822,291,2026-03-18,9.99,successful,Card
4823,291,2026-04-18,9.99,successful,UPI
4824,291,2026-05-18,9.99,successful,UPI
4825,291,2026-06-18,9.99,successful,Card
4826,291,2026-07-18,9.99,successful,UPI
4827,291,2026-08-18,9.99,successful,Card
4828,291,2026-09-18,9.99,successful,UPI
4829,292,2024-04-04,59.99,successful,Card
4830,292,2024-05-04,59.99,successful,Card
4831,292,2024-06-04,59.99,successful,UPI
4832,292,2024-07-04,59.99,successful,Card
4833,292,2024-08-04,59.99,successful,UPI
4834,292,2024-09-04,59.99,successful,UPI
4835,292,2024-10-04,59.99,successful,Card
4836,292,2024-11-04,59.99,successful,Card
4837,292,2024-12-04,59.99,successful,Card
4838,292,2025-01-04,59.99,successful,Wallet
4839,292,2025-02-04,59.99,successful,Wallet
4840,292,2025-03-04,59.99,successful,Wallet
4841,292,2025-04-04,59.99,successful,Net Banking
4842,292,2025-05-04,59.99,successful,Wallet
4843,292,2025-06-04,59.99,successful,Wallet
4844,292,2025-07-04,59.99,successful,Card
4845,292,2025-08-04,59.99,successful,UPI
4846,292,2025-09-04,59.99,successful,Card
4847,292,2025-10-04,59.99,successful,Wallet
4848,292,2025-11-04,59.99,successful,Wallet
4849,292,2025-12-04,59.99,successful,Card
4850,292,2026-01-04,59.99,successful,Card
4851,292,2026-02-04,59.99,refunded,Card
4852,292,2026-03-04,59.99,successful,Wallet
4853,292,2026-04-04,59.99,successful,Net Banking
4854,292,2026-05-04,59.99,successful,UPI
4855,292,2026-06-04,59.99,successful,Wallet
4856,292,2026-07-04,59.99,successful,Card
4857,292,2026-08-04,59.99,successful,Wallet
4858,292,2026-09-04,59.99,refunded,Net Banking
4859,293,2025-08-12,59.99,successful,Wallet
4860,293,2025-09-12,59.99,successful,Wallet
4861,293,2025-10-12,59.99,successful,Net Banking
4862,293,2025-11-12,59.99,successful,UPI
4863,293,2025-12-12,59.99,successful,Card
4864,293,2026-01-12,59.99,successful,UPI
4865,293,2026-02-12,59.99,successful,Card
4866,293,2026-03-12,59.99,successful,UPI
4867,293,2026-04-12,59.99,successful,Card
4868,293,2026-05-12,59.99,successful,Card
4869,293,2026-06-12,59.99,successful,Wallet
4870,293,2026-07-12,59.99,refunded,Net Banking
4871,294,2026-08-16,19.99,successful,UPI
4872,294,2026-09-16,19.99,successful,UPI
4873,295,2024-04-14,9.99,successful,UPI
4874,295,2024-05-14,9.99,successful,Card
4875,295,2024-06-14,9.99,successful,UPI
4876,295,2024-07-14,9.99,successful,Net Banking
4877,295,2024-08-14,9.99,successful,Card
4878,295,2024-09-14,9.99,successful,Card
4879,295,2024-10-14,9.99,successful,Card
4880,295,2024-11-14,9.99,successful,UPI
4881,295,2024-12-14,9.99,successful,Net Banking
4882,295,2025-01-14,9.99,successful,Net Banking
4883,295,2025-02-14,9.99,successful,Net Banking
4884,295,2025-03-14,9.99,successful,UPI
4885,295,2025-04-14,9.99,successful,Card
4886,295,2025-05-14,9.99,successful,Net Banking
4887,295,2025-06-14,9.99,refunded,UPI
4888,295,2025-07-14,9.99,successful,UPI
4889,295,2025-08-14,9.99,successful,Net Banking
4890,295,2025-09-14,9.99,successful,Net Banking
4891,295,2025-10-14,9.99,successful,Net Banking
4892,295,2025-11-14,9.99,successful,UPI
4893,295,2025-12-14,9.99,successful,Card
4894,295,2026-01-14,9.99,successful,Net Banking
4895,295,2026-02-14,9.99,successful,Wallet
4896,295,2026-03-14,9.99,successful,Card
4897,295,2026-04-14,9.99,successful,UPI
4898,295,2026-05-14,9.99,successful,Wallet
4899,295,2026-06-14,9.99,successful,Card
4900,295,2026-07-14,9.99,successful,Wallet
4901,295,2026-08-14,9.99,successful,Net Banking
4902,295,2026-09-14,9.99,successful,Card
4903,296,2025-11-11,19.99,successful,Net Banking
4904,296,2025-12-11,19.99,successful,Card
4905,296,2026-01-11,19.99,successful,UPI
4906,296,2026-02-11,19.99,successful,UPI
4907,296,2026-03-11,19.99,successful,Wallet
4908,296,2026-04-11,19.99,successful,Net Banking
4909,296,2026-05-11,19.99,successful,Card
4910,296,2026-06-11,19.99,successful,Wallet
4911,296,2026-07-11,19.99,successful,Net Banking
4912,296,2026-08-11,19.99,successful,Wallet
4913,296,2026-09-11,19.99,successful,Net Banking
4914,297,2025-01-19,9.99,failed,Card
4915,297,2025-02-19,9.99,successful,UPI
4916,297,2025-03-19,9.99,successful,Wallet
4917,297,2025-04-19,9.99,successful,UPI
4918,297,2025-05-19,9.99,successful,Card
4919,297,2025-06-19,9.99,successful,Card
4920,297,2025-07-19,9.99,successful,UPI
4921,297,2025-08-19,9.99,successful,Wallet
4922,297,2025-09-19,9.99,successful,Wallet
4923,297,2025-10-19,9.99,successful,Wallet
4924,297,2025-11-19,9.99,successful,Card
4925,297,2025-12-19,9.99,successful,UPI
4926,297,2026-01-19,9.99,successful,Card
4927,297,2026-02-19,9.99,successful,UPI
4928,297,2026-03-19,9.99,successful,UPI
4929,297,2026-04-19,9.99,successful,Net Banking
4930,297,2026-05-19,9.99,successful,UPI
4931,297,2026-06-19,9.99,successful,Card
4932,297,2026-07-19,9.99,successful,UPI
4933,297,2026-08-19,9.99,successful,UPI
4934,297,2026-09-19,9.99,successful,Net Banking
4935,298,2023-02-07,39.99,successful,Card
4936,298,2023-03-07,39.99,successful,Card
4937,298,2023-04-07,39.99,successful,Net Banking
4938,298,2023-05-07,39.99,successful,UPI
4939,298,2023-06-07,39.99,successful,Net Banking
4940,298,2023-07-07,39.99,successful,Card
4941,298,2023-08-07,39.99,successful,Net Banking
4942,298,2023-09-07,39.99,successful,Net Banking
4943,298,2023-10-07,39.99,successful,Net Banking
4944,298,2023-11-07,39.99,successful,Net Banking
4945,298,2023-12-07,39.99,successful,Card
4946,298,2024-01-07,39.99,successful,Wallet
4947,298,2024-02-07,39.99,successful,Net Banking
4948,298,2024-03-07,39.99,successful,Net Banking
4949,298,2024-04-07,39.99,successful,Net Banking
4950,298,2024-05-07,39.99,successful,Wallet
4951,298,2024-06-07,39.99,successful,Card
4952,298,2024-07-07,39.99,successful,Wallet
4953,298,2024-08-07,39.99,successful,Net Banking
4954,298,2024-09-07,39.99,successful,UPI
4955,298,2024-10-07,39.99,successful,Net Banking
4956,298,2024-11-07,39.99,refunded,Card
4957,298,2024-12-07,39.99,successful,UPI
4958,298,2025-01-07,39.99,successful,Card
4959,298,2025-02-07,39.99,successful,Card
4960,298,2025-03-07,39.99,successful,UPI
4961,298,2025-04-07,39.99,successful,Net Banking
4962,298,2025-05-07,39.99,successful,UPI
4963,298,2025-06-07,39.99,successful,UPI
4964,298,2025-07-07,39.99,successful,UPI
4965,298,2025-08-07,39.99,successful,Wallet
4966,298,2025-09-07,39.99,successful,Wallet
4967,298,2025-10-07,39.99,successful,Wallet
4968,298,2025-11-07,39.99,successful,UPI
4969,298,2025-12-07,39.99,successful,UPI
4970,298,2026-01-07,39.99,successful,Wallet
4971,298,2026-02-07,39.99,successful,Net Banking
4972,298,2026-03-07,39.99,successful,Card
4973,298,2026-04-07,39.99,successful,UPI
4974,298,2026-05-07,39.99,successful,Card
4975,298,2026-06-07,39.99,successful,UPI
4976,298,2026-07-07,39.99,successful,Net Banking
4977,298,2026-08-07,39.99,successful,UPI
4978,298,2026-09-07,39.99,successful,Wallet
4979,299,2023-08-18,59.99,successful,UPI
4980,299,2023-09-18,59.99,successful,UPI
4981,299,2023-10-18,59.99,successful,UPI
4982,299,2023-11-18,59.99,successful,Net Banking
4983,299,2023-12-18,59.99,successful,UPI
4984,299,2024-01-18,59.99,failed,Net Banking
4985,299,2024-02-18,59.99,successful,Net Banking
4986,299,2024-03-18,59.99,successful,Wallet
4987,299,2024-04-18,59.99,successful,Net Banking
4988,299,2024-05-18,59.99,successful,Wallet
4989,299,2024-06-18,59.99,successful,Net Banking
4990,299,2024-07-18,59.99,successful,UPI
4991,299,2024-08-18,59.99,successful,UPI
4992,299,2024-09-18,59.99,successful,UPI
4993,300,2024-07-16,19.99,successful,Net Banking
4994,300,2024-08-16,19.99,successful,Net Banking
4995,300,2024-09-16,19.99,successful,Card
4996,300,2024-10-16,19.99,successful,Net Banking
4997,300,2024-11-16,19.99,successful,Net Banking
4998,300,2024-12-16,19.99,successful,Wallet
4999,300,2025-01-16,19.99,successful,Card
5000,300,2025-02-16,19.99,successful,Wallet
5001,300,2025-03-16,19.99,successful,Wallet
5002,300,2025-04-16,19.99,successful,UPI
5003,300,2025-05-16,19.99,successful,Card
5004,300,2025-06-16,19.99,successful,Wallet
5005,300,2025-07-16,19.99,successful,Card
5006,300,2025-08-16,19.99,successful,Card
5007,300,2025-09-16,19.99,successful,UPI
5008,300,2025-10-16,19.99,successful,Net Banking
5009,300,2025-11-16,19.99,successful,Wallet
5010,300,2025-12-16,19.99,successful,Net Banking
5011,300,2026-01-16,19.99,refunded,Wallet
5012,300,2026-02-16,19.99,successful,Wallet
5013,300,2026-03-16,19.99,successful,Net Banking
5014,300,2026-04-16,19.99,successful,Wallet
5015,300,2026-05-16,19.99,successful,Wallet
5016,300,2026-06-16,19.99,successful,Card
5017,300,2026-07-16,19.99,successful,Wallet
5018,300,2026-08-16,19.99,successful,Card
5019,300,2026-09-16,19.99,successful,Wallet
5020,301,2024-03-13,39.99,successful,Card
5021,301,2024-04-13,39.99,successful,UPI
5022,301,2024-05-13,39.99,successful,Net Banking
5023,301,2024-06-13,39.99,successful,Wallet
5024,301,2024-07-13,39.99,successful,Wallet
5025,301,2024-08-13,39.99,successful,Net Banking
5026,301,2024-09-13,39.99,successful,Net Banking
5027,301,2024-10-13,39.99,successful,Net Banking
5028,301,2024-11-13,39.99,successful,Wallet
5029,301,2024-12-13,39.99,failed,Card
5030,301,2025-01-13,39.99,successful,Net Banking
5031,301,2025-02-13,39.99,successful,UPI
5032,301,2025-03-13,39.99,successful,UPI
5033,301,2025-04-13,39.99,failed,Net Banking
5034,301,2025-05-13,39.99,successful,Wallet
5035,301,2025-06-13,39.99,successful,Net Banking
5036,301,2025-07-13,39.99,successful,Net Banking
5037,302,2023-01-27,59.99,successful,Card
5038,302,2023-02-27,59.99,successful,Wallet
5039,302,2023-03-27,59.99,successful,UPI
5040,302,2023-04-27,59.99,successful,Net Banking
5041,302,2023-05-27,59.99,successful,Net Banking
5042,302,2023-06-27,59.99,successful,Wallet
5043,302,2023-07-27,59.99,successful,UPI
5044,302,2023-08-27,59.99,successful,Wallet
5045,302,2023-09-27,59.99,successful,Card
5046,302,2023-10-27,59.99,successful,Net Banking
5047,302,2023-11-27,59.99,successful,UPI
5048,302,2023-12-27,59.99,successful,Wallet
5049,302,2024-01-27,59.99,successful,UPI
5050,302,2024-02-27,59.99,successful,Net Banking
5051,302,2024-03-27,59.99,successful,Card
5052,302,2024-04-27,59.99,successful,UPI
5053,302,2024-05-27,59.99,successful,Net Banking
5054,302,2024-06-27,59.99,successful,Wallet
5055,302,2024-07-27,59.99,successful,Card
5056,302,2024-08-27,59.99,successful,UPI
5057,302,2024-09-27,59.99,successful,Net Banking
5058,302,2024-10-27,59.99,successful,Card
5059,302,2024-11-27,59.99,successful,Card
5060,302,2024-12-27,59.99,successful,UPI
5061,302,2025-01-27,59.99,successful,Wallet
5062,302,2025-02-27,59.99,successful,Card
5063,302,2025-03-27,59.99,failed,UPI
5064,302,2025-04-27,59.99,successful,Net Banking
5065,302,2025-05-27,59.99,successful,Net Banking
5066,302,2025-06-27,59.99,successful,Wallet
5067,302,2025-07-27,59.99,successful,Wallet
5068,302,2025-08-27,59.99,successful,Card
5069,302,2025-09-27,59.99,successful,Wallet
5070,302,2025-10-27,59.99,successful,UPI
5071,302,2025-11-27,59.99,successful,UPI
5072,302,2025-12-27,59.99,successful,UPI
5073,302,2026-01-27,59.99,successful,Net Banking
5074,302,2026-02-27,59.99,successful,Net Banking
5075,302,2026-03-27,59.99,successful,Wallet
5076,302,2026-04-27,59.99,successful,UPI
5077,302,2026-05-27,59.99,successful,Card
5078,302,2026-06-27,59.99,successful,UPI
5079,302,2026-07-27,59.99,successful,Net Banking
5080,302,2026-08-27,59.99,successful,Wallet
5081,302,2026-09-27,59.99,successful,Card
5082,303,2023-08-14,19.99,successful,UPI
5083,303,2023-09-14,19.99,successful,Wallet
5084,303,2023-10-14,19.99,successful,Net Banking
5085,303,2023-11-14,19.99,successful,Wallet
5086,303,2023-12-14,19.99,successful,Wallet
5087,303,2024-01-14,19.99,successful,Wallet
5088,303,2024-02-14,19.99,successful,Wallet
5089,303,2024-03-14,19.99,successful,Net Banking
5090,303,2024-04-14,19.99,successful,Wallet
5091,303,2024-05-14,19.99,successful,Net Banking
5092,303,2024-06-14,19.99,successful,Net Banking
5093,303,2024-07-14,19.99,successful,Net Banking
5094,303,2024-08-14,19.99,successful,Net Banking
5095,303,2024-09-14,19.99,successful,Net Banking
5096,303,2024-10-14,19.99,successful,Net Banking
5097,303,2024-11-14,19.99,successful,Wallet
5098,303,2024-12-14,19.99,successful,Net Banking
5099,303,2025-01-14,19.99,successful,Card
5100,303,2025-02-14,19.99,failed,UPI
5101,303,2025-03-14,19.99,successful,Wallet
5102,303,2025-04-14,19.99,successful,Wallet
5103,303,2025-05-14,19.99,successful,Net Banking
5104,303,2025-06-14,19.99,successful,Card
5105,303,2025-07-14,19.99,failed,Wallet
5106,303,2025-08-14,19.99,successful,Net Banking
5107,303,2025-09-14,19.99,successful,Wallet
5108,303,2025-10-14,19.99,successful,Net Banking
5109,303,2025-11-14,19.99,successful,Net Banking
5110,303,2025-12-14,19.99,successful,UPI
5111,303,2026-01-14,19.99,successful,UPI
5112,303,2026-02-14,19.99,successful,Card
5113,303,2026-03-14,19.99,successful,Card
5114,303,2026-04-14,19.99,successful,Net Banking
5115,303,2026-05-14,19.99,successful,Wallet
5116,303,2026-06-14,19.99,successful,Net Banking
5117,303,2026-07-14,19.99,successful,UPI
5118,303,2026-08-14,19.99,successful,Net Banking
5119,303,2026-09-14,19.99,successful,Net Banking
5120,304,2025-03-08,19.99,successful,Net Banking
5121,304,2025-04-08,19.99,successful,Wallet
5122,304,2025-05-08,19.99,successful,Net Banking
5123,304,2025-06-08,19.99,failed,UPI
5124,304,2025-07-08,19.99,successful,UPI
5125,304,2025-08-08,19.99,failed,Wallet
5126,304,2025-09-08,19.99,refunded,Card
5127,304,2025-10-08,19.99,successful,Card
5128,304,2025-11-08,19.99,successful,Card
5129,304,2025-12-08,19.99,successful,Card
5130,304,2026-01-08,19.99,successful,UPI
5131,304,2026-02-08,19.99,successful,Net Banking
5132,304,2026-03-08,19.99,successful,Card
5133,304,2026-04-08,19.99,successful,Wallet
5134,304,2026-05-08,19.99,successful,Card
5135,304,2026-06-08,19.99,successful,Card
5136,304,2026-07-08,19.99,successful,Net Banking
5137,304,2026-08-08,19.99,successful,Wallet
5138,304,2026-09-08,19.99,successful,Net Banking
5139,305,2023-10-11,9.99,successful,Card
5140,305,2023-11-11,9.99,successful,Net Banking
5141,306,2025-05-28,9.99,successful,Wallet
5142,306,2025-06-28,9.99,failed,Wallet
5143,306,2025-07-28,9.99,successful,Card
5144,306,2025-08-28,9.99,successful,Wallet
5145,306,2025-09-28,9.99,successful,Wallet
5146,306,2025-10-28,9.99,successful,Wallet
5147,306,2025-11-28,9.99,successful,UPI
5148,306,2025-12-28,9.99,successful,Card
5149,306,2026-01-28,9.99,successful,UPI
5150,306,2026-02-28,9.99,successful,Net Banking
5151,306,2026-03-28,9.99,failed,Net Banking
5152,306,2026-04-28,9.99,successful,Card
5153,306,2026-05-28,9.99,successful,UPI
5154,306,2026-06-28,9.99,successful,UPI
5155,306,2026-07-28,9.99,successful,UPI
5156,306,2026-08-28,9.99,successful,UPI
5157,306,2026-09-28,9.99,successful,Net Banking
5158,307,2025-08-17,399.0,successful,Net Banking
5159,308,2024-03-28,399.0,successful,Wallet
5160,308,2025-03-28,399.0,successful,Wallet
5161,309,2025-10-16,19.99,successful,UPI
5162,309,2025-11-16,19.99,successful,Card
5163,309,2025-12-16,19.99,successful,UPI
5164,309,2026-01-16,19.99,successful,Wallet
5165,310,2025-03-26,39.99,successful,Net Banking
5166,310,2025-04-26,39.99,successful,Wallet
5167,310,2025-05-26,39.99,successful,UPI
5168,310,2025-06-26,39.99,successful,Card
5169,310,2025-07-26,39.99,successful,Net Banking
5170,310,2025-08-26,39.99,successful,Wallet
5171,310,2025-09-26,39.99,successful,Net Banking
5172,311,2024-10-20,39.99,successful,Card
5173,311,2024-11-20,39.99,successful,Net Banking
5174,311,2024-12-20,39.99,successful,Card
5175,311,2025-01-20,39.99,failed,UPI
5176,311,2025-02-20,39.99,failed,UPI
5177,311,2025-03-20,39.99,successful,Wallet
5178,311,2025-04-20,39.99,successful,Net Banking
5179,311,2025-05-20,39.99,refunded,Wallet
5180,311,2025-06-20,39.99,successful,Wallet
5181,311,2025-07-20,39.99,successful,Card
5182,311,2025-08-20,39.99,successful,UPI
5183,311,2025-09-20,39.99,failed,Card
5184,311,2025-10-20,39.99,successful,UPI
5185,311,2025-11-20,39.99,successful,Net Banking
5186,311,2025-12-20,39.99,successful,UPI
5187,311,2026-01-20,39.99,successful,Wallet
5188,311,2026-02-20,39.99,successful,Card
5189,311,2026-03-20,39.99,successful,Net Banking
5190,311,2026-04-20,39.99,successful,Card
5191,311,2026-05-20,39.99,successful,Net Banking
5192,311,2026-06-20,39.99,successful,Card
5193,311,2026-07-20,39.99,successful,Net Banking
5194,311,2026-08-20,39.99,successful,Card
5195,311,2026-09-20,39.99,failed,Wallet
5196,312,2024-06-30,19.99,successful,Card
5197,312,2024-07-30,19.99,successful,Net Banking
5198,312,2024-08-30,19.99,successful,UPI
5199,312,2024-09-30,19.99,successful,UPI
5200,312,2024-10-30,19.99,failed,Card
5201,312,2024-11-30,19.99,successful,Net Banking
5202,312,2024-12-30,19.99,successful,Card
5203,312,2025-01-30,19.99,successful,Card
5204,312,2025-02-28,19.99,successful,UPI
5205,312,2025-03-28,19.99,failed,Card
5206,312,2025-04-28,19.99,successful,Wallet
5207,312,2025-05-28,19.99,successful,UPI
5208,312,2025-06-28,19.99,successful,UPI
5209,312,2025-07-28,19.99,successful,UPI
5210,312,2025-08-28,19.99,successful,Net Banking
5211,312,2025-09-28,19.99,successful,UPI
5212,312,2025-10-28,19.99,failed,Card
5213,312,2025-11-28,19.99,successful,Card
5214,312,2025-12-28,19.99,successful,Net Banking
5215,312,2026-01-28,19.99,successful,UPI
5216,312,2026-02-28,19.99,successful,Card
5217,312,2026-03-28,19.99,successful,Wallet
5218,312,2026-04-28,19.99,successful,UPI
5219,312,2026-05-28,19.99,successful,Net Banking
5220,312,2026-06-28,19.99,successful,Card
5221,312,2026-07-28,19.99,failed,Net Banking
5222,312,2026-08-28,19.99,successful,UPI
5223,312,2026-09-28,19.99,successful,Net Banking
5224,313,2026-04-30,19.99,successful,Wallet
5225,313,2026-05-30,19.99,successful,Card
5226,314,2026-06-19,9.99,successful,Card
5227,314,2026-07-19,9.99,successful,Wallet
5228,315,2025-12-08,39.99,successful,Net Banking
5229,315,2026-01-08,39.99,successful,Net Banking
5230,315,2026-02-08,39.99,successful,Wallet
5231,316,2023-01-17,19.99,successful,Wallet
5232,316,2023-02-17,19.99,successful,Net Banking
5233,316,2023-03-17,19.99,successful,Net Banking
5234,316,2023-04-17,19.99,successful,UPI
5235,316,2023-05-17,19.99,successful,Card
5236,316,2023-06-17,19.99,successful,Net Banking
5237,316,2023-07-17,19.99,successful,Card
5238,316,2023-08-17,19.99,successful,Card
5239,316,2023-09-17,19.99,failed,Card
5240,316,2023-10-17,19.99,successful,Card
5241,316,2023-11-17,19.99,failed,Wallet
5242,316,2023-12-17,19.99,refunded,Wallet
5243,316,2024-01-17,19.99,successful,Card
5244,316,2024-02-17,19.99,successful,UPI
5245,316,2024-03-17,19.99,successful,Net Banking
5246,316,2024-04-17,19.99,successful,Card
5247,316,2024-05-17,19.99,successful,UPI
5248,316,2024-06-17,19.99,successful,UPI
5249,316,2024-07-17,19.99,successful,Card
5250,316,2024-08-17,19.99,successful,Wallet
5251,316,2024-09-17,19.99,successful,Wallet
5252,316,2024-10-17,19.99,successful,Wallet
5253,316,2024-11-17,19.99,successful,Wallet
5254,316,2024-12-17,19.99,failed,Card
5255,316,2025-01-17,19.99,successful,Net Banking
5256,316,2025-02-17,19.99,successful,Card
5257,316,2025-03-17,19.99,successful,Card
5258,316,2025-04-17,19.99,successful,UPI
5259,316,2025-05-17,19.99,successful,Net Banking
5260,316,2025-06-17,19.99,successful,UPI
5261,316,2025-07-17,19.99,successful,Wallet
5262,316,2025-08-17,19.99,successful,UPI
5263,316,2025-09-17,19.99,successful,Card
5264,316,2025-10-17,19.99,successful,Wallet
5265,316,2025-11-17,19.99,failed,Net Banking
5266,316,2025-12-17,19.99,successful,Wallet
5267,316,2026-01-17,19.99,successful,Net Banking
5268,316,2026-02-17,19.99,successful,Wallet
5269,316,2026-03-17,19.99,failed,UPI
5270,316,2026-04-17,19.99,successful,Card
5271,316,2026-05-17,19.99,successful,UPI
5272,316,2026-06-17,19.99,successful,Card
5273,316,2026-07-17,19.99,successful,Card
5274,316,2026-08-17,19.99,successful,UPI
5275,316,2026-09-17,19.99,failed,Wallet
5276,317,2026-04-10,39.99,successful,Wallet
5277,317,2026-05-10,39.99,successful,Card
5278,317,2026-06-10,39.99,successful,UPI
5279,317,2026-07-10,39.99,successful,Wallet
5280,317,2026-08-10,39.99,successful,Net Banking
5281,317,2026-09-10,39.99,successful,Net Banking
5282,318,2026-05-28,19.99,successful,Wallet
5283,318,2026-06-28,19.99,successful,Net Banking
5284,318,2026-07-28,19.99,successful,Card
5285,318,2026-08-28,19.99,successful,Card
5286,318,2026-09-28,19.99,successful,Net Banking
5287,319,2023-06-07,9.99,successful,Net Banking
5288,319,2023-07-07,9.99,successful,Card
5289,319,2023-08-07,9.99,successful,Net Banking
5290,319,2023-09-07,9.99,successful,Net Banking
5291,319,2023-10-07,9.99,successful,UPI
5292,319,2023-11-07,9.99,successful,Wallet
5293,319,2023-12-07,9.99,successful,Wallet
5294,319,2024-01-07,9.99,successful,Wallet
5295,320,2024-02-27,39.99,successful,UPI
5296,320,2024-03-27,39.99,successful,Wallet
5297,320,2024-04-27,39.99,successful,Card
5298,320,2024-05-27,39.99,successful,UPI
5299,320,2024-06-27,39.99,successful,UPI
5300,320,2024-07-27,39.99,successful,Card
5301,320,2024-08-27,39.99,successful,Card
5302,320,2024-09-27,39.99,successful,UPI
5303,320,2024-10-27,39.99,successful,Card
5304,320,2024-11-27,39.99,failed,Wallet
5305,320,2024-12-27,39.99,successful,Net Banking
5306,320,2025-01-27,39.99,successful,Wallet
5307,320,2025-02-27,39.99,successful,Card
5308,320,2025-03-27,39.99,successful,Card
5309,320,2025-04-27,39.99,successful,Card
5310,320,2025-05-27,39.99,successful,Card
5311,320,2025-06-27,39.99,successful,Net Banking
5312,320,2025-07-27,39.99,successful,Net Banking
5313,320,2025-08-27,39.99,successful,UPI
5314,320,2025-09-27,39.99,failed,Net Banking
5315,320,2025-10-27,39.99,successful,Card
5316,320,2025-11-27,39.99,successful,Card
5317,320,2025-12-27,39.99,failed,UPI
5318,320,2026-01-27,39.99,successful,UPI
5319,320,2026-02-27,39.99,successful,Net Banking
5320,320,2026-03-27,39.99,successful,Wallet
5321,320,2026-04-27,39.99,successful,Card
5322,320,2026-05-27,39.99,successful,Net Banking
5323,320,2026-06-27,39.99,successful,UPI
5324,320,2026-07-27,39.99,successful,Wallet
5325,320,2026-08-27,39.99,successful,Net Banking
5326,320,2026-09-27,39.99,successful,Wallet
5327,321,2024-04-21,9.99,successful,Wallet
5328,321,2024-05-21,9.99,successful,Net Banking
5329,321,2024-06-21,9.99,successful,UPI
5330,321,2024-07-21,9.99,successful,UPI
5331,321,2024-08-21,9.99,successful,UPI
5332,321,2024-09-21,9.99,successful,UPI
5333,321,2024-10-21,9.99,successful,UPI
5334,321,2024-11-21,9.99,successful,Card
5335,321,2024-12-21,9.99,successful,Card
5336,321,2025-01-21,9.99,successful,UPI
5337,321,2025-02-21,9.99,successful,UPI
5338,321,2025-03-21,9.99,successful,Net Banking
5339,321,2025-04-21,9.99,successful,Net Banking
5340,321,2025-05-21,9.99,successful,Wallet
5341,321,2025-06-21,9.99,successful,Wallet
5342,321,2025-07-21,9.99,successful,Card
5343,321,2025-08-21,9.99,successful,Wallet
5344,321,2025-09-21,9.99,successful,UPI
5345,321,2025-10-21,9.99,successful,Net Banking
5346,321,2025-11-21,9.99,successful,Net Banking
5347,321,2025-12-21,9.99,successful,Wallet
5348,321,2026-01-21,9.99,successful,Card
5349,321,2026-02-21,9.99,successful,UPI
5350,321,2026-03-21,9.99,successful,Wallet
5351,321,2026-04-21,9.99,successful,Net Banking
5352,321,2026-05-21,9.99,successful,Net Banking
5353,321,2026-06-21,9.99,successful,UPI
5354,321,2026-07-21,9.99,failed,Wallet
5355,321,2026-08-21,9.99,successful,Wallet
5356,321,2026-09-21,9.99,failed,Card
5357,322,2025-12-05,399.0,failed,Card
5358,323,2026-06-09,59.99,successful,Net Banking
5359,323,2026-07-09,59.99,failed,Wallet
5360,323,2026-08-09,59.99,successful,UPI
5361,323,2026-09-09,59.99,successful,Net Banking
5362,324,2024-06-01,9.99,successful,Card
5363,324,2024-07-01,9.99,successful,Wallet
5364,324,2024-08-01,9.99,successful,Net Banking
5365,325,2023-04-09,9.99,successful,Wallet
5366,325,2023-05-09,9.99,successful,Net Banking
5367,325,2023-06-09,9.99,successful,Net Banking
5368,325,2023-07-09,9.99,successful,Wallet
5369,325,2023-08-09,9.99,successful,Card
5370,325,2023-09-09,9.99,successful,Wallet
5371,325,2023-10-09,9.99,successful,Wallet
5372,325,2023-11-09,9.99,successful,Card
5373,325,2023-12-09,9.99,failed,Card
5374,325,2024-01-09,9.99,successful,UPI
5375,325,2024-02-09,9.99,successful,UPI
5376,325,2024-03-09,9.99,successful,Card
5377,325,2024-04-09,9.99,successful,UPI
5378,325,2024-05-09,9.99,successful,Card
5379,325,2024-06-09,9.99,successful,Net Banking
5380,325,2024-07-09,9.99,successful,UPI
5381,325,2024-08-09,9.99,successful,Net Banking
5382,326,2024-09-18,9.99,successful,Net Banking
5383,326,2024-10-18,9.99,successful,UPI
5384,326,2024-11-18,9.99,successful,UPI
5385,326,2024-12-18,9.99,successful,Wallet
5386,326,2025-01-18,9.99,successful,Net Banking
5387,326,2025-02-18,9.99,successful,Card
5388,326,2025-03-18,9.99,failed,Card
5389,326,2025-04-18,9.99,successful,UPI
5390,326,2025-05-18,9.99,successful,Net Banking
5391,326,2025-06-18,9.99,successful,Card
5392,326,2025-07-18,9.99,successful,Net Banking
5393,326,2025-08-18,9.99,successful,Wallet
5394,326,2025-09-18,9.99,successful,Net Banking
5395,326,2025-10-18,9.99,successful,Wallet
5396,326,2025-11-18,9.99,successful,Wallet
5397,326,2025-12-18,9.99,successful,Net Banking
5398,326,2026-01-18,9.99,successful,Net Banking
5399,326,2026-02-18,9.99,successful,Card
5400,326,2026-03-18,9.99,successful,UPI
5401,326,2026-04-18,9.99,successful,Card
5402,326,2026-05-18,9.99,successful,Wallet
5403,326,2026-06-18,9.99,successful,Net Banking
5404,326,2026-07-18,9.99,failed,Wallet
5405,326,2026-08-18,9.99,successful,UPI
5406,326,2026-09-18,9.99,successful,Card
5407,327,2025-11-26,59.99,successful,UPI
5408,327,2025-12-26,59.99,successful,Net Banking
5409,327,2026-01-26,59.99,successful,Card
5410,327,2026-02-26,59.99,successful,UPI
5411,327,2026-03-26,59.99,successful,Net Banking
5412,327,2026-04-26,59.99,successful,UPI
5413,327,2026-05-26,59.99,successful,Net Banking
5414,327,2026-06-26,59.99,successful,UPI
5415,327,2026-07-26,59.99,refunded,Net Banking
5416,327,2026-08-26,59.99,failed,UPI
5417,327,2026-09-26,59.99,successful,Card
5418,328,2023-10-07,19.99,successful,Wallet
5419,328,2023-11-07,19.99,successful,Net Banking
5420,328,2023-12-07,19.99,successful,Card
5421,328,2024-01-07,19.99,failed,Wallet
5422,328,2024-02-07,19.99,successful,Net Banking
5423,328,2024-03-07,19.99,successful,Net Banking
5424,328,2024-04-07,19.99,successful,Net Banking
5425,328,2024-05-07,19.99,successful,Wallet
5426,328,2024-06-07,19.99,successful,Card
5427,328,2024-07-07,19.99,successful,Net Banking
5428,328,2024-08-07,19.99,successful,Card
5429,328,2024-09-07,19.99,successful,Card
5430,328,2024-10-07,19.99,successful,Net Banking
5431,328,2024-11-07,19.99,successful,UPI
5432,328,2024-12-07,19.99,successful,Net Banking
5433,328,2025-01-07,19.99,successful,Net Banking
5434,328,2025-02-07,19.99,successful,UPI
5435,328,2025-03-07,19.99,successful,Card
5436,328,2025-04-07,19.99,successful,Net Banking
5437,328,2025-05-07,19.99,successful,UPI
5438,328,2025-06-07,19.99,successful,UPI
5439,328,2025-07-07,19.99,successful,Net Banking
5440,328,2025-08-07,19.99,successful,Wallet
5441,328,2025-09-07,19.99,successful,Wallet
5442,328,2025-10-07,19.99,successful,Wallet
5443,328,2025-11-07,19.99,successful,Card
5444,328,2025-12-07,19.99,successful,Net Banking
5445,328,2026-01-07,19.99,successful,Net Banking
5446,328,2026-02-07,19.99,successful,UPI
5447,328,2026-03-07,19.99,successful,Net Banking
5448,328,2026-04-07,19.99,successful,Wallet
5449,328,2026-05-07,19.99,successful,Wallet
5450,328,2026-06-07,19.99,successful,Wallet
5451,328,2026-07-07,19.99,successful,UPI
5452,328,2026-08-07,19.99,failed,Card
5453,328,2026-09-07,19.99,successful,Net Banking
5454,329,2024-05-11,9.99,successful,Card
5455,329,2024-06-11,9.99,successful,UPI
5456,329,2024-07-11,9.99,successful,Card
5457,329,2024-08-11,9.99,successful,Net Banking
5458,329,2024-09-11,9.99,successful,Wallet
5459,329,2024-10-11,9.99,successful,Card
5460,329,2024-11-11,9.99,successful,Card
5461,329,2024-12-11,9.99,successful,Net Banking
5462,329,2025-01-11,9.99,successful,Wallet
5463,329,2025-02-11,9.99,successful,UPI
5464,329,2025-03-11,9.99,successful,Net Banking
5465,329,2025-04-11,9.99,successful,Card
5466,329,2025-05-11,9.99,successful,Net Banking
5467,329,2025-06-11,9.99,successful,Wallet
5468,329,2025-07-11,9.99,successful,Net Banking
5469,329,2025-08-11,9.99,failed,Wallet
5470,329,2025-09-11,9.99,failed,Net Banking
5471,329,2025-10-11,9.99,successful,Card
5472,329,2025-11-11,9.99,successful,Net Banking
5473,329,2025-12-11,9.99,successful,Wallet
5474,329,2026-01-11,9.99,successful,Wallet
5475,329,2026-02-11,9.99,successful,Net Banking
5476,329,2026-03-11,9.99,successful,Net Banking
5477,329,2026-04-11,9.99,successful,UPI
5478,329,2026-05-11,9.99,successful,Net Banking
5479,329,2026-06-11,9.99,successful,Card
5480,329,2026-07-11,9.99,successful,Net Banking
5481,329,2026-08-11,9.99,successful,Net Banking
5482,329,2026-09-11,9.99,successful,Net Banking
5483,330,2023-10-29,399.0,failed,Card
5484,330,2024-10-29,399.0,successful,Wallet
5485,330,2025-10-29,399.0,successful,Net Banking
5486,331,2023-06-30,9.99,successful,Card
5487,331,2023-07-30,9.99,successful,Wallet
5488,331,2023-08-30,9.99,successful,UPI
5489,331,2023-09-30,9.99,successful,Net Banking
5490,331,2023-10-30,9.99,successful,Net Banking
5491,331,2023-11-30,9.99,successful,Card
5492,331,2023-12-30,9.99,successful,Wallet
5493,331,2024-01-30,9.99,successful,Card
5494,332,2024-03-18,9.99,successful,Wallet
5495,332,2024-04-18,9.99,successful,Wallet
5496,332,2024-05-18,9.99,successful,UPI
5497,332,2024-06-18,9.99,failed,Card
5498,332,2024-07-18,9.99,successful,Net Banking
5499,332,2024-08-18,9.99,successful,Card
5500,332,2024-09-18,9.99,successful,UPI
5501,332,2024-10-18,9.99,successful,Net Banking
5502,332,2024-11-18,9.99,successful,Wallet
5503,332,2024-12-18,9.99,successful,Wallet
5504,332,2025-01-18,9.99,successful,Wallet
5505,332,2025-02-18,9.99,successful,Card
5506,332,2025-03-18,9.99,successful,Card
5507,332,2025-04-18,9.99,successful,Card
5508,332,2025-05-18,9.99,successful,Wallet
5509,332,2025-06-18,9.99,successful,Wallet
5510,332,2025-07-18,9.99,successful,Net Banking
5511,332,2025-08-18,9.99,successful,Wallet
5512,332,2025-09-18,9.99,successful,UPI
5513,332,2025-10-18,9.99,failed,Net Banking
5514,332,2025-11-18,9.99,successful,Card
5515,332,2025-12-18,9.99,successful,UPI
5516,332,2026-01-18,9.99,successful,Net Banking
5517,332,2026-02-18,9.99,successful,UPI
5518,332,2026-03-18,9.99,successful,Wallet
5519,332,2026-04-18,9.99,successful,UPI
5520,332,2026-05-18,9.99,successful,UPI
5521,332,2026-06-18,9.99,successful,Wallet
5522,332,2026-07-18,9.99,refunded,Net Banking
5523,332,2026-08-18,9.99,successful,Net Banking
5524,332,2026-09-18,9.99,successful,Wallet
5525,333,2024-08-29,19.99,successful,Card
5526,333,2024-09-29,19.99,successful,UPI
5527,333,2024-10-29,19.99,successful,UPI
5528,333,2024-11-29,19.99,successful,Card
5529,333,2024-12-29,19.99,failed,UPI
5530,333,2025-01-29,19.99,successful,Card
5531,333,2025-02-28,19.99,successful,Card
5532,333,2025-03-28,19.99,successful,UPI
5533,333,2025-04-28,19.99,successful,Wallet
5534,333,2025-05-28,19.99,failed,Net Banking
5535,333,2025-06-28,19.99,successful,Net Banking
5536,333,2025-07-28,19.99,failed,UPI
5537,333,2025-08-28,19.99,successful,UPI
5538,333,2025-09-28,19.99,successful,Wallet
5539,333,2025-10-28,19.99,successful,Card
5540,333,2025-11-28,19.99,failed,Net Banking
5541,333,2025-12-28,19.99,successful,Card
5542,333,2026-01-28,19.99,successful,Card
5543,333,2026-02-28,19.99,successful,Wallet
5544,333,2026-03-28,19.99,successful,UPI
5545,333,2026-04-28,19.99,successful,Wallet
5546,333,2026-05-28,19.99,successful,UPI
5547,333,2026-06-28,19.99,successful,Card
5548,333,2026-07-28,19.99,successful,Net Banking
5549,333,2026-08-28,19.99,successful,Wallet
5550,333,2026-09-28,19.99,successful,Wallet
5551,334,2026-01-27,9.99,successful,Net Banking
5552,334,2026-02-27,9.99,successful,Card
5553,334,2026-03-27,9.99,successful,Wallet
5554,334,2026-04-27,9.99,successful,Card
5555,334,2026-05-27,9.99,successful,UPI
5556,334,2026-06-27,9.99,successful,UPI
5557,334,2026-07-27,9.99,successful,UPI
5558,334,2026-08-27,9.99,successful,UPI
5559,334,2026-09-27,9.99,successful,UPI
5560,335,2024-11-30,59.99,successful,Card
5561,335,2024-12-30,59.99,failed,Wallet
5562,335,2025-01-30,59.99,successful,UPI
5563,335,2025-02-28,59.99,successful,Net Banking
5564,336,2025-04-27,39.99,successful,Net Banking
5565,336,2025-05-27,39.99,successful,Net Banking
5566,336,2025-06-27,39.99,successful,Net Banking
5567,336,2025-07-27,39.99,successful,Net Banking
5568,336,2025-08-27,39.99,successful,UPI
5569,336,2025-09-27,39.99,successful,Net Banking
5570,336,2025-10-27,39.99,successful,Card
5571,336,2025-11-27,39.99,successful,Card
5572,336,2025-12-27,39.99,successful,Net Banking
5573,336,2026-01-27,39.99,successful,Wallet
5574,336,2026-02-27,39.99,failed,UPI
5575,336,2026-03-27,39.99,successful,Card
5576,336,2026-04-27,39.99,successful,UPI
5577,336,2026-05-27,39.99,successful,Card
5578,336,2026-06-27,39.99,successful,UPI
5579,336,2026-07-27,39.99,successful,Wallet
5580,336,2026-08-27,39.99,successful,Card
5581,336,2026-09-27,39.99,successful,Net Banking
5582,337,2025-09-19,9.99,successful,Card
5583,337,2025-10-19,9.99,successful,UPI
5584,337,2025-11-19,9.99,successful,Card
5585,337,2025-12-19,9.99,successful,UPI
5586,337,2026-01-19,9.99,successful,Net Banking
5587,337,2026-02-19,9.99,successful,Card
5588,337,2026-03-19,9.99,successful,Card
5589,337,2026-04-19,9.99,successful,UPI
5590,337,2026-05-19,9.99,successful,Wallet
5591,337,2026-06-19,9.99,successful,Card
5592,337,2026-07-19,9.99,successful,Wallet
5593,337,2026-08-19,9.99,failed,Wallet
5594,337,2026-09-19,9.99,successful,Card
5595,338,2026-02-13,9.99,successful,Card
5596,338,2026-03-13,9.99,refunded,Wallet
5597,338,2026-04-13,9.99,successful,UPI
5598,338,2026-05-13,9.99,successful,Wallet
5599,338,2026-06-13,9.99,successful,Net Banking
5600,338,2026-07-13,9.99,successful,Wallet
5601,338,2026-08-13,9.99,successful,Card
5602,338,2026-09-13,9.99,successful,UPI
5603,339,2023-07-10,9.99,failed,Wallet
5604,339,2023-08-10,9.99,successful,Net Banking
5605,339,2023-09-10,9.99,successful,Wallet
5606,339,2023-10-10,9.99,successful,Net Banking
5607,339,2023-11-10,9.99,successful,Wallet
5608,339,2023-12-10,9.99,successful,UPI
5609,339,2024-01-10,9.99,successful,UPI
5610,339,2024-02-10,9.99,successful,Net Banking
5611,339,2024-03-10,9.99,successful,Wallet
5612,339,2024-04-10,9.99,successful,Wallet
5613,339,2024-05-10,9.99,successful,Card
5614,339,2024-06-10,9.99,successful,Card
5615,339,2024-07-10,9.99,successful,Net Banking
5616,339,2024-08-10,9.99,successful,UPI
5617,340,2024-09-13,19.99,successful,Card
5618,340,2024-10-13,19.99,successful,Net Banking
5619,340,2024-11-13,19.99,successful,Card
5620,340,2024-12-13,19.99,failed,Wallet
5621,340,2025-01-13,19.99,successful,UPI
5622,340,2025-02-13,19.99,successful,Net Banking
5623,340,2025-03-13,19.99,successful,Card
5624,340,2025-04-13,19.99,successful,Wallet
5625,340,2025-05-13,19.99,successful,Card
5626,340,2025-06-13,19.99,successful,Net Banking
5627,340,2025-07-13,19.99,successful,Card
5628,340,2025-08-13,19.99,successful,UPI
5629,340,2025-09-13,19.99,successful,Wallet
5630,340,2025-10-13,19.99,failed,Wallet
5631,340,2025-11-13,19.99,successful,Card
5632,340,2025-12-13,19.99,failed,UPI
5633,340,2026-01-13,19.99,successful,UPI
5634,341,2023-09-10,39.99,successful,Wallet
5635,341,2023-10-10,39.99,successful,Net Banking
5636,341,2023-11-10,39.99,failed,Wallet
5637,341,2023-12-10,39.99,successful,UPI
5638,341,2024-01-10,39.99,successful,Wallet
5639,341,2024-02-10,39.99,successful,Card
5640,341,2024-03-10,39.99,successful,Wallet
5641,341,2024-04-10,39.99,successful,Net Banking
5642,341,2024-05-10,39.99,successful,UPI
5643,341,2024-06-10,39.99,successful,UPI
5644,341,2024-07-10,39.99,successful,Net Banking
5645,341,2024-08-10,39.99,successful,Net Banking
5646,341,2024-09-10,39.99,successful,Card
5647,341,2024-10-10,39.99,successful,Net Banking
5648,341,2024-11-10,39.99,successful,Net Banking
5649,341,2024-12-10,39.99,successful,Wallet
5650,341,2025-01-10,39.99,successful,Net Banking
5651,341,2025-02-10,39.99,successful,UPI
5652,341,2025-03-10,39.99,successful,Net Banking
5653,341,2025-04-10,39.99,successful,UPI
5654,341,2025-05-10,39.99,successful,Net Banking
5655,341,2025-06-10,39.99,successful,Card
5656,341,2025-07-10,39.99,successful,UPI
5657,341,2025-08-10,39.99,successful,Net Banking
5658,341,2025-09-10,39.99,successful,Wallet
5659,341,2025-10-10,39.99,successful,Card
5660,341,2025-11-10,39.99,failed,Net Banking
5661,341,2025-12-10,39.99,successful,Wallet
5662,341,2026-01-10,39.99,successful,Wallet
5663,341,2026-02-10,39.99,successful,Wallet
5664,341,2026-03-10,39.99,successful,UPI
5665,341,2026-04-10,39.99,successful,Wallet
5666,341,2026-05-10,39.99,successful,Card
5667,341,2026-06-10,39.99,successful,Net Banking
5668,341,2026-07-10,39.99,successful,Net Banking
5669,341,2026-08-10,39.99,failed,Wallet
5670,341,2026-09-10,39.99,successful,Card
5671,342,2025-09-07,19.99,failed,Net Banking
5672,342,2025-10-07,19.99,successful,UPI
5673,342,2025-11-07,19.99,successful,Net Banking
5674,342,2025-12-07,19.99,successful,Wallet
5675,342,2026-01-07,19.99,successful,Net Banking
5676,342,2026-02-07,19.99,successful,Wallet
5677,342,2026-03-07,19.99,successful,Wallet
5678,342,2026-04-07,19.99,successful,Wallet
5679,342,2026-05-07,19.99,successful,Card
5680,342,2026-06-07,19.99,successful,UPI
5681,342,2026-07-07,19.99,successful,Wallet
5682,342,2026-08-07,19.99,successful,UPI
5683,342,2026-09-07,19.99,successful,Wallet
5684,343,2025-07-16,9.99,successful,Card
5685,343,2025-08-16,9.99,successful,UPI
5686,343,2025-09-16,9.99,successful,Wallet
5687,343,2025-10-16,9.99,successful,Wallet
5688,344,2025-11-23,39.99,successful,Wallet
5689,344,2025-12-23,39.99,successful,Net Banking
5690,344,2026-01-23,39.99,refunded,Net Banking
5691,344,2026-02-23,39.99,successful,Card
5692,344,2026-03-23,39.99,successful,Net Banking
5693,344,2026-04-23,39.99,successful,Card
5694,344,2026-05-23,39.99,successful,Wallet
5695,345,2026-07-26,39.99,successful,UPI
5696,345,2026-08-26,39.99,successful,Card
5697,346,2026-03-30,39.99,refunded,Wallet
5698,346,2026-04-30,39.99,successful,Net Banking
5699,346,2026-05-30,39.99,successful,UPI
5700,346,2026-06-30,39.99,successful,Wallet
5701,347,2026-07-21,19.99,successful,Net Banking
5702,347,2026-08-21,19.99,successful,Net Banking
5703,348,2023-05-08,39.99,successful,Wallet
5704,348,2023-06-08,39.99,successful,Card
5705,348,2023-07-08,39.99,successful,Wallet
5706,348,2023-08-08,39.99,failed,Wallet
5707,348,2023-09-08,39.99,successful,Wallet
5708,348,2023-10-08,39.99,successful,Net Banking
5709,348,2023-11-08,39.99,successful,Wallet
5710,348,2023-12-08,39.99,successful,Wallet
5711,348,2024-01-08,39.99,successful,Wallet
5712,348,2024-02-08,39.99,successful,UPI
5713,348,2024-03-08,39.99,successful,Net Banking
5714,348,2024-04-08,39.99,successful,Card
5715,349,2023-01-18,39.99,successful,Card
5716,349,2023-02-18,39.99,successful,Net Banking
5717,349,2023-03-18,39.99,failed,Wallet
5718,349,2023-04-18,39.99,successful,Net Banking
5719,350,2024-07-19,39.99,successful,Card
5720,350,2024-08-19,39.99,successful,Wallet
5721,350,2024-09-19,39.99,successful,UPI
5722,350,2024-10-19,39.99,failed,Wallet
5723,350,2024-11-19,39.99,successful,UPI
5724,350,2024-12-19,39.99,failed,Wallet
5725,350,2025-01-19,39.99,successful,Wallet
5726,350,2025-02-19,39.99,successful,Wallet
5727,350,2025-03-19,39.99,successful,Net Banking
5728,350,2025-04-19,39.99,successful,UPI
5729,350,2025-05-19,39.99,successful,Wallet
5730,350,2025-06-19,39.99,successful,UPI
5731,350,2025-07-19,39.99,successful,UPI
5732,350,2025-08-19,39.99,successful,Wallet
5733,350,2025-09-19,39.99,successful,Card
5734,350,2025-10-19,39.99,successful,Wallet
5735,351,2024-07-23,9.99,successful,Net Banking
5736,351,2024-08-23,9.99,successful,Wallet
5737,351,2024-09-23,9.99,successful,Card
5738,351,2024-10-23,9.99,successful,UPI
5739,351,2024-11-23,9.99,successful,UPI
5740,351,2024-12-23,9.99,successful,UPI
5741,351,2025-01-23,9.99,successful,UPI
5742,351,2025-02-23,9.99,successful,UPI
5743,351,2025-03-23,9.99,successful,Wallet
5744,351,2025-04-23,9.99,successful,Wallet
5745,351,2025-05-23,9.99,successful,Card
5746,351,2025-06-23,9.99,successful,Wallet
5747,351,2025-07-23,9.99,successful,Net Banking
5748,351,2025-08-23,9.99,successful,Card
5749,351,2025-09-23,9.99,successful,Net Banking
5750,351,2025-10-23,9.99,successful,UPI
5751,351,2025-11-23,9.99,successful,Wallet
5752,351,2025-12-23,9.99,successful,UPI
5753,351,2026-01-23,9.99,successful,Card
5754,351,2026-02-23,9.99,successful,Net Banking
5755,351,2026-03-23,9.99,successful,Card
5756,351,2026-04-23,9.99,successful,Wallet
5757,351,2026-05-23,9.99,successful,Net Banking
5758,351,2026-06-23,9.99,successful,Net Banking
5759,351,2026-07-23,9.99,successful,Wallet
5760,351,2026-08-23,9.99,successful,Net Banking
5761,351,2026-09-23,9.99,successful,Card
5762,352,2024-11-16,19.99,failed,Card
5763,352,2024-12-16,19.99,successful,Net Banking
5764,352,2025-01-16,19.99,successful,Net Banking
5765,352,2025-02-16,19.99,successful,Card
5766,352,2025-03-16,19.99,successful,Wallet
5767,352,2025-04-16,19.99,successful,Net Banking
5768,352,2025-05-16,19.99,failed,Net Banking
5769,352,2025-06-16,19.99,successful,Card
5770,352,2025-07-16,19.99,successful,Wallet
5771,352,2025-08-16,19.99,successful,Wallet
5772,352,2025-09-16,19.99,successful,Card
5773,352,2025-10-16,19.99,successful,Card
5774,352,2025-11-16,19.99,successful,UPI
5775,352,2025-12-16,19.99,successful,UPI
5776,352,2026-01-16,19.99,successful,Wallet
5777,352,2026-02-16,19.99,successful,Card
5778,352,2026-03-16,19.99,successful,Net Banking
5779,353,2026-04-01,19.99,successful,Wallet
5780,353,2026-05-01,19.99,failed,UPI
5781,353,2026-06-01,19.99,successful,Wallet
5782,353,2026-07-01,19.99,successful,Wallet
5783,353,2026-08-01,19.99,successful,Wallet
5784,353,2026-09-01,19.99,successful,Card
5785,354,2024-09-17,19.99,successful,UPI
5786,354,2024-10-17,19.99,successful,Net Banking
5787,354,2024-11-17,19.99,successful,UPI
5788,354,2024-12-17,19.99,successful,Card
5789,354,2025-01-17,19.99,successful,Wallet
5790,354,2025-02-17,19.99,successful,Card
5791,354,2025-03-17,19.99,successful,UPI
5792,354,2025-04-17,19.99,successful,UPI
5793,354,2025-05-17,19.99,successful,Card
5794,354,2025-06-17,19.99,successful,Card
5795,355,2025-05-03,39.99,successful,Card
5796,355,2025-06-03,39.99,successful,Wallet
5797,355,2025-07-03,39.99,successful,Card
5798,355,2025-08-03,39.99,successful,Card
5799,355,2025-09-03,39.99,successful,UPI
5800,355,2025-10-03,39.99,successful,Card
5801,355,2025-11-03,39.99,successful,Wallet
5802,355,2025-12-03,39.99,successful,Net Banking
5803,355,2026-01-03,39.99,failed,Card
5804,355,2026-02-03,39.99,successful,Wallet
5805,355,2026-03-03,39.99,successful,Card
5806,355,2026-04-03,39.99,successful,Net Banking
5807,355,2026-05-03,39.99,successful,UPI
5808,355,2026-06-03,39.99,successful,Net Banking
5809,355,2026-07-03,39.99,successful,Card
5810,355,2026-08-03,39.99,successful,Net Banking
5811,355,2026-09-03,39.99,successful,Wallet
5812,356,2025-08-19,39.99,successful,UPI
5813,356,2025-09-19,39.99,successful,UPI
5814,356,2025-10-19,39.99,successful,Wallet
5815,357,2025-11-13,39.99,successful,Net Banking
5816,357,2025-12-13,39.99,successful,UPI
5817,357,2026-01-13,39.99,successful,Net Banking
5818,357,2026-02-13,39.99,successful,Wallet
5819,357,2026-03-13,39.99,successful,UPI
5820,357,2026-04-13,39.99,successful,UPI
5821,357,2026-05-13,39.99,successful,Card
5822,358,2023-06-04,9.99,successful,Card
5823,358,2023-07-04,9.99,successful,Net Banking
5824,358,2023-08-04,9.99,successful,UPI
5825,358,2023-09-04,9.99,successful,Wallet
5826,358,2023-10-04,9.99,successful,Net Banking
5827,358,2023-11-04,9.99,successful,Net Banking
5828,358,2023-12-04,9.99,successful,Card
5829,358,2024-01-04,9.99,successful,Wallet
5830,358,2024-02-04,9.99,successful,Net Banking
5831,358,2024-03-04,9.99,successful,Card
5832,358,2024-04-04,9.99,successful,Wallet
5833,358,2024-05-04,9.99,successful,Wallet
5834,358,2024-06-04,9.99,successful,Card
5835,358,2024-07-04,9.99,successful,Net Banking
5836,358,2024-08-04,9.99,successful,UPI
5837,358,2024-09-04,9.99,successful,UPI
5838,358,2024-10-04,9.99,successful,Net Banking
5839,358,2024-11-04,9.99,successful,UPI
5840,358,2024-12-04,9.99,successful,Wallet
5841,358,2025-01-04,9.99,successful,Net Banking
5842,358,2025-02-04,9.99,successful,UPI
5843,358,2025-03-04,9.99,successful,Net Banking
5844,358,2025-04-04,9.99,successful,Card
5845,358,2025-05-04,9.99,successful,Net Banking
5846,358,2025-06-04,9.99,failed,Card
5847,358,2025-07-04,9.99,successful,UPI
5848,358,2025-08-04,9.99,successful,Wallet
5849,358,2025-09-04,9.99,successful,UPI
5850,358,2025-10-04,9.99,failed,Wallet
5851,358,2025-11-04,9.99,successful,Wallet
5852,358,2025-12-04,9.99,successful,Card
5853,358,2026-01-04,9.99,refunded,Net Banking
5854,358,2026-02-04,9.99,failed,Net Banking
5855,358,2026-03-04,9.99,successful,Wallet
5856,358,2026-04-04,9.99,successful,Wallet
5857,358,2026-05-04,9.99,successful,UPI
5858,358,2026-06-04,9.99,successful,Card
5859,358,2026-07-04,9.99,successful,UPI
5860,358,2026-08-04,9.99,successful,UPI
5861,358,2026-09-04,9.99,successful,Wallet
5862,359,2024-05-04,19.99,successful,UPI
5863,359,2024-06-04,19.99,successful,Wallet
5864,359,2024-07-04,19.99,successful,Wallet
5865,359,2024-08-04,19.99,successful,Net Banking
5866,359,2024-09-04,19.99,successful,Net Banking
5867,359,2024-10-04,19.99,successful,Net Banking
5868,359,2024-11-04,19.99,successful,Wallet
5869,359,2024-12-04,19.99,successful,UPI
5870,359,2025-01-04,19.99,successful,Wallet
5871,359,2025-02-04,19.99,successful,Card
5872,359,2025-03-04,19.99,successful,Wallet
5873,359,2025-04-04,19.99,successful,Net Banking
5874,359,2025-05-04,19.99,successful,Card
5875,359,2025-06-04,19.99,successful,Card
5876,359,2025-07-04,19.99,successful,UPI
5877,360,2025-02-23,9.99,successful,Card
5878,360,2025-03-23,9.99,successful,UPI
5879,360,2025-04-23,9.99,successful,Wallet
5880,360,2025-05-23,9.99,failed,Card
5881,360,2025-06-23,9.99,successful,Net Banking
5882,360,2025-07-23,9.99,successful,Card
5883,360,2025-08-23,9.99,successful,Net Banking
5884,360,2025-09-23,9.99,successful,Wallet
5885,360,2025-10-23,9.99,successful,Net Banking
5886,361,2026-02-01,39.99,successful,Wallet
5887,361,2026-03-01,39.99,successful,UPI
5888,361,2026-04-01,39.99,successful,Net Banking
5889,362,2023-09-03,9.99,successful,Card
5890,362,2023-10-03,9.99,successful,UPI
5891,362,2023-11-03,9.99,successful,Card
5892,362,2023-12-03,9.99,successful,Net Banking
5893,362,2024-01-03,9.99,failed,Card
5894,362,2024-02-03,9.99,failed,Net Banking
5895,362,2024-03-03,9.99,successful,UPI
5896,362,2024-04-03,9.99,successful,Card
5897,362,2024-05-03,9.99,successful,UPI
5898,362,2024-06-03,9.99,successful,Wallet
5899,362,2024-07-03,9.99,successful,Card
5900,362,2024-08-03,9.99,successful,Net Banking
5901,362,2024-09-03,9.99,successful,Card
5902,362,2024-10-03,9.99,successful,Card
5903,362,2024-11-03,9.99,successful,UPI
5904,362,2024-12-03,9.99,failed,UPI
5905,362,2025-01-03,9.99,successful,Net Banking
5906,362,2025-02-03,9.99,successful,Net Banking
5907,362,2025-03-03,9.99,successful,Net Banking
5908,362,2025-04-03,9.99,successful,UPI
5909,362,2025-05-03,9.99,successful,Net Banking
5910,362,2025-06-03,9.99,successful,Wallet
5911,362,2025-07-03,9.99,failed,Wallet
5912,362,2025-08-03,9.99,successful,Card
5913,362,2025-09-03,9.99,refunded,UPI
5914,362,2025-10-03,9.99,successful,Card
5915,362,2025-11-03,9.99,successful,UPI
5916,362,2025-12-03,9.99,successful,UPI
5917,362,2026-01-03,9.99,successful,Wallet
5918,362,2026-02-03,9.99,successful,UPI
5919,362,2026-03-03,9.99,successful,Card
5920,362,2026-04-03,9.99,successful,UPI
5921,362,2026-05-03,9.99,successful,Card
5922,362,2026-06-03,9.99,successful,Card
5923,362,2026-07-03,9.99,successful,Wallet
5924,362,2026-08-03,9.99,successful,Net Banking
5925,362,2026-09-03,9.99,successful,Wallet
5926,363,2026-04-14,399.0,successful,UPI
5927,364,2025-11-28,9.99,successful,Net Banking
5928,364,2025-12-28,9.99,successful,Card
5929,364,2026-01-28,9.99,successful,Net Banking
5930,364,2026-02-28,9.99,successful,UPI
5931,364,2026-03-28,9.99,successful,Wallet
5932,364,2026-04-28,9.99,successful,Card
5933,364,2026-05-28,9.99,successful,Wallet
5934,364,2026-06-28,9.99,failed,Net Banking
5935,364,2026-07-28,9.99,failed,UPI
5936,364,2026-08-28,9.99,successful,Net Banking
5937,364,2026-09-28,9.99,failed,Wallet
5938,365,2025-01-28,59.99,successful,Net Banking
5939,365,2025-02-28,59.99,successful,UPI
5940,365,2025-03-28,59.99,successful,UPI
5941,365,2025-04-28,59.99,successful,Net Banking
5942,365,2025-05-28,59.99,successful,Wallet
5943,365,2025-06-28,59.99,successful,UPI
5944,365,2025-07-28,59.99,successful,UPI
5945,365,2025-08-28,59.99,successful,Card
5946,365,2025-09-28,59.99,successful,UPI
5947,365,2025-10-28,59.99,successful,Wallet
5948,365,2025-11-28,59.99,successful,Net Banking
5949,365,2025-12-28,59.99,successful,UPI
5950,365,2026-01-28,59.99,successful,UPI
5951,365,2026-02-28,59.99,successful,Card
5952,365,2026-03-28,59.99,successful,UPI
5953,365,2026-04-28,59.99,successful,Wallet
5954,365,2026-05-28,59.99,failed,Card
5955,365,2026-06-28,59.99,successful,Net Banking
5956,365,2026-07-28,59.99,successful,Wallet
5957,365,2026-08-28,59.99,successful,UPI
5958,365,2026-09-28,59.99,successful,Card
5959,366,2024-06-21,9.99,successful,Card
5960,366,2024-07-21,9.99,successful,UPI
5961,366,2024-08-21,9.99,successful,UPI
5962,367,2024-09-22,9.99,successful,Card
5963,367,2024-10-22,9.99,successful,Card
5964,367,2024-11-22,9.99,successful,Net Banking
5965,367,2024-12-22,9.99,successful,Wallet
5966,367,2025-01-22,9.99,successful,Net Banking
5967,367,2025-02-22,9.99,successful,Card
5968,367,2025-03-22,9.99,successful,UPI
5969,367,2025-04-22,9.99,successful,Net Banking
5970,367,2025-05-22,9.99,failed,Wallet
5971,367,2025-06-22,9.99,successful,Card
5972,367,2025-07-22,9.99,successful,UPI
5973,367,2025-08-22,9.99,successful,Net Banking
5974,367,2025-09-22,9.99,successful,UPI
5975,367,2025-10-22,9.99,successful,Card
5976,367,2025-11-22,9.99,failed,Card
5977,367,2025-12-22,9.99,successful,UPI
5978,367,2026-01-22,9.99,successful,Net Banking
5979,367,2026-02-22,9.99,successful,Net Banking
5980,367,2026-03-22,9.99,successful,UPI
5981,367,2026-04-22,9.99,successful,Net Banking
5982,367,2026-05-22,9.99,successful,Net Banking
5983,367,2026-06-22,9.99,failed,Card
5984,367,2026-07-22,9.99,successful,Wallet
5985,367,2026-08-22,9.99,successful,Wallet
5986,367,2026-09-22,9.99,successful,Net Banking
5987,368,2025-07-09,19.99,successful,Card
5988,368,2025-08-09,19.99,successful,Wallet
5989,368,2025-09-09,19.99,successful,UPI
5990,368,2025-10-09,19.99,successful,UPI
5991,368,2025-11-09,19.99,refunded,Wallet
5992,368,2025-12-09,19.99,successful,Wallet
5993,368,2026-01-09,19.99,successful,Wallet
5994,368,2026-02-09,19.99,successful,Card
5995,368,2026-03-09,19.99,successful,Net Banking
5996,368,2026-04-09,19.99,successful,Wallet
5997,368,2026-05-09,19.99,successful,UPI
5998,368,2026-06-09,19.99,successful,Card
5999,368,2026-07-09,19.99,successful,Card
6000,368,2026-08-09,19.99,successful,Net Banking
6001,368,2026-09-09,19.99,successful,Net Banking
6002,369,2024-02-12,9.99,successful,Wallet
6003,369,2024-03-12,9.99,successful,Net Banking
6004,369,2024-04-12,9.99,successful,Wallet
6005,369,2024-05-12,9.99,successful,Wallet
6006,369,2024-06-12,9.99,successful,Net Banking
6007,369,2024-07-12,9.99,successful,UPI
6008,369,2024-08-12,9.99,successful,Wallet
6009,369,2024-09-12,9.99,successful,Card
6010,369,2024-10-12,9.99,successful,Card
6011,369,2024-11-12,9.99,successful,Card
6012,369,2024-12-12,9.99,failed,Wallet
6013,369,2025-01-12,9.99,successful,Card
6014,369,2025-02-12,9.99,successful,UPI
6015,369,2025-03-12,9.99,successful,Card
6016,369,2025-04-12,9.99,successful,UPI
6017,369,2025-05-12,9.99,successful,Wallet
6018,369,2025-06-12,9.99,successful,Wallet
6019,369,2025-07-12,9.99,failed,Card
6020,369,2025-08-12,9.99,successful,Wallet
6021,369,2025-09-12,9.99,successful,Net Banking
6022,369,2025-10-12,9.99,successful,Net Banking
6023,369,2025-11-12,9.99,failed,Card
6024,369,2025-12-12,9.99,refunded,Card
6025,369,2026-01-12,9.99,successful,Wallet
6026,369,2026-02-12,9.99,successful,Wallet
6027,369,2026-03-12,9.99,successful,UPI
6028,369,2026-04-12,9.99,successful,UPI
6029,369,2026-05-12,9.99,successful,Card
6030,369,2026-06-12,9.99,successful,UPI
6031,369,2026-07-12,9.99,successful,UPI
6032,369,2026-08-12,9.99,successful,Card
6033,369,2026-09-12,9.99,successful,Net Banking
6034,370,2024-06-08,19.99,successful,UPI
6035,370,2024-07-08,19.99,successful,Net Banking
6036,370,2024-08-08,19.99,successful,Card
6037,371,2025-04-07,39.99,successful,UPI
6038,371,2025-05-07,39.99,successful,Card
6039,371,2025-06-07,39.99,failed,UPI
6040,371,2025-07-07,39.99,successful,Wallet
6041,371,2025-08-07,39.99,successful,Net Banking
6042,371,2025-09-07,39.99,successful,Net Banking
6043,371,2025-10-07,39.99,successful,Net Banking
6044,371,2025-11-07,39.99,successful,UPI
6045,371,2025-12-07,39.99,successful,Card
6046,371,2026-01-07,39.99,successful,Wallet
6047,371,2026-02-07,39.99,successful,Card
6048,371,2026-03-07,39.99,failed,Wallet
6049,371,2026-04-07,39.99,successful,Wallet
6050,371,2026-05-07,39.99,successful,Card
6051,371,2026-06-07,39.99,successful,Net Banking
6052,371,2026-07-07,39.99,successful,Card
6053,371,2026-08-07,39.99,successful,Net Banking
6054,371,2026-09-07,39.99,successful,Card
6055,372,2025-06-21,39.99,successful,Net Banking
6056,372,2025-07-21,39.99,successful,UPI
6057,372,2025-08-21,39.99,refunded,UPI
6058,372,2025-09-21,39.99,failed,Card
6059,372,2025-10-21,39.99,successful,Wallet
6060,372,2025-11-21,39.99,successful,UPI
6061,372,2025-12-21,39.99,successful,Card
6062,372,2026-01-21,39.99,successful,Net Banking
6063,372,2026-02-21,39.99,successful,UPI
6064,373,2026-04-15,39.99,successful,Wallet
6065,373,2026-05-15,39.99,successful,Wallet
6066,373,2026-06-15,39.99,successful,Card
6067,373,2026-07-15,39.99,successful,Card
6068,373,2026-08-15,39.99,successful,Wallet
6069,373,2026-09-15,39.99,successful,UPI
6070,374,2023-02-05,39.99,successful,Card
6071,374,2023-03-05,39.99,successful,Wallet
6072,374,2023-04-05,39.99,successful,Card
6073,374,2023-05-05,39.99,successful,UPI
6074,374,2023-06-05,39.99,successful,Card
6075,374,2023-07-05,39.99,successful,Net Banking
6076,374,2023-08-05,39.99,failed,Net Banking
6077,374,2023-09-05,39.99,successful,Card
6078,374,2023-10-05,39.99,successful,Net Banking
6079,374,2023-11-05,39.99,successful,Card
6080,374,2023-12-05,39.99,successful,Card
6081,374,2024-01-05,39.99,successful,UPI
6082,374,2024-02-05,39.99,successful,Wallet
6083,375,2024-03-11,19.99,successful,Wallet
6084,375,2024-04-11,19.99,successful,Wallet
6085,375,2024-05-11,19.99,successful,Wallet
6086,375,2024-06-11,19.99,successful,UPI
6087,375,2024-07-11,19.99,successful,Net Banking
6088,375,2024-08-11,19.99,successful,UPI
6089,375,2024-09-11,19.99,successful,Card
6090,375,2024-10-11,19.99,successful,Card
6091,375,2024-11-11,19.99,successful,Net Banking
6092,375,2024-12-11,19.99,successful,Net Banking
6093,375,2025-01-11,19.99,successful,UPI
6094,375,2025-02-11,19.99,refunded,Wallet
6095,375,2025-03-11,19.99,successful,Net Banking
6096,375,2025-04-11,19.99,successful,Wallet
6097,375,2025-05-11,19.99,successful,Net Banking
6098,375,2025-06-11,19.99,successful,Wallet
6099,375,2025-07-11,19.99,successful,Wallet
6100,375,2025-08-11,19.99,successful,Net Banking
6101,375,2025-09-11,19.99,successful,Wallet
6102,375,2025-10-11,19.99,successful,Net Banking
6103,375,2025-11-11,19.99,successful,Net Banking
6104,375,2025-12-11,19.99,successful,Card
6105,375,2026-01-11,19.99,successful,UPI
6106,375,2026-02-11,19.99,successful,UPI
6107,375,2026-03-11,19.99,successful,Net Banking
6108,375,2026-04-11,19.99,successful,Wallet
6109,375,2026-05-11,19.99,successful,Wallet
6110,375,2026-06-11,19.99,successful,Card
6111,375,2026-07-11,19.99,successful,Card
6112,375,2026-08-11,19.99,successful,Card
6113,375,2026-09-11,19.99,successful,Card
6114,376,2024-11-15,39.99,failed,UPI
6115,376,2024-12-15,39.99,successful,Card
6116,376,2025-01-15,39.99,successful,Wallet
6117,376,2025-02-15,39.99,successful,Card
6118,376,2025-03-15,39.99,successful,Card
6119,376,2025-04-15,39.99,successful,UPI
6120,376,2025-05-15,39.99,successful,Wallet
6121,376,2025-06-15,39.99,successful,Net Banking
6122,376,2025-07-15,39.99,successful,Wallet
6123,376,2025-08-15,39.99,successful,Card
6124,376,2025-09-15,39.99,successful,Wallet
6125,376,2025-10-15,39.99,successful,Wallet
6126,376,2025-11-15,39.99,successful,UPI
6127,376,2025-12-15,39.99,successful,Net Banking
6128,376,2026-01-15,39.99,successful,Net Banking
6129,376,2026-02-15,39.99,successful,UPI
6130,376,2026-03-15,39.99,successful,UPI
6131,376,2026-04-15,39.99,successful,Net Banking
6132,376,2026-05-15,39.99,successful,UPI
6133,376,2026-06-15,39.99,successful,Wallet
6134,376,2026-07-15,39.99,successful,Card
6135,376,2026-08-15,39.99,successful,Wallet
6136,376,2026-09-15,39.99,successful,Card
6137,377,2023-01-20,39.99,successful,Card
6138,377,2023-02-20,39.99,successful,Card
6139,377,2023-03-20,39.99,successful,Card
6140,377,2023-04-20,39.99,failed,Card
6141,378,2023-05-07,39.99,successful,Wallet
6142,378,2023-06-07,39.99,successful,Card
6143,378,2023-07-07,39.99,failed,Card
6144,378,2023-08-07,39.99,successful,UPI
6145,378,2023-09-07,39.99,successful,Wallet
6146,378,2023-10-07,39.99,successful,Card
6147,379,2023-11-17,39.99,successful,Wallet
6148,379,2023-12-17,39.99,failed,Card
6149,379,2024-01-17,39.99,successful,Card
6150,379,2024-02-17,39.99,successful,UPI
6151,379,2024-03-17,39.99,successful,Wallet
6152,379,2024-04-17,39.99,failed,UPI
6153,379,2024-05-17,39.99,successful,Wallet
6154,379,2024-06-17,39.99,successful,UPI
6155,379,2024-07-17,39.99,successful,Card
6156,379,2024-08-17,39.99,successful,Card
6157,379,2024-09-17,39.99,successful,UPI
6158,379,2024-10-17,39.99,successful,Card
6159,379,2024-11-17,39.99,successful,Card
6160,379,2024-12-17,39.99,successful,Net Banking
6161,379,2025-01-17,39.99,failed,UPI
6162,379,2025-02-17,39.99,successful,Card
6163,379,2025-03-17,39.99,successful,Card
6164,379,2025-04-17,39.99,successful,Wallet
6165,379,2025-05-17,39.99,successful,Net Banking
6166,379,2025-06-17,39.99,successful,Net Banking
6167,379,2025-07-17,39.99,successful,Wallet
6168,379,2025-08-17,39.99,successful,Net Banking
6169,379,2025-09-17,39.99,successful,Wallet
6170,379,2025-10-17,39.99,successful,Card
6171,379,2025-11-17,39.99,successful,Card
6172,379,2025-12-17,39.99,successful,Net Banking
6173,379,2026-01-17,39.99,successful,Wallet
6174,379,2026-02-17,39.99,successful,Wallet
6175,379,2026-03-17,39.99,successful,UPI
6176,379,2026-04-17,39.99,successful,Wallet
6177,379,2026-05-17,39.99,successful,Card
6178,379,2026-06-17,39.99,successful,Net Banking
6179,379,2026-07-17,39.99,successful,UPI
6180,379,2026-08-17,39.99,successful,Wallet
6181,379,2026-09-17,39.99,successful,Wallet
6182,380,2024-05-26,39.99,successful,UPI
6183,380,2024-06-26,39.99,successful,Card
6184,380,2024-07-26,39.99,successful,Wallet
6185,380,2024-08-26,39.99,successful,Net Banking
6186,380,2024-09-26,39.99,successful,Wallet
6187,380,2024-10-26,39.99,failed,Card
6188,380,2024-11-26,39.99,successful,Wallet
6189,380,2024-12-26,39.99,successful,UPI
6190,380,2025-01-26,39.99,successful,Wallet
6191,380,2025-02-26,39.99,successful,Card
6192,380,2025-03-26,39.99,successful,Card
6193,380,2025-04-26,39.99,successful,Wallet
6194,380,2025-05-26,39.99,successful,Card
6195,380,2025-06-26,39.99,successful,Wallet
6196,380,2025-07-26,39.99,successful,Net Banking
6197,380,2025-08-26,39.99,successful,Card
6198,380,2025-09-26,39.99,successful,UPI
6199,380,2025-10-26,39.99,successful,Wallet
6200,380,2025-11-26,39.99,failed,Card
6201,380,2025-12-26,39.99,successful,Wallet
6202,380,2026-01-26,39.99,successful,Wallet
6203,380,2026-02-26,39.99,successful,Net Banking
6204,380,2026-03-26,39.99,successful,Wallet
6205,380,2026-04-26,39.99,successful,Net Banking
6206,380,2026-05-26,39.99,successful,Card
6207,380,2026-06-26,39.99,successful,UPI
6208,380,2026-07-26,39.99,successful,Card
6209,380,2026-08-26,39.99,successful,Card
6210,380,2026-09-26,39.99,failed,Wallet
6211,381,2024-02-04,9.99,successful,Card
6212,381,2024-03-04,9.99,successful,Wallet
6213,381,2024-04-04,9.99,successful,UPI
6214,381,2024-05-04,9.99,successful,Net Banking
6215,381,2024-06-04,9.99,successful,Net Banking
6216,381,2024-07-04,9.99,successful,UPI
6217,381,2024-08-04,9.99,successful,Card
6218,381,2024-09-04,9.99,successful,Card
6219,381,2024-10-04,9.99,successful,Card
6220,381,2024-11-04,9.99,successful,Wallet
6221,381,2024-12-04,9.99,successful,Card
6222,381,2025-01-04,9.99,successful,Card
6223,381,2025-02-04,9.99,successful,Card
6224,381,2025-03-04,9.99,successful,Net Banking
6225,381,2025-04-04,9.99,successful,Net Banking
6226,381,2025-05-04,9.99,successful,Wallet
6227,381,2025-06-04,9.99,successful,UPI
6228,382,2024-10-15,9.99,successful,Net Banking
6229,382,2024-11-15,9.99,successful,Wallet
6230,382,2024-12-15,9.99,refunded,Net Banking
6231,382,2025-01-15,9.99,successful,UPI
6232,382,2025-02-15,9.99,successful,Card
6233,382,2025-03-15,9.99,successful,Card
6234,382,2025-04-15,9.99,successful,UPI
6235,382,2025-05-15,9.99,successful,Card
6236,382,2025-06-15,9.99,successful,Card
6237,382,2025-07-15,9.99,successful,UPI
6238,382,2025-08-15,9.99,successful,Wallet
6239,382,2025-09-15,9.99,failed,UPI
6240,382,2025-10-15,9.99,successful,Card
6241,382,2025-11-15,9.99,failed,Wallet
6242,382,2025-12-15,9.99,successful,Wallet
6243,382,2026-01-15,9.99,successful,Wallet
6244,382,2026-02-15,9.99,successful,Net Banking
6245,382,2026-03-15,9.99,successful,UPI
6246,382,2026-04-15,9.99,successful,Wallet
6247,382,2026-05-15,9.99,successful,UPI
6248,382,2026-06-15,9.99,failed,UPI
6249,382,2026-07-15,9.99,successful,Net Banking
6250,382,2026-08-15,9.99,successful,Wallet
6251,382,2026-09-15,9.99,successful,UPI
6252,383,2025-08-29,39.99,successful,UPI
6253,383,2025-09-29,39.99,successful,Wallet
6254,383,2025-10-29,39.99,successful,Card
6255,383,2025-11-29,39.99,successful,Card
6256,383,2025-12-29,39.99,refunded,UPI
6257,384,2026-03-09,19.99,successful,UPI
6258,384,2026-04-09,19.99,successful,Wallet
6259,385,2026-05-25,19.99,failed,Wallet
6260,385,2026-06-25,19.99,successful,Card
6261,385,2026-07-25,19.99,successful,Net Banking
6262,386,2024-04-15,59.99,successful,Card
6263,386,2024-05-15,59.99,successful,UPI
6264,386,2024-06-15,59.99,successful,Wallet
6265,386,2024-07-15,59.99,successful,Card
6266,386,2024-08-15,59.99,successful,Card
6267,386,2024-09-15,59.99,successful,Net Banking
6268,386,2024-10-15,59.99,successful,UPI
6269,386,2024-11-15,59.99,failed,Net Banking
6270,386,2024-12-15,59.99,successful,Wallet
6271,386,2025-01-15,59.99,successful,UPI
6272,386,2025-02-15,59.99,successful,Wallet
6273,386,2025-03-15,59.99,successful,Net Banking
6274,386,2025-04-15,59.99,successful,Net Banking
6275,386,2025-05-15,59.99,successful,Card
6276,387,2025-06-23,9.99,successful,UPI
6277,387,2025-07-23,9.99,successful,UPI
6278,387,2025-08-23,9.99,successful,UPI
6279,387,2025-09-23,9.99,successful,Card
6280,387,2025-10-23,9.99,successful,Wallet
6281,387,2025-11-23,9.99,successful,UPI
6282,387,2025-12-23,9.99,successful,UPI
6283,387,2026-01-23,9.99,successful,Card
6284,387,2026-02-23,9.99,successful,UPI
6285,387,2026-03-23,9.99,successful,Card
6286,387,2026-04-23,9.99,successful,Card
6287,387,2026-05-23,9.99,successful,Card
6288,387,2026-06-23,9.99,successful,Card
6289,387,2026-07-23,9.99,successful,Net Banking
6290,387,2026-08-23,9.99,successful,Wallet
6291,387,2026-09-23,9.99,successful,Wallet
6292,388,2026-03-12,59.99,successful,Net Banking
6293,388,2026-04-12,59.99,successful,Card
6294,388,2026-05-12,59.99,successful,Card
6295,388,2026-06-12,59.99,successful,Card
6296,388,2026-07-12,59.99,successful,UPI
6297,388,2026-08-12,59.99,successful,UPI
6298,389,2026-08-25,9.99,successful,Net Banking
6299,389,2026-09-25,9.99,successful,Wallet
6300,390,2026-01-20,399.0,successful,Card
6301,391,2026-07-03,59.99,successful,Wallet
6302,391,2026-08-03,59.99,successful,UPI
6303,392,2025-04-13,9.99,successful,UPI
6304,392,2025-05-13,9.99,successful,Net Banking
6305,392,2025-06-13,9.99,successful,Card
6306,392,2025-07-13,9.99,successful,Wallet
6307,392,2025-08-13,9.99,failed,UPI
6308,392,2025-09-13,9.99,successful,Wallet
6309,392,2025-10-13,9.99,successful,Net Banking
6310,392,2025-11-13,9.99,failed,Wallet
6311,392,2025-12-13,9.99,successful,UPI
6312,392,2026-01-13,9.99,successful,Card
6313,392,2026-02-13,9.99,successful,UPI
6314,392,2026-03-13,9.99,successful,Card
6315,392,2026-04-13,9.99,successful,Card
6316,392,2026-05-13,9.99,successful,Wallet
6317,392,2026-06-13,9.99,successful,Card
6318,392,2026-07-13,9.99,successful,Card
6319,392,2026-08-13,9.99,successful,UPI
6320,392,2026-09-13,9.99,successful,UPI
6321,393,2024-12-27,39.99,successful,Net Banking
6322,393,2025-01-27,39.99,successful,Wallet
6323,393,2025-02-27,39.99,successful,Wallet
6324,393,2025-03-27,39.99,successful,Net Banking
6325,393,2025-04-27,39.99,failed,Card
6326,393,2025-05-27,39.99,successful,Wallet
6327,393,2025-06-27,39.99,successful,Card
6328,393,2025-07-27,39.99,successful,UPI
6329,393,2025-08-27,39.99,successful,Card
6330,393,2025-09-27,39.99,successful,UPI
6331,393,2025-10-27,39.99,successful,Net Banking
6332,393,2025-11-27,39.99,successful,UPI
6333,393,2025-12-27,39.99,successful,Wallet
6334,393,2026-01-27,39.99,successful,Card
6335,393,2026-02-27,39.99,successful,UPI
6336,393,2026-03-27,39.99,successful,Net Banking
6337,393,2026-04-27,39.99,successful,Net Banking
6338,393,2026-05-27,39.99,successful,UPI
6339,393,2026-06-27,39.99,failed,Net Banking
6340,393,2026-07-27,39.99,successful,Wallet
6341,393,2026-08-27,39.99,successful,Net Banking
6342,393,2026-09-27,39.99,successful,Net Banking
6343,394,2025-05-03,9.99,successful,UPI
6344,394,2025-06-03,9.99,successful,Wallet
6345,394,2025-07-03,9.99,successful,Wallet
6346,394,2025-08-03,9.99,successful,Card
6347,394,2025-09-03,9.99,successful,UPI
6348,394,2025-10-03,9.99,successful,Wallet
6349,394,2025-11-03,9.99,successful,Card
6350,394,2025-12-03,9.99,successful,Wallet
6351,394,2026-01-03,9.99,successful,Net Banking
6352,394,2026-02-03,9.99,successful,Net Banking
6353,394,2026-03-03,9.99,successful,Card
6354,394,2026-04-03,9.99,successful,Wallet
6355,394,2026-05-03,9.99,successful,UPI
6356,394,2026-06-03,9.99,successful,Wallet
6357,394,2026-07-03,9.99,failed,Card
6358,394,2026-08-03,9.99,successful,Net Banking
6359,394,2026-09-03,9.99,successful,UPI
6360,395,2023-02-20,9.99,successful,Net Banking
6361,395,2023-03-20,9.99,failed,UPI
6362,395,2023-04-20,9.99,successful,Card
6363,395,2023-05-20,9.99,successful,Wallet
6364,395,2023-06-20,9.99,successful,Card
6365,395,2023-07-20,9.99,successful,UPI
6366,395,2023-08-20,9.99,successful,Net Banking
6367,395,2023-09-20,9.99,successful,Card
6368,395,2023-10-20,9.99,successful,Net Banking
6369,395,2023-11-20,9.99,successful,Wallet
6370,395,2023-12-20,9.99,successful,UPI
6371,395,2024-01-20,9.99,successful,UPI
6372,395,2024-02-20,9.99,successful,Net Banking
6373,395,2024-03-20,9.99,failed,Net Banking
6374,395,2024-04-20,9.99,successful,Card
6375,395,2024-05-20,9.99,successful,UPI
6376,395,2024-06-20,9.99,successful,Wallet
6377,395,2024-07-20,9.99,successful,Card
6378,395,2024-08-20,9.99,successful,Wallet
6379,395,2024-09-20,9.99,successful,Wallet
6380,395,2024-10-20,9.99,failed,Wallet
6381,395,2024-11-20,9.99,successful,Wallet
6382,395,2024-12-20,9.99,successful,Net Banking
6383,395,2025-01-20,9.99,successful,Wallet
6384,395,2025-02-20,9.99,successful,Card
6385,395,2025-03-20,9.99,successful,Net Banking
6386,395,2025-04-20,9.99,failed,Net Banking
6387,395,2025-05-20,9.99,successful,UPI
6388,395,2025-06-20,9.99,successful,Card
6389,395,2025-07-20,9.99,successful,Card
6390,395,2025-08-20,9.99,successful,UPI
6391,395,2025-09-20,9.99,successful,UPI
6392,395,2025-10-20,9.99,successful,UPI
6393,395,2025-11-20,9.99,successful,UPI
6394,395,2025-12-20,9.99,successful,UPI
6395,395,2026-01-20,9.99,failed,UPI
6396,395,2026-02-20,9.99,successful,Card
6397,395,2026-03-20,9.99,successful,UPI
6398,395,2026-04-20,9.99,successful,Wallet
6399,395,2026-05-20,9.99,successful,Wallet
6400,395,2026-06-20,9.99,refunded,Net Banking
6401,395,2026-07-20,9.99,successful,UPI
6402,395,2026-08-20,9.99,successful,Wallet
6403,395,2026-09-20,9.99,successful,Card
6404,396,2024-07-28,39.99,successful,Card
6405,396,2024-08-28,39.99,successful,UPI
6406,396,2024-09-28,39.99,successful,Net Banking
6407,396,2024-10-28,39.99,successful,Card
6408,396,2024-11-28,39.99,successful,UPI
6409,396,2024-12-28,39.99,successful,Wallet
6410,396,2025-01-28,39.99,successful,UPI
6411,396,2025-02-28,39.99,successful,Net Banking
6412,396,2025-03-28,39.99,successful,Net Banking
6413,396,2025-04-28,39.99,successful,Card
6414,396,2025-05-28,39.99,successful,Card
6415,396,2025-06-28,39.99,successful,Net Banking
6416,396,2025-07-28,39.99,successful,Card
6417,396,2025-08-28,39.99,successful,Net Banking
6418,396,2025-09-28,39.99,successful,Net Banking
6419,396,2025-10-28,39.99,successful,UPI
6420,396,2025-11-28,39.99,successful,UPI
6421,397,2026-01-20,39.99,successful,Card
6422,397,2026-02-20,39.99,successful,Wallet
6423,397,2026-03-20,39.99,successful,Wallet
6424,397,2026-04-20,39.99,successful,UPI
6425,397,2026-05-20,39.99,successful,UPI
6426,397,2026-06-20,39.99,successful,UPI
6427,397,2026-07-20,39.99,successful,UPI
6428,397,2026-08-20,39.99,successful,UPI
6429,397,2026-09-20,39.99,successful,Net Banking
6430,398,2026-04-28,59.99,successful,Wallet
6431,398,2026-05-28,59.99,successful,UPI
6432,398,2026-06-28,59.99,successful,Wallet
6433,398,2026-07-28,59.99,successful,UPI
6434,398,2026-08-28,59.99,successful,Card
6435,399,2026-02-22,19.99,successful,Card
6436,399,2026-03-22,19.99,successful,Wallet
6437,399,2026-04-22,19.99,successful,Wallet
6438,399,2026-05-22,19.99,successful,Wallet
6439,399,2026-06-22,19.99,successful,Wallet
6440,399,2026-07-22,19.99,successful,Net Banking
6441,399,2026-08-22,19.99,successful,UPI
6442,399,2026-09-22,19.99,successful,Net Banking
6443,400,2023-05-30,19.99,successful,Net Banking
6444,400,2023-06-30,19.99,successful,Card
6445,400,2023-07-30,19.99,successful,Wallet
6446,400,2023-08-30,19.99,successful,Wallet
6447,400,2023-09-30,19.99,successful,Net Banking
6448,400,2023-10-30,19.99,successful,Net Banking
6449,400,2023-11-30,19.99,successful,Card
6450,400,2023-12-30,19.99,successful,Card
6451,400,2024-01-30,19.99,successful,Net Banking
6452,400,2024-02-29,19.99,successful,Wallet
6453,400,2024-03-29,19.99,successful,UPI
6454,401,2024-05-13,39.99,successful,UPI
6455,401,2024-06-13,39.99,successful,Card
6456,401,2024-07-13,39.99,successful,Net Banking
6457,401,2024-08-13,39.99,successful,Wallet
6458,401,2024-09-13,39.99,successful,Wallet
6459,401,2024-10-13,39.99,successful,UPI
6460,401,2024-11-13,39.99,successful,UPI
6461,401,2024-12-13,39.99,successful,Net Banking
6462,401,2025-01-13,39.99,successful,UPI
6463,401,2025-02-13,39.99,successful,UPI
6464,401,2025-03-13,39.99,successful,Card
6465,401,2025-04-13,39.99,successful,UPI
6466,401,2025-05-13,39.99,refunded,Wallet
6467,401,2025-06-13,39.99,successful,UPI
6468,401,2025-07-13,39.99,successful,Net Banking
6469,401,2025-08-13,39.99,successful,Net Banking
6470,401,2025-09-13,39.99,successful,Wallet
6471,401,2025-10-13,39.99,successful,Net Banking
6472,401,2025-11-13,39.99,successful,UPI
6473,401,2025-12-13,39.99,successful,Card
6474,401,2026-01-13,39.99,successful,Card
6475,401,2026-02-13,39.99,successful,Net Banking
6476,401,2026-03-13,39.99,successful,Net Banking
6477,401,2026-04-13,39.99,successful,Wallet
6478,401,2026-05-13,39.99,successful,Wallet
6479,401,2026-06-13,39.99,successful,UPI
6480,401,2026-07-13,39.99,successful,UPI
6481,401,2026-08-13,39.99,successful,Wallet
6482,401,2026-09-13,39.99,successful,Card
6483,402,2023-11-10,9.99,failed,Card
6484,402,2023-12-10,9.99,successful,Net Banking
6485,402,2024-01-10,9.99,successful,Card
6486,402,2024-02-10,9.99,successful,Wallet
6487,402,2024-03-10,9.99,successful,Wallet
6488,402,2024-04-10,9.99,successful,Net Banking
6489,402,2024-05-10,9.99,successful,UPI
6490,402,2024-06-10,9.99,successful,UPI
6491,402,2024-07-10,9.99,successful,Net Banking
6492,402,2024-08-10,9.99,failed,Net Banking
6493,402,2024-09-10,9.99,successful,Net Banking
6494,402,2024-10-10,9.99,successful,UPI
6495,402,2024-11-10,9.99,successful,Net Banking
6496,402,2024-12-10,9.99,successful,Wallet
6497,402,2025-01-10,9.99,successful,Wallet
6498,402,2025-02-10,9.99,successful,Card
6499,402,2025-03-10,9.99,successful,UPI
6500,402,2025-04-10,9.99,successful,UPI
6501,402,2025-05-10,9.99,successful,Net Banking
6502,402,2025-06-10,9.99,successful,Wallet
6503,402,2025-07-10,9.99,successful,UPI
6504,402,2025-08-10,9.99,successful,Net Banking
6505,402,2025-09-10,9.99,successful,Card
6506,402,2025-10-10,9.99,successful,Wallet
6507,402,2025-11-10,9.99,successful,Net Banking
6508,402,2025-12-10,9.99,failed,Wallet
6509,402,2026-01-10,9.99,failed,Card
6510,402,2026-02-10,9.99,successful,Card
6511,402,2026-03-10,9.99,successful,UPI
6512,402,2026-04-10,9.99,successful,UPI
6513,402,2026-05-10,9.99,successful,Wallet
6514,402,2026-06-10,9.99,successful,UPI
6515,402,2026-07-10,9.99,successful,Wallet
6516,402,2026-08-10,9.99,successful,Card
6517,402,2026-09-10,9.99,successful,UPI
6518,403,2024-07-23,39.99,successful,Wallet
6519,403,2024-08-23,39.99,successful,Card
6520,403,2024-09-23,39.99,successful,UPI
6521,403,2024-10-23,39.99,successful,Wallet
6522,403,2024-11-23,39.99,successful,UPI
6523,403,2024-12-23,39.99,successful,Net Banking
6524,403,2025-01-23,39.99,successful,Card
6525,403,2025-02-23,39.99,failed,UPI
6526,403,2025-03-23,39.99,successful,Wallet
6527,403,2025-04-23,39.99,successful,Net Banking
6528,403,2025-05-23,39.99,successful,UPI
6529,403,2025-06-23,39.99,successful,Wallet
6530,403,2025-07-23,39.99,successful,Card
6531,403,2025-08-23,39.99,successful,Net Banking
6532,403,2025-09-23,39.99,successful,Wallet
6533,403,2025-10-23,39.99,successful,UPI
6534,403,2025-11-23,39.99,successful,Card
6535,403,2025-12-23,39.99,successful,Wallet
6536,403,2026-01-23,39.99,successful,Net Banking
6537,403,2026-02-23,39.99,successful,Net Banking
6538,403,2026-03-23,39.99,successful,Net Banking
6539,403,2026-04-23,39.99,successful,Net Banking
6540,403,2026-05-23,39.99,successful,Net Banking
6541,403,2026-06-23,39.99,successful,Card
6542,403,2026-07-23,39.99,successful,UPI
6543,403,2026-08-23,39.99,successful,UPI
6544,403,2026-09-23,39.99,successful,Net Banking
6545,404,2023-11-01,19.99,successful,UPI
6546,404,2023-12-01,19.99,successful,Wallet
6547,404,2024-01-01,19.99,successful,Card
6548,404,2024-02-01,19.99,successful,Card
6549,404,2024-03-01,19.99,failed,Net Banking
6550,404,2024-04-01,19.99,successful,UPI
6551,404,2024-05-01,19.99,failed,Net Banking
6552,404,2024-06-01,19.99,failed,Card
6553,404,2024-07-01,19.99,successful,Wallet
6554,404,2024-08-01,19.99,successful,Net Banking
6555,404,2024-09-01,19.99,successful,UPI
6556,404,2024-10-01,19.99,failed,Wallet
6557,404,2024-11-01,19.99,successful,Card
6558,404,2024-12-01,19.99,successful,Net Banking
6559,404,2025-01-01,19.99,refunded,UPI
6560,404,2025-02-01,19.99,refunded,Card
6561,404,2025-03-01,19.99,successful,UPI
6562,404,2025-04-01,19.99,successful,Wallet
6563,404,2025-05-01,19.99,successful,Card
6564,404,2025-06-01,19.99,successful,Wallet
6565,404,2025-07-01,19.99,successful,Wallet
6566,404,2025-08-01,19.99,successful,UPI
6567,404,2025-09-01,19.99,successful,Card
6568,404,2025-10-01,19.99,successful,Card
6569,404,2025-11-01,19.99,successful,UPI
6570,404,2025-12-01,19.99,successful,UPI
6571,404,2026-01-01,19.99,successful,UPI
6572,404,2026-02-01,19.99,successful,Net Banking
6573,404,2026-03-01,19.99,successful,UPI
6574,404,2026-04-01,19.99,successful,Wallet
6575,404,2026-05-01,19.99,successful,Net Banking
6576,404,2026-06-01,19.99,successful,Net Banking
6577,404,2026-07-01,19.99,successful,Card
6578,404,2026-08-01,19.99,successful,UPI
6579,404,2026-09-01,19.99,successful,UPI
6580,405,2024-11-12,9.99,failed,Wallet
6581,405,2024-12-12,9.99,successful,UPI
6582,405,2025-01-12,9.99,successful,Net Banking
6583,405,2025-02-12,9.99,successful,Net Banking
6584,405,2025-03-12,9.99,successful,Net Banking
6585,405,2025-04-12,9.99,successful,UPI
6586,405,2025-05-12,9.99,successful,Card
6587,405,2025-06-12,9.99,successful,UPI
6588,405,2025-07-12,9.99,successful,Wallet
6589,405,2025-08-12,9.99,successful,Net Banking
6590,405,2025-09-12,9.99,successful,Net Banking
6591,405,2025-10-12,9.99,successful,UPI
6592,405,2025-11-12,9.99,successful,Net Banking
6593,405,2025-12-12,9.99,successful,Wallet
6594,405,2026-01-12,9.99,refunded,Card
6595,405,2026-02-12,9.99,failed,UPI
6596,405,2026-03-12,9.99,successful,Wallet
6597,405,2026-04-12,9.99,successful,Net Banking
6598,405,2026-05-12,9.99,successful,Wallet
6599,405,2026-06-12,9.99,failed,Net Banking
6600,405,2026-07-12,9.99,failed,Net Banking
6601,405,2026-08-12,9.99,successful,Wallet
6602,405,2026-09-12,9.99,successful,Card
6603,406,2025-04-17,19.99,successful,Card
6604,406,2025-05-17,19.99,successful,UPI
6605,406,2025-06-17,19.99,failed,Card
6606,406,2025-07-17,19.99,failed,UPI
6607,406,2025-08-17,19.99,successful,Card
6608,406,2025-09-17,19.99,successful,Net Banking
6609,406,2025-10-17,19.99,successful,Wallet
6610,406,2025-11-17,19.99,successful,UPI
6611,406,2025-12-17,19.99,successful,UPI
6612,406,2026-01-17,19.99,successful,UPI
6613,406,2026-02-17,19.99,successful,Card
6614,406,2026-03-17,19.99,successful,Net Banking
6615,406,2026-04-17,19.99,successful,Net Banking
6616,406,2026-05-17,19.99,successful,Card
6617,406,2026-06-17,19.99,failed,Net Banking
6618,407,2025-12-13,39.99,successful,Net Banking
6619,407,2026-01-13,39.99,successful,Card
6620,407,2026-02-13,39.99,successful,Wallet
6621,407,2026-03-13,39.99,successful,Net Banking
6622,407,2026-04-13,39.99,successful,Wallet
6623,407,2026-05-13,39.99,successful,Net Banking
6624,407,2026-06-13,39.99,failed,UPI
6625,407,2026-07-13,39.99,successful,UPI
6626,407,2026-08-13,39.99,successful,UPI
6627,407,2026-09-13,39.99,successful,Card
6628,408,2025-09-29,9.99,successful,Wallet
6629,408,2025-10-29,9.99,successful,UPI
6630,408,2025-11-29,9.99,successful,UPI
6631,408,2025-12-29,9.99,successful,Wallet
6632,408,2026-01-29,9.99,successful,UPI
6633,408,2026-02-28,9.99,failed,Wallet
6634,408,2026-03-28,9.99,successful,Card
6635,409,2024-03-19,399.0,successful,UPI
6636,410,2024-09-04,9.99,successful,Wallet
6637,410,2024-10-04,9.99,successful,Net Banking
6638,410,2024-11-04,9.99,successful,Wallet
6639,410,2024-12-04,9.99,successful,Card
6640,410,2025-01-04,9.99,successful,Wallet
6641,410,2025-02-04,9.99,successful,Card
6642,410,2025-03-04,9.99,failed,Card
6643,410,2025-04-04,9.99,successful,Card
6644,410,2025-05-04,9.99,successful,UPI
6645,410,2025-06-04,9.99,successful,Card
6646,410,2025-07-04,9.99,successful,Wallet
6647,410,2025-08-04,9.99,successful,Card
6648,410,2025-09-04,9.99,successful,Card
6649,410,2025-10-04,9.99,successful,UPI
6650,410,2025-11-04,9.99,successful,UPI
6651,410,2025-12-04,9.99,successful,Card
6652,410,2026-01-04,9.99,successful,UPI
6653,410,2026-02-04,9.99,successful,Wallet
6654,410,2026-03-04,9.99,successful,UPI
6655,410,2026-04-04,9.99,successful,Net Banking
6656,410,2026-05-04,9.99,successful,Wallet
6657,410,2026-06-04,9.99,successful,UPI
6658,410,2026-07-04,9.99,failed,Card
6659,410,2026-08-04,9.99,successful,UPI
6660,410,2026-09-04,9.99,successful,UPI
6661,411,2025-09-19,39.99,successful,Wallet
6662,411,2025-10-19,39.99,successful,UPI
6663,411,2025-11-19,39.99,successful,Card
6664,411,2025-12-19,39.99,successful,Net Banking
6665,411,2026-01-19,39.99,successful,Wallet
6666,411,2026-02-19,39.99,successful,UPI
6667,411,2026-03-19,39.99,successful,UPI
6668,411,2026-04-19,39.99,successful,Card
6669,411,2026-05-19,39.99,failed,UPI
6670,411,2026-06-19,39.99,successful,Card
6671,411,2026-07-19,39.99,successful,Net Banking
6672,411,2026-08-19,39.99,successful,Wallet
6673,412,2023-09-21,19.99,successful,Net Banking
6674,412,2023-10-21,19.99,successful,Net Banking
6675,412,2023-11-21,19.99,successful,Card
6676,412,2023-12-21,19.99,successful,Wallet
6677,412,2024-01-21,19.99,successful,Card
6678,412,2024-02-21,19.99,successful,Net Banking
6679,413,2025-12-12,39.99,successful,Net Banking
6680,413,2026-01-12,39.99,failed,Net Banking
6681,413,2026-02-12,39.99,successful,Wallet
6682,413,2026-03-12,39.99,successful,Wallet
6683,413,2026-04-12,39.99,successful,Wallet
6684,413,2026-05-12,39.99,successful,Net Banking
6685,413,2026-06-12,39.99,successful,Card
6686,413,2026-07-12,39.99,successful,Net Banking
6687,413,2026-08-12,39.99,successful,Wallet
6688,413,2026-09-12,39.99,successful,Card
6689,414,2025-09-30,39.99,refunded,Card
6690,414,2025-10-30,39.99,successful,Wallet
6691,414,2025-11-30,39.99,failed,UPI
6692,414,2025-12-30,39.99,successful,UPI
6693,414,2026-01-30,39.99,successful,Card
6694,414,2026-02-28,39.99,successful,UPI
6695,414,2026-03-28,39.99,successful,UPI
6696,414,2026-04-28,39.99,successful,Card
6697,414,2026-05-28,39.99,successful,Wallet
6698,414,2026-06-28,39.99,successful,Wallet
6699,414,2026-07-28,39.99,successful,Net Banking
6700,414,2026-08-28,39.99,successful,Wallet
6701,414,2026-09-28,39.99,successful,Wallet
6702,415,2023-01-05,39.99,successful,Wallet
6703,415,2023-02-05,39.99,successful,Wallet
6704,415,2023-03-05,39.99,successful,Card
6705,415,2023-04-05,39.99,successful,Card
6706,415,2023-05-05,39.99,successful,Wallet
6707,415,2023-06-05,39.99,successful,Wallet
6708,415,2023-07-05,39.99,failed,Net Banking
6709,415,2023-08-05,39.99,successful,UPI
6710,415,2023-09-05,39.99,successful,UPI
6711,415,2023-10-05,39.99,successful,UPI
6712,415,2023-11-05,39.99,successful,Net Banking
6713,415,2023-12-05,39.99,successful,Net Banking
6714,415,2024-01-05,39.99,successful,Net Banking
6715,415,2024-02-05,39.99,successful,Net Banking
6716,415,2024-03-05,39.99,successful,Wallet
6717,415,2024-04-05,39.99,successful,Card
6718,415,2024-05-05,39.99,successful,Card
6719,416,2026-01-31,39.99,failed,Net Banking
6720,416,2026-02-28,39.99,successful,Wallet
6721,416,2026-03-28,39.99,successful,Card
6722,416,2026-04-28,39.99,successful,Wallet
6723,416,2026-05-28,39.99,successful,Card
6724,416,2026-06-28,39.99,successful,Card
6725,416,2026-07-28,39.99,successful,Card
6726,416,2026-08-28,39.99,successful,Card
6727,416,2026-09-28,39.99,successful,Net Banking
6728,417,2026-05-04,19.99,successful,UPI
6729,417,2026-06-04,19.99,successful,Net Banking
6730,417,2026-07-04,19.99,successful,Wallet
6731,417,2026-08-04,19.99,successful,UPI
6732,417,2026-09-04,19.99,successful,Net Banking
6733,418,2025-02-12,59.99,successful,Card
6734,418,2025-03-12,59.99,successful,Card
6735,418,2025-04-12,59.99,successful,Card
6736,418,2025-05-12,59.99,successful,Wallet
6737,418,2025-06-12,59.99,successful,Card
6738,418,2025-07-12,59.99,successful,Net Banking
6739,418,2025-08-12,59.99,successful,UPI
6740,418,2025-09-12,59.99,successful,Card
6741,418,2025-10-12,59.99,successful,Net Banking
6742,418,2025-11-12,59.99,successful,UPI
6743,418,2025-12-12,59.99,successful,UPI
6744,419,2025-05-26,19.99,successful,UPI
6745,419,2025-06-26,19.99,successful,Card
6746,419,2025-07-26,19.99,refunded,UPI
6747,419,2025-08-26,19.99,successful,Wallet
6748,419,2025-09-26,19.99,successful,Wallet
6749,419,2025-10-26,19.99,successful,Wallet
6750,419,2025-11-26,19.99,successful,Net Banking
6751,419,2025-12-26,19.99,successful,Wallet
6752,419,2026-01-26,19.99,successful,Wallet
6753,419,2026-02-26,19.99,successful,Net Banking
6754,419,2026-03-26,19.99,successful,UPI
6755,419,2026-04-26,19.99,successful,Wallet
6756,419,2026-05-26,19.99,successful,Net Banking
6757,419,2026-06-26,19.99,successful,UPI
6758,419,2026-07-26,19.99,successful,Card
6759,419,2026-08-26,19.99,successful,Card
6760,419,2026-09-26,19.99,successful,UPI
6761,420,2025-09-18,19.99,successful,Card
6762,420,2025-10-18,19.99,failed,Net Banking
6763,420,2025-11-18,19.99,successful,UPI
6764,420,2025-12-18,19.99,successful,UPI
6765,420,2026-01-18,19.99,successful,Wallet
6766,420,2026-02-18,19.99,successful,Wallet
6767,420,2026-03-18,19.99,successful,Wallet
6768,420,2026-04-18,19.99,successful,Card
6769,420,2026-05-18,19.99,successful,Wallet
6770,420,2026-06-18,19.99,successful,Card
6771,420,2026-07-18,19.99,successful,Net Banking
6772,420,2026-08-18,19.99,successful,Card
6773,420,2026-09-18,19.99,successful,Wallet
6774,421,2025-06-02,59.99,successful,Card
6775,421,2025-07-02,59.99,successful,Net Banking
6776,421,2025-08-02,59.99,successful,Wallet
6777,421,2025-09-02,59.99,successful,Card
6778,421,2025-10-02,59.99,successful,Card
6779,421,2025-11-02,59.99,successful,UPI
6780,421,2025-12-02,59.99,failed,Net Banking
6781,421,2026-01-02,59.99,successful,UPI
6782,421,2026-02-02,59.99,successful,Card
6783,421,2026-03-02,59.99,successful,Wallet
6784,421,2026-04-02,59.99,successful,Net Banking
6785,422,2023-02-16,9.99,successful,Wallet
6786,422,2023-03-16,9.99,successful,Net Banking
6787,422,2023-04-16,9.99,successful,UPI
6788,422,2023-05-16,9.99,successful,Wallet
6789,422,2023-06-16,9.99,successful,Card
6790,422,2023-07-16,9.99,successful,Card
6791,422,2023-08-16,9.99,successful,Card
6792,422,2023-09-16,9.99,failed,Net Banking
6793,422,2023-10-16,9.99,successful,Card
6794,422,2023-11-16,9.99,failed,Net Banking
6795,422,2023-12-16,9.99,successful,Wallet
6796,423,2025-05-16,9.99,successful,Net Banking
6797,423,2025-06-16,9.99,successful,UPI
6798,423,2025-07-16,9.99,successful,Net Banking
6799,423,2025-08-16,9.99,successful,Wallet
6800,423,2025-09-16,9.99,successful,UPI
6801,423,2025-10-16,9.99,successful,Wallet
6802,423,2025-11-16,9.99,successful,UPI
6803,424,2025-12-21,39.99,successful,Card
6804,424,2026-01-21,39.99,successful,Card
6805,424,2026-02-21,39.99,successful,UPI
6806,424,2026-03-21,39.99,successful,Wallet
6807,424,2026-04-21,39.99,successful,Net Banking
6808,424,2026-05-21,39.99,successful,Wallet
6809,424,2026-06-21,39.99,successful,UPI
6810,424,2026-07-21,39.99,successful,Net Banking
6811,424,2026-08-21,39.99,successful,UPI
6812,424,2026-09-21,39.99,successful,Wallet
6813,425,2025-04-02,9.99,failed,Card
6814,425,2025-05-02,9.99,successful,UPI
6815,425,2025-06-02,9.99,failed,Net Banking
6816,425,2025-07-02,9.99,successful,Net Banking
6817,425,2025-08-02,9.99,successful,Net Banking
6818,425,2025-09-02,9.99,successful,Wallet
6819,425,2025-10-02,9.99,successful,UPI
6820,425,2025-11-02,9.99,successful,Wallet
6821,425,2025-12-02,9.99,failed,Wallet
6822,425,2026-01-02,9.99,successful,Net Banking
6823,425,2026-02-02,9.99,successful,UPI
6824,425,2026-03-02,9.99,successful,Wallet
6825,425,2026-04-02,9.99,successful,UPI
6826,425,2026-05-02,9.99,successful,Card
6827,425,2026-06-02,9.99,successful,Net Banking
6828,425,2026-07-02,9.99,successful,UPI
6829,425,2026-08-02,9.99,successful,Wallet
6830,425,2026-09-02,9.99,successful,Wallet
6831,426,2025-07-24,9.99,successful,Wallet
6832,426,2025-08-24,9.99,failed,Net Banking
6833,426,2025-09-24,9.99,successful,Net Banking
6834,426,2025-10-24,9.99,successful,Wallet
6835,426,2025-11-24,9.99,successful,Card
6836,426,2025-12-24,9.99,successful,Card
6837,426,2026-01-24,9.99,successful,UPI
6838,426,2026-02-24,9.99,successful,UPI
6839,427,2026-04-06,9.99,successful,Card
6840,427,2026-05-06,9.99,successful,Wallet
6841,427,2026-06-06,9.99,successful,Wallet
6842,428,2024-10-17,399.0,successful,Card
6843,429,2023-09-26,9.99,refunded,UPI
6844,429,2023-10-26,9.99,successful,UPI
6845,429,2023-11-26,9.99,successful,Card
6846,429,2023-12-26,9.99,successful,Net Banking
6847,430,2024-02-02,9.99,successful,Net Banking
6848,430,2024-03-02,9.99,successful,Wallet
6849,430,2024-04-02,9.99,successful,Wallet
6850,430,2024-05-02,9.99,successful,Net Banking
6851,430,2024-06-02,9.99,successful,Card
6852,430,2024-07-02,9.99,refunded,Wallet
6853,430,2024-08-02,9.99,successful,Wallet
6854,430,2024-09-02,9.99,successful,UPI
6855,430,2024-10-02,9.99,successful,UPI
6856,430,2024-11-02,9.99,successful,Card
6857,430,2024-12-02,9.99,failed,Wallet
6858,430,2025-01-02,9.99,successful,Wallet
6859,430,2025-02-02,9.99,successful,Net Banking
6860,430,2025-03-02,9.99,successful,Net Banking
6861,430,2025-04-02,9.99,failed,Card
6862,430,2025-05-02,9.99,successful,UPI
6863,430,2025-06-02,9.99,successful,Wallet
6864,430,2025-07-02,9.99,successful,Net Banking
6865,430,2025-08-02,9.99,successful,Card
6866,430,2025-09-02,9.99,successful,Wallet
6867,430,2025-10-02,9.99,failed,UPI
6868,430,2025-11-02,9.99,successful,Wallet
6869,430,2025-12-02,9.99,successful,Wallet
6870,430,2026-01-02,9.99,successful,UPI
6871,430,2026-02-02,9.99,successful,Wallet
6872,430,2026-03-02,9.99,successful,Net Banking
6873,430,2026-04-02,9.99,successful,Card
6874,430,2026-05-02,9.99,successful,Card
6875,430,2026-06-02,9.99,successful,Card
6876,430,2026-07-02,9.99,successful,Card
6877,430,2026-08-02,9.99,successful,UPI
6878,430,2026-09-02,9.99,successful,Wallet
6879,431,2024-01-05,399.0,successful,Card
6880,432,2024-09-27,9.99,successful,Wallet
6881,432,2024-10-27,9.99,successful,Net Banking
6882,432,2024-11-27,9.99,successful,Net Banking
6883,432,2024-12-27,9.99,successful,Wallet
6884,432,2025-01-27,9.99,successful,Wallet
6885,432,2025-02-27,9.99,successful,Net Banking
6886,432,2025-03-27,9.99,successful,Card
6887,432,2025-04-27,9.99,successful,UPI
6888,432,2025-05-27,9.99,successful,Card
6889,432,2025-06-27,9.99,failed,Wallet
6890,432,2025-07-27,9.99,successful,Card
6891,432,2025-08-27,9.99,failed,Net Banking
6892,432,2025-09-27,9.99,successful,Net Banking
6893,432,2025-10-27,9.99,successful,Net Banking
6894,432,2025-11-27,9.99,successful,UPI
6895,432,2025-12-27,9.99,refunded,Net Banking
6896,432,2026-01-27,9.99,successful,Card
6897,432,2026-02-27,9.99,successful,Card
6898,432,2026-03-27,9.99,successful,UPI
6899,432,2026-04-27,9.99,successful,UPI
6900,432,2026-05-27,9.99,successful,Wallet
6901,432,2026-06-27,9.99,successful,UPI
6902,432,2026-07-27,9.99,successful,UPI
6903,432,2026-08-27,9.99,failed,UPI
6904,432,2026-09-27,9.99,successful,Wallet
6905,433,2026-02-03,399.0,successful,Net Banking
6906,434,2026-06-19,39.99,successful,Wallet
6907,434,2026-07-19,39.99,failed,Wallet
6908,434,2026-08-19,39.99,successful,UPI
6909,435,2024-10-18,39.99,successful,Net Banking
6910,435,2024-11-18,39.99,successful,UPI
6911,435,2024-12-18,39.99,successful,Wallet
6912,435,2025-01-18,39.99,refunded,UPI
6913,435,2025-02-18,39.99,successful,Wallet
6914,435,2025-03-18,39.99,successful,UPI
6915,435,2025-04-18,39.99,successful,Wallet
6916,435,2025-05-18,39.99,failed,Card
6917,435,2025-06-18,39.99,successful,UPI
6918,435,2025-07-18,39.99,successful,Net Banking
6919,435,2025-08-18,39.99,successful,Net Banking
6920,435,2025-09-18,39.99,successful,Net Banking
6921,435,2025-10-18,39.99,successful,Net Banking
6922,435,2025-11-18,39.99,successful,UPI
6923,435,2025-12-18,39.99,successful,UPI
6924,435,2026-01-18,39.99,successful,Wallet
6925,435,2026-02-18,39.99,successful,Card
6926,435,2026-03-18,39.99,successful,Net Banking
6927,435,2026-04-18,39.99,successful,Net Banking
6928,435,2026-05-18,39.99,successful,Wallet
6929,435,2026-06-18,39.99,successful,UPI
6930,435,2026-07-18,39.99,successful,UPI
6931,435,2026-08-18,39.99,successful,UPI
6932,435,2026-09-18,39.99,successful,Net Banking
6933,436,2023-04-30,9.99,successful,Wallet
6934,436,2023-05-30,9.99,failed,Card
6935,436,2023-06-30,9.99,successful,UPI
6936,436,2023-07-30,9.99,successful,Card
6937,436,2023-08-30,9.99,successful,UPI
6938,436,2023-09-30,9.99,successful,Net Banking
6939,436,2023-10-30,9.99,successful,Wallet
6940,436,2023-11-30,9.99,successful,UPI
6941,436,2023-12-30,9.99,refunded,Wallet
6942,436,2024-01-30,9.99,successful,Wallet
6943,436,2024-02-29,9.99,successful,Net Banking
6944,436,2024-03-29,9.99,successful,Wallet
6945,436,2024-04-29,9.99,successful,Card
6946,436,2024-05-29,9.99,successful,Wallet
6947,436,2024-06-29,9.99,successful,Net Banking
6948,436,2024-07-29,9.99,successful,Wallet
6949,436,2024-08-29,9.99,successful,Wallet
6950,437,2025-04-10,9.99,successful,Net Banking
6951,437,2025-05-10,9.99,successful,Card
6952,437,2025-06-10,9.99,successful,Net Banking
6953,437,2025-07-10,9.99,successful,Net Banking
6954,437,2025-08-10,9.99,successful,Wallet
6955,437,2025-09-10,9.99,successful,UPI
6956,437,2025-10-10,9.99,successful,UPI
6957,437,2025-11-10,9.99,successful,Card
6958,437,2025-12-10,9.99,failed,UPI
6959,437,2026-01-10,9.99,successful,Net Banking
6960,437,2026-02-10,9.99,successful,Wallet
6961,437,2026-03-10,9.99,failed,Wallet
6962,437,2026-04-10,9.99,successful,Wallet
6963,437,2026-05-10,9.99,successful,UPI
6964,437,2026-06-10,9.99,successful,Net Banking
6965,437,2026-07-10,9.99,failed,Net Banking
6966,437,2026-08-10,9.99,failed,Wallet
6967,437,2026-09-10,9.99,successful,Wallet
6968,438,2025-12-17,39.99,successful,Net Banking
6969,438,2026-01-17,39.99,successful,Card
6970,438,2026-02-17,39.99,successful,Card
6971,438,2026-03-17,39.99,successful,UPI
6972,438,2026-04-17,39.99,successful,Card
6973,438,2026-05-17,39.99,successful,UPI
6974,438,2026-06-17,39.99,successful,Wallet
6975,438,2026-07-17,39.99,successful,Wallet
6976,438,2026-08-17,39.99,successful,UPI
6977,438,2026-09-17,39.99,successful,Wallet
6978,439,2025-01-10,399.0,successful,Card
6979,440,2023-04-27,9.99,successful,Card
6980,440,2023-05-27,9.99,successful,Card
6981,440,2023-06-27,9.99,failed,Net Banking
6982,440,2023-07-27,9.99,successful,UPI
6983,440,2023-08-27,9.99,successful,UPI
6984,440,2023-09-27,9.99,successful,Wallet
6985,440,2023-10-27,9.99,successful,Wallet
6986,440,2023-11-27,9.99,successful,Wallet
6987,440,2023-12-27,9.99,successful,Net Banking
6988,440,2024-01-27,9.99,failed,Net Banking
6989,440,2024-02-27,9.99,successful,Net Banking
6990,440,2024-03-27,9.99,successful,Net Banking
6991,440,2024-04-27,9.99,successful,Wallet
6992,440,2024-05-27,9.99,successful,Net Banking
6993,440,2024-06-27,9.99,successful,Net Banking
6994,440,2024-07-27,9.99,failed,Card
6995,440,2024-08-27,9.99,successful,Net Banking
6996,440,2024-09-27,9.99,successful,UPI
6997,440,2024-10-27,9.99,successful,Wallet
6998,440,2024-11-27,9.99,successful,Card
6999,440,2024-12-27,9.99,successful,Net Banking
7000,440,2025-01-27,9.99,successful,Net Banking
7001,440,2025-02-27,9.99,successful,UPI
7002,440,2025-03-27,9.99,successful,UPI
7003,440,2025-04-27,9.99,successful,UPI
7004,440,2025-05-27,9.99,successful,Net Banking
7005,440,2025-06-27,9.99,successful,Card
7006,440,2025-07-27,9.99,failed,UPI
7007,440,2025-08-27,9.99,successful,Card
7008,440,2025-09-27,9.99,successful,Net Banking
7009,440,2025-10-27,9.99,successful,Card
7010,440,2025-11-27,9.99,successful,UPI
7011,440,2025-12-27,9.99,successful,Net Banking
7012,440,2026-01-27,9.99,successful,Net Banking
7013,440,2026-02-27,9.99,successful,Card
7014,440,2026-03-27,9.99,successful,Card
7015,440,2026-04-27,9.99,successful,UPI
7016,440,2026-05-27,9.99,successful,Wallet
7017,440,2026-06-27,9.99,successful,Net Banking
7018,440,2026-07-27,9.99,successful,Card
7019,440,2026-08-27,9.99,successful,UPI
7020,440,2026-09-27,9.99,successful,Card
7021,441,2025-03-01,19.99,successful,Net Banking
7022,441,2025-04-01,19.99,successful,UPI
7023,441,2025-05-01,19.99,successful,Card
7024,441,2025-06-01,19.99,successful,Net Banking
7025,441,2025-07-01,19.99,successful,Net Banking
7026,441,2025-08-01,19.99,successful,UPI
7027,441,2025-09-01,19.99,successful,Wallet
7028,441,2025-10-01,19.99,successful,Card
7029,441,2025-11-01,19.99,successful,Card
7030,441,2025-12-01,19.99,successful,Card
7031,441,2026-01-01,19.99,successful,Card
7032,441,2026-02-01,19.99,successful,UPI
7033,441,2026-03-01,19.99,successful,Net Banking
7034,441,2026-04-01,19.99,successful,Card
7035,441,2026-05-01,19.99,successful,Net Banking
7036,441,2026-06-01,19.99,failed,Wallet
7037,441,2026-07-01,19.99,successful,Net Banking
7038,441,2026-08-01,19.99,successful,UPI
7039,441,2026-09-01,19.99,successful,Net Banking
7040,442,2026-02-24,19.99,successful,Card
7041,442,2026-03-24,19.99,successful,Card
7042,442,2026-04-24,19.99,failed,Card
7043,442,2026-05-24,19.99,successful,Net Banking
7044,442,2026-06-24,19.99,successful,UPI
7045,442,2026-07-24,19.99,successful,Net Banking
7046,442,2026-08-24,19.99,successful,UPI
7047,442,2026-09-24,19.99,successful,Wallet
7048,443,2025-10-09,19.99,successful,Wallet
7049,443,2025-11-09,19.99,successful,Wallet
7050,443,2025-12-09,19.99,successful,Wallet
7051,443,2026-01-09,19.99,successful,UPI
7052,444,2025-12-17,9.99,successful,Card
7053,444,2026-01-17,9.99,successful,UPI
7054,444,2026-02-17,9.99,successful,UPI
7055,444,2026-03-17,9.99,successful,UPI
7056,445,2026-04-02,59.99,successful,Net Banking
7057,445,2026-05-02,59.99,successful,Net Banking
7058,446,2024-09-25,39.99,successful,UPI
7059,446,2024-10-25,39.99,successful,Card
7060,446,2024-11-25,39.99,successful,Card
7061,446,2024-12-25,39.99,successful,Wallet
7062,446,2025-01-25,39.99,successful,Net Banking
7063,446,2025-02-25,39.99,successful,Card
7064,446,2025-03-25,39.99,successful,Card
7065,446,2025-04-25,39.99,successful,Card
7066,446,2025-05-25,39.99,successful,Card
7067,446,2025-06-25,39.99,successful,UPI
7068,446,2025-07-25,39.99,successful,UPI
7069,446,2025-08-25,39.99,successful,UPI
7070,446,2025-09-25,39.99,successful,Wallet
7071,446,2025-10-25,39.99,successful,Wallet
7072,446,2025-11-25,39.99,successful,Net Banking
7073,446,2025-12-25,39.99,failed,Card
7074,446,2026-01-25,39.99,failed,Card
7075,446,2026-02-25,39.99,successful,UPI
7076,446,2026-03-25,39.99,successful,Card
7077,446,2026-04-25,39.99,successful,Wallet
7078,446,2026-05-25,39.99,successful,Net Banking
7079,446,2026-06-25,39.99,successful,Card
7080,446,2026-07-25,39.99,successful,UPI
7081,446,2026-08-25,39.99,successful,Card
7082,446,2026-09-25,39.99,successful,UPI
7083,447,2024-05-27,39.99,successful,Net Banking
7084,447,2024-06-27,39.99,successful,Wallet
7085,447,2024-07-27,39.99,successful,Wallet
7086,447,2024-08-27,39.99,successful,Wallet
7087,447,2024-09-27,39.99,successful,Net Banking
7088,447,2024-10-27,39.99,successful,Wallet
7089,447,2024-11-27,39.99,successful,UPI
7090,447,2024-12-27,39.99,successful,Wallet
7091,447,2025-01-27,39.99,successful,Card
7092,447,2025-02-27,39.99,successful,UPI
7093,447,2025-03-27,39.99,successful,Card
7094,447,2025-04-27,39.99,successful,Wallet
7095,447,2025-05-27,39.99,failed,Card
7096,447,2025-06-27,39.99,successful,Card
7097,447,2025-07-27,39.99,successful,Wallet
7098,447,2025-08-27,39.99,failed,Card
7099,447,2025-09-27,39.99,failed,Wallet
7100,447,2025-10-27,39.99,successful,UPI
7101,447,2025-11-27,39.99,successful,Wallet
7102,447,2025-12-27,39.99,successful,Card
7103,447,2026-01-27,39.99,successful,Net Banking
7104,447,2026-02-27,39.99,successful,Wallet
7105,447,2026-03-27,39.99,successful,UPI
7106,447,2026-04-27,39.99,successful,UPI
7107,447,2026-05-27,39.99,refunded,UPI
7108,447,2026-06-27,39.99,successful,Wallet
7109,447,2026-07-27,39.99,successful,Wallet
7110,447,2026-08-27,39.99,successful,Net Banking
7111,447,2026-09-27,39.99,successful,Card
7112,448,2025-03-12,9.99,successful,Wallet
7113,448,2025-04-12,9.99,successful,Card
7114,448,2025-05-12,9.99,successful,Card
7115,448,2025-06-12,9.99,successful,UPI
7116,448,2025-07-12,9.99,successful,UPI
7117,448,2025-08-12,9.99,successful,Card
7118,448,2025-09-12,9.99,successful,Wallet
7119,448,2025-10-12,9.99,successful,Wallet
7120,448,2025-11-12,9.99,successful,UPI
7121,448,2025-12-12,9.99,successful,UPI
7122,449,2026-01-19,19.99,successful,Net Banking
7123,449,2026-02-19,19.99,successful,Card
7124,449,2026-03-19,19.99,successful,Wallet
7125,449,2026-04-19,19.99,successful,Net Banking
7126,449,2026-05-19,19.99,failed,UPI
7127,449,2026-06-19,19.99,successful,Net Banking
7128,449,2026-07-19,19.99,successful,Net Banking
7129,449,2026-08-19,19.99,successful,Card
7130,449,2026-09-19,19.99,successful,Card
7131,450,2026-01-24,39.99,successful,Wallet
7132,450,2026-02-24,39.99,successful,UPI
7133,450,2026-03-24,39.99,failed,UPI
7134,450,2026-04-24,39.99,successful,UPI
7135,450,2026-05-24,39.99,successful,UPI
7136,450,2026-06-24,39.99,successful,Wallet
7137,450,2026-07-24,39.99,successful,UPI
7138,450,2026-08-24,39.99,successful,UPI
7139,450,2026-09-24,39.99,successful,Card
7140,451,2026-02-15,19.99,successful,UPI
7141,451,2026-03-15,19.99,successful,Wallet
7142,451,2026-04-15,19.99,successful,Net Banking
7143,451,2026-05-15,19.99,successful,Net Banking
7144,451,2026-06-15,19.99,successful,Wallet
7145,451,2026-07-15,19.99,failed,Net Banking
7146,451,2026-08-15,19.99,successful,UPI
7147,452,2024-07-13,19.99,successful,Card
7148,452,2024-08-13,19.99,successful,Wallet
7149,452,2024-09-13,19.99,successful,Wallet
7150,452,2024-10-13,19.99,successful,UPI
7151,452,2024-11-13,19.99,successful,Wallet
7152,452,2024-12-13,19.99,successful,Card
7153,452,2025-01-13,19.99,successful,Net Banking
7154,452,2025-02-13,19.99,successful,Card
7155,452,2025-03-13,19.99,successful,Net Banking
7156,452,2025-04-13,19.99,successful,Card
7157,453,2024-05-02,399.0,successful,UPI
7158,454,2025-03-07,39.99,successful,Net Banking
7159,454,2025-04-07,39.99,successful,Wallet
7160,455,2026-06-14,9.99,successful,Card
7161,455,2026-07-14,9.99,successful,Wallet
7162,455,2026-08-14,9.99,successful,Net Banking
7163,455,2026-09-14,9.99,successful,Card
7164,456,2025-06-15,39.99,successful,Wallet
7165,456,2025-07-15,39.99,successful,UPI
7166,456,2025-08-15,39.99,successful,Card
7167,456,2025-09-15,39.99,successful,Net Banking
7168,456,2025-10-15,39.99,successful,Net Banking
7169,456,2025-11-15,39.99,successful,Net Banking
7170,456,2025-12-15,39.99,successful,UPI
7171,456,2026-01-15,39.99,successful,UPI
7172,456,2026-02-15,39.99,successful,Net Banking
7173,456,2026-03-15,39.99,failed,UPI
7174,456,2026-04-15,39.99,successful,Card
7175,456,2026-05-15,39.99,refunded,Card
7176,456,2026-06-15,39.99,successful,Net Banking
7177,456,2026-07-15,39.99,successful,Net Banking
7178,456,2026-08-15,39.99,successful,Net Banking
7179,456,2026-09-15,39.99,successful,Net Banking
7180,457,2026-04-27,39.99,successful,Wallet
7181,457,2026-05-27,39.99,successful,UPI
7182,457,2026-06-27,39.99,refunded,Card
7183,457,2026-07-27,39.99,successful,Wallet
7184,457,2026-08-27,39.99,successful,UPI
7185,457,2026-09-27,39.99,successful,UPI
7186,458,2024-12-04,19.99,failed,Wallet
7187,458,2025-01-04,19.99,successful,Wallet
7188,458,2025-02-04,19.99,successful,UPI
7189,458,2025-03-04,19.99,successful,Wallet
7190,458,2025-04-04,19.99,successful,UPI
7191,458,2025-05-04,19.99,successful,UPI
7192,458,2025-06-04,19.99,successful,Card
7193,458,2025-07-04,19.99,failed,Net Banking
7194,459,2024-08-03,399.0,successful,Wallet
7195,459,2025-08-03,399.0,successful,UPI
7196,460,2025-02-28,19.99,successful,Card
7197,460,2025-03-28,19.99,successful,Net Banking
7198,460,2025-04-28,19.99,successful,Card
7199,460,2025-05-28,19.99,successful,Wallet
7200,460,2025-06-28,19.99,successful,Net Banking
7201,460,2025-07-28,19.99,successful,Card
7202,460,2025-08-28,19.99,successful,Net Banking
7203,460,2025-09-28,19.99,successful,UPI
7204,460,2025-10-28,19.99,successful,Wallet
7205,460,2025-11-28,19.99,successful,Card
7206,460,2025-12-28,19.99,successful,Wallet
7207,460,2026-01-28,19.99,successful,Wallet
7208,460,2026-02-28,19.99,failed,Net Banking
7209,460,2026-03-28,19.99,successful,Net Banking
7210,460,2026-04-28,19.99,successful,Card
7211,460,2026-05-28,19.99,successful,UPI
7212,460,2026-06-28,19.99,successful,Net Banking
7213,460,2026-07-28,19.99,successful,Wallet
7214,460,2026-08-28,19.99,successful,Net Banking
7215,460,2026-09-28,19.99,successful,Card
7216,461,2025-05-10,39.99,refunded,Wallet
7217,461,2025-06-10,39.99,successful,Net Banking
7218,461,2025-07-10,39.99,successful,UPI
7219,461,2025-08-10,39.99,successful,UPI
7220,461,2025-09-10,39.99,successful,Card
7221,461,2025-10-10,39.99,successful,Card
7222,461,2025-11-10,39.99,successful,Wallet
7223,461,2025-12-10,39.99,successful,Net Banking
7224,461,2026-01-10,39.99,successful,Net Banking
7225,461,2026-02-10,39.99,successful,Net Banking
7226,461,2026-03-10,39.99,successful,UPI
7227,461,2026-04-10,39.99,successful,Card
7228,461,2026-05-10,39.99,successful,UPI
7229,462,2023-09-04,39.99,successful,UPI
7230,462,2023-10-04,39.99,successful,Wallet
7231,462,2023-11-04,39.99,successful,Card
7232,462,2023-12-04,39.99,successful,Wallet
7233,462,2024-01-04,39.99,successful,Card
7234,462,2024-02-04,39.99,successful,Net Banking
7235,462,2024-03-04,39.99,successful,Net Banking
7236,462,2024-04-04,39.99,successful,Card
7237,462,2024-05-04,39.99,successful,UPI
7238,462,2024-06-04,39.99,successful,Net Banking
7239,462,2024-07-04,39.99,successful,Net Banking
7240,462,2024-08-04,39.99,successful,Card
7241,463,2026-01-04,59.99,successful,Net Banking
7242,463,2026-02-04,59.99,successful,UPI
7243,463,2026-03-04,59.99,successful,Net Banking
7244,463,2026-04-04,59.99,successful,UPI
7245,463,2026-05-04,59.99,successful,Wallet
7246,463,2026-06-04,59.99,successful,Wallet
7247,463,2026-07-04,59.99,successful,Wallet
7248,463,2026-08-04,59.99,successful,Card
7249,463,2026-09-04,59.99,successful,Card
7250,464,2023-06-03,9.99,failed,Wallet
7251,464,2023-07-03,9.99,successful,Wallet
7252,464,2023-08-03,9.99,successful,Wallet
7253,465,2025-09-23,19.99,failed,Wallet
7254,465,2025-10-23,19.99,successful,Card
7255,465,2025-11-23,19.99,successful,UPI
7256,465,2025-12-23,19.99,successful,Card
7257,465,2026-01-23,19.99,successful,Wallet
7258,465,2026-02-23,19.99,failed,Net Banking
7259,465,2026-03-23,19.99,successful,Card
7260,465,2026-04-23,19.99,successful,Card
7261,466,2026-01-14,39.99,successful,Wallet
7262,466,2026-02-14,39.99,successful,Net Banking
7263,466,2026-03-14,39.99,failed,Net Banking
7264,466,2026-04-14,39.99,successful,Card
7265,466,2026-05-14,39.99,failed,UPI
7266,466,2026-06-14,39.99,successful,Wallet
7267,466,2026-07-14,39.99,successful,Net Banking
7268,466,2026-08-14,39.99,successful,Net Banking
7269,466,2026-09-14,39.99,successful,Wallet
7270,467,2024-11-27,9.99,successful,Net Banking
7271,467,2024-12-27,9.99,failed,UPI
7272,467,2025-01-27,9.99,successful,Wallet
7273,467,2025-02-27,9.99,failed,Wallet
7274,467,2025-03-27,9.99,successful,Card
7275,467,2025-04-27,9.99,successful,Card
7276,468,2025-05-21,9.99,successful,Net Banking
7277,468,2025-06-21,9.99,successful,Net Banking
7278,468,2025-07-21,9.99,failed,UPI
7279,468,2025-08-21,9.99,successful,Card
7280,468,2025-09-21,9.99,successful,UPI
7281,469,2026-05-28,9.99,successful,Wallet
7282,469,2026-06-28,9.99,successful,Card
7283,470,2025-12-28,59.99,successful,Wallet
7284,470,2026-01-28,59.99,successful,Card
7285,470,2026-02-28,59.99,successful,Wallet
7286,470,2026-03-28,59.99,successful,UPI
7287,470,2026-04-28,59.99,successful,UPI
7288,470,2026-05-28,59.99,successful,Net Banking
7289,470,2026-06-28,59.99,successful,Wallet
7290,470,2026-07-28,59.99,successful,UPI
7291,471,2025-12-06,19.99,failed,Card
7292,471,2026-01-06,19.99,successful,UPI
7293,471,2026-02-06,19.99,successful,Wallet
7294,471,2026-03-06,19.99,successful,Card
7295,471,2026-04-06,19.99,successful,UPI
7296,471,2026-05-06,19.99,successful,Card
7297,472,2025-10-05,39.99,successful,Wallet
7298,472,2025-11-05,39.99,failed,Wallet
7299,472,2025-12-05,39.99,successful,UPI
7300,472,2026-01-05,39.99,successful,Wallet
7301,473,2023-04-04,39.99,successful,Card
7302,473,2023-05-04,39.99,successful,UPI
7303,473,2023-06-04,39.99,successful,Net Banking
7304,473,2023-07-04,39.99,successful,Wallet
7305,473,2023-08-04,39.99,successful,Net Banking
7306,473,2023-09-04,39.99,successful,Wallet
7307,473,2023-10-04,39.99,failed,UPI
7308,473,2023-11-04,39.99,successful,Net Banking
7309,473,2023-12-04,39.99,successful,Wallet
7310,473,2024-01-04,39.99,successful,Net Banking
7311,473,2024-02-04,39.99,successful,Wallet
7312,473,2024-03-04,39.99,successful,UPI
7313,473,2024-04-04,39.99,successful,Wallet
7314,473,2024-05-04,39.99,successful,Net Banking
7315,473,2024-06-04,39.99,successful,UPI
7316,473,2024-07-04,39.99,successful,Wallet
7317,473,2024-08-04,39.99,refunded,Net Banking
7318,473,2024-09-04,39.99,successful,Net Banking
7319,473,2024-10-04,39.99,successful,Card
7320,473,2024-11-04,39.99,successful,Net Banking
7321,473,2024-12-04,39.99,successful,UPI
7322,473,2025-01-04,39.99,successful,Wallet
7323,473,2025-02-04,39.99,failed,Wallet
7324,473,2025-03-04,39.99,successful,UPI
7325,473,2025-04-04,39.99,successful,UPI
7326,473,2025-05-04,39.99,successful,Wallet
7327,473,2025-06-04,39.99,successful,Net Banking
7328,473,2025-07-04,39.99,successful,Net Banking
7329,473,2025-08-04,39.99,failed,UPI
7330,473,2025-09-04,39.99,successful,Card
7331,473,2025-10-04,39.99,refunded,Wallet
7332,473,2025-11-04,39.99,successful,Net Banking
7333,473,2025-12-04,39.99,successful,Card
7334,473,2026-01-04,39.99,successful,UPI
7335,473,2026-02-04,39.99,successful,Wallet
7336,473,2026-03-04,39.99,successful,UPI
7337,473,2026-04-04,39.99,successful,Net Banking
7338,473,2026-05-04,39.99,successful,Wallet
7339,473,2026-06-04,39.99,successful,UPI
7340,473,2026-07-04,39.99,successful,UPI
7341,473,2026-08-04,39.99,successful,Card
7342,473,2026-09-04,39.99,successful,Net Banking
7343,474,2025-08-15,399.0,successful,UPI
7344,474,2026-08-15,399.0,successful,Wallet
7345,475,2025-10-08,19.99,successful,UPI
7346,475,2025-11-08,19.99,successful,Wallet
7347,475,2025-12-08,19.99,successful,UPI
7348,475,2026-01-08,19.99,refunded,UPI
7349,475,2026-02-08,19.99,successful,Net Banking
7350,475,2026-03-08,19.99,successful,UPI
7351,476,2026-03-24,39.99,successful,UPI
7352,476,2026-04-24,39.99,successful,UPI
7353,476,2026-05-24,39.99,successful,UPI
7354,477,2024-03-28,19.99,successful,UPI
7355,477,2024-04-28,19.99,successful,UPI
7356,477,2024-05-28,19.99,successful,Wallet
7357,477,2024-06-28,19.99,successful,Card
7358,477,2024-07-28,19.99,successful,Net Banking
7359,477,2024-08-28,19.99,successful,UPI
7360,477,2024-09-28,19.99,successful,Card
7361,477,2024-10-28,19.99,successful,Wallet
7362,477,2024-11-28,19.99,successful,UPI
7363,477,2024-12-28,19.99,successful,UPI
7364,477,2025-01-28,19.99,successful,UPI
7365,477,2025-02-28,19.99,successful,Net Banking
7366,477,2025-03-28,19.99,successful,Card
7367,477,2025-04-28,19.99,successful,Wallet
7368,477,2025-05-28,19.99,successful,Card
7369,477,2025-06-28,19.99,successful,UPI
7370,477,2025-07-28,19.99,successful,Net Banking
7371,477,2025-08-28,19.99,successful,Card
7372,477,2025-09-28,19.99,successful,Wallet
7373,477,2025-10-28,19.99,successful,Wallet
7374,477,2025-11-28,19.99,successful,Wallet
7375,477,2025-12-28,19.99,successful,Net Banking
7376,477,2026-01-28,19.99,successful,UPI
7377,477,2026-02-28,19.99,successful,Wallet
7378,477,2026-03-28,19.99,successful,UPI
7379,477,2026-04-28,19.99,successful,UPI
7380,477,2026-05-28,19.99,successful,Card
7381,477,2026-06-28,19.99,successful,UPI
7382,477,2026-07-28,19.99,successful,Wallet
7383,477,2026-08-28,19.99,successful,Wallet
7384,477,2026-09-28,19.99,successful,Net Banking
7385,478,2026-05-12,399.0,successful,Net Banking
7386,479,2026-08-24,19.99,successful,UPI
7387,479,2026-09-24,19.99,successful,UPI
7388,480,2025-06-30,39.99,successful,Card
7389,480,2025-07-30,39.99,successful,Wallet
7390,480,2025-08-30,39.99,successful,Wallet
7391,480,2025-09-30,39.99,failed,UPI
7392,480,2025-10-30,39.99,successful,Card
7393,480,2025-11-30,39.99,successful,Card
7394,480,2025-12-30,39.99,successful,Card
7395,480,2026-01-30,39.99,successful,Net Banking
7396,480,2026-02-28,39.99,successful,Wallet
7397,480,2026-03-28,39.99,failed,Net Banking
7398,480,2026-04-28,39.99,successful,Card
7399,480,2026-05-28,39.99,successful,Card
7400,480,2026-06-28,39.99,successful,Wallet
7401,480,2026-07-28,39.99,successful,Wallet
7402,480,2026-08-28,39.99,successful,Card
7403,480,2026-09-28,39.99,successful,Wallet
7404,481,2023-08-06,19.99,successful,Net Banking
7405,481,2023-09-06,19.99,successful,Wallet
7406,481,2023-10-06,19.99,successful,Net Banking
7407,481,2023-11-06,19.99,successful,Wallet
7408,481,2023-12-06,19.99,successful,Net Banking
7409,481,2024-01-06,19.99,successful,Card
7410,481,2024-02-06,19.99,successful,Card
7411,481,2024-03-06,19.99,successful,Net Banking
7412,481,2024-04-06,19.99,successful,UPI
7413,481,2024-05-06,19.99,successful,Wallet
7414,481,2024-06-06,19.99,successful,Card
7415,481,2024-07-06,19.99,successful,Wallet
7416,481,2024-08-06,19.99,successful,Wallet
7417,481,2024-09-06,19.99,successful,Wallet
7418,481,2024-10-06,19.99,successful,Net Banking
7419,481,2024-11-06,19.99,successful,Net Banking
7420,481,2024-12-06,19.99,successful,Net Banking
7421,482,2025-01-08,19.99,successful,Net Banking
7422,482,2025-02-08,19.99,successful,Wallet
7423,482,2025-03-08,19.99,successful,Net Banking
7424,482,2025-04-08,19.99,successful,Wallet
7425,482,2025-05-08,19.99,successful,Wallet
7426,482,2025-06-08,19.99,successful,Card
7427,482,2025-07-08,19.99,successful,Card
7428,482,2025-08-08,19.99,successful,UPI
7429,482,2025-09-08,19.99,successful,Wallet
7430,482,2025-10-08,19.99,failed,Wallet
7431,482,2025-11-08,19.99,successful,UPI
7432,482,2025-12-08,19.99,successful,UPI
7433,482,2026-01-08,19.99,successful,Wallet
7434,482,2026-02-08,19.99,successful,Wallet
7435,482,2026-03-08,19.99,successful,UPI
7436,482,2026-04-08,19.99,successful,UPI
7437,482,2026-05-08,19.99,successful,Wallet
7438,483,2026-07-01,19.99,successful,UPI
7439,483,2026-08-01,19.99,successful,Card
7440,483,2026-09-01,19.99,successful,Wallet
7441,484,2024-04-18,9.99,successful,Card
7442,484,2024-05-18,9.99,successful,Card
7443,484,2024-06-18,9.99,successful,Net Banking
7444,484,2024-07-18,9.99,successful,Wallet
7445,484,2024-08-18,9.99,successful,Card
7446,484,2024-09-18,9.99,successful,UPI
7447,484,2024-10-18,9.99,failed,UPI
7448,484,2024-11-18,9.99,successful,Net Banking
7449,484,2024-12-18,9.99,failed,Wallet
7450,484,2025-01-18,9.99,successful,UPI
7451,484,2025-02-18,9.99,successful,Net Banking
7452,484,2025-03-18,9.99,successful,Net Banking
7453,484,2025-04-18,9.99,successful,Wallet
7454,484,2025-05-18,9.99,successful,Card
7455,484,2025-06-18,9.99,successful,Wallet
7456,484,2025-07-18,9.99,successful,Wallet
7457,484,2025-08-18,9.99,successful,Net Banking
7458,484,2025-09-18,9.99,successful,Card
7459,484,2025-10-18,9.99,successful,Net Banking
7460,484,2025-11-18,9.99,successful,UPI
7461,484,2025-12-18,9.99,successful,Wallet
7462,484,2026-01-18,9.99,successful,Net Banking
7463,484,2026-02-18,9.99,successful,Wallet
7464,484,2026-03-18,9.99,successful,UPI
7465,484,2026-04-18,9.99,successful,Card
7466,484,2026-05-18,9.99,successful,Net Banking
7467,484,2026-06-18,9.99,successful,Card
7468,484,2026-07-18,9.99,successful,Wallet
7469,484,2026-08-18,9.99,successful,Card
7470,484,2026-09-18,9.99,successful,Wallet
7471,485,2024-03-07,9.99,successful,Net Banking
7472,485,2024-04-07,9.99,successful,Wallet
7473,485,2024-05-07,9.99,successful,UPI
7474,485,2024-06-07,9.99,failed,Net Banking
7475,485,2024-07-07,9.99,successful,Net Banking
7476,485,2024-08-07,9.99,successful,Wallet
7477,485,2024-09-07,9.99,successful,UPI
7478,485,2024-10-07,9.99,successful,Wallet
7479,485,2024-11-07,9.99,successful,Net Banking
7480,485,2024-12-07,9.99,successful,UPI
7481,485,2025-01-07,9.99,successful,Wallet
7482,486,2023-12-07,39.99,successful,UPI
7483,486,2024-01-07,39.99,successful,UPI
7484,486,2024-02-07,39.99,successful,UPI
7485,486,2024-03-07,39.99,successful,Wallet
7486,486,2024-04-07,39.99,successful,UPI
7487,486,2024-05-07,39.99,refunded,UPI
7488,486,2024-06-07,39.99,successful,Net Banking
7489,486,2024-07-07,39.99,successful,UPI
7490,486,2024-08-07,39.99,successful,Card
7491,486,2024-09-07,39.99,successful,Card
7492,486,2024-10-07,39.99,successful,Net Banking
7493,486,2024-11-07,39.99,successful,Net Banking
7494,486,2024-12-07,39.99,successful,Card
7495,486,2025-01-07,39.99,successful,Card
7496,486,2025-02-07,39.99,successful,Wallet
7497,486,2025-03-07,39.99,successful,Net Banking
7498,486,2025-04-07,39.99,successful,Card
7499,486,2025-05-07,39.99,successful,Card
7500,486,2025-06-07,39.99,successful,UPI
7501,486,2025-07-07,39.99,successful,Net Banking
7502,486,2025-08-07,39.99,successful,UPI
7503,486,2025-09-07,39.99,successful,Wallet
7504,486,2025-10-07,39.99,successful,Net Banking
7505,486,2025-11-07,39.99,successful,Wallet
7506,486,2025-12-07,39.99,successful,Card
7507,486,2026-01-07,39.99,successful,Card
7508,486,2026-02-07,39.99,successful,Net Banking
7509,486,2026-03-07,39.99,successful,UPI
7510,486,2026-04-07,39.99,successful,Net Banking
7511,486,2026-05-07,39.99,successful,Wallet
7512,486,2026-06-07,39.99,successful,Wallet
7513,486,2026-07-07,39.99,successful,UPI
7514,486,2026-08-07,39.99,successful,Net Banking
7515,486,2026-09-07,39.99,successful,Card
7516,487,2024-07-04,19.99,successful,Net Banking
7517,487,2024-08-04,19.99,successful,Wallet
7518,487,2024-09-04,19.99,successful,Card
7519,487,2024-10-04,19.99,successful,Card
7520,487,2024-11-04,19.99,successful,Net Banking
7521,487,2024-12-04,19.99,successful,Wallet
7522,487,2025-01-04,19.99,successful,Card
7523,487,2025-02-04,19.99,failed,Card
7524,487,2025-03-04,19.99,successful,Card
7525,487,2025-04-04,19.99,successful,Card
7526,488,2023-12-23,39.99,successful,Wallet
7527,488,2024-01-23,39.99,successful,Net Banking
7528,488,2024-02-23,39.99,successful,Net Banking
7529,488,2024-03-23,39.99,successful,Card
7530,488,2024-04-23,39.99,successful,UPI
7531,488,2024-05-23,39.99,successful,Wallet
7532,488,2024-06-23,39.99,successful,Card
7533,488,2024-07-23,39.99,successful,Wallet
7534,488,2024-08-23,39.99,successful,Card
7535,488,2024-09-23,39.99,successful,Net Banking
7536,489,2023-01-23,19.99,successful,UPI
7537,489,2023-02-23,19.99,successful,UPI
7538,489,2023-03-23,19.99,successful,Net Banking
7539,489,2023-04-23,19.99,successful,Card
7540,489,2023-05-23,19.99,successful,Card
7541,489,2023-06-23,19.99,successful,UPI
7542,489,2023-07-23,19.99,successful,UPI
7543,489,2023-08-23,19.99,successful,UPI
7544,489,2023-09-23,19.99,successful,Net Banking
7545,489,2023-10-23,19.99,successful,UPI
7546,489,2023-11-23,19.99,successful,Net Banking
7547,489,2023-12-23,19.99,successful,Card
7548,489,2024-01-23,19.99,failed,UPI
7549,489,2024-02-23,19.99,successful,Card
7550,489,2024-03-23,19.99,failed,Wallet
7551,489,2024-04-23,19.99,successful,Net Banking
7552,489,2024-05-23,19.99,successful,Wallet
7553,490,2024-06-07,39.99,successful,Card
7554,490,2024-07-07,39.99,successful,Card
7555,490,2024-08-07,39.99,successful,UPI
7556,490,2024-09-07,39.99,successful,UPI
7557,490,2024-10-07,39.99,successful,UPI
7558,490,2024-11-07,39.99,failed,Wallet
7559,490,2024-12-07,39.99,successful,Net Banking
7560,490,2025-01-07,39.99,failed,Wallet
7561,490,2025-02-07,39.99,successful,Card
7562,490,2025-03-07,39.99,successful,Card
7563,490,2025-04-07,39.99,successful,Card
7564,490,2025-05-07,39.99,successful,Card
7565,490,2025-06-07,39.99,successful,Card
7566,490,2025-07-07,39.99,successful,UPI
7567,491,2024-06-05,399.0,successful,UPI
7568,491,2025-06-05,399.0,successful,UPI
7569,492,2026-01-28,59.99,successful,UPI
7570,492,2026-02-28,59.99,successful,Wallet
7571,492,2026-03-28,59.99,successful,UPI
7572,492,2026-04-28,59.99,successful,UPI
7573,492,2026-05-28,59.99,successful,Net Banking
7574,492,2026-06-28,59.99,successful,Net Banking
7575,492,2026-07-28,59.99,successful,Card
7576,492,2026-08-28,59.99,successful,Wallet
7577,492,2026-09-28,59.99,successful,Wallet
7578,493,2025-03-12,19.99,successful,Card
7579,493,2025-04-12,19.99,failed,Net Banking
7580,493,2025-05-12,19.99,successful,UPI
7581,493,2025-06-12,19.99,successful,UPI
7582,493,2025-07-12,19.99,successful,UPI
7583,493,2025-08-12,19.99,successful,Card
7584,493,2025-09-12,19.99,successful,Wallet
7585,493,2025-10-12,19.99,successful,Card
7586,493,2025-11-12,19.99,failed,Card
7587,493,2025-12-12,19.99,successful,Wallet
7588,493,2026-01-12,19.99,successful,Card
7589,493,2026-02-12,19.99,successful,Wallet
7590,493,2026-03-12,19.99,successful,Net Banking
7591,493,2026-04-12,19.99,successful,UPI
7592,493,2026-05-12,19.99,successful,Net Banking
7593,493,2026-06-12,19.99,successful,Net Banking
7594,493,2026-07-12,19.99,successful,Wallet
7595,493,2026-08-12,19.99,successful,Net Banking
7596,493,2026-09-12,19.99,successful,Card
7597,494,2026-04-18,19.99,successful,UPI
7598,494,2026-05-18,19.99,successful,Wallet
7599,494,2026-06-18,19.99,successful,Wallet
7600,494,2026-07-18,19.99,successful,UPI
7601,494,2026-08-18,19.99,successful,Net Banking
7602,494,2026-09-18,19.99,successful,Card
7603,495,2026-05-31,9.99,successful,UPI
7604,495,2026-06-30,9.99,successful,Net Banking
7605,495,2026-07-30,9.99,successful,UPI
7606,495,2026-08-30,9.99,successful,Card
7607,495,2026-09-30,9.99,successful,Net Banking
7608,496,2025-01-31,19.99,successful,Wallet
7609,496,2025-02-28,19.99,successful,UPI
7610,496,2025-03-28,19.99,successful,UPI
7611,496,2025-04-28,19.99,successful,Net Banking
7612,496,2025-05-28,19.99,successful,Wallet
7613,496,2025-06-28,19.99,successful,Net Banking
7614,496,2025-07-28,19.99,successful,Card
7615,496,2025-08-28,19.99,successful,Net Banking
7616,496,2025-09-28,19.99,successful,Wallet
7617,496,2025-10-28,19.99,successful,Net Banking
7618,496,2025-11-28,19.99,successful,Wallet
7619,496,2025-12-28,19.99,successful,Net Banking
7620,496,2026-01-28,19.99,successful,Card
7621,496,2026-02-28,19.99,successful,Wallet
7622,496,2026-03-28,19.99,successful,Wallet
7623,496,2026-04-28,19.99,failed,Card
7624,496,2026-05-28,19.99,successful,Wallet
7625,496,2026-06-28,19.99,successful,Wallet
7626,496,2026-07-28,19.99,successful,UPI
7627,496,2026-08-28,19.99,successful,UPI
7628,496,2026-09-28,19.99,successful,Wallet
7629,497,2024-03-17,39.99,successful,Wallet
7630,497,2024-04-17,39.99,successful,Card
7631,497,2024-05-17,39.99,successful,Net Banking
7632,497,2024-06-17,39.99,successful,Wallet
7633,497,2024-07-17,39.99,successful,Net Banking
7634,497,2024-08-17,39.99,successful,Card
7635,497,2024-09-17,39.99,successful,Wallet
7636,497,2024-10-17,39.99,failed,UPI
7637,497,2024-11-17,39.99,successful,UPI
7638,497,2024-12-17,39.99,successful,Net Banking
7639,497,2025-01-17,39.99,successful,UPI
7640,497,2025-02-17,39.99,successful,Net Banking
7641,497,2025-03-17,39.99,successful,Wallet
7642,497,2025-04-17,39.99,successful,Card
7643,497,2025-05-17,39.99,successful,Net Banking
7644,497,2025-06-17,39.99,successful,Card
7645,498,2025-02-07,9.99,successful,Card
7646,498,2025-03-07,9.99,successful,Card
7647,498,2025-04-07,9.99,successful,UPI
7648,498,2025-05-07,9.99,successful,Net Banking
7649,498,2025-06-07,9.99,successful,UPI
7650,498,2025-07-07,9.99,successful,Card
7651,498,2025-08-07,9.99,successful,Card
7652,498,2025-09-07,9.99,successful,Net Banking
7653,498,2025-10-07,9.99,failed,Card
7654,498,2025-11-07,9.99,successful,UPI
7655,498,2025-12-07,9.99,successful,UPI
7656,498,2026-01-07,9.99,successful,UPI
7657,498,2026-02-07,9.99,successful,Card
7658,498,2026-03-07,9.99,successful,Card
7659,498,2026-04-07,9.99,successful,Net Banking
7660,498,2026-05-07,9.99,failed,UPI
7661,498,2026-06-07,9.99,successful,Net Banking
7662,498,2026-07-07,9.99,successful,Card
7663,498,2026-08-07,9.99,successful,Card
7664,498,2026-09-07,9.99,successful,Wallet
7665,499,2025-10-12,9.99,successful,Net Banking
7666,499,2025-11-12,9.99,successful,UPI
7667,499,2025-12-12,9.99,successful,Wallet
7668,499,2026-01-12,9.99,successful,Wallet
7669,499,2026-02-12,9.99,successful,UPI
7670,499,2026-03-12,9.99,successful,Net Banking
7671,499,2026-04-12,9.99,successful,UPI
7672,499,2026-05-12,9.99,successful,Card
7673,500,2024-05-30,19.99,successful,UPI
7674,500,2024-06-30,19.99,successful,UPI
7675,500,2024-07-30,19.99,successful,Card
7676,500,2024-08-30,19.99,successful,Card
7677,500,2024-09-30,19.99,failed,Wallet
7678,500,2024-10-30,19.99,successful,Net Banking
7679,500,2024-11-30,19.99,successful,Wallet
7680,500,2024-12-30,19.99,successful,Wallet
7681,500,2025-01-30,19.99,successful,Wallet
7682,500,2025-02-28,19.99,successful,Net Banking
7683,500,2025-03-28,19.99,successful,Wallet
7684,500,2025-04-28,19.99,successful,Net Banking
7685,501,2025-11-05,59.99,successful,Net Banking
7686,501,2025-12-05,59.99,successful,Wallet
7687,501,2026-01-05,59.99,successful,Net Banking
7688,501,2026-02-05,59.99,successful,UPI
7689,501,2026-03-05,59.99,successful,Wallet
7690,501,2026-04-05,59.99,successful,UPI
7691,501,2026-05-05,59.99,successful,Net Banking
7692,501,2026-06-05,59.99,successful,UPI
7693,501,2026-07-05,59.99,successful,UPI
7694,501,2026-08-05,59.99,successful,Card
7695,502,2025-03-02,9.99,successful,UPI
7696,502,2025-04-02,9.99,successful,Net Banking
7697,502,2025-05-02,9.99,successful,UPI
7698,502,2025-06-02,9.99,successful,Net Banking
7699,502,2025-07-02,9.99,successful,UPI
7700,502,2025-08-02,9.99,successful,Wallet
7701,502,2025-09-02,9.99,successful,Net Banking
7702,502,2025-10-02,9.99,successful,Wallet
7703,502,2025-11-02,9.99,successful,Wallet
7704,502,2025-12-02,9.99,successful,UPI
7705,502,2026-01-02,9.99,successful,Wallet
7706,502,2026-02-02,9.99,successful,Wallet
7707,502,2026-03-02,9.99,successful,UPI
7708,502,2026-04-02,9.99,successful,Wallet
7709,502,2026-05-02,9.99,successful,Card
7710,502,2026-06-02,9.99,successful,UPI
7711,502,2026-07-02,9.99,successful,Wallet
7712,502,2026-08-02,9.99,successful,UPI
7713,502,2026-09-02,9.99,successful,UPI
7714,503,2023-12-02,9.99,successful,Card
7715,503,2024-01-02,9.99,successful,Card
7716,503,2024-02-02,9.99,successful,Net Banking
7717,503,2024-03-02,9.99,successful,Card
7718,503,2024-04-02,9.99,successful,Net Banking
7719,504,2023-09-15,9.99,successful,Card
7720,504,2023-10-15,9.99,successful,Wallet
7721,504,2023-11-15,9.99,successful,Net Banking
7722,504,2023-12-15,9.99,successful,Wallet
7723,504,2024-01-15,9.99,failed,Net Banking
7724,504,2024-02-15,9.99,successful,Net Banking
7725,504,2024-03-15,9.99,successful,UPI
7726,504,2024-04-15,9.99,successful,Wallet
7727,504,2024-05-15,9.99,successful,Card
7728,504,2024-06-15,9.99,successful,Net Banking
7729,504,2024-07-15,9.99,successful,UPI
7730,504,2024-08-15,9.99,successful,Wallet
7731,504,2024-09-15,9.99,successful,Wallet
7732,504,2024-10-15,9.99,successful,Wallet
7733,504,2024-11-15,9.99,successful,Card
7734,504,2024-12-15,9.99,successful,UPI
7735,504,2025-01-15,9.99,successful,Net Banking
7736,504,2025-02-15,9.99,successful,Net Banking
7737,504,2025-03-15,9.99,successful,Wallet
7738,504,2025-04-15,9.99,successful,Net Banking
7739,504,2025-05-15,9.99,successful,Wallet
7740,504,2025-06-15,9.99,successful,Card
7741,504,2025-07-15,9.99,successful,Wallet
7742,504,2025-08-15,9.99,successful,Card
7743,504,2025-09-15,9.99,failed,UPI
7744,504,2025-10-15,9.99,successful,UPI
7745,504,2025-11-15,9.99,successful,Net Banking
7746,504,2025-12-15,9.99,successful,Wallet
7747,504,2026-01-15,9.99,failed,UPI
7748,504,2026-02-15,9.99,successful,Wallet
7749,504,2026-03-15,9.99,successful,Card
7750,504,2026-04-15,9.99,failed,UPI
7751,504,2026-05-15,9.99,successful,UPI
7752,504,2026-06-15,9.99,successful,UPI
7753,504,2026-07-15,9.99,successful,Net Banking
7754,504,2026-08-15,9.99,successful,Card
7755,504,2026-09-15,9.99,failed,Wallet
7756,505,2024-05-11,19.99,successful,Wallet
7757,505,2024-06-11,19.99,successful,Card
7758,505,2024-07-11,19.99,refunded,UPI
7759,505,2024-08-11,19.99,successful,Wallet
7760,505,2024-09-11,19.99,successful,Wallet
7761,505,2024-10-11,19.99,successful,Wallet
7762,505,2024-11-11,19.99,successful,Wallet
7763,505,2024-12-11,19.99,successful,Wallet
7764,505,2025-01-11,19.99,successful,Net Banking
7765,505,2025-02-11,19.99,successful,Card
7766,505,2025-03-11,19.99,successful,Wallet
7767,505,2025-04-11,19.99,successful,UPI
7768,505,2025-05-11,19.99,successful,UPI
7769,505,2025-06-11,19.99,successful,UPI
7770,505,2025-07-11,19.99,successful,UPI
7771,505,2025-08-11,19.99,successful,UPI
7772,505,2025-09-11,19.99,successful,Wallet
7773,505,2025-10-11,19.99,successful,UPI
7774,505,2025-11-11,19.99,successful,Net Banking
7775,505,2025-12-11,19.99,successful,UPI
7776,505,2026-01-11,19.99,successful,UPI
7777,505,2026-02-11,19.99,successful,UPI
7778,505,2026-03-11,19.99,successful,Net Banking
7779,505,2026-04-11,19.99,successful,Net Banking
7780,505,2026-05-11,19.99,successful,Wallet
7781,505,2026-06-11,19.99,successful,Card
7782,505,2026-07-11,19.99,successful,Wallet
7783,505,2026-08-11,19.99,successful,Wallet
7784,505,2026-09-11,19.99,successful,Net Banking
7785,506,2025-06-14,9.99,successful,UPI
7786,506,2025-07-14,9.99,successful,UPI
7787,506,2025-08-14,9.99,successful,Net Banking
7788,506,2025-09-14,9.99,successful,Net Banking
7789,506,2025-10-14,9.99,successful,Net Banking
7790,506,2025-11-14,9.99,successful,Card
7791,507,2025-12-08,19.99,successful,Net Banking
7792,507,2026-01-08,19.99,refunded,Wallet
7793,507,2026-02-08,19.99,successful,UPI
7794,507,2026-03-08,19.99,failed,UPI
7795,507,2026-04-08,19.99,successful,Wallet
7796,507,2026-05-08,19.99,successful,Wallet
7797,507,2026-06-08,19.99,successful,Card
7798,507,2026-07-08,19.99,successful,Card
7799,507,2026-08-08,19.99,successful,UPI
7800,507,2026-09-08,19.99,successful,Net Banking
7801,508,2023-06-09,9.99,successful,Card
7802,508,2023-07-09,9.99,successful,Wallet
7803,508,2023-08-09,9.99,successful,Net Banking
7804,509,2025-05-01,39.99,failed,Net Banking
7805,509,2025-06-01,39.99,successful,Net Banking
7806,509,2025-07-01,39.99,successful,UPI
7807,509,2025-08-01,39.99,successful,UPI
7808,509,2025-09-01,39.99,failed,UPI
7809,509,2025-10-01,39.99,successful,Wallet
7810,509,2025-11-01,39.99,successful,Wallet
7811,509,2025-12-01,39.99,successful,Wallet
7812,509,2026-01-01,39.99,successful,Wallet
7813,509,2026-02-01,39.99,successful,Wallet
7814,509,2026-03-01,39.99,successful,Net Banking
7815,509,2026-04-01,39.99,successful,Net Banking
7816,509,2026-05-01,39.99,successful,Wallet
7817,509,2026-06-01,39.99,successful,Net Banking
7818,509,2026-07-01,39.99,successful,Net Banking
7819,509,2026-08-01,39.99,refunded,Card
7820,509,2026-09-01,39.99,successful,UPI
7821,510,2024-11-20,19.99,successful,Card
7822,510,2024-12-20,19.99,failed,Net Banking
7823,510,2025-01-20,19.99,successful,Wallet
7824,510,2025-02-20,19.99,successful,UPI
7825,510,2025-03-20,19.99,successful,Card
7826,510,2025-04-20,19.99,successful,Wallet
7827,510,2025-05-20,19.99,successful,Card
7828,510,2025-06-20,19.99,successful,Card
7829,510,2025-07-20,19.99,successful,Card
7830,510,2025-08-20,19.99,successful,Card
7831,510,2025-09-20,19.99,successful,Card
7832,510,2025-10-20,19.99,successful,UPI
7833,510,2025-11-20,19.99,successful,Wallet
7834,510,2025-12-20,19.99,failed,Wallet
7835,510,2026-01-20,19.99,successful,Card
7836,510,2026-02-20,19.99,successful,Card
7837,510,2026-03-20,19.99,successful,Wallet
7838,510,2026-04-20,19.99,successful,Wallet
7839,510,2026-05-20,19.99,successful,Net Banking
7840,510,2026-06-20,19.99,successful,Card
7841,510,2026-07-20,19.99,successful,Card
7842,510,2026-08-20,19.99,successful,Wallet
7843,510,2026-09-20,19.99,successful,Card
7844,511,2024-01-15,9.99,successful,Wallet
7845,511,2024-02-15,9.99,successful,UPI
7846,511,2024-03-15,9.99,successful,UPI
7847,511,2024-04-15,9.99,failed,Wallet
7848,511,2024-05-15,9.99,successful,UPI
7849,511,2024-06-15,9.99,successful,Wallet
7850,511,2024-07-15,9.99,successful,Net Banking
7851,511,2024-08-15,9.99,successful,UPI
7852,511,2024-09-15,9.99,successful,Wallet
7853,511,2024-10-15,9.99,successful,Wallet
7854,511,2024-11-15,9.99,refunded,Net Banking
7855,511,2024-12-15,9.99,failed,Wallet
7856,511,2025-01-15,9.99,successful,Net Banking
7857,511,2025-02-15,9.99,successful,Wallet
7858,511,2025-03-15,9.99,successful,UPI
7859,511,2025-04-15,9.99,successful,Wallet
7860,511,2025-05-15,9.99,successful,Card
7861,511,2025-06-15,9.99,successful,Net Banking
7862,511,2025-07-15,9.99,successful,Card
7863,511,2025-08-15,9.99,successful,Wallet
7864,511,2025-09-15,9.99,successful,UPI
7865,511,2025-10-15,9.99,successful,UPI
7866,511,2025-11-15,9.99,successful,Wallet
7867,511,2025-12-15,9.99,successful,Wallet
7868,511,2026-01-15,9.99,successful,Wallet
7869,511,2026-02-15,9.99,successful,Wallet
7870,511,2026-03-15,9.99,successful,Card
7871,511,2026-04-15,9.99,failed,Net Banking
7872,511,2026-05-15,9.99,successful,Wallet
7873,511,2026-06-15,9.99,successful,Net Banking
7874,511,2026-07-15,9.99,successful,Wallet
7875,511,2026-08-15,9.99,successful,Net Banking
7876,511,2026-09-15,9.99,successful,UPI
7877,512,2025-08-14,39.99,refunded,Wallet
7878,512,2025-09-14,39.99,successful,Wallet
7879,512,2025-10-14,39.99,successful,Wallet
7880,512,2025-11-14,39.99,successful,Wallet
7881,513,2024-11-21,399.0,successful,Wallet
7882,513,2025-11-21,399.0,successful,Net Banking
7883,514,2026-04-06,19.99,successful,Net Banking
7884,514,2026-05-06,19.99,successful,Wallet
7885,514,2026-06-06,19.99,successful,Wallet
7886,514,2026-07-06,19.99,successful,Net Banking
7887,514,2026-08-06,19.99,successful,Net Banking
7888,514,2026-09-06,19.99,failed,Card
7889,515,2025-12-02,39.99,successful,UPI
7890,515,2026-01-02,39.99,successful,Wallet
7891,515,2026-02-02,39.99,successful,Net Banking
7892,515,2026-03-02,39.99,successful,UPI
7893,515,2026-04-02,39.99,successful,Net Banking
7894,515,2026-05-02,39.99,successful,Wallet
7895,515,2026-06-02,39.99,successful,Card
7896,515,2026-07-02,39.99,successful,Net Banking
7897,515,2026-08-02,39.99,successful,Wallet
7898,515,2026-09-02,39.99,successful,UPI
7899,516,2023-10-12,39.99,successful,Net Banking
7900,516,2023-11-12,39.99,successful,Card
7901,516,2023-12-12,39.99,successful,Net Banking
7902,516,2024-01-12,39.99,successful,Card
7903,517,2024-01-29,399.0,successful,Wallet
7904,518,2024-02-01,19.99,successful,Net Banking
7905,518,2024-03-01,19.99,successful,UPI
7906,518,2024-04-01,19.99,successful,Net Banking
7907,518,2024-05-01,19.99,failed,UPI
7908,518,2024-06-01,19.99,successful,Card
7909,518,2024-07-01,19.99,successful,Wallet
7910,519,2023-01-12,59.99,successful,Card
7911,519,2023-02-12,59.99,successful,Net Banking
7912,519,2023-03-12,59.99,successful,Card
7913,519,2023-04-12,59.99,successful,Wallet
7914,519,2023-05-12,59.99,successful,Net Banking
7915,519,2023-06-12,59.99,successful,Card
7916,519,2023-07-12,59.99,successful,Wallet
7917,519,2023-08-12,59.99,successful,Net Banking
7918,519,2023-09-12,59.99,successful,Net Banking
7919,519,2023-10-12,59.99,successful,UPI
7920,519,2023-11-12,59.99,successful,UPI
7921,519,2023-12-12,59.99,successful,Wallet
7922,519,2024-01-12,59.99,successful,Wallet
7923,519,2024-02-12,59.99,successful,Net Banking
7924,519,2024-03-12,59.99,failed,Wallet
7925,519,2024-04-12,59.99,successful,Wallet
7926,519,2024-05-12,59.99,successful,Wallet
7927,519,2024-06-12,59.99,successful,Card
7928,519,2024-07-12,59.99,successful,UPI
7929,519,2024-08-12,59.99,successful,UPI
7930,519,2024-09-12,59.99,successful,Wallet
7931,519,2024-10-12,59.99,successful,Net Banking
7932,519,2024-11-12,59.99,successful,Card
7933,519,2024-12-12,59.99,successful,Net Banking
7934,519,2025-01-12,59.99,successful,Card
7935,519,2025-02-12,59.99,successful,Card
7936,519,2025-03-12,59.99,successful,Wallet
7937,519,2025-04-12,59.99,successful,Wallet
7938,519,2025-05-12,59.99,successful,Card
7939,519,2025-06-12,59.99,successful,Net Banking
7940,519,2025-07-12,59.99,successful,Net Banking
7941,519,2025-08-12,59.99,failed,Net Banking
7942,519,2025-09-12,59.99,successful,Wallet
7943,519,2025-10-12,59.99,successful,Wallet
7944,519,2025-11-12,59.99,successful,UPI
7945,519,2025-12-12,59.99,refunded,Card
7946,519,2026-01-12,59.99,successful,Net Banking
7947,519,2026-02-12,59.99,successful,Net Banking
7948,519,2026-03-12,59.99,successful,Net Banking
7949,519,2026-04-12,59.99,successful,Wallet
7950,519,2026-05-12,59.99,successful,UPI
7951,519,2026-06-12,59.99,successful,Card
7952,519,2026-07-12,59.99,failed,Net Banking
7953,519,2026-08-12,59.99,successful,UPI
7954,519,2026-09-12,59.99,successful,UPI
7955,520,2026-06-30,19.99,successful,Card
7956,520,2026-07-30,19.99,successful,Wallet
7957,520,2026-08-30,19.99,successful,Wallet
7958,520,2026-09-30,19.99,successful,Card
7959,521,2024-05-13,19.99,successful,Card
7960,521,2024-06-13,19.99,failed,UPI
7961,521,2024-07-13,19.99,successful,Wallet
7962,521,2024-08-13,19.99,failed,UPI
7963,521,2024-09-13,19.99,successful,UPI
7964,521,2024-10-13,19.99,successful,Wallet
7965,521,2024-11-13,19.99,successful,Net Banking
7966,521,2024-12-13,19.99,failed,Card
7967,521,2025-01-13,19.99,successful,UPI
7968,521,2025-02-13,19.99,successful,UPI
7969,521,2025-03-13,19.99,successful,Wallet
7970,521,2025-04-13,19.99,successful,Card
7971,521,2025-05-13,19.99,successful,Card
7972,521,2025-06-13,19.99,successful,Wallet
7973,522,2025-01-23,9.99,successful,Net Banking
7974,522,2025-02-23,9.99,successful,Card
7975,522,2025-03-23,9.99,successful,Net Banking
7976,522,2025-04-23,9.99,successful,Card
7977,522,2025-05-23,9.99,failed,UPI
7978,522,2025-06-23,9.99,successful,Net Banking
7979,522,2025-07-23,9.99,successful,Net Banking
7980,522,2025-08-23,9.99,successful,UPI
7981,522,2025-09-23,9.99,successful,UPI
7982,522,2025-10-23,9.99,successful,Net Banking
7983,522,2025-11-23,9.99,successful,Wallet
7984,522,2025-12-23,9.99,failed,Net Banking
7985,522,2026-01-23,9.99,successful,Card
7986,522,2026-02-23,9.99,successful,Net Banking
7987,522,2026-03-23,9.99,successful,Wallet
7988,522,2026-04-23,9.99,successful,Card
7989,523,2023-02-04,39.99,successful,UPI
7990,523,2023-03-04,39.99,successful,Wallet
7991,523,2023-04-04,39.99,successful,UPI
7992,523,2023-05-04,39.99,successful,Wallet
7993,523,2023-06-04,39.99,successful,Net Banking
7994,523,2023-07-04,39.99,successful,Card
7995,523,2023-08-04,39.99,successful,Net Banking
7996,523,2023-09-04,39.99,successful,Net Banking
7997,523,2023-10-04,39.99,failed,Net Banking
7998,524,2024-12-27,39.99,successful,Net Banking
7999,524,2025-01-27,39.99,refunded,UPI
8000,524,2025-02-27,39.99,successful,UPI
