event_id,customer_id,event_date,event_type,duration_minutes
1,1991,2024-01-05 14:40:00,Data Import,2
2,1731,2026-06-09 10:09:00,User Login,5
3,1600,2026-01-01 03:47:00,Data Import,1
4,1707,2026-05-27 01:57:00,Report Export,5
5,1225,2026-09-04 12:24:00,Report Export,1
6,1965,2026-07-24 05:58:00,Report Export,2
7,1975,2026-04-06 11:16:00,Dashboard View,30
8,61,2025-10-12 19:41:00,Settings Update,1
9,724,2025-04-02 01:51:00,Report Export,5
10,427,2024-11-19 00:07:00,Report Export,15
11,1287,2026-07-24 11:13:00,Dashboard View,5
12,1887,2025-11-23 00:01:00,Data Import,1
13,161,2026-08-26 17:08:00,Team Invite,0
14,1419,2026-03-14 16:08:00,Dashboard View,2
15,1791,2026-06-15 22:02:00,Settings Update,1
16,1982,2024-05-12 11:19:00,Settings Update,2
17,919,2025-03-06 16:22:00,User Login,10
18,995,2026-09-09 06:37:00,Settings Update,15
19,308,2025-12-01 22:21:00,Team Invite,5
20,485,2026-09-09 03:23:00,Dashboard View,5
21,996,2025-11-24 21:12:00,Settings Update,15
22,895,2026-06-15 04:37:00,Data Import,15
23,202,2026-03-21 10:11:00,Data Import,2
24,957,2026-02-19 16:50:00,Settings Update,5
25,163,2025-10-24 10:37:00,Dashboard View,1
26,1919,2026-02-14 03:36:00,User Login,10
27,1746,2026-07-10 19:21:00,Data Import,2
28,1028,2026-03-14 12:06:00,Team Invite,10
29,31,2026-08-30 09:32:00,Settings Update,2
30,1515,2023-09-21 22:54:00,Data Import,10
31,1046,2026-04-10 04:41:00,Data Import,2
32,1458,2024-11-06 01:15:00,Data Import,0
33,1911,2026-07-08 19:59:00,Data Import,2
34,722,2026-07-14 22:51:00,Report Export,2
35,682,2026-05-21 16:04:00,Dashboard View,5
36,1458,2023-12-22 21:09:00,User Login,2
37,676,2026-06-15 14:49:00,User Login,5
38,1913,2026-07-17 08:23:00,Settings Update,15
39,758,2026-03-19 22:07:00,Report Export,1
40,917,2025-09-28 09:47:00,Settings Update,10
41,509,2026-09-01 19:30:00,Settings Update,0
42,1011,2025-12-19 22:18:00,Data Import,15
43,1229,2026-01-07 17:53:00,Data Import,5
44,1510,2026-07-27 14:57:00,Data Import,15
45,1732,2023-09-01 13:27:00,Report Export,1
46,1155,2025-07-30 13:42:00,User Login,1
47,676,2026-07-18 18:14:00,Data Import,15
48,1905,2025-08-16 14:27:00,User Login,2
49,1504,2023-12-14 12:19:00,Dashboard View,10
50,1867,2026-08-31 04:31:00,Report Export,5
51,814,2025-12-18 06:51:00,Dashboard View,15
52,1674,2025-03-31 03:44:00,Team Invite,1
53,212,2026-09-15 20:52:00,Dashboard View,0
54,580,2026-04-11 10:35:00,Report Export,10
55,724,2025-06-24 19:21:00,Data Import,15
56,1642,2024-02-09 03:27:00,Settings Update,30
57,1359,2025-11-13 06:23:00,Team Invite,5
58,1988,2026-09-01 13:26:00,Settings Update,0
59,1681,2026-09-18 19:22:00,Dashboard View,2
60,1646,2026-09-02 18:05:00,Dashboard View,5
61,1555,2026-09-13 01:18:00,Report Export,0
62,182,2026-01-13 10:43:00,User Login,5
63,1569,2025-06-14 02:40:00,Team Invite,5
64,1195,2024-10-03 07:25:00,Settings Update,2
65,95,2026-04-03 19:43:00,Report Export,15
66,1369,2026-09-15 13:02:00,Settings Update,5
67,1974,2026-08-15 16:32:00,Settings Update,2
68,1392,2025-03-16 02:02:00,Data Import,2
69,1562,2026-05-26 06:38:00,Dashboard View,0
70,757,2026-03-24 05:02:00,Report Export,2
71,100,2025-10-30 19:45:00,Report Export,5
72,1503,2024-11-26 22:13:00,Settings Update,2
73,1024,2026-08-03 01:11:00,Dashboard View,5
74,1822,2025-11-20 17:35:00,Team Invite,2
75,348,2026-05-14 17:34:00,Settings Update,1
76,609,2026-01-21 14:33:00,Dashboard View,10
77,845,2026-02-14 14:27:00,User Login,1
78,1807,2025-03-06 04:47:00,Dashboard View,5
79,613,2026-06-30 22:05:00,Report Export,2
80,1522,2026-09-15 12:27:00,Data Import,5
81,305,2025-11-01 09:17:00,Dashboard View,2
82,1328,2026-05-28 06:49:00,Team Invite,10
83,1560,2025-06-11 19:52:00,User Login,2
84,906,2026-08-05 20:20:00,Settings Update,0
85,1420,2026-09-19 15:28:00,Data Import,2
86,1161,2025-06-26 09:24:00,Settings Update,2
87,181,2026-05-17 08:24:00,Settings Update,1
88,1625,2025-09-28 07:05:00,Data Import,2
89,896,2026-02-20 09:41:00,Report Export,1
90,572,2025-04-18 04:40:00,User Login,10
91,1195,2023-07-09 17:36:00,User Login,2
92,1957,2026-09-02 12:24:00,User Login,5
93,1655,2026-03-19 02:57:00,Dashboard View,5
94,1102,2026-01-29 04:36:00,Report Export,1
95,1582,2025-11-25 20:56:00,Team Invite,1
96,786,2026-04-12 15:08:00,Report Export,15
97,464,2026-06-14 06:14:00,User Login,10
98,1585,2024-09-15 01:24:00,Team Invite,10
99,418,2026-09-20 13:31:00,Data Import,10
100,1067,2025-09-22 15:32:00,Report Export,0
101,544,2026-09-10 10:20:00,Settings Update,2
102,1639,2026-06-27 21:49:00,User Login,5
103,1335,2026-09-28 21:58:00,Data Import,10
104,943,2025-06-23 12:35:00,Team Invite,0
105,1816,2026-06-12 10:04:00,Team Invite,1
106,811,2026-08-30 20:27:00,Data Import,5
107,1927,2026-09-03 08:13:00,User Login,15
108,340,2025-08-06 01:23:00,User Login,1
109,1971,2026-01-09 11:12:00,Data Import,10
110,364,2023-04-01 01:18:00,Report Export,0
111,1403,2026-06-13 13:28:00,Data Import,5
112,205,2026-07-12 11:08:00,Dashboard View,1
113,170,2026-06-28 18:05:00,Settings Update,30
114,712,2025-02-24 10:26:00,Data Import,5
115,483,2024-07-07 10:56:00,Settings Update,2
116,1113,2026-01-23 20:16:00,Report Export,15
117,1706,2024-02-05 22:36:00,Settings Update,15
118,975,2025-09-22 13:45:00,Report Export,1
119,1004,2026-05-15 18:44:00,Team Invite,0
120,572,2025-08-17 06:13:00,Settings Update,0
121,824,2023-05-30 23:51:00,Settings Update,5
122,159,2026-02-24 01:02:00,Data Import,1
123,1236,2024-04-06 16:17:00,Data Import,5
124,1718,2025-06-16 18:53:00,User Login,2
125,1226,2025-02-10 10:54:00,Report Export,5
126,1441,2024-06-30 11:39:00,Settings Update,2
127,1961,2025-08-29 09:13:00,Data Import,15
128,1032,2024-04-15 01:19:00,Dashboard View,5
129,982,2026-05-30 23:46:00,Data Import,1
130,83,2025-03-28 02:00:00,Settings Update,10
131,1838,2025-01-01 03:25:00,Settings Update,5
132,589,2026-03-07 06:52:00,User Login,1
133,916,2024-05-08 04:02:00,Data Import,1
134,1249,2025-07-18 14:18:00,Report Export,10
135,368,2025-12-23 13:26:00,Data Import,2
136,89,2024-11-30 07:12:00,User Login,0
137,848,2026-01-27 10:32:00,Dashboard View,2
138,299,2024-11-24 14:20:00,Data Import,2
139,863,2026-01-18 04:57:00,Dashboard View,5
140,830,2025-12-14 23:03:00,Report Export,5
141,644,2025-07-22 00:00:00,Data Import,15
142,1732,2025-07-10 17:31:00,Dashboard View,2
143,6,2025-02-13 14:04:00,Dashboard View,30
144,171,2026-02-24 12:29:00,Team Invite,5
145,1660,2025-05-18 07:23:00,Report Export,5
146,471,2026-04-05 22:58:00,Report Export,0
147,1772,2025-08-13 08:33:00,Data Import,10
148,1436,2025-01-15 02:55:00,User Login,2
149,1675,2023-07-26 14:37:00,Data Import,1
150,1763,2024-07-08 22:33:00,Report Export,0
151,556,2026-07-21 12:43:00,Data Import,2
152,1083,2025-07-20 20:59:00,Team Invite,2
153,227,2026-09-15 00:09:00,Team Invite,0
154,141,2026-08-10 20:57:00,Dashboard View,2
155,625,2026-07-31 16:02:00,Data Import,0
156,1243,2026-03-21 06:18:00,User Login,10
157,1482,2025-04-04 07:26:00,Report Export,10
158,14,2025-12-28 15:45:00,Data Import,5
159,397,2026-08-12 22:55:00,Dashboard View,0
160,1679,2026-02-11 09:07:00,User Login,10
161,540,2026-07-06 14:59:00,User Login,0
162,1325,2026-02-11 03:50:00,User Login,0
163,1980,2026-05-23 14:03:00,Dashboard View,10
164,699,2026-09-11 22:55:00,Settings Update,1
165,1841,2026-08-11 07:55:00,Report Export,15
166,1286,2026-09-12 18:47:00,User Login,0
167,1315,2026-09-08 17:23:00,User Login,5
168,930,2025-08-19 19:28:00,Data Import,0
169,1238,2026-06-18 15:47:00,Report Export,30
170,1586,2025-02-01 00:48:00,Team Invite,0
171,118,2026-04-20 23:23:00,Settings Update,0
172,776,2026-09-22 06:15:00,Team Invite,5
173,1000,2026-07-28 06:56:00,User Login,2
174,1024,2026-03-13 16:38:00,Team Invite,10
175,1481,2026-02-20 01:24:00,Data Import,10
176,1642,2026-08-03 09:59:00,Data Import,10
177,1516,2025-12-13 18:12:00,Data Import,5
178,1360,2026-05-03 12:55:00,Data Import,0
179,535,2026-07-21 05:55:00,Dashboard View,5
180,1804,2025-02-23 13:09:00,Team Invite,15
181,374,2026-03-11 03:37:00,Team Invite,10
182,842,2024-10-11 04:59:00,Team Invite,5
183,1614,2026-08-08 02:07:00,Settings Update,2
184,1763,2024-01-09 23:07:00,Dashboard View,30
185,1815,2024-07-18 13:53:00,Dashboard View,5
186,140,2026-09-22 08:54:00,Settings Update,0
187,1139,2025-06-01 20:29:00,Dashboard View,0
188,403,2025-07-18 15:44:00,User Login,5
189,1081,2023-03-08 11:59:00,Team Invite,5
190,1073,2026-04-09 14:52:00,User Login,15
191,1608,2023-04-13 02:17:00,Team Invite,5
192,275,2025-10-11 16:08:00,Dashboard View,1
193,688,2026-08-06 20:41:00,Team Invite,5
194,822,2026-08-06 13:01:00,User Login,2
195,1302,2026-01-02 19:23:00,User Login,5
196,1153,2026-07-14 03:37:00,Report Export,1
197,726,2026-09-12 03:13:00,Data Import,2
198,1753,2026-08-23 18:59:00,Team Invite,5
199,1633,2026-06-05 23:33:00,Team Invite,5
200,721,2023-09-14 01:31:00,Data Import,1
201,957,2025-04-12 23:33:00,User Login,5
202,388,2026-04-12 17:07:00,Settings Update,1
203,232,2026-06-01 23:31:00,Data Import,5
204,1934,2025-04-26 15:28:00,Settings Update,1
205,1769,2026-08-31 19:42:00,Team Invite,15
206,1341,2025-08-09 09:13:00,Settings Update,1
207,792,2026-09-05 18:37:00,User Login,10
208,364,2024-12-23 04:49:00,Dashboard View,10
209,1253,2025-10-17 01:44:00,User Login,15
210,873,2026-07-28 18:07:00,Report Export,2
211,1006,2026-03-03 18:05:00,Settings Update,2
212,1199,2025-11-09 06:13:00,Data Import,1
213,77,2025-09-13 20:04:00,Report Export,10
214,980,2026-04-23 06:02:00,Data Import,5
215,1087,2024-09-28 16:51:00,Team Invite,10
216,978,2026-02-10 07:15:00,Data Import,10
217,365,2026-05-19 22:10:00,Dashboard View,1
218,1384,2024-12-02 17:31:00,Data Import,5
219,254,2025-10-11 05:35:00,Report Export,2
220,1751,2026-06-09 18:12:00,Data Import,10
221,251,2026-06-16 07:36:00,Report Export,10
222,282,2025-11-07 02:28:00,Team Invite,5
223,884,2025-10-03 00:50:00,Report Export,5
224,568,2026-08-23 23:51:00,User Login,2
225,1553,2026-01-16 10:20:00,User Login,5
226,1014,2026-03-07 15:49:00,Settings Update,0
227,616,2025-06-24 02:58:00,Report Export,5
228,434,2025-12-13 20:20:00,Report Export,2
229,1030,2024-02-04 02:44:00,Data Import,5
230,65,2026-08-23 04:57:00,User Login,1
231,1268,2025-02-05 16:02:00,Team Invite,10
232,780,2026-04-27 14:41:00,Data Import,30
233,382,2025-12-28 06:12:00,Settings Update,1
234,1098,2025-07-23 14:00:00,Settings Update,5
235,665,2025-04-18 12:36:00,Data Import,1
236,1890,2026-04-21 20:58:00,Data Import,2
237,218,2023-09-24 22:04:00,Dashboard View,2
238,1758,2026-07-24 23:37:00,User Login,2
239,396,2025-04-24 08:53:00,Settings Update,1
240,1886,2026-09-05 00:06:00,Settings Update,10
241,1035,2025-10-29 20:39:00,User Login,5
242,1922,2026-01-25 06:09:00,Team Invite,5
243,758,2026-06-11 10:13:00,Settings Update,2
244,1030,2024-02-06 03:05:00,Data Import,10
245,77,2026-08-08 06:19:00,User Login,2
246,109,2026-03-06 02:55:00,User Login,2
247,1911,2026-09-16 05:24:00,Report Export,2
248,1927,2026-07-30 10:18:00,User Login,30
249,7,2024-10-10 03:53:00,Report Export,2
250,514,2026-07-20 12:39:00,Team Invite,5
251,296,2025-03-01 18:18:00,Dashboard View,5
252,1762,2025-09-25 14:15:00,Team Invite,2
253,566,2025-11-12 12:58:00,Dashboard View,15
254,1642,2026-07-23 10:53:00,Data Import,5
255,102,2025-12-12 13:03:00,Report Export,15
256,1077,2026-07-25 02:03:00,User Login,5
257,1585,2025-03-14 03:25:00,Report Export,2
258,153,2024-12-21 20:48:00,Team Invite,0
259,364,2023-01-05 05:10:00,Data Import,5
260,999,2025-10-25 12:04:00,User Login,5
261,1855,2026-05-11 10:27:00,Data Import,5
262,176,2026-07-25 23:58:00,Data Import,2
263,393,2026-03-20 21:12:00,User Login,2
264,1497,2026-05-07 00:08:00,Settings Update,2
265,1926,2024-03-24 10:57:00,User Login,5
266,1801,2025-11-20 17:07:00,User Login,5
267,203,2026-02-19 23:30:00,Settings Update,1
268,122,2026-01-22 10:11:00,Team Invite,10
269,1214,2026-03-27 05:05:00,Settings Update,15
270,1318,2025-04-23 20:18:00,Report Export,5
271,1865,2026-01-22 16:07:00,Data Import,1
272,15,2024-05-30 06:52:00,Settings Update,30
273,1421,2026-08-25 12:57:00,Settings Update,5
274,1189,2025-11-24 09:54:00,Report Export,2
275,316,2025-05-08 03:53:00,Report Export,10
276,63,2025-03-23 14:19:00,Dashboard View,1
277,1269,2025-12-18 20:19:00,Team Invite,2
278,1267,2026-08-05 12:23:00,Settings Update,2
279,152,2026-09-04 17:09:00,User Login,1
280,1637,2026-05-19 03:15:00,Team Invite,2
281,1817,2025-08-29 19:06:00,User Login,2
282,560,2026-09-09 03:58:00,Data Import,1
283,307,2026-09-10 03:35:00,Team Invite,0
284,195,2025-05-01 06:03:00,Settings Update,2
285,282,2025-11-03 03:22:00,User Login,10
286,1093,2025-10-01 07:18:00,Report Export,5
287,1914,2023-05-11 23:08:00,Report Export,15
288,1796,2026-07-18 08:25:00,Report Export,15
289,977,2024-12-10 20:15:00,Report Export,0
290,286,2026-05-17 07:59:00,Data Import,1
291,1100,2025-07-11 14:51:00,Dashboard View,10
292,971,2026-07-02 00:19:00,Report Export,5
293,1499,2025-06-25 20:40:00,Team Invite,5
294,1539,2026-06-16 15:40:00,Team Invite,15
295,874,2026-05-24 15:19:00,Dashboard View,30
296,1436,2026-01-18 15:55:00,Report Export,0
297,920,2025-04-03 05:50:00,Data Import,10
298,107,2025-12-02 07:53:00,Report Export,5
299,1808,2025-04-23 02:01:00,Team Invite,5
300,1647,2026-08-05 04:18:00,User Login,10
301,282,2026-03-13 08:11:00,User Login,2
302,1814,2024-05-07 13:47:00,Team Invite,30
303,1214,2026-07-31 06:37:00,Report Export,5
304,1729,2026-07-05 23:48:00,Team Invite,10
305,1190,2026-02-25 10:44:00,Report Export,1
306,1347,2023-12-23 17:10:00,Settings Update,5
307,1860,2025-12-06 20:12:00,Team Invite,5
308,1592,2026-06-24 17:41:00,User Login,5
309,980,2023-05-30 08:11:00,Team Invite,15
310,722,2026-05-01 20:14:00,Dashboard View,5
311,1234,2025-04-04 18:15:00,Dashboard View,10
312,1486,2026-04-21 21:37:00,Settings Update,1
313,166,2026-07-26 06:20:00,Report Export,2
314,958,2023-11-08 11:00:00,User Login,30
315,1343,2023-01-09 15:30:00,Data Import,0
316,1144,2025-10-31 09:36:00,Data Import,5
317,1249,2026-03-24 12:12:00,Data Import,5
318,1034,2026-09-01 22:26:00,Report Export,10
319,487,2023-10-29 10:58:00,Settings Update,2
320,1252,2026-04-13 17:17:00,Team Invite,2
321,1533,2026-04-11 05:57:00,Data Import,5
322,690,2024-03-31 06:52:00,Report Export,10
323,1521,2025-03-04 19:04:00,Data Import,2
324,1192,2025-05-22 06:42:00,Team Invite,2
325,1886,2026-02-02 22:59:00,Dashboard View,0
326,842,2026-02-06 09:21:00,Dashboard View,5
327,1763,2026-04-26 07:25:00,Data Import,10
328,21,2026-06-23 23:01:00,Data Import,0
329,487,2026-07-19 04:09:00,Report Export,2
330,860,2025-09-27 16:50:00,User Login,15
331,1962,2025-10-09 22:12:00,Team Invite,1
332,1298,2026-08-25 17:07:00,Report Export,5
333,904,2024-04-07 16:52:00,Settings Update,5
334,1168,2024-12-08 11:55:00,Data Import,5
335,1520,2026-07-19 23:20:00,Report Export,30
336,246,2024-08-04 05:28:00,Team Invite,2
337,1191,2026-04-22 07:48:00,User Login,15
338,446,2024-03-27 02:19:00,Settings Update,10
339,422,2024-11-06 03:57:00,Dashboard View,30
340,1032,2025-06-17 05:15:00,Dashboard View,10
341,1500,2024-12-06 18:56:00,Data Import,5
342,54,2024-06-19 07:52:00,Settings Update,0
343,1641,2025-06-27 07:45:00,User Login,2
344,1950,2026-06-16 22:05:00,Team Invite,0
345,92,2026-02-26 02:32:00,Report Export,2
346,1447,2025-08-15 00:34:00,Dashboard View,2
347,276,2026-08-20 08:27:00,Dashboard View,2
348,1127,2026-07-27 17:28:00,Team Invite,10
349,393,2026-03-12 02:18:00,Settings Update,5
350,980,2023-04-01 06:42:00,Report Export,30
351,574,2026-01-25 20:19:00,Team Invite,5
352,437,2026-02-17 09:19:00,Report Export,1
353,843,2025-06-03 02:55:00,Dashboard View,10
354,603,2026-03-18 00:04:00,Dashboard View,5
355,227,2026-03-08 03:15:00,Data Import,2
356,1967,2026-08-14 14:36:00,Data Import,1
357,1477,2025-06-15 04:43:00,Team Invite,1
358,476,2025-12-03 11:27:00,Team Invite,5
359,1346,2024-05-12 15:24:00,Dashboard View,10
360,1640,2026-09-14 18:35:00,User Login,10
361,1856,2026-07-15 15:27:00,User Login,10
362,1880,2026-03-09 02:13:00,Settings Update,5
363,1345,2024-03-29 04:50:00,Report Export,5
364,173,2026-04-18 18:14:00,Settings Update,5
365,1303,2025-12-03 01:17:00,Settings Update,5
366,80,2025-02-18 11:07:00,Settings Update,2
367,700,2026-06-29 13:59:00,Settings Update,10
368,174,2026-08-15 23:50:00,User Login,10
369,458,2025-10-10 03:34:00,Settings Update,15
370,63,2026-04-27 18:42:00,User Login,10
371,1491,2026-09-13 01:15:00,Team Invite,5
372,220,2025-09-06 15:51:00,Data Import,5
373,1270,2025-09-01 18:06:00,Settings Update,5
374,489,2026-04-19 12:46:00,Report Export,0
375,1845,2024-11-12 09:38:00,Report Export,10
376,1196,2025-03-07 14:05:00,Team Invite,5
377,516,2026-03-20 13:14:00,Settings Update,2
378,862,2025-11-17 00:08:00,Dashboard View,10
379,1974,2025-12-04 02:49:00,Data Import,1
380,1145,2026-08-03 08:11:00,Dashboard View,5
381,710,2025-03-12 21:41:00,Data Import,10
382,1548,2026-01-25 21:20:00,Data Import,2
383,1556,2024-07-09 14:48:00,Settings Update,10
384,1388,2026-06-27 14:29:00,Team Invite,30
385,1792,2026-09-03 17:51:00,Settings Update,15
386,338,2026-08-05 22:57:00,Team Invite,1
387,1994,2024-10-23 01:47:00,Dashboard View,5
388,287,2023-02-04 08:01:00,Settings Update,2
389,1557,2024-10-21 03:50:00,Report Export,2
390,217,2026-03-16 11:42:00,User Login,5
391,32,2025-01-31 03:56:00,Dashboard View,30
392,637,2026-06-27 13:26:00,User Login,0
393,857,2024-06-15 08:09:00,User Login,1
394,599,2026-07-18 15:03:00,Team Invite,2
395,1124,2025-06-11 15:05:00,Dashboard View,10
396,241,2026-01-05 14:29:00,Dashboard View,1
397,322,2025-07-02 14:49:00,Dashboard View,5
398,1351,2026-01-03 07:50:00,Dashboard View,5
399,276,2026-01-17 12:42:00,User Login,10
400,1160,2026-01-20 21:57:00,Data Import,5
401,1661,2024-03-06 06:40:00,Dashboard View,2
402,1968,2026-07-02 16:06:00,User Login,2
403,1219,2026-01-26 18:36:00,Report Export,2
404,1724,2026-04-02 05:18:00,User Login,0
405,1752,2026-03-01 03:06:00,Team Invite,1
406,191,2026-08-19 13:49:00,Data Import,1
407,507,2023-11-11 08:59:00,Data Import,5
408,1671,2026-01-18 03:32:00,Dashboard View,1
409,753,2026-08-02 02:57:00,User Login,0
410,504,2025-09-21 07:57:00,User Login,2
411,1493,2024-05-22 11:56:00,User Login,10
412,961,2025-10-12 00:52:00,Team Invite,2
413,779,2024-01-24 10:05:00,Team Invite,5
414,421,2024-08-22 02:52:00,Data Import,2
415,1305,2025-10-13 03:37:00,Dashboard View,5
416,57,2025-09-08 00:31:00,Dashboard View,1
417,824,2026-06-14 06:03:00,Dashboard View,2
418,264,2025-05-17 02:43:00,Data Import,2
419,1325,2026-07-03 14:41:00,Report Export,10
420,749,2024-11-20 17:16:00,Team Invite,1
421,1588,2025-11-06 03:07:00,User Login,1
422,1404,2025-03-20 21:48:00,Settings Update,5
423,1252,2026-05-11 08:47:00,Report Export,2
424,1438,2024-10-19 17:17:00,Data Import,2
425,899,2026-01-05 17:09:00,User Login,5
426,1475,2026-08-28 19:23:00,Dashboard View,5
427,553,2025-05-02 01:11:00,Report Export,1
428,712,2026-08-24 11:37:00,Report Export,10
429,1047,2026-05-02 22:13:00,Team Invite,10
430,1288,2024-12-13 20:10:00,Settings Update,5
431,689,2023-07-30 15:20:00,Dashboard View,15
432,1467,2025-11-06 16:05:00,Settings Update,5
433,1827,2026-08-15 06:23:00,Data Import,10
434,1685,2025-03-27 04:22:00,Report Export,2
435,1437,2025-04-16 15:31:00,User Login,2
436,1595,2025-02-12 18:24:00,Data Import,10
437,503,2024-05-03 09:27:00,Data Import,10
438,100,2026-05-24 00:24:00,Settings Update,5
439,1047,2026-05-22 12:19:00,Settings Update,2
440,1967,2026-08-13 21:29:00,Data Import,10
441,1644,2025-09-27 15:29:00,Settings Update,1
442,1815,2026-06-18 11:57:00,Team Invite,15
443,1338,2026-08-29 12:01:00,Settings Update,1
444,249,2025-07-13 08:01:00,User Login,1
445,739,2024-10-05 11:46:00,Report Export,5
446,90,2026-03-21 13:03:00,Settings Update,10
447,1259,2025-03-04 04:53:00,Team Invite,10
448,960,2024-07-01 14:36:00,Report Export,2
449,279,2026-02-17 21:57:00,Dashboard View,10
450,608,2024-07-17 03:43:00,User Login,10
451,446,2024-05-28 11:03:00,Team Invite,10
452,1536,2026-09-06 09:15:00,Team Invite,5
453,1042,2026-07-29 08:17:00,Report Export,5
454,1174,2025-03-18 04:43:00,Report Export,2
455,1611,2026-01-04 18:58:00,Data Import,5
456,1487,2025-03-25 10:59:00,Data Import,5
457,1533,2026-05-28 22:39:00,Data Import,10
458,1502,2026-06-26 03:11:00,User Login,10
459,1487,2024-05-15 15:45:00,Data Import,5
460,1768,2025-08-01 14:46:00,Dashboard View,5
461,272,2024-12-11 21:17:00,Dashboard View,1
462,1229,2025-11-29 12:55:00,Team Invite,15
463,975,2025-07-11 03:29:00,User Login,15
464,555,2026-01-13 21:17:00,Dashboard View,2
465,1891,2025-03-15 10:42:00,Data Import,0
466,335,2025-12-29 07:32:00,Dashboard View,30
467,1976,2026-04-02 11:00:00,Report Export,10
468,1648,2025-07-29 17:45:00,Settings Update,1
469,977,2026-07-15 09:43:00,Team Invite,2
470,731,2024-04-29 16:45:00,Report Export,2
471,1908,2026-07-17 13:31:00,User Login,10
472,374,2025-11-06 19:13:00,Data Import,5
473,445,2025-07-12 20:56:00,User Login,1
474,1613,2025-09-12 22:28:00,Settings Update,30
475,1246,2025-08-21 23:37:00,Report Export,0
476,1964,2025-07-21 03:02:00,Dashboard View,1
477,3,2026-06-09 14:48:00,Report Export,0
478,397,2026-09-02 20:16:00,Team Invite,5
479,1959,2026-06-01 10:13:00,User Login,0
480,1849,2025-03-30 15:15:00,Dashboard View,30
481,730,2025-09-18 00:35:00,Settings Update,5
482,135,2025-11-19 14:14:00,Dashboard View,5
483,1164,2026-08-17 01:30:00,Settings Update,1
484,478,2026-02-21 14:54:00,Report Export,1
485,267,2025-12-31 15:12:00,Data Import,15
486,1520,2026-01-10 16:21:00,Dashboard View,15
487,1572,2026-07-03 21:44:00,User Login,5
488,765,2026-02-18 20:53:00,Team Invite,0
489,306,2025-12-31 17:45:00,Dashboard View,0
490,121,2026-06-03 04:11:00,Dashboard View,5
491,1287,2026-05-18 02:55:00,Report Export,15
492,249,2026-03-26 18:54:00,Data Import,2
493,503,2025-11-30 20:44:00,Data Import,5
494,1582,2024-03-08 04:15:00,Report Export,0
495,672,2026-08-04 19:33:00,Team Invite,5
496,719,2024-07-17 14:23:00,User Login,10
497,61,2025-02-06 05:12:00,Dashboard View,10
498,1129,2025-12-18 17:03:00,User Login,15
499,1815,2026-09-14 09:04:00,User Login,2
500,347,2026-08-18 08:07:00,Report Export,15
501,97,2026-04-11 16:40:00,Settings Update,2
502,1331,2025-08-17 16:44:00,User Login,2
503,1399,2026-04-03 10:00:00,Settings Update,2
504,1543,2023-10-09 09:21:00,Dashboard View,2
505,1698,2026-03-01 05:57:00,Report Export,2
506,1274,2026-02-03 21:25:00,Report Export,2
507,1028,2026-03-01 10:06:00,Settings Update,15
508,590,2026-09-30 22:08:00,Dashboard View,2
509,1982,2024-11-02 20:35:00,Data Import,10
510,664,2026-09-01 01:43:00,Team Invite,2
511,822,2026-06-26 03:31:00,User Login,2
512,397,2026-07-21 19:55:00,Report Export,15
513,1852,2026-05-30 03:27:00,Team Invite,10
514,774,2026-06-12 08:02:00,User Login,5
515,1391,2026-07-29 21:56:00,Team Invite,2
516,1047,2026-07-19 17:20:00,User Login,2
517,155,2024-12-21 01:25:00,Team Invite,10
518,895,2026-08-01 20:09:00,User Login,2
519,188,2025-07-05 14:39:00,Report Export,5
520,922,2026-09-02 19:57:00,Data Import,1
521,969,2023-05-02 02:10:00,Data Import,5
522,1800,2025-05-07 13:47:00,Data Import,2
523,1373,2026-07-09 04:59:00,Data Import,30
524,1918,2025-12-28 17:00:00,Data Import,2
525,600,2026-03-22 15:40:00,Settings Update,1
526,706,2026-06-14 16:53:00,User Login,2
527,1611,2026-03-27 05:27:00,Team Invite,15
528,286,2026-01-02 07:42:00,Team Invite,1
529,1952,2025-08-22 10:49:00,User Login,1
530,746,2026-01-03 15:11:00,Dashboard View,1
531,511,2024-02-04 00:35:00,Data Import,5
532,1037,2026-05-14 18:22:00,Settings Update,1
533,480,2026-03-04 22:19:00,Report Export,2
534,796,2025-05-06 00:00:00,Settings Update,5
535,1483,2023-12-02 10:58:00,User Login,10
536,436,2025-07-21 20:38:00,Dashboard View,5
537,421,2024-05-19 06:57:00,Data Import,0
538,1865,2025-12-28 20:25:00,Data Import,5
539,257,2025-09-26 16:20:00,User Login,10
540,1098,2024-12-08 19:56:00,Team Invite,5
541,1760,2025-12-09 23:51:00,User Login,10
542,57,2026-05-10 01:27:00,Dashboard View,0
543,558,2026-09-17 12:06:00,Data Import,10
544,507,2025-11-20 01:03:00,Data Import,10
545,163,2026-09-21 15:19:00,Data Import,1
546,1147,2026-03-02 02:42:00,Team Invite,5
547,1736,2025-11-07 07:32:00,Team Invite,5
548,382,2025-06-30 11:57:00,User Login,10
549,1639,2026-06-15 00:47:00,Data Import,2
550,768,2025-11-24 13:27:00,Dashboard View,5
551,595,2026-08-08 23:31:00,Data Import,0
552,349,2026-06-27 16:23:00,Report Export,5
553,514,2025-08-03 23:46:00,Settings Update,5
554,963,2025-09-09 13:13:00,Team Invite,2
555,1172,2023-12-22 02:40:00,Report Export,1
556,1462,2026-06-29 18:55:00,Settings Update,10
557,1074,2023-12-24 03:20:00,Settings Update,10
558,30,2026-03-17 22:52:00,Dashboard View,1
559,1987,2026-05-10 21:44:00,Dashboard View,2
560,560,2026-04-28 08:59:00,Data Import,2
561,1892,2026-01-17 02:23:00,Team Invite,2
562,1504,2026-06-10 20:44:00,User Login,2
563,608,2024-11-11 13:35:00,Settings Update,10
564,1182,2023-10-28 03:25:00,Team Invite,10
565,636,2025-10-10 14:41:00,User Login,5
566,1612,2025-11-02 12:59:00,Data Import,10
567,1474,2026-01-22 12:25:00,Data Import,5
568,808,2025-05-02 17:22:00,Report Export,0
569,1375,2026-01-07 20:08:00,Settings Update,2
570,675,2026-06-04 05:04:00,User Login,2
571,589,2026-09-26 16:31:00,Settings Update,1
572,1144,2025-09-10 15:09:00,User Login,2
573,1517,2026-04-12 04:10:00,Dashboard View,2
574,1407,2026-08-05 17:23:00,Team Invite,0
575,1824,2026-08-27 05:38:00,Settings Update,5
576,1392,2025-10-14 20:33:00,User Login,10
577,565,2023-09-01 01:24:00,User Login,1
578,850,2026-01-31 06:37:00,Dashboard View,1
579,1639,2026-02-25 08:15:00,Dashboard View,1
580,1115,2024-04-28 18:52:00,Report Export,1
581,41,2023-07-01 03:58:00,Dashboard View,10
582,1042,2025-10-28 21:01:00,User Login,2
583,1028,2026-04-23 10:21:00,Settings Update,5
584,761,2024-10-31 22:18:00,Data Import,1
585,805,2025-08-29 10:04:00,Data Import,1
586,1247,2026-01-12 08:22:00,User Login,10
587,1072,2025-11-25 10:04:00,User Login,30
588,1802,2025-07-22 06:41:00,Settings Update,5
589,1896,2026-03-15 21:15:00,Data Import,2
590,814,2026-02-21 19:27:00,Report Export,5
591,417,2026-07-03 17:45:00,Settings Update,2
592,1813,2026-09-14 21:16:00,Dashboard View,5
593,1094,2025-09-23 10:43:00,User Login,15
594,1419,2025-10-31 19:39:00,Team Invite,5
595,228,2026-07-17 04:16:00,User Login,15
596,628,2026-01-14 15:26:00,Team Invite,15
597,1213,2025-05-25 12:51:00,Team Invite,15
598,582,2025-09-30 13:33:00,Data Import,10
599,994,2026-06-13 14:12:00,User Login,5
600,1489,2026-09-06 19:56:00,Dashboard View,0
601,1798,2024-01-23 04:41:00,User Login,10
602,1243,2025-12-27 21:50:00,Settings Update,2
603,1476,2026-05-09 21:55:00,Report Export,10
604,385,2026-05-06 21:29:00,Report Export,1
605,264,2025-03-25 11:40:00,Dashboard View,5
606,1299,2024-11-22 11:46:00,User Login,1
607,625,2026-09-15 08:26:00,Team Invite,1
608,74,2024-05-02 12:21:00,User Login,2
609,1295,2026-01-19 19:13:00,Team Invite,2
610,1069,2025-12-04 09:12:00,Team Invite,1
611,263,2026-05-06 07:43:00,Settings Update,0
612,567,2025-02-06 07:03:00,Team Invite,5
613,642,2026-09-03 16:53:00,Data Import,0
614,561,2024-02-21 01:09:00,Data Import,5
615,389,2026-06-12 01:31:00,Data Import,2
616,1557,2026-09-15 19:13:00,Team Invite,15
617,1929,2024-11-05 16:03:00,Settings Update,5
618,1807,2025-12-30 19:50:00,User Login,0
619,543,2024-12-22 00:19:00,Report Export,0
620,1859,2025-01-17 14:30:00,Dashboard View,5
621,357,2026-01-27 21:21:00,Team Invite,5
622,1923,2025-09-01 15:30:00,Team Invite,5
623,1003,2026-06-21 11:21:00,Data Import,2
624,133,2026-05-29 04:28:00,Data Import,5
625,462,2025-08-07 10:19:00,Settings Update,15
626,591,2025-11-03 03:11:00,User Login,2
627,217,2025-08-15 21:15:00,Settings Update,1
628,1581,2026-03-19 23:55:00,Report Export,5
629,368,2026-01-17 22:03:00,Report Export,30
630,709,2023-07-14 20:06:00,Report Export,15
631,1701,2024-10-02 20:15:00,Settings Update,0
632,323,2026-08-12 19:54:00,Team Invite,5
633,1256,2025-10-02 16:11:00,Data Import,10
634,970,2026-05-13 06:45:00,Settings Update,0
635,270,2026-06-25 19:55:00,Dashboard View,1
636,1883,2025-09-27 22:38:00,Dashboard View,1
637,905,2024-12-30 19:15:00,Settings Update,5
638,743,2026-07-10 14:42:00,Dashboard View,15
639,1643,2024-08-17 02:50:00,Team Invite,0
640,1926,2024-11-24 05:02:00,Team Invite,2
641,1339,2026-07-13 21:20:00,Settings Update,0
642,8,2026-08-01 08:12:00,User Login,2
643,442,2025-12-31 08:18:00,Data Import,1
644,329,2026-07-14 18:51:00,User Login,5
645,518,2026-02-11 05:44:00,Team Invite,0
646,116,2025-12-22 20:09:00,Report Export,15
647,1962,2026-05-03 12:45:00,Settings Update,1
648,322,2026-04-05 16:03:00,Team Invite,5
649,1808,2025-09-25 17:20:00,Team Invite,5
650,116,2026-05-13 06:12:00,Settings Update,10
651,447,2025-09-03 00:02:00,Settings Update,0
652,123,2026-04-25 13:13:00,Team Invite,30
653,701,2025-07-15 23:55:00,User Login,5
654,975,2025-11-08 10:18:00,User Login,2
655,847,2026-04-05 15:10:00,Settings Update,5
656,1975,2026-05-08 20:01:00,Report Export,2
657,1646,2026-06-11 20:13:00,Report Export,1
658,588,2025-08-05 11:41:00,Team Invite,2
659,1770,2026-04-15 09:52:00,Dashboard View,2
660,1534,2026-03-29 23:12:00,Data Import,1
661,641,2026-07-27 06:20:00,Dashboard View,10
662,1055,2025-11-06 03:50:00,Team Invite,10
663,1024,2026-06-15 18:43:00,User Login,2
664,1674,2025-10-20 11:58:00,Settings Update,2
665,1617,2025-12-16 00:02:00,Team Invite,15
666,1881,2025-10-13 22:14:00,User Login,10
667,315,2025-03-22 18:53:00,User Login,10
668,1057,2026-04-18 20:08:00,Dashboard View,0
669,328,2024-08-18 04:20:00,Dashboard View,10
670,694,2026-02-05 15:58:00,Settings Update,5
671,1719,2025-11-04 14:41:00,Report Export,1
672,813,2025-05-23 01:17:00,Dashboard View,2
673,1917,2025-10-24 09:13:00,Dashboard View,1
674,1734,2026-07-30 01:34:00,Dashboard View,1
675,997,2025-12-07 05:37:00,Settings Update,1
676,34,2026-08-13 06:23:00,Team Invite,10
677,638,2026-09-24 21:12:00,Settings Update,1
678,1244,2025-06-05 01:05:00,Team Invite,30
679,1367,2025-12-19 18:25:00,Report Export,5
680,53,2026-04-05 13:43:00,Team Invite,5
681,1659,2025-12-21 06:38:00,Dashboard View,15
682,959,2026-02-22 06:42:00,Team Invite,2
683,1022,2025-12-08 14:43:00,Settings Update,0
684,1948,2025-11-14 16:09:00,Data Import,2
685,883,2025-11-20 12:38:00,Data Import,5
686,455,2025-07-28 21:52:00,Dashboard View,5
687,1158,2026-07-03 09:13:00,Settings Update,2
688,326,2026-05-20 23:22:00,Team Invite,0
689,670,2026-05-02 18:11:00,Data Import,10
690,875,2025-06-11 18:30:00,Report Export,2
691,1159,2023-12-24 06:51:00,Report Export,2
692,1505,2025-05-15 15:15:00,Team Invite,15
693,1471,2026-07-18 13:58:00,Settings Update,10
694,1241,2024-01-16 15:03:00,Team Invite,5
695,958,2024-07-11 06:49:00,Team Invite,5
696,519,2024-09-14 13:26:00,User Login,1
697,724,2024-10-05 09:38:00,Team Invite,10
698,179,2025-08-01 01:24:00,Settings Update,2
699,1029,2026-02-10 12:48:00,Team Invite,10
700,1425,2026-07-15 15:39:00,Report Export,2
701,514,2026-04-14 08:56:00,Dashboard View,10
702,1394,2026-07-23 20:43:00,Settings Update,2
703,1066,2025-09-24 19:45:00,Data Import,2
704,178,2026-07-01 21:19:00,Data Import,0
705,1150,2026-03-26 07:44:00,Team Invite,1
706,208,2026-02-15 07:34:00,Dashboard View,1
707,1187,2026-02-11 08:30:00,User Login,5
708,1648,2025-07-31 20:53:00,Report Export,5
709,1012,2025-10-28 20:39:00,Settings Update,10
710,187,2024-03-21 05:59:00,Dashboard View,0
711,441,2024-08-17 16:48:00,Data Import,1
712,13,2024-03-19 07:37:00,Dashboard View,2
713,443,2023-11-05 06:15:00,User Login,5
714,1405,2025-01-12 21:04:00,Data Import,10
715,1216,2025-09-14 02:10:00,User Login,0
716,501,2023-11-22 17:38:00,User Login,5
717,72,2026-07-13 05:39:00,Data Import,5
718,1839,2026-05-29 03:42:00,User Login,5
719,656,2026-09-04 18:44:00,Team Invite,0
720,1432,2023-08-15 22:06:00,Team Invite,5
721,1540,2023-07-02 14:24:00,Data Import,10
722,1810,2026-06-24 05:18:00,Data Import,5
723,527,2026-05-26 16:58:00,User Login,1
724,1871,2025-06-08 10:18:00,Team Invite,5
725,892,2024-02-12 03:29:00,Team Invite,0
726,1466,2026-02-21 14:00:00,Report Export,5
727,1092,2025-11-07 01:54:00,Data Import,0
728,1277,2024-09-25 21:46:00,Team Invite,5
729,1764,2026-06-01 23:12:00,Data Import,5
730,1164,2026-06-15 05:53:00,Report Export,1
731,780,2025-04-22 00:23:00,Settings Update,15
732,440,2024-09-13 08:44:00,Dashboard View,5
733,285,2026-07-28 05:45:00,User Login,2
734,740,2023-12-11 20:55:00,Dashboard View,15
735,181,2026-04-03 03:06:00,User Login,5
736,710,2026-03-22 09:10:00,Settings Update,30
737,1526,2024-09-08 05:56:00,User Login,5
738,55,2025-05-28 23:48:00,Dashboard View,2
739,1036,2024-06-14 03:51:00,User Login,30
740,960,2026-08-22 23:34:00,User Login,10
741,1952,2026-03-10 00:11:00,Data Import,0
742,387,2026-07-03 12:55:00,Data Import,10
743,886,2026-07-21 07:49:00,Dashboard View,1
744,84,2026-01-26 18:19:00,Dashboard View,5
745,1653,2026-04-23 06:41:00,Dashboard View,2
746,1380,2025-01-08 11:50:00,Report Export,0
747,1069,2026-02-06 02:03:00,Team Invite,2
748,917,2026-03-26 10:00:00,Settings Update,2
749,656,2026-07-05 17:18:00,User Login,15
750,915,2026-04-18 07:50:00,User Login,5
751,894,2025-07-26 19:31:00,Dashboard View,10
752,1146,2025-12-01 23:14:00,Dashboard View,5
753,805,2025-11-23 21:18:00,Dashboard View,2
754,1045,2025-06-19 10:20:00,Team Invite,15
755,173,2026-02-04 05:28:00,Report Export,5
756,1219,2025-09-30 07:59:00,Team Invite,1
757,384,2026-08-11 00:07:00,Team Invite,5
758,484,2025-03-06 00:23:00,Dashboard View,0
759,323,2026-04-30 06:16:00,Dashboard View,2
760,401,2025-08-30 17:01:00,Dashboard View,15
761,1222,2024-12-04 11:01:00,Report Export,2
762,822,2026-08-08 02:04:00,Team Invite,5
763,1461,2025-05-03 15:51:00,Dashboard View,10
764,944,2026-04-29 21:25:00,Data Import,5
765,1924,2025-11-24 18:27:00,Settings Update,5
766,1950,2026-03-17 20:42:00,Dashboard View,1
767,1957,2026-06-09 01:28:00,Team Invite,5
768,52,2024-12-22 20:19:00,Settings Update,5
769,1926,2025-03-26 17:42:00,Settings Update,1
770,128,2026-09-20 03:06:00,Data Import,10
771,687,2025-07-16 15:50:00,Team Invite,2
772,900,2026-01-28 02:37:00,Data Import,1
773,1157,2026-07-07 23:01:00,Dashboard View,5
774,1164,2026-06-25 03:28:00,User Login,2
775,154,2026-09-29 15:55:00,User Login,10
776,83,2024-05-26 04:42:00,Report Export,5
777,516,2026-09-09 11:14:00,Data Import,5
778,1790,2026-02-19 14:29:00,Team Invite,1
779,1766,2026-02-14 23:09:00,Dashboard View,5
780,724,2026-04-07 18:41:00,Team Invite,1
781,549,2026-08-15 18:35:00,User Login,10
782,739,2026-02-27 15:11:00,User Login,30
783,1269,2026-07-14 06:13:00,Team Invite,10
784,1435,2026-08-04 21:40:00,Dashboard View,1
785,1846,2026-02-04 00:57:00,Settings Update,1
786,1031,2025-08-04 21:27:00,Report Export,10
787,1639,2026-06-18 12:18:00,Settings Update,2
788,278,2026-05-09 14:15:00,Settings Update,5
789,654,2026-06-08 21:22:00,Report Export,10
790,1235,2025-03-02 17:46:00,Settings Update,2
791,930,2025-09-15 05:50:00,Report Export,5
792,683,2026-08-28 07:53:00,Report Export,15
793,1833,2026-03-30 12:40:00,Report Export,0
794,214,2025-11-26 13:12:00,Report Export,2
795,122,2024-05-31 08:44:00,Report Export,0
796,816,2026-09-04 06:16:00,Team Invite,30
797,363,2026-04-30 06:25:00,Report Export,10
798,1082,2026-08-30 13:11:00,Report Export,1
799,941,2023-09-20 09:17:00,Data Import,2
800,1637,2023-09-04 23:58:00,Team Invite,15
801,417,2024-12-30 09:59:00,Report Export,0
802,216,2026-01-11 10:16:00,Settings Update,2
803,1163,2026-05-08 15:41:00,Data Import,1
804,1665,2025-08-12 20:35:00,Settings Update,10
805,368,2026-08-07 20:49:00,Data Import,2
806,1036,2024-06-13 11:04:00,Report Export,5
807,252,2026-05-23 08:48:00,User Login,5
808,356,2026-04-20 21:24:00,Data Import,1
809,1222,2026-03-22 14:11:00,Data Import,2
810,419,2025-12-12 06:41:00,Settings Update,5
811,1807,2025-10-20 11:48:00,Team Invite,5
812,243,2025-09-17 07:54:00,Dashboard View,0
813,648,2026-04-16 03:16:00,Data Import,30
814,1334,2024-03-01 16:14:00,Data Import,5
815,1165,2024-12-07 21:57:00,Report Export,0
816,1962,2026-05-15 17:10:00,Data Import,2
817,403,2025-06-18 00:46:00,Settings Update,0
818,515,2026-07-01 09:57:00,Report Export,10
819,1096,2026-04-07 05:19:00,Report Export,10
820,1676,2026-06-02 08:40:00,User Login,0
821,862,2026-08-19 12:07:00,Team Invite,0
822,1657,2026-09-01 20:26:00,Report Export,10
823,1871,2026-02-05 19:06:00,Report Export,10
824,1630,2023-12-19 16:58:00,User Login,5
825,1434,2024-02-15 12:21:00,Dashboard View,2
826,1740,2025-04-11 14:05:00,Data Import,5
827,210,2025-09-10 05:20:00,Dashboard View,1
828,392,2025-06-03 13:02:00,Dashboard View,15
829,1560,2024-03-15 05:58:00,User Login,1
830,1902,2026-09-04 13:50:00,Settings Update,30
831,1309,2025-11-15 03:59:00,Report Export,0
832,801,2025-02-18 08:47:00,Team Invite,5
833,605,2025-05-29 11:02:00,User Login,5
834,1563,2025-12-17 19:38:00,Team Invite,10
835,928,2025-07-27 08:10:00,Dashboard View,15
836,1326,2025-06-01 09:05:00,Data Import,10
837,280,2024-12-16 12:00:00,Team Invite,5
838,1725,2025-09-30 05:15:00,Team Invite,10
839,1879,2026-03-15 02:45:00,Data Import,5
840,348,2026-09-07 22:59:00,Data Import,10
841,1452,2025-11-05 14:20:00,Team Invite,5
842,895,2026-05-30 15:44:00,Settings Update,5
843,1215,2024-10-18 00:21:00,Data Import,5
844,1178,2026-07-08 21:52:00,Settings Update,5
845,1738,2024-12-28 12:28:00,User Login,0
846,639,2026-07-14 03:02:00,Data Import,5
847,1240,2025-12-13 23:43:00,Settings Update,1
848,10,2024-10-23 07:36:00,Dashboard View,30
849,699,2026-04-26 23:01:00,Report Export,5
850,1572,2026-08-22 20:26:00,Settings Update,5
851,785,2025-05-28 22:00:00,Settings Update,2
852,732,2025-03-23 21:29:00,User Login,0
853,996,2026-02-25 02:51:00,Report Export,0
854,182,2026-05-26 09:08:00,User Login,1
855,281,2026-04-28 09:53:00,Team Invite,2
856,213,2026-02-14 00:56:00,Report Export,15
857,708,2026-03-19 09:03:00,Settings Update,2
858,1611,2026-04-24 20:14:00,Data Import,2
859,493,2025-12-08 05:51:00,Data Import,5
860,964,2026-07-22 23:37:00,Data Import,0
861,916,2025-05-08 21:59:00,Data Import,10
862,661,2026-05-24 07:31:00,Data Import,5
863,1535,2026-07-11 23:58:00,Team Invite,1
864,156,2025-03-12 05:21:00,Team Invite,5
865,595,2026-04-07 14:50:00,Settings Update,10
866,106,2025-08-29 21:31:00,Data Import,10
867,1746,2025-07-30 15:37:00,Team Invite,15
868,1273,2024-11-11 18:43:00,User Login,2
869,332,2024-04-08 19:25:00,User Login,2
870,1789,2026-09-19 18:39:00,Dashboard View,1
871,1680,2024-09-08 21:33:00,Data Import,2
872,897,2023-11-26 01:35:00,Data Import,10
873,702,2026-04-22 22:05:00,Report Export,2
874,850,2025-06-16 15:56:00,Data Import,1
875,1423,2026-06-30 10:04:00,Team Invite,30
876,1384,2025-11-06 15:24:00,Team Invite,1
877,330,2026-01-23 13:04:00,Data Import,1
878,890,2023-12-19 00:17:00,Dashboard View,5
879,289,2026-05-30 12:50:00,Report Export,1
880,1813,2026-09-07 02:04:00,Settings Update,5
881,1077,2025-07-24 06:28:00,Report Export,5
882,1333,2025-12-23 11:38:00,Report Export,5
883,1417,2025-08-30 01:18:00,Dashboard View,10
884,1256,2024-04-09 15:05:00,User Login,0
885,503,2024-10-23 23:51:00,Team Invite,1
886,1034,2026-08-21 09:18:00,Dashboard View,5
887,618,2025-03-05 13:41:00,User Login,0
888,371,2023-03-20 20:38:00,Report Export,0
889,966,2026-09-22 17:03:00,Team Invite,1
890,1861,2023-08-26 01:37:00,Report Export,15
891,995,2026-08-31 15:29:00,User Login,5
892,1748,2026-03-30 10:48:00,User Login,2
893,732,2025-06-15 09:21:00,Settings Update,15
894,427,2025-02-16 16:07:00,Settings Update,2
895,1764,2026-08-17 08:12:00,Data Import,10
896,1479,2026-06-24 03:57:00,Dashboard View,1
897,1279,2025-04-17 18:20:00,Data Import,1
898,1685,2024-07-19 17:39:00,Team Invite,10
899,394,2026-08-10 07:12:00,Team Invite,15
900,169,2026-04-03 11:43:00,Team Invite,30
901,638,2026-01-24 16:20:00,Data Import,10
902,59,2026-06-16 00:09:00,User Login,2
903,886,2025-09-12 13:00:00,User Login,2
904,1470,2025-03-18 10:40:00,Dashboard View,10
905,609,2026-02-01 16:30:00,User Login,1
906,1910,2026-03-26 09:35:00,Report Export,10
907,523,2025-12-09 04:29:00,Team Invite,15
908,1826,2026-08-01 07:03:00,Report Export,5
909,110,2025-05-03 18:20:00,User Login,15
910,707,2025-10-20 21:02:00,Report Export,1
911,1634,2025-04-29 16:39:00,Report Export,5
912,1574,2025-12-09 05:23:00,Settings Update,1
913,542,2026-08-19 17:38:00,Dashboard View,5
914,1824,2026-08-18 09:53:00,Settings Update,2
915,170,2026-02-21 21:46:00,Data Import,5
916,138,2026-09-05 08:20:00,User Login,5
917,601,2025-08-18 13:16:00,Data Import,1
918,1689,2026-09-09 00:01:00,Data Import,0
919,759,2025-02-15 09:55:00,Report Export,30
920,1800,2026-07-07 12:31:00,Settings Update,2
921,524,2026-08-02 00:50:00,Dashboard View,5
922,963,2026-07-28 19:43:00,Data Import,10
923,256,2026-01-13 12:28:00,Dashboard View,10
924,1262,2025-12-04 07:27:00,User Login,1
925,1315,2026-05-03 01:47:00,Report Export,15
926,1429,2024-12-26 01:51:00,Team Invite,2
927,158,2026-03-27 15:57:00,Team Invite,0
928,1301,2026-08-13 07:17:00,Team Invite,15
929,88,2024-07-26 03:26:00,Dashboard View,1
930,611,2024-01-20 23:31:00,Settings Update,5
931,1643,2026-01-15 23:05:00,User Login,15
932,717,2026-01-09 10:53:00,Report Export,5
933,592,2026-05-01 05:45:00,Settings Update,10
934,1366,2025-02-08 04:48:00,Settings Update,10
935,1004,2026-05-23 16:21:00,Dashboard View,30
936,1393,2026-03-02 13:58:00,User Login,5
937,1041,2025-06-29 11:22:00,Team Invite,5
938,1419,2026-02-12 11:53:00,User Login,5
939,166,2026-09-18 13:26:00,Settings Update,30
940,1826,2026-05-15 01:36:00,Report Export,2
941,1529,2025-11-06 12:16:00,User Login,5
942,700,2026-09-06 11:20:00,Dashboard View,5
943,239,2026-09-26 02:14:00,Report Export,5
944,851,2025-01-04 05:08:00,Data Import,15
945,1907,2025-11-11 16:09:00,Data Import,2
946,828,2023-09-05 18:08:00,Dashboard View,15
947,1314,2026-05-03 13:57:00,Settings Update,5
948,1514,2026-04-04 17:53:00,Team Invite,15
949,1188,2026-07-24 17:19:00,Settings Update,5
950,1544,2025-12-24 20:38:00,User Login,10
951,175,2026-05-11 13:59:00,Report Export,0
952,332,2025-11-14 20:03:00,Data Import,10
953,797,2026-07-09 05:48:00,Data Import,10
954,1499,2025-02-23 13:16:00,Report Export,1
955,1928,2024-07-21 04:30:00,Data Import,2
956,1878,2026-09-01 00:07:00,User Login,2
957,1993,2026-02-26 19:05:00,Settings Update,10
958,1766,2026-06-14 07:29:00,Team Invite,5
959,1714,2025-11-27 11:42:00,Data Import,1
960,796,2023-03-28 13:50:00,Report Export,1
961,25,2026-03-16 06:22:00,User Login,5
962,1314,2026-05-31 11:31:00,User Login,2
963,1271,2026-04-02 05:49:00,Settings Update,5
964,1640,2023-12-06 00:51:00,Data Import,15
965,1717,2026-01-05 01:13:00,Team Invite,1
966,417,2024-04-15 06:48:00,Report Export,2
967,1073,2025-06-19 22:28:00,Data Import,15
968,781,2024-04-15 23:50:00,Data Import,1
969,1485,2024-05-20 10:53:00,User Login,0
970,1141,2026-06-26 22:48:00,Report Export,0
971,498,2026-06-03 17:00:00,Team Invite,10
972,1756,2026-08-04 16:42:00,User Login,30
973,1355,2025-09-24 17:21:00,Report Export,15
974,1982,2026-01-25 02:45:00,Dashboard View,0
975,1905,2025-08-11 16:48:00,Dashboard View,5
976,1629,2026-01-16 06:40:00,User Login,2
977,806,2025-09-10 12:41:00,Team Invite,15
978,623,2025-09-19 05:32:00,Dashboard View,5
979,325,2026-03-28 10:37:00,Settings Update,2
980,21,2026-05-18 06:43:00,User Login,5
981,1469,2025-08-11 21:42:00,Settings Update,2
982,64,2026-06-07 07:31:00,Data Import,1
983,1297,2024-08-15 21:47:00,Dashboard View,5
984,319,2026-05-01 08:47:00,Data Import,1
985,1412,2025-08-12 22:21:00,User Login,5
986,201,2025-11-25 20:21:00,Dashboard View,10
987,1697,2025-04-25 01:23:00,User Login,5
988,1138,2024-07-30 14:50:00,Dashboard View,1
989,1758,2026-01-24 10:09:00,Data Import,10
990,1276,2025-04-27 17:38:00,Dashboard View,5
991,328,2026-05-10 23:38:00,Settings Update,1
992,1030,2024-08-12 00:58:00,Team Invite,0
993,248,2024-12-19 18:29:00,User Login,5
994,550,2024-06-04 07:25:00,Team Invite,0
995,1756,2026-08-10 14:26:00,Data Import,1
996,1848,2025-09-18 04:45:00,User Login,1
997,1163,2026-07-29 10:42:00,Data Import,10
998,1155,2026-06-28 00:56:00,Report Export,5
999,1151,2026-09-20 08:37:00,Data Import,1
1000,1746,2026-05-27 08:47:00,Data Import,5
1001,1708,2026-07-04 13:55:00,User Login,0
1002,1806,2025-06-30 17:34:00,User Login,2
1003,697,2023-09-26 23:56:00,Dashboard View,10
1004,1194,2025-04-02 22:23:00,Settings Update,2
1005,820,2026-07-22 14:32:00,Report Export,1
1006,427,2026-01-03 22:41:00,Team Invite,10
1007,747,2026-09-03 18:48:00,Report Export,2
1008,32,2024-03-04 18:49:00,Data Import,0
1009,1305,2026-05-02 00:26:00,User Login,1
1010,1588,2025-07-30 21:14:00,User Login,0
1011,1088,2026-05-24 17:02:00,User Login,1
1012,1370,2026-03-11 00:57:00,Report Export,15
1013,1459,2024-07-28 17:35:00,Dashboard View,15
1014,324,2025-12-03 18:39:00,User Login,2
1015,977,2025-11-30 07:28:00,Report Export,15
1016,409,2026-09-20 14:14:00,Data Import,10
1017,1031,2025-02-04 12:23:00,User Login,5
1018,943,2025-11-11 03:37:00,Team Invite,5
1019,712,2026-03-24 21:54:00,Data Import,5
1020,588,2024-07-22 18:26:00,User Login,5
1021,651,2025-01-26 12:52:00,User Login,1
1022,500,2026-06-19 12:16:00,Team Invite,5
1023,1210,2024-12-28 08:27:00,Settings Update,5
1024,1015,2026-06-20 22:42:00,Dashboard View,10
1025,1060,2026-09-26 13:34:00,Dashboard View,0
1026,330,2026-03-11 06:06:00,Report Export,30
1027,1641,2025-09-16 13:53:00,User Login,1
1028,558,2026-02-02 16:57:00,Dashboard View,5
1029,1155,2025-07-16 16:03:00,Data Import,0
1030,186,2026-07-06 12:07:00,Data Import,5
1031,957,2023-11-11 01:01:00,Dashboard View,15
1032,1376,2024-07-15 01:28:00,Report Export,5
1033,1922,2026-05-10 08:25:00,User Login,15
1034,1453,2026-03-18 20:19:00,Team Invite,5
1035,500,2026-09-26 12:48:00,Settings Update,1
1036,1176,2026-07-18 01:35:00,Settings Update,2
1037,432,2025-05-20 18:33:00,Data Import,15
1038,775,2026-05-17 02:33:00,Report Export,1
1039,412,2025-12-12 11:18:00,Report Export,15
1040,1110,2026-09-05 08:41:00,Team Invite,1
1041,1291,2024-04-15 03:05:00,Settings Update,5
1042,403,2026-05-31 11:38:00,Data Import,15
1043,30,2026-07-14 09:10:00,Team Invite,5
1044,130,2025-07-16 10:36:00,User Login,5
1045,1513,2026-07-23 18:02:00,Team Invite,5
1046,1558,2026-01-26 07:35:00,Settings Update,10
1047,1392,2026-04-23 14:24:00,User Login,0
1048,1296,2025-10-12 05:53:00,Team Invite,5
1049,1921,2026-04-27 02:57:00,Report Export,10
1050,1703,2025-08-11 00:41:00,Report Export,5
1051,1676,2026-09-12 17:13:00,Settings Update,5
1052,595,2025-08-20 00:33:00,Dashboard View,5
1053,835,2024-10-30 05:44:00,Settings Update,5
1054,1298,2026-07-04 21:52:00,User Login,10
1055,370,2025-12-16 12:15:00,Settings Update,1
1056,10,2025-11-19 03:22:00,Data Import,5
1057,1129,2024-11-04 03:14:00,Report Export,10
1058,216,2023-11-06 15:32:00,User Login,0
1059,897,2026-06-01 12:53:00,User Login,5
1060,1215,2024-04-10 22:50:00,Team Invite,5
1061,1243,2026-02-05 01:55:00,Report Export,0
1062,320,2026-08-20 14:20:00,User Login,2
1063,733,2026-07-23 19:48:00,Report Export,1
1064,1713,2025-08-03 06:26:00,Dashboard View,2
1065,1002,2026-07-02 15:07:00,Settings Update,15
1066,348,2026-07-05 19:30:00,Team Invite,15
1067,775,2025-05-25 10:48:00,User Login,0
1068,1892,2025-10-29 09:36:00,User Login,5
1069,530,2025-09-05 03:44:00,Team Invite,2
1070,469,2026-07-12 11:48:00,Report Export,2
1071,1473,2024-11-02 09:43:00,Settings Update,5
1072,1754,2026-04-27 04:46:00,User Login,5
1073,1942,2026-02-12 18:03:00,Team Invite,1
1074,1067,2025-12-10 03:48:00,Dashboard View,10
1075,645,2026-06-03 15:57:00,Report Export,10
1076,1113,2026-06-04 02:20:00,User Login,2
1077,1508,2026-02-19 15:02:00,Team Invite,2
1078,1354,2026-05-24 17:00:00,Settings Update,5
1079,1033,2026-02-11 06:04:00,Settings Update,1
1080,889,2025-10-17 22:03:00,Report Export,10
1081,656,2026-09-11 01:15:00,Team Invite,2
1082,1527,2025-01-12 12:12:00,Team Invite,1
1083,424,2026-09-08 17:36:00,Report Export,1
1084,1278,2025-12-06 04:17:00,Data Import,5
1085,695,2024-02-29 10:55:00,Data Import,10
1086,1748,2026-05-27 20:08:00,User Login,1
1087,1114,2025-10-06 20:12:00,Report Export,30
1088,1387,2023-12-25 14:05:00,User Login,1
1089,1076,2025-12-18 05:45:00,Team Invite,5
1090,1295,2026-04-02 18:59:00,User Login,30
1091,514,2026-02-10 13:46:00,Report Export,30
1092,442,2026-05-03 15:01:00,Report Export,5
1093,706,2026-08-28 08:30:00,Settings Update,10
1094,1541,2024-11-12 13:33:00,Dashboard View,5
1095,1778,2025-06-02 03:50:00,Settings Update,1
1096,1483,2025-06-27 02:49:00,Team Invite,30
1097,1912,2025-01-16 04:32:00,Team Invite,0
1098,1924,2025-08-18 05:22:00,Report Export,5
1099,514,2026-08-27 23:06:00,Settings Update,2
1100,700,2026-02-12 08:04:00,Settings Update,5
1101,652,2026-08-23 16:56:00,Report Export,0
1102,1569,2025-01-06 01:56:00,Report Export,2
1103,461,2025-03-14 06:57:00,Report Export,5
1104,883,2026-02-13 06:20:00,Team Invite,2
1105,1255,2025-11-10 09:28:00,Settings Update,10
1106,1120,2025-05-29 11:28:00,Dashboard View,2
1107,1625,2026-09-09 18:45:00,User Login,5
1108,190,2024-11-22 04:49:00,Team Invite,10
1109,123,2026-02-12 13:11:00,Settings Update,2
1110,1099,2024-12-29 12:18:00,Team Invite,1
1111,898,2026-03-25 01:43:00,Team Invite,5
1112,1789,2026-09-07 05:13:00,Dashboard View,5
1113,1743,2025-10-06 17:28:00,Report Export,5
1114,1621,2026-08-19 20:18:00,User Login,5
1115,1793,2026-03-20 06:25:00,Report Export,0
1116,415,2025-12-17 00:54:00,Settings Update,2
1117,86,2026-04-21 15:10:00,Team Invite,2
1118,1828,2024-05-30 16:49:00,Dashboard View,1
1119,425,2025-12-09 12:19:00,Settings Update,0
1120,1691,2025-06-16 21:31:00,Data Import,5
1121,1294,2026-04-13 13:51:00,Report Export,2
1122,1336,2026-01-05 07:54:00,Team Invite,0
1123,1931,2023-08-18 01:45:00,Team Invite,0
1124,844,2025-12-18 12:27:00,Report Export,30
1125,1989,2025-12-07 16:17:00,Data Import,10
1126,627,2025-08-23 09:48:00,Dashboard View,5
1127,679,2025-07-18 19:58:00,User Login,1
1128,1834,2026-07-16 02:48:00,Dashboard View,5
1129,1048,2025-10-25 16:27:00,Dashboard View,0
1130,1498,2026-07-05 13:47:00,Dashboard View,10
1131,1619,2023-09-02 05:55:00,User Login,15
1132,607,2026-03-27 18:01:00,Team Invite,1
1133,537,2026-01-23 21:21:00,Report Export,5
1134,1299,2023-12-13 23:24:00,Report Export,15
1135,569,2026-01-23 00:26:00,User Login,5
1136,1118,2026-07-06 09:20:00,User Login,15
1137,453,2023-11-10 02:27:00,Data Import,0
1138,364,2024-07-18 04:57:00,Report Export,10
1139,1172,2024-02-07 11:17:00,Team Invite,2
1140,1712,2024-05-06 14:04:00,Dashboard View,5
1141,32,2026-02-13 05:39:00,Settings Update,2
1142,346,2024-07-03 21:42:00,Dashboard View,30
1143,1309,2026-09-26 00:53:00,User Login,2
1144,194,2026-01-15 17:21:00,Report Export,15
1145,1346,2024-12-31 03:31:00,Dashboard View,2
1146,1178,2026-02-02 11:16:00,Team Invite,10
1147,350,2026-07-25 17:44:00,Report Export,2
1148,1554,2025-10-18 05:10:00,Dashboard View,10
1149,369,2026-06-04 21:57:00,Settings Update,0
1150,1611,2026-06-11 05:03:00,Settings Update,5
1151,1393,2026-05-18 04:07:00,User Login,15
1152,1122,2023-06-21 03:52:00,Report Export,2
1153,881,2023-12-07 10:02:00,Data Import,10
1154,978,2025-09-14 22:08:00,Data Import,10
1155,1230,2024-03-04 07:56:00,Settings Update,2
1156,111,2025-11-22 22:48:00,Report Export,2
1157,1520,2026-08-25 05:31:00,Data Import,5
1158,1668,2024-09-14 07:35:00,Report Export,5
1159,577,2025-03-05 01:48:00,Team Invite,10
1160,987,2026-05-01 11:16:00,Report Export,5
1161,1213,2025-08-05 04:53:00,Team Invite,5
1162,730,2026-06-30 16:01:00,Report Export,1
1163,54,2025-11-09 13:40:00,Data Import,10
1164,589,2026-05-20 20:15:00,Report Export,5
1165,96,2025-08-03 10:51:00,Dashboard View,2
1166,118,2026-03-13 21:32:00,User Login,5
1167,686,2026-05-15 00:53:00,Data Import,1
1168,257,2026-08-23 06:29:00,User Login,1
1169,122,2025-10-23 01:30:00,Data Import,2
1170,964,2026-08-21 22:14:00,Settings Update,1
1171,147,2025-11-04 03:31:00,Data Import,15
1172,21,2026-04-06 06:45:00,Data Import,2
1173,1082,2026-07-08 22:17:00,Settings Update,2
1174,1381,2026-04-01 06:30:00,Data Import,10
1175,1227,2026-06-21 12:24:00,Dashboard View,2
1176,449,2026-07-15 12:46:00,Dashboard View,10
1177,1744,2025-12-08 08:06:00,Report Export,0
1178,217,2023-09-23 06:27:00,Settings Update,5
1179,1027,2024-03-07 11:53:00,Report Export,10
1180,1390,2026-04-16 20:18:00,Dashboard View,2
1181,1190,2025-04-19 11:07:00,User Login,0
1182,811,2026-07-23 15:28:00,Data Import,1
1183,1881,2026-05-07 13:35:00,Data Import,15
1184,1916,2023-04-17 06:42:00,Team Invite,0
1185,403,2025-11-30 15:33:00,Dashboard View,5
1186,307,2026-01-18 20:35:00,Dashboard View,1
1187,500,2026-08-11 12:56:00,Data Import,1
1188,1700,2026-07-05 07:48:00,Settings Update,1
1189,429,2026-03-13 07:38:00,Data Import,1
1190,1430,2026-06-20 01:33:00,Team Invite,5
1191,709,2024-04-04 05:38:00,Settings Update,10
1192,1802,2024-09-08 09:45:00,Dashboard View,0
1193,521,2026-09-29 19:31:00,Team Invite,2
1194,674,2024-10-01 23:31:00,Report Export,5
1195,1340,2026-06-13 14:02:00,Data Import,10
1196,1952,2026-03-19 01:36:00,User Login,5
1197,139,2026-03-03 09:23:00,User Login,30
1198,689,2026-08-23 15:28:00,Report Export,5
1199,193,2023-09-19 21:12:00,Team Invite,2
1200,703,2026-06-01 06:58:00,User Login,5
1201,1739,2026-07-15 18:06:00,Dashboard View,5
1202,1528,2025-06-15 09:51:00,Dashboard View,10
1203,1018,2026-03-30 13:39:00,Team Invite,2
1204,440,2023-11-18 15:54:00,Team Invite,15
1205,1649,2023-08-15 21:32:00,Team Invite,10
1206,935,2026-08-25 14:51:00,Dashboard View,5
1207,870,2026-09-06 18:06:00,User Login,2
1208,948,2026-07-01 07:26:00,Report Export,2
1209,144,2026-03-15 01:16:00,Settings Update,15
1210,901,2026-06-14 22:26:00,User Login,15
1211,227,2026-02-08 12:20:00,User Login,5
1212,1125,2026-08-27 02:35:00,Report Export,10
1213,1202,2025-11-06 05:54:00,User Login,10
1214,1278,2025-12-21 20:10:00,Data Import,5
1215,1380,2026-08-15 02:39:00,User Login,0
1216,1086,2025-03-02 03:46:00,Team Invite,2
1217,1148,2026-02-20 11:12:00,User Login,10
1218,127,2026-03-26 06:29:00,User Login,1
1219,1085,2026-03-19 11:36:00,User Login,30
1220,45,2026-01-09 03:27:00,Settings Update,10
1221,523,2025-08-15 22:59:00,Dashboard View,2
1222,626,2026-05-09 00:03:00,Team Invite,10
1223,75,2026-03-20 11:26:00,Dashboard View,1
1224,1586,2024-06-08 01:46:00,User Login,2
1225,1589,2023-09-05 14:49:00,Settings Update,5
1226,1197,2026-01-13 16:47:00,Report Export,1
1227,1151,2026-08-06 21:57:00,Data Import,10
1228,626,2026-06-17 14:59:00,Report Export,10
1229,530,2026-05-13 18:52:00,Team Invite,5
1230,1836,2026-03-09 03:51:00,Team Invite,15
1231,984,2026-08-26 06:51:00,User Login,2
1232,1688,2026-01-24 08:28:00,Team Invite,15
1233,1042,2026-05-19 17:44:00,Team Invite,30
1234,499,2026-01-31 15:58:00,Dashboard View,15
1235,1720,2026-09-24 10:12:00,Settings Update,10
1236,293,2025-05-30 20:45:00,Settings Update,0
1237,881,2025-10-11 14:07:00,Settings Update,2
1238,1464,2026-05-23 00:49:00,Team Invite,1
1239,593,2026-07-17 22:01:00,Data Import,0
1240,1894,2024-10-20 11:24:00,Dashboard View,0
1241,248,2024-07-17 03:26:00,Team Invite,2
1242,1013,2026-07-13 11:09:00,User Login,10
1243,2,2025-12-20 03:09:00,User Login,5
1244,1448,2025-08-23 03:28:00,User Login,1
1245,1961,2025-12-16 00:26:00,Data Import,1
1246,1427,2025-03-28 05:36:00,Team Invite,5
1247,49,2025-12-13 06:32:00,Settings Update,5
1248,998,2026-05-28 14:25:00,Report Export,15
1249,344,2026-03-20 01:09:00,Team Invite,2
1250,505,2025-03-18 12:40:00,Report Export,5
1251,653,2026-05-06 09:26:00,Data Import,15
1252,259,2026-05-28 13:03:00,Data Import,2
1253,958,2026-05-29 05:41:00,Dashboard View,5
1254,893,2026-04-29 00:25:00,Team Invite,15
1255,656,2026-08-22 01:42:00,Report Export,2
1256,133,2026-02-15 08:01:00,Team Invite,5
1257,966,2024-11-21 02:55:00,Report Export,1
1258,1579,2023-08-18 22:27:00,User Login,2
1259,832,2025-08-10 09:41:00,Dashboard View,2
1260,1508,2026-09-27 05:17:00,Report Export,5
1261,1336,2024-05-07 22:55:00,User Login,30
1262,569,2026-04-09 10:14:00,Team Invite,1
1263,1980,2026-09-18 23:27:00,Dashboard View,5
1264,1364,2023-09-07 11:35:00,Dashboard View,1
1265,1981,2025-11-05 01:21:00,User Login,1
1266,238,2024-05-25 12:49:00,User Login,15
1267,1551,2026-03-06 17:24:00,Data Import,2
1268,1705,2025-06-29 04:26:00,Dashboard View,2
1269,62,2026-05-26 00:47:00,Data Import,5
1270,1020,2024-01-14 11:10:00,Settings Update,15
1271,74,2026-01-16 17:31:00,Data Import,2
1272,260,2026-06-20 10:59:00,Team Invite,5
1273,1715,2026-05-06 20:11:00,Data Import,5
1274,1223,2025-06-30 12:15:00,Data Import,2
1275,72,2026-08-17 20:11:00,Data Import,5
1276,129,2025-11-16 02:30:00,Settings Update,15
1277,915,2026-09-27 11:04:00,Settings Update,1
1278,1798,2025-07-05 08:37:00,Data Import,1
1279,1711,2025-07-16 14:51:00,Report Export,2
1280,1779,2026-07-17 10:33:00,Team Invite,0
1281,136,2026-05-23 13:44:00,Report Export,1
1282,1921,2026-04-14 13:48:00,Dashboard View,2
1283,1400,2026-03-25 02:20:00,Report Export,15
1284,1648,2026-09-03 13:49:00,Data Import,1
1285,1664,2024-08-18 04:54:00,Team Invite,10
1286,1850,2026-03-30 01:47:00,Team Invite,5
1287,5,2026-01-03 08:33:00,Team Invite,1
1288,1194,2026-03-29 02:39:00,Settings Update,5
1289,90,2026-09-12 17:38:00,Team Invite,2
1290,917,2026-03-05 17:42:00,Team Invite,10
1291,1502,2026-09-30 03:51:00,Report Export,15
1292,1056,2024-01-16 15:48:00,Settings Update,1
1293,1491,2026-06-20 16:54:00,Dashboard View,2
1294,1110,2026-09-27 18:38:00,Dashboard View,2
1295,1341,2026-08-11 16:02:00,Settings Update,1
1296,33,2025-11-21 06:18:00,Team Invite,10
1297,697,2023-10-31 17:53:00,Team Invite,1
1298,1479,2026-06-16 10:24:00,Team Invite,1
1299,1961,2026-05-27 16:46:00,Team Invite,2
1300,1643,2025-10-11 18:02:00,Team Invite,1
1301,217,2025-01-15 02:06:00,User Login,10
1302,1165,2025-04-15 13:01:00,Report Export,30
1303,154,2026-06-22 09:57:00,User Login,30
1304,1699,2026-03-04 08:09:00,Settings Update,1
1305,1446,2026-01-27 23:46:00,Data Import,5
1306,1770,2024-05-22 12:49:00,Report Export,0
1307,1676,2026-07-22 19:32:00,Settings Update,10
1308,540,2026-08-20 22:46:00,Data Import,5
1309,1736,2024-09-04 12:00:00,Settings Update,1
1310,502,2024-12-23 02:46:00,Data Import,10
1311,757,2026-07-11 21:22:00,User Login,10
1312,1786,2026-07-13 13:25:00,Data Import,5
1313,1763,2024-06-14 06:01:00,Data Import,30
1314,1278,2025-11-07 01:19:00,Report Export,15
1315,1167,2026-05-27 12:18:00,Team Invite,1
1316,555,2026-06-27 01:33:00,User Login,1
1317,1483,2025-09-22 06:50:00,Report Export,10
1318,1735,2026-07-04 00:30:00,Report Export,30
1319,1830,2026-07-15 15:24:00,Data Import,0
1320,382,2026-06-07 03:57:00,Report Export,5
1321,1165,2025-06-16 11:31:00,Data Import,2
1322,813,2023-09-27 16:47:00,Dashboard View,5
1323,1752,2026-02-17 06:36:00,Report Export,2
1324,1976,2026-04-07 16:14:00,Data Import,2
1325,1671,2025-12-01 04:43:00,Team Invite,5
1326,1087,2025-05-12 18:34:00,Settings Update,1
1327,353,2023-12-02 13:39:00,User Login,2
1328,1256,2024-12-31 05:23:00,Team Invite,15
1329,850,2024-06-16 14:27:00,Team Invite,1
1330,492,2025-10-16 17:15:00,Dashboard View,10
1331,963,2026-02-27 07:57:00,Data Import,1
1332,422,2025-11-24 23:38:00,Team Invite,10
1333,706,2026-07-19 20:30:00,Settings Update,10
1334,1596,2026-02-01 05:57:00,Report Export,15
1335,37,2026-07-02 14:31:00,Dashboard View,5
1336,55,2026-04-20 04:36:00,Data Import,2
1337,1873,2024-10-08 04:47:00,User Login,5
1338,1171,2025-02-25 08:29:00,Report Export,10
1339,1366,2025-02-20 08:06:00,Team Invite,2
1340,506,2025-07-13 00:47:00,Report Export,1
1341,489,2026-05-27 22:07:00,Settings Update,2
1342,1358,2025-07-23 14:54:00,Settings Update,5
1343,1820,2026-04-18 13:40:00,User Login,30
1344,527,2026-07-30 15:41:00,Team Invite,1
1345,106,2026-07-17 03:05:00,Team Invite,15
1346,605,2025-01-06 17:14:00,Settings Update,2
1347,1519,2025-11-03 17:11:00,User Login,0
1348,174,2026-08-09 17:28:00,User Login,10
1349,1610,2026-02-28 20:14:00,Report Export,15
1350,1530,2025-01-04 04:08:00,Data Import,1
1351,463,2026-07-08 04:08:00,Data Import,1
1352,1813,2026-09-29 15:28:00,Report Export,5
1353,517,2025-07-27 14:43:00,Data Import,0
1354,219,2025-11-16 05:05:00,Dashboard View,15
1355,578,2025-11-08 09:27:00,Dashboard View,1
1356,776,2024-09-18 16:14:00,Settings Update,10
1357,1458,2026-03-21 15:34:00,Settings Update,15
1358,362,2025-12-20 23:50:00,Team Invite,2
1359,679,2026-07-05 22:56:00,Settings Update,10
1360,506,2026-05-12 21:32:00,Settings Update,2
1361,1542,2026-01-16 01:56:00,User Login,5
1362,1951,2026-09-23 07:43:00,Settings Update,1
1363,698,2024-09-27 04:41:00,Team Invite,0
1364,1994,2025-05-27 09:26:00,Dashboard View,15
1365,1460,2026-06-23 22:41:00,User Login,5
1366,594,2025-11-10 23:28:00,Team Invite,5
1367,1361,2025-05-25 16:48:00,Settings Update,5
1368,890,2024-03-25 22:26:00,Team Invite,15
1369,1789,2026-06-19 18:20:00,Settings Update,10
1370,1598,2026-05-24 10:50:00,Settings Update,1
1371,1992,2026-06-11 03:45:00,Settings Update,2
1372,898,2025-08-19 07:40:00,Data Import,30
1373,106,2025-08-31 19:17:00,User Login,1
1374,999,2026-06-20 13:08:00,User Login,5
1375,1035,2026-06-28 18:24:00,Data Import,2
1376,1966,2025-11-24 19:56:00,User Login,5
1377,1168,2024-02-16 22:30:00,Settings Update,5
1378,315,2025-02-02 00:02:00,Settings Update,10
1379,253,2026-04-06 00:06:00,Team Invite,2
1380,1034,2026-08-30 21:26:00,Settings Update,0
1381,374,2026-01-03 02:20:00,User Login,2
1382,697,2024-03-31 08:55:00,Settings Update,10
1383,1559,2023-10-13 18:44:00,User Login,2
1384,1296,2026-08-26 21:51:00,Dashboard View,5
1385,17,2024-01-22 22:16:00,Team Invite,15
1386,1055,2026-03-06 05:17:00,Report Export,5
1387,991,2026-06-27 21:57:00,Team Invite,2
1388,1999,2026-05-26 12:27:00,Data Import,10
1389,264,2026-08-14 09:52:00,Settings Update,1
1390,92,2026-06-16 03:29:00,Dashboard View,5
1391,319,2026-06-03 10:04:00,Report Export,5
1392,1771,2026-04-04 06:48:00,Report Export,2
1393,1935,2026-01-16 14:23:00,Team Invite,2
1394,992,2026-05-21 14:13:00,Data Import,15
1395,1612,2024-01-17 12:51:00,Data Import,5
1396,988,2025-10-02 01:13:00,Team Invite,0
1397,614,2026-08-30 18:28:00,Settings Update,0
1398,3,2026-06-04 15:04:00,Team Invite,15
1399,1286,2026-06-23 16:01:00,User Login,0
1400,1353,2025-09-15 19:02:00,User Login,10
1401,808,2026-04-22 22:26:00,Settings Update,10
1402,1706,2024-08-02 15:09:00,Team Invite,0
1403,246,2026-07-01 05:18:00,Report Export,2
1404,867,2026-05-02 21:51:00,Report Export,10
1405,1506,2025-01-07 06:09:00,Data Import,10
1406,793,2026-01-16 11:45:00,Report Export,15
1407,668,2026-06-06 14:46:00,Team Invite,15
1408,1003,2026-04-23 10:46:00,Dashboard View,5
1409,1148,2025-06-18 23:03:00,Team Invite,5
1410,1071,2026-02-13 07:41:00,Settings Update,2
1411,945,2025-08-06 08:46:00,User Login,10
1412,1977,2024-12-23 05:43:00,User Login,0
1413,1249,2026-05-07 20:50:00,Settings Update,1
1414,830,2024-08-17 03:49:00,Settings Update,2
1415,1763,2026-05-21 10:25:00,Team Invite,2
1416,457,2026-05-07 01:37:00,Data Import,0
1417,1240,2026-09-28 10:25:00,User Login,1
1418,34,2025-01-19 20:25:00,Report Export,2
1419,1457,2026-08-02 03:50:00,Dashboard View,2
1420,159,2025-11-12 08:03:00,User Login,5
1421,1783,2026-09-17 01:55:00,Data Import,10
1422,1027,2023-12-04 02:13:00,Team Invite,5
1423,1568,2026-09-30 06:55:00,Team Invite,10
1424,1534,2026-07-20 21:40:00,Report Export,5
1425,748,2025-09-07 15:59:00,Team Invite,15
1426,1568,2026-08-21 10:37:00,Team Invite,5
1427,903,2026-03-24 15:44:00,Dashboard View,2
1428,611,2025-06-20 18:37:00,Team Invite,10
1429,972,2023-08-17 05:44:00,Settings Update,15
1430,787,2026-09-15 19:59:00,Dashboard View,2
1431,1442,2026-01-23 05:52:00,User Login,0
1432,1346,2024-08-06 18:15:00,Report Export,10
1433,1691,2024-12-15 06:08:00,User Login,5
1434,400,2026-03-31 08:26:00,Dashboard View,1
1435,512,2026-06-24 17:54:00,Settings Update,2
1436,737,2025-12-11 15:05:00,Team Invite,1
1437,1245,2026-06-14 16:17:00,Report Export,10
1438,1324,2026-06-13 02:46:00,Settings Update,2
1439,848,2025-04-25 15:27:00,Team Invite,30
1440,747,2024-12-04 17:38:00,Report Export,1
1441,1419,2026-03-06 11:56:00,Report Export,5
1442,662,2025-12-15 15:42:00,Dashboard View,15
1443,1840,2025-07-24 06:00:00,Team Invite,1
1444,303,2026-06-26 22:11:00,Settings Update,15
1445,1634,2024-08-15 11:09:00,Settings Update,15
1446,1080,2026-09-17 15:06:00,Data Import,10
1447,398,2025-12-11 19:41:00,User Login,2
1448,1932,2026-04-02 13:33:00,Team Invite,2
1449,1511,2026-04-17 08:26:00,Data Import,5
1450,658,2025-04-08 14:43:00,Report Export,15
1451,503,2024-07-13 00:59:00,Dashboard View,30
1452,1944,2026-03-09 23:43:00,Dashboard View,5
1453,101,2026-02-19 15:20:00,User Login,10
1454,1677,2026-08-03 11:48:00,Dashboard View,10
1455,694,2026-08-18 03:41:00,Dashboard View,2
1456,22,2024-07-24 00:35:00,Team Invite,5
1457,1394,2026-08-06 13:31:00,Settings Update,5
1458,1979,2025-05-05 08:31:00,User Login,0
1459,435,2026-05-28 17:51:00,Team Invite,5
1460,875,2026-01-13 06:53:00,User Login,10
1461,606,2026-03-26 10:15:00,Report Export,1
1462,1674,2025-06-17 14:17:00,Team Invite,5
1463,1995,2025-01-25 06:30:00,Settings Update,15
1464,303,2025-12-07 22:27:00,Report Export,5
1465,1262,2026-08-13 02:22:00,Dashboard View,1
1466,994,2026-01-10 06:35:00,Team Invite,5
1467,591,2024-12-21 01:20:00,Report Export,1
1468,594,2023-08-08 10:58:00,Team Invite,0
1469,970,2026-04-28 13:01:00,Settings Update,5
1470,1862,2026-04-09 18:27:00,Report Export,5
1471,553,2025-08-01 18:31:00,User Login,1
1472,1988,2025-05-27 12:01:00,Settings Update,5
1473,1519,2024-12-28 18:07:00,Settings Update,5
1474,900,2026-07-18 09:31:00,Team Invite,1
1475,893,2025-12-19 06:39:00,User Login,5
1476,1080,2026-05-06 16:28:00,Data Import,5
1477,1220,2025-02-02 20:55:00,Data Import,5
1478,502,2024-05-10 20:39:00,Settings Update,2
1479,538,2025-11-13 23:38:00,User Login,0
1480,892,2024-10-30 18:20:00,Report Export,2
1481,514,2026-02-08 15:30:00,Data Import,1
1482,1312,2026-05-09 02:09:00,Report Export,5
1483,1056,2025-12-23 14:23:00,User Login,15
1484,149,2026-07-04 02:59:00,Settings Update,10
1485,1706,2025-12-19 15:21:00,Data Import,5
1486,1783,2026-05-27 07:08:00,Team Invite,1
1487,1218,2026-06-09 20:49:00,Dashboard View,15
1488,663,2025-09-14 00:20:00,Data Import,2
1489,233,2026-06-17 07:24:00,Data Import,5
1490,583,2026-02-22 10:46:00,Settings Update,0
1491,459,2026-02-05 09:59:00,Report Export,2
1492,258,2026-07-19 03:08:00,Report Export,5
1493,506,2025-06-25 13:21:00,Report Export,1
1494,1797,2024-07-02 22:23:00,Settings Update,15
1495,643,2026-09-10 21:34:00,Dashboard View,5
1496,1661,2024-09-20 16:11:00,Team Invite,10
1497,1218,2026-07-25 00:33:00,User Login,5
1498,1565,2026-05-05 10:40:00,User Login,5
1499,1761,2026-09-06 04:49:00,Team Invite,10
1500,390,2026-01-14 13:15:00,Dashboard View,5
1501,961,2026-01-02 07:37:00,Team Invite,10
1502,1485,2024-06-26 13:54:00,User Login,2
1503,1166,2025-10-28 21:36:00,User Login,5
1504,668,2025-11-17 00:50:00,Dashboard View,5
1505,599,2026-07-15 11:42:00,Dashboard View,2
1506,288,2026-09-10 12:10:00,Settings Update,15
1507,1494,2025-11-19 21:05:00,Dashboard View,15
1508,1254,2025-12-10 22:11:00,Team Invite,15
1509,829,2025-08-13 04:28:00,Settings Update,1
1510,594,2025-09-19 07:01:00,Data Import,5
1511,1374,2025-09-03 23:22:00,User Login,5
1512,139,2025-10-06 14:20:00,Report Export,5
1513,1721,2026-09-03 23:50:00,User Login,1
1514,1642,2026-08-19 10:35:00,Dashboard View,10
1515,1209,2026-09-21 14:42:00,Dashboard View,30
1516,1375,2026-06-18 09:00:00,User Login,2
1517,646,2026-08-30 06:44:00,Settings Update,10
1518,747,2024-07-13 23:25:00,Data Import,5
1519,978,2025-06-18 13:33:00,Report Export,15
1520,1937,2025-12-11 01:49:00,User Login,10
1521,1995,2023-12-03 11:05:00,Report Export,15
1522,838,2026-03-10 14:11:00,Dashboard View,10
1523,1096,2025-06-27 10:24:00,Settings Update,1
1524,922,2025-12-15 05:30:00,Settings Update,15
1525,460,2025-10-07 18:56:00,Settings Update,10
1526,229,2026-03-07 23:36:00,Report Export,2
1527,457,2025-09-29 03:30:00,Report Export,0
1528,1816,2026-07-01 22:12:00,Settings Update,0
1529,1961,2026-03-30 11:33:00,Report Export,0
1530,1146,2024-10-24 21:58:00,Settings Update,1
1531,1763,2026-04-18 16:59:00,Dashboard View,2
1532,332,2024-03-18 17:25:00,User Login,2
1533,848,2025-03-16 12:30:00,User Login,2
1534,1913,2026-06-10 18:22:00,User Login,10
1535,1506,2025-10-17 09:06:00,Dashboard View,2
1536,1526,2026-03-17 20:42:00,User Login,5
1537,1350,2025-04-17 11:00:00,Data Import,0
1538,673,2026-06-12 20:39:00,Team Invite,5
1539,133,2025-10-30 20:34:00,Data Import,10
1540,1083,2025-11-13 04:13:00,Data Import,5
1541,598,2025-02-21 15:40:00,Report Export,0
1542,44,2024-06-27 09:07:00,Dashboard View,10
1543,176,2025-09-03 01:50:00,User Login,10
1544,1918,2025-08-11 18:15:00,Dashboard View,2
1545,29,2025-11-11 21:07:00,User Login,10
1546,1684,2025-07-10 02:21:00,Team Invite,2
1547,784,2026-06-04 02:14:00,Team Invite,2
1548,1444,2024-09-29 14:42:00,Team Invite,2
1549,87,2023-04-09 09:21:00,Settings Update,2
1550,1944,2026-08-04 17:37:00,Report Export,1
1551,979,2025-03-27 12:55:00,Settings Update,5
1552,77,2026-09-14 20:24:00,Data Import,5
1553,631,2026-05-28 07:21:00,User Login,5
1554,1514,2026-09-24 16:02:00,Team Invite,1
1555,1343,2025-03-19 06:35:00,Report Export,2
1556,998,2025-08-28 05:19:00,Data Import,2
1557,1045,2025-02-01 15:02:00,Settings Update,10
1558,483,2025-03-21 02:50:00,Data Import,15
1559,1368,2025-09-05 08:17:00,Team Invite,5
1560,1605,2026-09-02 20:53:00,Team Invite,2
1561,1439,2025-12-04 21:38:00,Dashboard View,10
1562,1495,2024-07-12 08:22:00,Report Export,5
1563,1942,2026-06-01 17:01:00,Data Import,10
1564,1788,2026-09-04 17:51:00,Team Invite,2
1565,1295,2025-12-14 10:06:00,Data Import,0
1566,1179,2025-04-25 03:47:00,User Login,0
1567,1187,2026-07-21 14:13:00,Dashboard View,5
1568,29,2026-01-19 16:07:00,User Login,30
1569,1965,2026-05-17 17:06:00,Report Export,15
1570,471,2026-07-14 20:34:00,Data Import,2
1571,223,2024-01-06 17:06:00,Data Import,0
1572,781,2024-07-17 10:16:00,User Login,2
1573,315,2025-09-30 14:14:00,Dashboard View,1
1574,716,2025-10-18 13:06:00,Report Export,2
1575,1216,2026-08-11 14:25:00,Report Export,10
1576,332,2026-05-16 11:59:00,User Login,10
1577,1309,2026-07-04 09:31:00,Data Import,2
1578,1138,2024-07-28 20:36:00,Team Invite,5
1579,1605,2026-03-21 03:29:00,Report Export,5
1580,184,2026-03-25 15:06:00,User Login,0
1581,569,2026-03-15 12:52:00,Dashboard View,2
1582,1861,2024-09-10 14:05:00,User Login,2
1583,1738,2025-04-22 08:49:00,Dashboard View,2
1584,881,2024-06-19 09:22:00,Team Invite,5
1585,1516,2026-05-15 04:38:00,User Login,10
1586,586,2025-11-27 08:05:00,Team Invite,5
1587,1175,2023-09-20 07:59:00,Team Invite,10
1588,1143,2025-01-21 08:38:00,Settings Update,5
1589,878,2024-01-24 00:38:00,Report Export,10
1590,1655,2025-10-03 14:15:00,Settings Update,2
1591,667,2026-05-13 05:19:00,Report Export,10
1592,1373,2025-12-06 00:45:00,User Login,2
1593,1385,2025-03-23 09:27:00,Data Import,10
1594,1830,2026-02-21 00:50:00,Report Export,2
1595,254,2025-11-19 11:12:00,Data Import,1
1596,724,2025-06-09 12:05:00,Settings Update,1
1597,1674,2025-06-03 23:09:00,Dashboard View,1
1598,524,2026-09-28 03:55:00,Team Invite,2
1599,149,2024-10-16 18:42:00,Data Import,2
1600,272,2026-04-20 11:49:00,Report Export,15
1601,695,2023-10-08 11:25:00,Settings Update,5
1602,127,2026-07-23 08:41:00,Settings Update,15
1603,1428,2023-05-22 14:10:00,User Login,0
1604,802,2025-09-05 06:19:00,Dashboard View,5
1605,378,2026-07-31 19:13:00,User Login,5
1606,216,2024-10-20 04:26:00,User Login,1
1607,507,2024-10-04 04:56:00,User Login,1
1608,916,2025-06-02 14:18:00,User Login,15
1609,688,2026-09-16 16:55:00,Dashboard View,5
1610,1730,2026-05-27 12:34:00,User Login,5
1611,938,2026-01-26 18:43:00,Report Export,30
1612,593,2026-07-28 19:39:00,Report Export,10
1613,413,2026-05-06 15:22:00,Team Invite,15
1614,322,2025-12-06 13:32:00,Data Import,10
1615,1237,2025-11-08 21:21:00,Report Export,2
1616,866,2025-10-19 20:32:00,Report Export,10
1617,66,2024-07-06 02:25:00,Dashboard View,15
1618,1457,2026-03-03 06:55:00,Dashboard View,5
1619,1223,2025-02-11 10:15:00,Data Import,0
1620,425,2025-07-12 21:34:00,Report Export,1
1621,209,2026-03-03 10:50:00,Team Invite,15
1622,1492,2025-04-08 16:01:00,Dashboard View,2
1623,573,2026-03-16 00:10:00,Report Export,2
1624,1102,2025-11-26 03:55:00,Settings Update,1
1625,1083,2026-07-22 23:58:00,Settings Update,5
1626,749,2024-11-08 02:07:00,Data Import,2
1627,1814,2026-01-15 07:36:00,User Login,5
1628,194,2026-03-11 15:15:00,Data Import,10
1629,1762,2026-01-23 18:51:00,Dashboard View,0
1630,774,2026-09-04 13:00:00,Settings Update,2
1631,376,2025-01-20 22:24:00,Data Import,0
1632,814,2025-01-21 04:26:00,Team Invite,1
1633,294,2025-01-04 15:35:00,Team Invite,5
1634,297,2025-04-20 03:40:00,Settings Update,30
1635,300,2025-11-08 20:06:00,Report Export,2
1636,1957,2026-07-20 04:04:00,Dashboard View,5
1637,68,2025-10-31 10:55:00,User Login,10
1638,1823,2026-08-01 20:01:00,User Login,1
1639,1260,2026-04-11 02:02:00,Settings Update,30
1640,979,2026-03-01 05:55:00,User Login,5
1641,857,2025-02-10 01:34:00,Report Export,2
1642,191,2025-12-16 17:59:00,Team Invite,15
1643,233,2026-01-17 01:28:00,Report Export,5
1644,402,2025-04-24 16:43:00,User Login,0
1645,575,2026-03-04 06:37:00,Dashboard View,1
1646,21,2026-08-31 04:01:00,Dashboard View,2
1647,1619,2025-07-11 05:25:00,Dashboard View,5
1648,1296,2025-03-11 20:59:00,Data Import,5
1649,1052,2024-12-31 20:28:00,Settings Update,5
1650,1095,2026-02-12 19:10:00,Dashboard View,1
1651,946,2026-02-28 17:07:00,Data Import,15
1652,313,2026-03-25 06:11:00,Report Export,5
1653,1374,2026-07-07 05:49:00,Data Import,2
1654,230,2024-09-07 18:42:00,Team Invite,1
1655,1401,2026-07-17 15:49:00,Data Import,2
1656,1313,2023-07-09 16:34:00,User Login,10
1657,740,2026-06-25 08:29:00,Settings Update,0
1658,974,2025-10-17 23:17:00,User Login,1
1659,842,2026-05-21 16:15:00,User Login,10
1660,737,2026-09-21 20:23:00,Team Invite,0
1661,1704,2026-07-27 17:15:00,Settings Update,5
1662,80,2023-09-01 23:31:00,Team Invite,5
1663,65,2026-09-22 18:03:00,Team Invite,1
1664,909,2026-08-14 04:06:00,Team Invite,15
1665,1626,2025-05-16 11:37:00,Team Invite,5
1666,580,2025-10-17 06:15:00,Dashboard View,10
1667,768,2026-05-19 13:37:00,User Login,2
1668,237,2023-09-08 02:19:00,User Login,0
1669,1816,2026-08-19 21:12:00,Report Export,2
1670,15,2026-05-18 05:11:00,User Login,0
1671,1162,2025-07-21 02:24:00,Team Invite,2
1672,1558,2026-06-01 12:53:00,Report Export,1
1673,777,2026-02-01 09:03:00,Settings Update,30
1674,390,2025-01-10 00:04:00,User Login,0
1675,920,2024-01-14 19:50:00,Settings Update,2
1676,953,2026-09-17 23:16:00,Dashboard View,2
1677,226,2025-12-06 21:40:00,Settings Update,2
1678,1135,2025-08-09 19:57:00,Team Invite,0
1679,1724,2024-11-25 13:49:00,User Login,10
1680,477,2026-05-30 11:10:00,User Login,30
1681,748,2026-04-20 11:05:00,User Login,10
1682,489,2025-11-17 05:16:00,Dashboard View,1
1683,1936,2023-07-17 04:45:00,Report Export,10
1684,1992,2026-08-30 15:06:00,Dashboard View,2
1685,669,2026-04-18 00:10:00,Data Import,5
1686,1981,2024-12-06 11:56:00,User Login,2
1687,589,2025-06-16 21:19:00,Settings Update,0
1688,965,2025-06-20 15:21:00,Report Export,1
1689,1461,2026-08-02 21:39:00,Settings Update,10
1690,1011,2026-05-15 05:25:00,Dashboard View,2
1691,952,2025-12-20 19:45:00,Settings Update,5
1692,1463,2026-02-02 12:52:00,Team Invite,5
1693,511,2024-05-11 15:06:00,Data Import,15
1694,233,2025-06-29 02:16:00,Report Export,10
1695,238,2024-01-10 09:44:00,Settings Update,2
1696,747,2026-06-21 09:26:00,User Login,1
1697,1875,2026-09-11 06:28:00,Dashboard View,15
1698,963,2025-12-11 02:36:00,Dashboard View,5
1699,824,2026-07-12 10:19:00,Data Import,5
1700,1112,2025-07-27 15:47:00,Dashboard View,1
1701,16,2025-07-19 20:50:00,Dashboard View,15
1702,826,2023-10-18 14:01:00,User Login,1
1703,1332,2025-02-23 03:06:00,Team Invite,1
1704,437,2026-08-04 07:54:00,Dashboard View,5
1705,1070,2024-01-29 14:10:00,Dashboard View,15
1706,1976,2026-06-18 15:37:00,User Login,2
1707,1718,2026-03-02 08:00:00,Dashboard View,0
1708,131,2026-09-11 20:59:00,Team Invite,15
1709,596,2026-09-23 04:49:00,User Login,10
1710,1454,2025-09-09 17:52:00,Report Export,15
1711,154,2026-06-17 13:55:00,Data Import,1
1712,1562,2026-08-04 05:19:00,Team Invite,10
1713,1726,2024-01-08 03:16:00,User Login,2
1714,598,2025-05-06 13:09:00,Data Import,15
1715,1082,2025-07-06 04:14:00,Dashboard View,5
1716,1833,2026-06-13 04:47:00,Dashboard View,10
1717,866,2026-01-01 08:25:00,Dashboard View,1
1718,1653,2026-09-02 11:06:00,Team Invite,10
1719,1257,2023-11-12 07:17:00,Team Invite,2
1720,653,2024-04-21 02:54:00,User Login,2
1721,527,2026-06-23 06:48:00,Report Export,0
1722,888,2026-07-10 08:37:00,Data Import,0
1723,70,2026-02-20 20:52:00,Data Import,1
1724,1416,2026-09-26 06:30:00,Team Invite,1
1725,459,2026-02-19 20:27:00,Team Invite,15
1726,496,2026-09-27 03:48:00,Team Invite,0
1727,1017,2025-05-20 20:30:00,Settings Update,2
1728,1712,2026-03-23 23:20:00,User Login,10
1729,110,2024-06-04 17:51:00,Settings Update,1
1730,29,2025-03-01 03:44:00,Team Invite,2
1731,1759,2024-12-25 20:18:00,User Login,2
1732,1021,2025-11-24 07:17:00,Team Invite,1
1733,1341,2026-05-22 20:54:00,Settings Update,5
1734,885,2026-01-21 01:06:00,Team Invite,2
1735,1581,2025-08-09 04:53:00,Data Import,10
1736,157,2026-08-05 22:30:00,Data Import,0
1737,9,2025-02-07 15:01:00,Dashboard View,15
1738,237,2026-04-27 10:39:00,User Login,5
1739,1427,2025-03-17 08:41:00,Dashboard View,10
1740,735,2024-02-19 18:01:00,Data Import,10
1741,1346,2025-11-14 01:38:00,Data Import,5
1742,1169,2026-06-17 16:04:00,Settings Update,2
1743,1495,2024-11-10 12:25:00,Settings Update,0
1744,1939,2025-07-24 23:56:00,Settings Update,5
1745,1827,2026-03-26 09:04:00,User Login,15
1746,195,2025-04-23 19:22:00,Data Import,0
1747,1414,2026-09-28 23:59:00,Team Invite,10
1748,1617,2025-12-01 05:47:00,User Login,5
1749,1827,2026-01-10 16:34:00,Team Invite,10
1750,111,2026-04-22 16:51:00,Report Export,0
1751,252,2025-09-01 21:52:00,Dashboard View,5
1752,1194,2025-12-06 19:08:00,Settings Update,1
1753,1692,2026-08-13 05:13:00,Report Export,30
1754,380,2025-09-20 12:31:00,User Login,1
1755,5,2026-02-27 16:54:00,Data Import,15
1756,1827,2026-08-04 03:27:00,Report Export,5
1757,1433,2026-04-14 08:05:00,Report Export,2
1758,358,2025-08-09 20:45:00,User Login,1
1759,413,2026-03-15 20:31:00,Report Export,5
1760,1768,2025-11-22 05:58:00,Dashboard View,5
1761,634,2026-02-02 04:00:00,Settings Update,2
1762,72,2026-08-24 19:15:00,User Login,2
1763,757,2026-08-27 14:04:00,Settings Update,10
1764,589,2025-08-18 10:03:00,Team Invite,2
1765,1161,2025-05-24 21:54:00,Data Import,1
1766,1782,2023-10-07 18:23:00,Data Import,5
1767,1514,2026-08-03 15:31:00,Settings Update,10
1768,1447,2026-08-13 07:25:00,Data Import,5
1769,374,2026-03-31 06:29:00,Settings Update,2
1770,306,2024-12-08 16:46:00,Team Invite,0
1771,1968,2026-08-29 02:08:00,Settings Update,1
1772,491,2024-12-18 03:06:00,Team Invite,15
1773,151,2026-03-19 20:13:00,Dashboard View,1
1774,974,2026-03-25 06:23:00,Team Invite,0
1775,1779,2026-07-19 12:36:00,Data Import,30
1776,1705,2026-08-16 09:45:00,Team Invite,15
1777,350,2024-08-04 04:52:00,Team Invite,1
1778,468,2026-06-16 01:35:00,User Login,10
1779,1073,2025-11-17 22:55:00,User Login,0
1780,1574,2026-08-03 09:13:00,Settings Update,10
1781,215,2024-12-27 15:00:00,Settings Update,30
1782,1151,2026-09-23 14:33:00,Report Export,5
1783,348,2026-05-29 07:07:00,User Login,10
1784,1517,2026-09-01 05:08:00,User Login,5
1785,1057,2025-12-11 19:51:00,Settings Update,1
1786,139,2025-07-10 03:39:00,Report Export,0
1787,920,2026-05-28 09:17:00,Team Invite,5
1788,1146,2026-04-15 07:34:00,Dashboard View,1
1789,1307,2024-08-30 20:28:00,Team Invite,10
1790,1114,2025-12-05 03:14:00,Report Export,2
1791,1375,2025-10-05 18:17:00,User Login,1
1792,1726,2025-09-07 10:19:00,Dashboard View,2
1793,1000,2025-10-07 00:20:00,Report Export,15
1794,660,2026-02-17 16:08:00,Report Export,15
1795,1131,2025-05-27 21:07:00,Settings Update,0
1796,1138,2026-09-05 05:36:00,Team Invite,10
1797,1060,2026-06-25 01:51:00,Report Export,10
1798,1096,2025-12-22 15:30:00,Settings Update,30
1799,1565,2025-09-09 10:32:00,User Login,10
1800,449,2026-08-02 02:23:00,User Login,10
1801,206,2025-03-14 07:13:00,Team Invite,0
1802,1581,2024-08-22 12:26:00,User Login,5
1803,1011,2025-12-19 20:56:00,Team Invite,5
1804,437,2026-03-04 02:06:00,Settings Update,10
1805,142,2026-09-28 13:44:00,Dashboard View,30
1806,1973,2026-02-18 10:47:00,Report Export,0
1807,502,2026-06-21 06:46:00,Dashboard View,10
1808,524,2026-08-26 01:14:00,User Login,5
1809,159,2026-01-30 00:49:00,Report Export,5
1810,1293,2026-09-10 06:01:00,User Login,0
1811,1103,2025-08-30 01:57:00,Dashboard View,2
1812,1884,2026-01-06 16:08:00,Dashboard View,5
1813,1652,2025-11-28 12:11:00,Data Import,2
1814,1419,2026-01-29 04:19:00,User Login,5
1815,1909,2025-09-09 07:09:00,Data Import,15
1816,1887,2025-11-20 01:49:00,User Login,15
1817,1710,2024-01-10 18:42:00,Settings Update,0
1818,1468,2026-09-22 07:24:00,User Login,5
1819,246,2024-10-03 00:52:00,User Login,30
1820,1857,2026-09-11 01:39:00,Data Import,5
1821,1665,2026-06-05 19:01:00,Report Export,2
1822,1998,2026-09-26 10:00:00,Settings Update,0
1823,1238,2026-09-08 17:55:00,Team Invite,2
1824,660,2025-09-22 10:45:00,User Login,30
1825,1524,2026-05-13 23:34:00,Dashboard View,10
1826,916,2024-06-27 09:11:00,Dashboard View,30
1827,534,2025-11-26 20:23:00,Dashboard View,30
1828,1887,2025-12-15 22:42:00,Data Import,2
1829,1634,2024-11-15 00:36:00,Report Export,0
1830,1494,2026-05-26 20:31:00,Data Import,5
1831,1223,2025-10-02 01:59:00,Dashboard View,0
1832,1811,2025-04-17 20:05:00,Data Import,15
1833,715,2026-04-15 01:24:00,Team Invite,5
1834,1170,2026-06-21 08:50:00,Data Import,30
1835,736,2025-05-11 16:16:00,Dashboard View,30
1836,28,2026-01-07 09:02:00,Dashboard View,2
1837,845,2024-09-01 11:16:00,Settings Update,5
1838,1083,2025-03-16 09:46:00,Settings Update,10
1839,719,2024-09-12 11:26:00,Dashboard View,2
1840,1834,2026-03-30 09:25:00,User Login,1
1841,909,2026-02-07 01:05:00,Report Export,5
1842,1427,2025-04-09 19:21:00,Team Invite,0
1843,1039,2025-09-22 05:42:00,Dashboard View,10
1844,787,2026-08-14 05:43:00,Team Invite,2
1845,1141,2025-05-15 11:36:00,Data Import,5
1846,632,2025-10-28 03:21:00,Dashboard View,2
1847,1717,2026-08-18 02:49:00,User Login,2
1848,1295,2026-04-30 21:17:00,User Login,15
1849,992,2025-10-07 06:52:00,Dashboard View,5
1850,1415,2026-06-11 05:44:00,Report Export,1
1851,940,2026-06-21 15:03:00,Report Export,2
1852,1974,2025-03-13 03:26:00,Settings Update,2
1853,600,2026-05-22 12:37:00,User Login,2
1854,1559,2026-05-17 19:57:00,Report Export,2
1855,632,2025-08-09 21:34:00,Report Export,1
1856,1833,2026-04-16 02:54:00,Report Export,15
1857,1296,2025-01-19 08:47:00,Team Invite,5
1858,1572,2026-08-15 22:38:00,Team Invite,1
1859,1185,2026-03-13 23:45:00,Data Import,30
1860,190,2025-04-18 09:33:00,Settings Update,30
1861,41,2023-01-31 18:42:00,Data Import,2
1862,1743,2025-03-02 12:15:00,Settings Update,1
1863,1534,2026-01-26 17:47:00,Settings Update,5
1864,38,2026-08-12 07:30:00,User Login,5
1865,1380,2026-04-29 13:51:00,Data Import,15
1866,963,2025-10-12 14:33:00,Dashboard View,2
1867,562,2025-05-14 11:07:00,Settings Update,0
1868,1102,2026-06-17 03:27:00,Report Export,10
1869,1171,2025-08-08 09:28:00,User Login,10
1870,886,2026-07-03 22:25:00,Dashboard View,5
1871,168,2026-03-11 03:38:00,Report Export,15
1872,336,2025-06-19 08:08:00,Data Import,5
1873,1329,2026-01-06 06:07:00,User Login,2
1874,1187,2026-07-18 00:33:00,Data Import,2
1875,1756,2026-09-03 10:36:00,Dashboard View,0
1876,768,2026-04-28 13:46:00,Report Export,10
1877,1503,2025-11-26 15:02:00,Team Invite,2
1878,569,2026-08-02 15:30:00,Dashboard View,2
1879,728,2025-11-20 14:59:00,Dashboard View,1
1880,748,2026-07-06 00:44:00,Dashboard View,2
1881,1972,2025-08-07 08:39:00,Data Import,0
1882,1702,2026-09-10 22:39:00,Settings Update,2
1883,1664,2025-08-27 04:23:00,User Login,30
1884,444,2026-09-15 08:58:00,Data Import,15
1885,1126,2025-10-06 11:21:00,Team Invite,2
1886,1371,2026-04-09 12:53:00,Team Invite,2
1887,496,2026-04-30 22:17:00,Report Export,0
1888,1853,2025-11-17 00:36:00,Data Import,30
1889,1599,2025-06-12 21:28:00,Report Export,5
1890,1503,2026-03-17 04:33:00,Team Invite,10
1891,1587,2024-09-21 15:24:00,Settings Update,2
1892,1040,2026-05-23 15:03:00,Team Invite,5
1893,559,2026-05-30 23:56:00,Team Invite,30
1894,1674,2025-05-06 00:15:00,User Login,15
1895,1661,2024-01-07 20:11:00,User Login,2
1896,1793,2025-03-18 08:34:00,Report Export,5
1897,1578,2026-01-19 09:12:00,Team Invite,2
1898,116,2026-01-10 19:53:00,User Login,10
1899,886,2026-04-22 07:30:00,User Login,15
1900,957,2026-09-26 08:08:00,Data Import,5
1901,861,2025-07-28 18:04:00,Settings Update,1
1902,396,2026-03-29 13:37:00,Data Import,0
1903,1713,2026-07-14 15:51:00,Report Export,2
1904,361,2025-08-26 01:06:00,User Login,5
1905,715,2025-08-29 19:30:00,Settings Update,0
1906,1280,2026-03-25 04:13:00,Dashboard View,5
1907,95,2024-02-17 16:04:00,Report Export,1
1908,1741,2026-04-05 23:37:00,Dashboard View,1
1909,1940,2026-09-03 15:19:00,Report Export,1
1910,886,2025-10-20 08:39:00,Data Import,0
1911,8,2026-06-15 22:24:00,Team Invite,5
1912,722,2026-07-19 19:07:00,Dashboard View,5
1913,358,2025-10-26 09:26:00,Data Import,0
1914,140,2026-01-18 17:09:00,Settings Update,5
1915,1228,2026-07-03 08:27:00,Data Import,5
1916,197,2024-11-23 20:09:00,Dashboard View,10
1917,1693,2026-07-26 18:52:00,Team Invite,30
1918,753,2026-08-19 12:27:00,Team Invite,2
1919,1188,2026-05-25 04:13:00,Settings Update,15
1920,595,2025-08-14 17:43:00,Report Export,10
1921,732,2025-02-09 05:33:00,Settings Update,2
1922,497,2026-02-20 23:30:00,Report Export,2
1923,1127,2026-02-28 01:47:00,Report Export,0
1924,1498,2025-09-03 14:30:00,Report Export,5
1925,163,2026-02-21 18:13:00,Dashboard View,2
1926,733,2025-04-11 10:22:00,Report Export,1
1927,909,2026-05-18 19:09:00,Data Import,15
1928,1341,2025-11-02 09:43:00,Team Invite,5
1929,1416,2026-02-25 04:25:00,Settings Update,10
1930,1562,2026-08-14 15:37:00,Report Export,10
1931,1802,2025-11-21 16:36:00,Data Import,15
1932,163,2025-05-08 16:27:00,User Login,1
1933,999,2026-03-19 08:31:00,Settings Update,2
1934,1263,2025-10-14 01:18:00,Dashboard View,2
1935,1444,2026-06-01 05:38:00,User Login,15
1936,1961,2026-08-13 12:20:00,Report Export,10
1937,577,2024-01-30 23:20:00,User Login,1
1938,1364,2026-07-01 01:09:00,Dashboard View,2
1939,541,2026-05-01 22:57:00,Dashboard View,5
1940,210,2026-05-03 02:08:00,Settings Update,10
1941,574,2026-02-25 22:15:00,User Login,0
1942,1897,2024-08-05 13:23:00,User Login,5
1943,205,2024-12-01 19:25:00,Report Export,10
1944,651,2023-10-12 02:37:00,Report Export,2
1945,1849,2024-06-02 21:05:00,Dashboard View,15
1946,1474,2025-10-02 16:19:00,Data Import,2
1947,1728,2024-08-13 02:52:00,Report Export,5
1948,1423,2026-02-22 23:44:00,Team Invite,0
1949,1361,2026-07-02 08:36:00,Report Export,0
1950,1948,2025-12-10 11:26:00,Dashboard View,10
1951,478,2023-07-24 05:06:00,Team Invite,15
1952,1741,2026-06-14 06:29:00,Report Export,1
1953,1220,2025-11-05 20:42:00,Dashboard View,0
1954,1814,2026-08-14 00:06:00,Team Invite,15
1955,593,2026-07-03 13:10:00,Dashboard View,10
1956,1130,2024-10-14 05:46:00,Team Invite,15
1957,32,2023-07-09 13:04:00,Report Export,5
1958,686,2024-08-08 22:37:00,User Login,15
1959,109,2024-11-08 20:20:00,Dashboard View,30
1960,555,2026-05-05 10:34:00,Team Invite,0
1961,567,2026-05-20 02:04:00,Settings Update,10
1962,64,2026-04-21 01:19:00,Data Import,0
1963,1832,2025-06-16 23:15:00,Dashboard View,10
1964,1172,2024-11-05 19:58:00,Team Invite,2
1965,1701,2024-05-09 15:25:00,Settings Update,10
1966,1637,2024-07-21 15:31:00,Settings Update,2
1967,102,2026-05-03 08:58:00,Settings Update,10
1968,681,2025-12-05 04:20:00,User Login,2
1969,1715,2025-06-11 05:11:00,Data Import,2
1970,535,2026-01-31 12:37:00,Data Import,5
1971,1418,2025-11-26 13:48:00,Dashboard View,10
1972,1557,2025-12-29 10:54:00,Data Import,15
1973,1513,2025-09-16 05:31:00,User Login,1
1974,238,2024-10-29 17:35:00,Dashboard View,2
1975,756,2026-04-17 00:04:00,Settings Update,5
1976,1610,2026-02-12 11:58:00,User Login,0
1977,349,2026-06-04 15:47:00,Settings Update,2
1978,1961,2025-12-16 01:16:00,Data Import,10
1979,188,2026-08-16 09:57:00,Data Import,10
1980,1279,2025-06-13 04:47:00,User Login,5
1981,1289,2025-08-01 16:34:00,Dashboard View,5
1982,1737,2024-05-18 02:21:00,Dashboard View,1
1983,1371,2026-06-27 21:26:00,Report Export,2
1984,517,2026-04-15 14:02:00,Data Import,1
1985,129,2025-12-09 23:36:00,Team Invite,5
1986,604,2026-01-16 00:28:00,User Login,5
1987,161,2026-07-28 20:00:00,Dashboard View,2
1988,160,2025-05-09 07:27:00,Data Import,5
1989,316,2025-12-20 19:47:00,Team Invite,10
1990,802,2025-12-28 23:06:00,Team Invite,0
1991,516,2026-04-13 14:50:00,Dashboard View,2
1992,60,2026-06-28 13:00:00,Dashboard View,5
1993,1784,2026-03-23 11:48:00,Dashboard View,10
1994,1100,2023-03-08 00:57:00,User Login,15
1995,1134,2024-10-20 05:32:00,Data Import,30
1996,743,2026-08-15 13:06:00,Settings Update,5
1997,1887,2026-02-11 15:51:00,Dashboard View,2
1998,1000,2025-12-06 22:05:00,Settings Update,10
1999,1636,2026-05-14 05:35:00,Report Export,2
2000,1770,2023-12-25 08:13:00,Dashboard View,30
2001,1213,2025-04-09 03:23:00,Report Export,5
2002,362,2026-06-16 19:31:00,Settings Update,1
2003,866,2025-11-13 08:50:00,Team Invite,0
2004,1073,2026-08-05 03:10:00,Team Invite,10
2005,708,2026-03-30 18:51:00,Data Import,10
2006,1410,2026-06-20 20:56:00,User Login,5
2007,1736,2026-09-14 17:01:00,Dashboard View,1
2008,1586,2024-09-03 10:48:00,User Login,10
2009,125,2025-07-25 06:26:00,Dashboard View,10
2010,1761,2026-09-07 17:02:00,Report Export,2
2011,1688,2026-07-15 01:50:00,Dashboard View,10
2012,1792,2026-06-04 22:03:00,Team Invite,5
2013,1472,2026-01-06 14:03:00,Report Export,15
2014,1899,2025-11-25 19:22:00,Settings Update,1
2015,253,2026-07-10 14:57:00,User Login,10
2016,893,2026-06-12 13:09:00,Settings Update,2
2017,1650,2026-02-21 17:55:00,User Login,15
2018,1529,2025-09-20 12:54:00,Dashboard View,1
2019,737,2024-07-04 12:32:00,User Login,1
2020,296,2024-02-08 19:09:00,Report Export,2
2021,566,2025-10-17 01:51:00,Settings Update,30
2022,1872,2024-04-18 12:39:00,Data Import,0
2023,900,2026-04-11 14:52:00,Report Export,10
2024,1856,2026-08-29 03:52:00,Settings Update,15
2025,1303,2026-02-06 03:48:00,Dashboard View,30
2026,1311,2024-12-26 13:24:00,Data Import,5
2027,1056,2025-01-13 07:54:00,Team Invite,10
2028,1619,2026-06-29 07:01:00,Dashboard View,2
2029,127,2026-02-27 22:51:00,Data Import,10
2030,1464,2026-05-27 00:45:00,Settings Update,5
2031,1747,2026-02-22 01:24:00,Data Import,5
2032,1739,2026-06-21 07:30:00,Data Import,5
2033,11,2026-04-10 09:29:00,Settings Update,30
2034,1302,2026-09-22 10:47:00,Settings Update,10
2035,119,2026-08-01 15:00:00,Report Export,5
2036,1085,2026-07-28 00:10:00,User Login,2
2037,755,2023-10-20 06:00:00,Team Invite,15
2038,98,2024-12-07 20:50:00,Dashboard View,15
2039,243,2025-07-13 15:21:00,Data Import,5
2040,1850,2026-07-03 16:49:00,Dashboard View,5
2041,369,2026-05-24 09:01:00,User Login,1
2042,338,2026-03-12 10:50:00,Dashboard View,2
2043,706,2026-07-16 07:11:00,Dashboard View,2
2044,287,2026-01-19 11:04:00,Data Import,10
2045,1840,2024-06-29 03:12:00,Data Import,1
2046,959,2024-11-10 02:51:00,User Login,5
2047,971,2026-09-14 11:00:00,Team Invite,2
2048,427,2026-03-04 23:44:00,Dashboard View,15
2049,1301,2026-06-16 02:32:00,Dashboard View,2
2050,190,2025-06-04 03:08:00,Dashboard View,30
2051,1918,2024-10-08 15:16:00,Team Invite,15
2052,563,2025-03-14 02:21:00,User Login,5
2053,1873,2025-04-25 06:51:00,Report Export,5
2054,1434,2024-09-24 12:35:00,Settings Update,15
2055,1196,2025-05-30 14:14:00,Settings Update,5
2056,1253,2025-10-20 01:36:00,Report Export,5
2057,365,2026-09-05 06:38:00,Dashboard View,2
2058,105,2026-02-28 13:12:00,User Login,10
2059,899,2025-05-08 04:19:00,Dashboard View,1
2060,421,2026-01-02 09:39:00,Dashboard View,1
2061,641,2026-09-07 02:36:00,Report Export,15
2062,798,2025-08-14 09:55:00,Report Export,2
2063,426,2025-06-16 11:43:00,Team Invite,1
2064,1348,2025-07-08 23:20:00,Team Invite,30
2065,1997,2025-06-25 11:26:00,Settings Update,10
2066,754,2024-12-04 17:37:00,Data Import,30
2067,1877,2024-09-04 12:44:00,Report Export,10
2068,1903,2023-12-27 17:28:00,Settings Update,5
2069,981,2025-05-01 07:15:00,Team Invite,10
2070,264,2025-06-09 00:17:00,Report Export,10
2071,431,2026-06-30 07:44:00,Settings Update,5
2072,1555,2026-01-11 03:42:00,Settings Update,2
2073,1574,2025-12-26 10:01:00,Settings Update,10
2074,1350,2025-05-11 15:01:00,Data Import,0
2075,1594,2025-12-31 07:49:00,Settings Update,15
2076,1903,2025-07-06 13:32:00,Data Import,5
2077,1663,2026-08-03 20:09:00,User Login,0
2078,329,2025-09-26 10:30:00,Team Invite,5
2079,858,2025-06-22 06:26:00,Settings Update,0
2080,421,2025-08-28 06:33:00,Dashboard View,10
2081,1587,2024-09-30 06:12:00,Dashboard View,5
2082,61,2024-10-22 19:51:00,Settings Update,5
2083,604,2026-06-26 15:03:00,Team Invite,5
2084,742,2025-05-11 16:44:00,User Login,1
2085,7,2025-11-08 16:42:00,Team Invite,15
2086,1344,2026-06-24 06:25:00,User Login,5
2087,1405,2024-11-29 16:41:00,Team Invite,0
2088,868,2026-05-27 00:00:00,User Login,10
2089,1841,2026-03-20 16:43:00,Settings Update,0
2090,1858,2024-09-22 15:37:00,Dashboard View,2
2091,1773,2024-10-13 11:10:00,Settings Update,5
2092,773,2024-12-07 16:59:00,Dashboard View,2
2093,1590,2023-06-13 21:28:00,Settings Update,1
2094,1293,2026-06-09 03:42:00,Settings Update,5
2095,935,2026-08-18 14:00:00,Report Export,1
2096,1142,2025-11-19 16:13:00,Data Import,5
2097,9,2025-11-04 23:16:00,Data Import,15
2098,934,2026-06-26 18:02:00,Data Import,15
2099,1094,2025-11-16 06:16:00,User Login,15
2100,652,2026-08-24 12:58:00,Team Invite,5
2101,1508,2026-09-26 04:24:00,Dashboard View,1
2102,444,2025-07-11 21:32:00,Team Invite,0
2103,1441,2025-03-05 23:46:00,User Login,2
2104,656,2026-09-23 20:43:00,Data Import,1
2105,50,2026-01-12 15:46:00,Settings Update,0
2106,1440,2025-09-23 14:33:00,Report Export,15
2107,1316,2026-07-14 10:45:00,Report Export,2
2108,260,2026-08-18 23:56:00,Settings Update,5
2109,48,2025-04-09 02:21:00,Data Import,5
2110,1947,2026-05-19 03:15:00,Team Invite,10
2111,411,2026-02-05 09:52:00,Report Export,30
2112,245,2026-09-12 15:42:00,Data Import,2
2113,282,2025-12-27 15:38:00,Settings Update,2
2114,1480,2026-07-03 07:12:00,Dashboard View,5
2115,1116,2026-04-07 14:14:00,Team Invite,10
2116,721,2026-02-17 13:27:00,Report Export,0
2117,633,2026-07-01 14:33:00,Data Import,10
2118,822,2026-07-23 00:48:00,Dashboard View,2
2119,920,2025-01-03 13:24:00,Report Export,1
2120,1259,2026-08-25 16:42:00,Data Import,10
2121,703,2025-06-13 10:57:00,Data Import,5
2122,616,2025-04-30 08:21:00,Settings Update,10
2123,824,2025-09-23 05:39:00,Report Export,5
2124,113,2026-03-03 05:08:00,Team Invite,2
2125,1262,2024-10-12 01:27:00,Team Invite,0
2126,644,2026-06-26 08:06:00,Report Export,5
2127,898,2025-10-19 17:26:00,Team Invite,5
2128,448,2025-07-21 19:08:00,Report Export,10
2129,1365,2026-09-30 19:33:00,User Login,1
2130,734,2026-08-07 08:27:00,Team Invite,5
2131,863,2025-09-02 18:26:00,User Login,30
2132,124,2025-10-23 11:25:00,Data Import,5
2133,1314,2025-11-25 01:35:00,Data Import,1
2134,1335,2026-06-26 22:19:00,Settings Update,1
2135,299,2026-03-11 07:40:00,Data Import,0
2136,817,2023-05-30 01:46:00,Dashboard View,1
2137,877,2025-08-11 09:54:00,User Login,5
2138,75,2026-08-11 13:04:00,Data Import,5
2139,75,2026-07-23 02:00:00,Dashboard View,5
2140,881,2025-03-14 11:53:00,Team Invite,5
2141,662,2025-04-06 10:19:00,Team Invite,1
2142,112,2023-10-22 15:56:00,Settings Update,15
2143,1750,2026-02-05 04:41:00,Team Invite,15
2144,1490,2025-02-27 20:44:00,Report Export,10
2145,9,2025-09-01 05:52:00,Team Invite,1
2146,1363,2026-09-28 18:32:00,User Login,5
2147,1689,2024-07-09 01:31:00,Report Export,1
2148,844,2026-06-02 11:52:00,User Login,5
2149,218,2023-08-25 23:28:00,Dashboard View,5
2150,1391,2025-09-13 02:55:00,Dashboard View,10
2151,191,2024-12-17 21:58:00,Data Import,0
2152,301,2026-04-28 01:01:00,User Login,2
2153,303,2026-05-11 13:58:00,Data Import,1
2154,1705,2026-01-23 20:19:00,Team Invite,2
2155,288,2026-07-29 21:43:00,Data Import,0
2156,656,2026-07-13 09:31:00,User Login,5
2157,540,2026-06-17 02:26:00,Dashboard View,1
2158,766,2025-12-02 06:45:00,Settings Update,5
2159,1021,2026-01-15 11:38:00,Team Invite,15
2160,1011,2026-04-29 18:59:00,Team Invite,1
2161,534,2025-12-03 21:22:00,Data Import,1
2162,1617,2026-09-25 16:47:00,Report Export,10
2163,102,2026-01-06 12:59:00,Data Import,10
2164,42,2025-12-28 20:08:00,Settings Update,30
2165,938,2026-01-10 09:41:00,Data Import,1
2166,1589,2024-04-07 18:44:00,Data Import,2
2167,936,2026-06-28 13:58:00,User Login,5
2168,1499,2025-09-20 22:03:00,Data Import,30
2169,1840,2025-08-29 14:08:00,Data Import,5
2170,1566,2026-01-21 23:17:00,Settings Update,5
2171,1612,2026-03-05 06:42:00,Data Import,1
2172,1629,2026-01-06 13:28:00,Team Invite,15
2173,1350,2025-02-19 00:02:00,Settings Update,5
2174,1145,2026-05-01 09:11:00,Settings Update,5
2175,1186,2026-04-15 07:04:00,User Login,5
2176,269,2025-05-23 04:32:00,Report Export,2
2177,1037,2024-12-04 19:30:00,Dashboard View,30
2178,1775,2025-10-17 09:33:00,Settings Update,0
2179,702,2026-07-05 11:30:00,Settings Update,5
2180,182,2026-01-04 16:47:00,Data Import,1
2181,1390,2024-12-21 12:22:00,Dashboard View,5
2182,1579,2024-07-26 09:13:00,Data Import,2
2183,1468,2026-09-19 14:44:00,Dashboard View,5
2184,42,2026-06-18 20:13:00,Dashboard View,15
2185,491,2026-06-25 10:39:00,Team Invite,2
2186,661,2026-09-22 14:34:00,Team Invite,10
2187,1877,2024-07-16 10:39:00,Dashboard View,10
2188,429,2025-07-16 04:33:00,Report Export,0
2189,207,2026-04-04 05:25:00,Data Import,5
2190,194,2026-08-11 16:05:00,Data Import,2
2191,1574,2026-06-23 17:32:00,Settings Update,1
2192,952,2026-04-14 14:03:00,User Login,0
2193,1753,2026-02-25 14:01:00,Settings Update,2
2194,1322,2023-10-18 20:25:00,Report Export,2
2195,446,2024-07-22 14:25:00,Report Export,15
2196,1462,2026-08-24 06:08:00,User Login,2
2197,314,2024-11-19 15:38:00,Settings Update,0
2198,1513,2025-08-19 01:30:00,Settings Update,5
2199,1621,2026-08-14 07:28:00,Settings Update,15
2200,1022,2026-03-12 21:21:00,Report Export,10
2201,1335,2026-07-10 19:37:00,Settings Update,2
2202,1709,2025-09-19 12:36:00,Dashboard View,10
2203,616,2025-12-03 08:17:00,Dashboard View,15
2204,1652,2026-08-06 17:43:00,Report Export,30
2205,1873,2025-09-26 14:45:00,Settings Update,1
2206,340,2025-05-29 04:47:00,Settings Update,0
2207,859,2025-03-05 03:20:00,Settings Update,10
2208,643,2026-07-19 15:59:00,Data Import,2
2209,1641,2026-03-23 23:31:00,Dashboard View,2
2210,679,2024-04-03 06:13:00,Dashboard View,30
2211,914,2026-08-04 07:04:00,Team Invite,1
2212,612,2026-07-08 10:57:00,User Login,15
2213,1263,2026-04-06 23:06:00,User Login,2
2214,1292,2024-10-27 04:07:00,Dashboard View,10
2215,1610,2025-04-24 05:31:00,Settings Update,2
2216,1358,2026-08-03 18:22:00,Settings Update,5
2217,1547,2026-07-28 01:49:00,Dashboard View,2
2218,1304,2024-03-14 10:14:00,Settings Update,15
2219,110,2026-07-25 20:50:00,User Login,1
2220,1258,2023-08-09 10:57:00,Report Export,15
2221,1710,2025-06-02 19:13:00,Report Export,10
2222,958,2024-06-22 22:55:00,User Login,2
2223,1726,2025-10-15 05:11:00,User Login,15
2224,1386,2026-08-29 10:12:00,Dashboard View,0
2225,1806,2025-10-21 05:42:00,Data Import,10
2226,423,2026-09-09 04:54:00,Team Invite,0
2227,666,2025-08-31 19:12:00,Team Invite,0
2228,1764,2026-07-25 09:16:00,Team Invite,5
2229,1658,2026-04-14 18:45:00,Settings Update,2
2230,554,2026-05-20 21:36:00,Team Invite,2
2231,1297,2024-12-26 21:12:00,Settings Update,2
2232,1979,2026-03-23 22:53:00,Report Export,10
2233,915,2026-09-20 02:54:00,Data Import,5
2234,1892,2025-05-02 21:40:00,User Login,5
2235,12,2026-04-17 14:03:00,Data Import,5
2236,1835,2026-05-26 04:22:00,Dashboard View,5
2237,243,2023-11-12 06:05:00,Team Invite,5
2238,928,2024-07-08 00:30:00,Data Import,5
2239,561,2024-10-20 23:23:00,User Login,2
2240,1868,2025-12-01 19:26:00,User Login,10
2241,1406,2025-03-20 00:05:00,Team Invite,2
2242,1468,2026-07-04 07:17:00,Dashboard View,10
2243,3,2026-03-23 12:41:00,Data Import,2
2244,776,2025-05-10 14:23:00,User Login,10
2245,1733,2025-05-23 11:47:00,User Login,15
2246,1486,2025-11-25 18:41:00,User Login,5
2247,617,2026-05-07 01:21:00,Dashboard View,2
2248,665,2025-04-23 23:09:00,Report Export,1
2249,1254,2026-09-19 09:57:00,User Login,10
2250,381,2023-12-26 09:44:00,User Login,5
2251,1770,2025-09-01 03:53:00,User Login,30
2252,685,2024-12-13 14:14:00,Dashboard View,2
2253,1590,2024-09-08 05:34:00,Settings Update,0
2254,1006,2026-08-03 16:04:00,Team Invite,15
2255,856,2026-06-19 18:12:00,Dashboard View,15
2256,1645,2026-03-24 12:07:00,Data Import,15
2257,981,2023-08-27 01:27:00,User Login,1
2258,1237,2025-12-03 07:27:00,User Login,0
2259,1181,2026-03-30 08:07:00,Dashboard View,5
2260,1721,2026-02-13 20:54:00,Team Invite,5
2261,1247,2025-11-19 21:12:00,Dashboard View,5
2262,584,2025-09-04 14:02:00,Settings Update,15
2263,794,2026-03-08 01:35:00,User Login,2
2264,861,2024-12-16 04:09:00,Settings Update,15
2265,1048,2025-07-22 00:32:00,Team Invite,10
2266,1109,2026-07-13 09:45:00,User Login,5
2267,1154,2025-10-06 08:49:00,Report Export,5
2268,1274,2026-04-01 16:47:00,User Login,5
2269,883,2025-04-14 14:16:00,Settings Update,1
2270,1426,2025-03-07 00:55:00,Dashboard View,5
2271,902,2024-03-25 10:16:00,User Login,10
2272,1210,2025-01-24 00:07:00,Report Export,15
2273,1643,2024-09-22 12:28:00,Report Export,10
2274,180,2026-03-15 10:24:00,User Login,10
2275,1069,2025-10-19 08:01:00,Settings Update,1
2276,1096,2025-09-12 09:48:00,User Login,2
2277,1248,2023-12-11 20:15:00,User Login,0
2278,1623,2025-11-18 01:36:00,Data Import,5
2279,344,2025-08-05 21:06:00,Data Import,15
2280,837,2026-09-07 07:30:00,Settings Update,0
2281,457,2023-10-03 20:53:00,Settings Update,0
2282,218,2026-04-07 23:04:00,Team Invite,1
2283,1654,2026-06-28 00:01:00,Data Import,15
2284,1217,2025-03-03 09:27:00,Team Invite,2
2285,1226,2025-10-15 01:49:00,Data Import,5
2286,1119,2025-05-29 10:06:00,Settings Update,10
2287,1263,2026-01-10 04:31:00,Settings Update,5
2288,191,2024-03-03 19:43:00,Report Export,2
2289,1725,2025-11-16 19:03:00,Dashboard View,5
2290,1729,2026-06-27 21:03:00,Team Invite,2
2291,1889,2026-06-25 02:57:00,Data Import,2
2292,166,2026-05-30 20:27:00,Team Invite,2
2293,211,2025-11-04 14:43:00,Report Export,10
2294,570,2024-10-04 00:26:00,User Login,0
2295,1985,2023-11-20 10:47:00,Settings Update,10
2296,706,2026-08-15 04:17:00,Team Invite,0
2297,1277,2025-11-19 15:31:00,Team Invite,5
2298,1997,2026-09-01 10:44:00,User Login,1
2299,14,2025-03-14 07:03:00,Report Export,0
2300,133,2026-07-10 13:05:00,User Login,2
2301,1144,2025-12-29 13:11:00,Report Export,5
2302,1251,2025-06-15 20:59:00,User Login,2
2303,1322,2024-03-31 19:17:00,Settings Update,30
2304,710,2026-08-11 16:59:00,Report Export,1
2305,744,2025-07-13 19:36:00,Dashboard View,0
2306,280,2026-08-26 12:14:00,Report Export,2
2307,1276,2024-06-07 04:28:00,User Login,5
2308,970,2026-04-09 17:20:00,Settings Update,2
2309,1391,2024-05-12 13:32:00,Report Export,1
2310,1350,2025-12-09 23:23:00,Data Import,1
2311,570,2025-01-07 17:50:00,Report Export,0
2312,1071,2025-12-18 00:07:00,Dashboard View,2
2313,1757,2025-05-08 15:25:00,Settings Update,2
2314,205,2025-12-26 11:55:00,Dashboard View,1
2315,1118,2026-08-31 11:23:00,Report Export,1
2316,1916,2024-02-25 15:23:00,Dashboard View,5
2317,442,2026-04-22 15:15:00,Dashboard View,5
2318,1838,2025-01-28 10:09:00,Team Invite,30
2319,452,2024-06-30 08:15:00,Data Import,5
2320,197,2026-09-26 06:36:00,Data Import,10
2321,989,2026-04-01 10:27:00,Report Export,5
2322,1006,2026-03-25 07:23:00,Dashboard View,0
2323,1453,2026-04-01 22:20:00,Data Import,10
2324,91,2025-08-17 16:10:00,Settings Update,15
2325,86,2026-07-25 21:34:00,Report Export,5
2326,384,2026-01-19 23:22:00,Settings Update,2
2327,369,2026-07-10 06:55:00,Team Invite,10
2328,48,2026-01-22 05:40:00,Team Invite,2
2329,1038,2026-01-18 23:13:00,User Login,0
2330,124,2026-03-16 11:34:00,Report Export,10
2331,279,2026-03-19 04:48:00,Report Export,15
2332,1361,2025-06-09 13:29:00,Data Import,10
2333,131,2026-06-28 11:12:00,Report Export,5
2334,921,2026-09-27 00:49:00,Report Export,10
2335,1571,2024-07-05 09:59:00,User Login,5
2336,692,2026-04-27 12:54:00,Team Invite,5
2337,1427,2025-11-05 13:13:00,Team Invite,5
2338,485,2026-08-18 18:37:00,Settings Update,5
2339,1076,2023-12-14 22:54:00,Data Import,1
2340,378,2026-04-02 18:35:00,Team Invite,30
2341,1635,2024-09-02 22:09:00,Team Invite,10
2342,457,2026-07-10 12:51:00,Data Import,5
2343,1532,2025-12-05 06:48:00,Team Invite,5
2344,1556,2025-07-06 08:51:00,Data Import,2
2345,325,2025-12-29 12:09:00,Report Export,1
2346,1110,2026-09-08 06:50:00,Data Import,10
2347,1703,2025-06-17 21:17:00,Report Export,5
2348,1408,2026-09-04 12:07:00,Report Export,5
2349,917,2025-07-15 17:43:00,User Login,0
2350,1493,2025-12-12 18:37:00,Team Invite,1
2351,1227,2026-05-23 10:04:00,Dashboard View,30
2352,1348,2024-12-01 16:46:00,Report Export,5
2353,145,2025-08-25 04:37:00,Settings Update,30
2354,774,2026-02-21 09:44:00,Report Export,5
2355,765,2026-05-25 15:50:00,Dashboard View,10
2356,503,2025-06-04 20:12:00,Team Invite,0
2357,772,2025-07-19 20:41:00,User Login,15
2358,648,2025-10-11 01:43:00,Settings Update,2
2359,615,2023-08-28 04:13:00,Data Import,1
2360,1083,2026-02-22 19:37:00,Team Invite,10
2361,4,2026-09-20 16:59:00,User Login,10
2362,1076,2024-02-29 02:56:00,Dashboard View,5
2363,579,2026-09-28 23:11:00,Report Export,10
2364,53,2025-12-16 13:32:00,Dashboard View,5
2365,684,2026-03-11 21:32:00,Data Import,2
2366,1577,2026-02-26 06:51:00,User Login,1
2367,232,2026-08-30 06:11:00,User Login,15
2368,1463,2026-08-15 15:54:00,User Login,1
2369,1145,2026-09-04 07:49:00,Dashboard View,10
2370,156,2026-08-20 16:03:00,Data Import,1
2371,1827,2026-05-29 22:15:00,Dashboard View,10
2372,961,2026-03-01 15:21:00,User Login,5
2373,1612,2024-10-12 05:07:00,Settings Update,1
2374,1555,2025-09-27 02:51:00,Settings Update,10
2375,968,2025-12-25 14:10:00,Settings Update,0
2376,1954,2025-06-15 03:07:00,Report Export,30
2377,731,2025-11-05 09:24:00,Dashboard View,1
2378,269,2025-08-24 03:08:00,Dashboard View,5
2379,233,2026-06-27 00:19:00,Report Export,10
2380,1780,2026-01-11 15:54:00,Data Import,5
2381,1130,2024-06-01 02:34:00,Data Import,5
2382,342,2026-01-26 13:13:00,Dashboard View,15
2383,239,2026-05-25 11:08:00,User Login,1
2384,812,2024-07-29 17:56:00,Settings Update,1
2385,1178,2026-03-02 07:06:00,Dashboard View,0
2386,1841,2025-10-02 14:38:00,Team Invite,10
2387,1552,2025-05-20 02:14:00,User Login,15
2388,348,2026-06-06 06:34:00,Team Invite,0
2389,441,2026-03-20 14:02:00,Report Export,0
2390,1159,2026-04-19 02:53:00,Settings Update,2
2391,154,2026-09-20 08:24:00,Settings Update,2
2392,1773,2026-04-20 07:52:00,User Login,0
2393,954,2026-06-27 04:57:00,User Login,1
2394,1296,2025-06-27 11:03:00,Team Invite,10
2395,1958,2026-09-28 00:27:00,Team Invite,10
2396,420,2025-07-24 07:15:00,Report Export,2
2397,230,2025-04-11 22:11:00,User Login,1
2398,1996,2026-04-22 01:19:00,Settings Update,2
2399,1922,2026-01-28 15:15:00,Dashboard View,15
2400,744,2025-07-12 23:21:00,Dashboard View,1
2401,1347,2024-02-07 00:37:00,User Login,2
2402,113,2026-07-07 04:18:00,Dashboard View,5
2403,192,2026-04-24 06:21:00,Settings Update,5
2404,860,2025-05-02 10:15:00,Report Export,5
2405,456,2026-02-20 07:42:00,Settings Update,30
2406,742,2026-06-06 08:12:00,Report Export,5
2407,1205,2025-02-23 16:01:00,Team Invite,0
2408,1629,2026-06-02 03:25:00,Report Export,5
2409,1000,2026-04-02 01:05:00,Team Invite,2
2410,1064,2024-12-22 20:07:00,Data Import,2
2411,12,2026-09-27 00:14:00,Settings Update,2
2412,1297,2025-08-03 11:32:00,Team Invite,5
2413,1472,2026-02-26 12:55:00,Team Invite,2
2414,331,2025-07-21 03:32:00,Dashboard View,10
2415,1874,2026-08-13 00:08:00,Report Export,1
2416,195,2026-02-09 11:06:00,Settings Update,5
2417,1908,2025-09-17 00:25:00,Team Invite,0
2418,1217,2025-05-07 15:49:00,Data Import,0
2419,1985,2025-08-23 03:58:00,Team Invite,5
2420,331,2026-01-06 14:30:00,Team Invite,2
2421,43,2025-01-10 12:06:00,User Login,5
2422,1356,2026-04-15 21:40:00,Settings Update,5
2423,582,2025-10-30 23:38:00,Team Invite,2
2424,871,2026-06-27 23:55:00,Team Invite,5
2425,1554,2025-12-19 15:50:00,Report Export,0
2426,1820,2025-09-14 08:54:00,Settings Update,30
2427,165,2026-06-13 07:24:00,Team Invite,2
2428,583,2026-06-18 12:48:00,Data Import,0
2429,597,2026-09-12 04:46:00,Team Invite,15
2430,961,2025-07-11 21:58:00,Settings Update,15
2431,1921,2026-04-21 10:13:00,Dashboard View,15
2432,745,2026-07-06 11:22:00,Dashboard View,30
2433,1969,2024-12-25 01:09:00,Team Invite,5
2434,38,2026-06-21 23:37:00,Data Import,2
2435,401,2025-06-21 13:58:00,Data Import,1
2436,920,2024-02-20 18:16:00,Report Export,2
2437,191,2023-12-23 19:01:00,Settings Update,5
2438,327,2025-11-19 10:03:00,Team Invite,5
2439,541,2026-07-31 21:19:00,User Login,0
2440,1713,2025-11-06 13:00:00,User Login,2
2441,1008,2024-10-25 13:00:00,Report Export,1
2442,348,2026-07-22 10:58:00,Report Export,5
2443,165,2026-07-04 08:47:00,Dashboard View,5
2444,382,2025-10-18 17:01:00,Settings Update,2
2445,1897,2024-04-13 15:23:00,Data Import,5
2446,198,2026-08-16 07:28:00,Settings Update,0
2447,1580,2025-08-05 08:35:00,Report Export,5
2448,913,2025-09-16 19:13:00,Report Export,10
2449,1252,2026-06-28 19:40:00,Dashboard View,0
2450,1879,2024-09-30 18:27:00,Team Invite,5
2451,725,2026-04-17 03:08:00,Dashboard View,10
2452,1931,2025-03-29 09:24:00,Data Import,10
2453,1714,2025-10-13 12:16:00,User Login,5
2454,729,2026-04-02 05:21:00,Dashboard View,5
2455,1888,2025-02-26 01:47:00,Team Invite,0
2456,1776,2026-06-16 07:50:00,Settings Update,5
2457,318,2025-06-02 14:56:00,Dashboard View,15
2458,1186,2024-01-18 16:27:00,Dashboard View,0
2459,1067,2025-10-28 20:21:00,Dashboard View,2
2460,1083,2026-07-05 04:20:00,Team Invite,2
2461,23,2024-06-09 05:59:00,Team Invite,15
2462,1110,2026-09-21 13:21:00,Settings Update,1
2463,1562,2025-10-18 18:50:00,Settings Update,0
2464,715,2024-04-22 16:54:00,Report Export,10
2465,1580,2026-07-11 01:54:00,Data Import,1
2466,1989,2026-05-04 15:14:00,Dashboard View,10
2467,1109,2025-09-17 01:14:00,Settings Update,15
2468,593,2026-05-25 03:47:00,User Login,5
2469,951,2025-09-05 18:09:00,Team Invite,5
2470,134,2026-07-10 20:07:00,Team Invite,0
2471,27,2026-08-31 15:56:00,Dashboard View,5
2472,72,2026-09-14 11:31:00,Data Import,30
2473,1556,2025-04-12 11:59:00,Team Invite,2
2474,1741,2026-06-10 18:07:00,Data Import,1
2475,932,2026-04-29 15:13:00,Settings Update,5
2476,504,2025-04-16 22:59:00,Team Invite,2
2477,1641,2025-12-25 13:31:00,User Login,5
2478,1228,2026-08-19 19:10:00,Settings Update,2
2479,1510,2026-07-26 07:10:00,Team Invite,5
2480,343,2026-01-08 07:31:00,Dashboard View,1
2481,1765,2026-03-05 19:05:00,Settings Update,5
2482,83,2024-12-14 13:25:00,Data Import,5
2483,1999,2023-09-16 08:04:00,Team Invite,1
2484,392,2025-04-02 14:25:00,Settings Update,5
2485,473,2026-01-01 18:49:00,Settings Update,2
2486,1661,2024-04-28 20:40:00,Team Invite,2
2487,1910,2026-01-17 23:40:00,Dashboard View,5
2488,965,2025-04-01 05:43:00,Data Import,1
2489,487,2026-02-28 23:15:00,User Login,2
2490,1355,2025-12-09 14:15:00,Settings Update,0
2491,447,2025-09-21 16:16:00,Report Export,2
2492,386,2026-02-16 21:30:00,Team Invite,1
2493,896,2024-09-04 13:07:00,Dashboard View,1
2494,588,2026-01-21 12:59:00,Report Export,0
2495,420,2025-01-09 14:34:00,User Login,15
2496,1537,2025-12-18 23:22:00,Data Import,1
2497,1690,2026-01-16 11:50:00,User Login,15
2498,926,2025-03-24 02:41:00,Dashboard View,10
2499,1049,2026-08-13 10:37:00,Report Export,2
2500,474,2026-05-29 20:46:00,Dashboard View,0
2501,1779,2026-09-24 19:17:00,Report Export,5
2502,93,2026-04-08 09:35:00,Team Invite,2
2503,1039,2026-08-07 03:25:00,Data Import,15
2504,21,2026-08-09 16:03:00,Team Invite,10
2505,542,2026-04-23 16:43:00,Settings Update,0
2506,1946,2026-09-30 04:18:00,Data Import,15
2507,1652,2026-01-12 17:33:00,Report Export,2
2508,958,2024-09-07 08:44:00,User Login,0
2509,1924,2026-06-28 14:13:00,User Login,10
2510,161,2026-07-05 18:12:00,Team Invite,0
2511,175,2025-04-15 14:58:00,Report Export,10
2512,1208,2025-06-17 16:47:00,Dashboard View,2
2513,14,2025-09-30 00:49:00,Team Invite,5
2514,1513,2024-11-25 08:36:00,Dashboard View,5
2515,823,2024-09-02 15:26:00,Data Import,5
2516,1486,2026-05-17 06:35:00,Team Invite,30
2517,1137,2023-10-05 06:56:00,Report Export,15
2518,973,2024-08-15 22:10:00,Team Invite,5
2519,1425,2026-09-28 03:35:00,Dashboard View,2
2520,1840,2024-12-01 21:37:00,Report Export,2
2521,1032,2026-03-15 07:02:00,Report Export,0
2522,815,2026-08-04 02:26:00,Dashboard View,5
2523,501,2026-01-11 09:04:00,Team Invite,5
2524,1068,2026-07-04 12:00:00,Report Export,5
2525,635,2026-04-03 00:30:00,Report Export,2
2526,1416,2026-06-18 08:33:00,Settings Update,0
2527,694,2025-03-12 07:37:00,Dashboard View,2
2528,1100,2023-07-26 05:33:00,Settings Update,5
2529,910,2026-03-30 20:14:00,Settings Update,5
2530,674,2026-05-28 07:48:00,Dashboard View,10
2531,1829,2026-06-16 05:50:00,User Login,5
2532,1059,2025-08-04 08:27:00,Settings Update,2
2533,1216,2026-02-04 07:52:00,User Login,5
2534,1494,2026-01-21 07:49:00,Report Export,0
2535,343,2026-02-14 16:26:00,Dashboard View,15
2536,176,2025-07-05 13:51:00,Team Invite,10
2537,1600,2026-02-24 07:03:00,Team Invite,2
2538,1132,2023-07-30 02:43:00,Settings Update,2
2539,1007,2025-10-24 02:17:00,Team Invite,30
2540,1739,2025-09-22 17:56:00,Dashboard View,2
2541,897,2024-06-27 05:02:00,Settings Update,1
2542,860,2023-09-23 09:35:00,User Login,2
2543,676,2026-08-07 05:13:00,User Login,5
2544,1998,2026-07-13 13:44:00,Dashboard View,5
2545,454,2026-07-16 14:29:00,User Login,0
2546,852,2026-03-05 19:56:00,Team Invite,5
2547,1312,2026-04-15 22:15:00,User Login,5
2548,1761,2026-09-10 01:27:00,Data Import,10
2549,598,2023-07-18 22:26:00,Settings Update,5
2550,1320,2025-02-08 13:25:00,Team Invite,1
2551,506,2026-08-30 23:53:00,Data Import,2
2552,176,2026-06-11 08:22:00,Report Export,2
2553,928,2025-07-03 22:31:00,Settings Update,2
2554,283,2026-09-24 19:17:00,Data Import,5
2555,848,2025-04-13 17:43:00,Settings Update,15
2556,393,2026-05-16 09:19:00,Settings Update,15
2557,1852,2026-03-30 06:48:00,Settings Update,15
2558,773,2023-05-03 09:08:00,Data Import,2
2559,9,2024-12-04 11:53:00,User Login,5
2560,128,2025-08-28 03:30:00,Settings Update,1
2561,682,2026-08-10 17:34:00,Dashboard View,15
2562,1555,2025-11-05 23:00:00,Report Export,2
2563,842,2025-04-16 05:37:00,Data Import,0
2564,1709,2026-08-06 23:01:00,Data Import,1
2565,524,2026-06-11 20:10:00,User Login,5
2566,1684,2026-09-28 00:32:00,Team Invite,2
2567,654,2025-09-02 00:33:00,User Login,10
2568,209,2026-01-22 18:29:00,Dashboard View,15
2569,1737,2026-04-16 23:32:00,Report Export,5
2570,424,2026-05-29 02:15:00,Report Export,5
2571,67,2024-06-25 21:30:00,Data Import,5
2572,372,2025-11-15 01:04:00,User Login,2
2573,747,2025-01-02 10:30:00,Data Import,5
2574,435,2026-09-01 04:35:00,Dashboard View,30
2575,1404,2026-03-29 21:47:00,Dashboard View,10
2576,808,2025-05-15 10:20:00,User Login,1
2577,1469,2026-03-31 09:07:00,Dashboard View,5
2578,14,2025-03-09 23:27:00,User Login,10
2579,836,2026-07-26 02:42:00,Data Import,1
2580,163,2026-02-08 12:25:00,Dashboard View,10
2581,337,2024-11-30 09:44:00,Data Import,2
2582,949,2026-07-05 18:05:00,Settings Update,0
2583,437,2026-03-02 22:57:00,User Login,15
2584,1998,2026-05-21 10:29:00,Data Import,10
2585,742,2025-10-26 12:50:00,Dashboard View,2
2586,391,2025-02-25 05:26:00,Dashboard View,2
2587,483,2026-03-15 17:10:00,Team Invite,2
2588,1443,2026-09-05 13:37:00,User Login,2
2589,103,2026-06-07 22:50:00,Team Invite,10
2590,237,2026-04-18 14:48:00,Data Import,5
2591,75,2025-10-11 03:18:00,Team Invite,0
2592,859,2024-06-14 09:33:00,User Login,2
2593,216,2024-03-08 23:24:00,Dashboard View,15
2594,1802,2024-09-12 14:39:00,Dashboard View,15
2595,324,2026-03-14 00:38:00,Team Invite,5
2596,603,2025-12-16 02:43:00,Report Export,0
2597,405,2026-05-24 22:20:00,Data Import,10
2598,1243,2026-09-29 00:58:00,Dashboard View,5
2599,702,2025-10-30 12:50:00,Settings Update,5
2600,1923,2025-11-01 01:24:00,Team Invite,1
2601,859,2025-02-26 14:55:00,Settings Update,30
2602,906,2026-08-31 02:41:00,Team Invite,2
2603,1977,2024-12-03 09:06:00,Report Export,2
2604,933,2026-03-04 12:31:00,Settings Update,2
2605,1188,2026-09-06 22:41:00,Report Export,10
2606,1474,2025-03-20 08:55:00,Settings Update,2
2607,447,2026-04-10 02:37:00,User Login,5
2608,673,2026-03-21 18:07:00,Report Export,0
2609,1239,2024-11-17 10:16:00,Team Invite,0
2610,335,2025-06-07 09:13:00,Settings Update,15
2611,1083,2024-12-31 12:53:00,Settings Update,2
2612,1171,2025-02-17 03:15:00,Team Invite,2
2613,998,2026-01-08 17:33:00,User Login,10
2614,1238,2026-09-02 19:55:00,Dashboard View,5
2615,981,2025-12-07 13:14:00,Settings Update,15
2616,1955,2025-04-14 03:34:00,Team Invite,1
2617,1197,2023-12-12 23:46:00,Settings Update,2
2618,109,2026-04-20 09:50:00,Data Import,2
2619,572,2025-10-15 14:03:00,User Login,1
2620,615,2024-10-09 10:46:00,Report Export,5
2621,844,2025-06-26 01:38:00,Data Import,2
2622,1695,2026-04-12 05:35:00,User Login,2
2623,113,2026-02-24 10:05:00,Settings Update,1
2624,254,2025-12-21 12:51:00,Dashboard View,1
2625,1119,2025-09-12 17:56:00,Dashboard View,1
2626,848,2026-07-17 19:38:00,Team Invite,1
2627,1852,2026-01-13 17:41:00,Team Invite,2
2628,1014,2025-06-29 14:00:00,Team Invite,5
2629,61,2024-11-04 06:36:00,Team Invite,5
2630,442,2026-08-17 19:40:00,Report Export,30
2631,807,2026-09-15 14:53:00,Settings Update,15
2632,980,2024-11-22 21:51:00,User Login,10
2633,189,2026-06-10 15:04:00,Settings Update,2
2634,833,2026-03-09 23:28:00,Team Invite,10
2635,1081,2025-05-09 02:25:00,Report Export,10
2636,1568,2026-08-12 12:13:00,Settings Update,1
2637,22,2024-10-23 04:47:00,User Login,1
2638,1403,2026-09-28 16:26:00,Data Import,0
2639,518,2026-06-22 12:23:00,Data Import,5
2640,927,2025-04-10 10:14:00,User Login,2
2641,1974,2026-05-25 07:52:00,Data Import,30
2642,1331,2025-07-22 09:06:00,Report Export,1
2643,953,2026-05-02 05:03:00,Settings Update,5
2644,1737,2024-06-21 22:11:00,Settings Update,5
2645,1837,2025-04-24 16:10:00,Settings Update,0
2646,49,2025-07-31 00:22:00,Report Export,15
2647,659,2024-12-15 09:40:00,Data Import,2
2648,874,2026-06-17 19:02:00,Dashboard View,15
2649,1232,2024-06-30 06:12:00,Dashboard View,10
2650,648,2024-05-24 09:00:00,Data Import,15
2651,252,2026-02-15 20:29:00,Data Import,5
2652,547,2026-06-08 14:27:00,Settings Update,2
2653,1732,2023-08-06 20:51:00,Report Export,5
2654,1668,2024-12-16 07:14:00,Report Export,10
2655,893,2026-08-20 19:19:00,Report Export,0
2656,1130,2025-05-27 08:50:00,Data Import,2
2657,1973,2026-04-06 02:26:00,Team Invite,5
2658,359,2026-04-16 22:49:00,Data Import,0
2659,849,2025-11-08 02:00:00,Report Export,0
2660,629,2025-03-06 20:41:00,User Login,15
2661,1369,2026-07-13 20:26:00,Data Import,10
2662,435,2026-02-19 20:27:00,Data Import,10
2663,1839,2026-06-28 09:27:00,Team Invite,0
2664,1676,2026-05-30 07:48:00,Settings Update,2
2665,843,2025-09-07 21:11:00,User Login,2
2666,1383,2025-12-05 02:55:00,Settings Update,15
2667,1544,2025-12-30 19:11:00,Team Invite,30
2668,1840,2026-01-09 03:57:00,Data Import,5
2669,1695,2025-11-01 06:21:00,Team Invite,2
2670,369,2026-03-12 20:45:00,User Login,1
2671,1092,2026-07-12 13:51:00,Team Invite,5
2672,1017,2026-09-09 02:53:00,Report Export,10
2673,1038,2025-07-18 22:29:00,Data Import,10
2674,502,2025-03-01 01:29:00,Team Invite,2
2675,181,2026-08-26 23:20:00,Dashboard View,2
2676,1796,2026-04-07 04:42:00,Data Import,0
2677,709,2024-12-20 08:26:00,Team Invite,2
2678,269,2025-03-20 12:39:00,Dashboard View,5
2679,1321,2025-05-04 03:06:00,Settings Update,15
2680,1479,2026-07-24 18:29:00,Report Export,5
2681,319,2025-04-05 07:50:00,Dashboard View,1
2682,647,2026-07-12 08:24:00,Data Import,1
2683,1565,2026-04-18 08:17:00,Report Export,5
2684,1409,2026-02-21 08:43:00,Dashboard View,0
2685,338,2025-05-18 03:36:00,Data Import,15
2686,98,2026-09-18 15:35:00,User Login,1
2687,1804,2025-04-08 21:12:00,Settings Update,0
2688,78,2026-04-13 08:40:00,Team Invite,10
2689,429,2025-09-18 23:39:00,Report Export,15
2690,292,2025-12-17 10:43:00,Data Import,10
2691,754,2025-10-22 23:24:00,Report Export,15
2692,618,2026-03-06 15:23:00,User Login,10
2693,1502,2026-06-10 17:44:00,Report Export,10
2694,1660,2025-07-07 19:15:00,Settings Update,5
2695,593,2026-07-13 02:01:00,Settings Update,5
2696,163,2026-05-20 16:32:00,Data Import,10
2697,1121,2025-06-20 16:58:00,Report Export,10
2698,1085,2025-10-13 21:54:00,Settings Update,2
2699,369,2026-09-24 16:15:00,Settings Update,2
2700,407,2025-09-29 21:54:00,Dashboard View,5
2701,1152,2026-07-21 11:40:00,Team Invite,5
2702,1571,2026-02-24 16:18:00,User Login,10
2703,1301,2026-04-13 14:48:00,Data Import,2
2704,860,2023-11-22 21:20:00,Team Invite,10
2705,1312,2026-07-27 00:57:00,Report Export,15
2706,917,2025-08-09 17:51:00,Team Invite,5
2707,731,2026-04-17 14:52:00,Data Import,0
2708,1188,2026-08-10 01:42:00,Report Export,0
2709,700,2025-06-10 01:16:00,User Login,10
2710,1199,2024-05-17 14:18:00,Report Export,5
2711,1296,2025-10-24 08:58:00,Settings Update,2
2712,1014,2024-09-05 19:10:00,Dashboard View,1
2713,1289,2026-09-02 08:52:00,Data Import,0
2714,979,2025-10-31 20:06:00,Settings Update,5
2715,1862,2026-02-17 20:39:00,Team Invite,5
2716,248,2023-10-18 05:03:00,Report Export,10
2717,1001,2026-07-10 05:39:00,Team Invite,30
2718,148,2026-04-29 19:51:00,Team Invite,2
2719,257,2026-08-04 13:05:00,Team Invite,10
2720,804,2026-05-23 21:26:00,Data Import,5
2721,60,2026-06-25 22:36:00,Report Export,2
2722,908,2025-05-11 13:23:00,Report Export,30
2723,1449,2023-07-03 17:15:00,Dashboard View,30
2724,1846,2026-01-03 00:41:00,Dashboard View,0
2725,792,2025-03-17 20:55:00,Settings Update,1
2726,186,2026-07-15 05:36:00,Dashboard View,0
2727,1956,2026-08-28 09:04:00,Team Invite,2
2728,774,2026-08-19 22:17:00,Report Export,15
2729,1127,2026-04-23 00:51:00,Data Import,1
2730,1756,2026-07-11 03:25:00,User Login,1
2731,268,2026-04-13 12:53:00,Team Invite,2
2732,576,2025-04-12 03:02:00,User Login,0
2733,806,2025-03-22 13:29:00,Team Invite,1
2734,1860,2026-05-03 16:34:00,Settings Update,1
2735,524,2026-06-15 17:07:00,Dashboard View,0
2736,330,2025-05-03 16:42:00,Data Import,5
2737,1659,2026-07-18 23:02:00,Team Invite,1
2738,195,2026-05-03 01:47:00,Data Import,10
2739,556,2026-08-27 20:55:00,Team Invite,2
2740,678,2025-10-05 20:23:00,User Login,10
2741,922,2026-09-30 00:56:00,Report Export,10
2742,461,2026-03-29 20:29:00,Team Invite,2
2743,1207,2026-01-09 15:59:00,Settings Update,30
2744,1707,2025-07-09 18:48:00,Settings Update,10
2745,1196,2026-06-03 06:47:00,User Login,5
2746,1106,2026-03-21 12:20:00,Report Export,1
2747,89,2025-12-06 00:18:00,Data Import,10
2748,397,2026-07-17 06:01:00,Data Import,5
2749,1116,2026-04-15 00:50:00,User Login,10
2750,5,2025-11-22 04:25:00,User Login,2
2751,537,2025-08-06 11:12:00,Team Invite,10
2752,890,2024-08-27 22:05:00,User Login,1
2753,286,2026-05-31 02:06:00,User Login,15
2754,289,2026-09-09 20:12:00,Dashboard View,1
2755,1658,2026-06-13 16:10:00,Dashboard View,5
2756,1962,2025-12-17 12:14:00,Team Invite,1
2757,60,2026-07-23 01:50:00,Team Invite,15
2758,1134,2023-06-22 17:56:00,Team Invite,5
2759,880,2026-06-23 02:06:00,Report Export,10
2760,1029,2024-08-18 09:19:00,Team Invite,15
2761,124,2026-04-16 10:43:00,User Login,15
2762,260,2026-05-26 03:08:00,User Login,1
2763,829,2026-07-08 03:00:00,Settings Update,5
2764,195,2026-04-30 13:57:00,User Login,30
2765,1870,2025-12-15 04:05:00,Data Import,1
2766,857,2025-09-23 06:52:00,Team Invite,5
2767,149,2024-10-19 14:48:00,Dashboard View,15
2768,1094,2026-02-08 16:41:00,User Login,2
2769,1512,2026-05-16 09:06:00,Data Import,5
2770,482,2026-04-02 19:53:00,Data Import,2
2771,1166,2025-05-13 06:40:00,User Login,2
2772,381,2025-04-01 05:20:00,User Login,2
2773,778,2025-06-19 18:53:00,Settings Update,5
2774,1007,2026-06-08 07:43:00,Settings Update,2
2775,795,2026-08-03 12:02:00,Report Export,10
2776,1996,2026-09-23 20:15:00,Team Invite,5
2777,1698,2025-08-04 03:16:00,Team Invite,10
2778,1807,2026-02-19 11:45:00,Team Invite,30
2779,1391,2025-11-25 20:51:00,Dashboard View,2
2780,1573,2024-09-11 19:39:00,User Login,10
2781,1293,2026-05-23 04:14:00,Dashboard View,5
2782,999,2026-03-31 04:21:00,Team Invite,5
2783,155,2026-09-12 02:23:00,Team Invite,30
2784,1247,2025-05-26 21:43:00,Team Invite,15
2785,472,2026-05-30 09:05:00,User Login,1
2786,1550,2025-03-19 13:11:00,Settings Update,10
2787,1043,2026-05-09 10:46:00,Team Invite,10
2788,815,2025-12-25 21:53:00,Report Export,0
2789,1905,2026-08-26 01:22:00,Dashboard View,5
2790,442,2025-10-26 06:17:00,Settings Update,1
2791,512,2026-04-27 13:33:00,Dashboard View,5
2792,1911,2026-08-05 15:28:00,Settings Update,5
2793,1551,2025-01-15 09:31:00,Report Export,2
2794,1437,2024-09-10 03:45:00,User Login,5
2795,296,2024-04-17 17:31:00,Team Invite,2
2796,43,2025-09-26 09:31:00,Data Import,1
2797,1312,2026-05-20 04:25:00,Settings Update,1
2798,619,2026-06-20 15:01:00,Settings Update,10
2799,1308,2024-11-03 18:54:00,Data Import,1
2800,1377,2024-08-26 17:45:00,Settings Update,0
2801,640,2026-03-25 08:33:00,Report Export,2
2802,898,2026-06-26 06:14:00,Dashboard View,15
2803,384,2025-12-21 16:06:00,Report Export,5
2804,1948,2026-07-22 14:25:00,User Login,1
2805,15,2025-05-17 03:39:00,User Login,30
2806,1521,2024-12-17 08:58:00,User Login,2
2807,1465,2026-07-03 04:19:00,User Login,10
2808,822,2026-09-29 10:48:00,Dashboard View,2
2809,365,2026-02-17 15:23:00,Dashboard View,5
2810,507,2025-06-22 22:42:00,Report Export,5
2811,609,2026-02-12 08:41:00,User Login,0
2812,1283,2026-03-06 00:40:00,Dashboard View,2
2813,1812,2026-06-08 08:43:00,Data Import,10
2814,1956,2026-01-10 15:26:00,User Login,2
2815,942,2026-01-13 09:07:00,Report Export,5
2816,512,2026-01-13 05:29:00,User Login,0
2817,1098,2024-10-04 06:22:00,Settings Update,2
2818,362,2026-02-15 08:23:00,Report Export,2
2819,1953,2026-03-03 17:07:00,User Login,15
2820,1359,2025-10-31 11:51:00,Report Export,2
2821,998,2026-06-15 22:53:00,Data Import,2
2822,219,2025-05-31 03:06:00,Team Invite,10
2823,1344,2026-04-07 01:41:00,Dashboard View,2
2824,1589,2026-01-17 07:36:00,Team Invite,5
2825,1817,2024-04-09 20:10:00,Settings Update,5
2826,1336,2024-09-08 10:33:00,Data Import,2
2827,1834,2026-01-21 21:06:00,Report Export,5
2828,151,2026-01-25 14:31:00,Team Invite,1
2829,659,2025-12-18 20:32:00,Data Import,1
2830,1708,2026-03-20 00:53:00,Settings Update,0
2831,924,2024-11-20 08:31:00,Settings Update,15
2832,517,2024-08-05 16:00:00,Team Invite,1
2833,1625,2024-10-05 05:36:00,Team Invite,0
2834,825,2025-02-06 03:38:00,Settings Update,10
2835,668,2026-07-01 23:18:00,Dashboard View,1
2836,1158,2025-05-31 14:26:00,Data Import,2
2837,1683,2025-04-08 20:20:00,Settings Update,5
2838,266,2026-05-07 00:59:00,Report Export,1
2839,1800,2026-02-13 10:26:00,Report Export,30
2840,90,2026-03-01 17:00:00,Data Import,5
2841,53,2026-07-21 03:55:00,Settings Update,10
2842,1048,2024-12-23 00:44:00,Report Export,0
2843,681,2025-06-02 14:34:00,Report Export,5
2844,814,2026-06-03 23:30:00,Team Invite,1
2845,1484,2026-08-21 20:09:00,Dashboard View,15
2846,391,2024-06-06 14:04:00,Dashboard View,30
2847,1111,2026-06-14 13:36:00,Team Invite,1
2848,341,2026-05-03 22:37:00,User Login,2
2849,1327,2025-04-09 05:07:00,Data Import,2
2850,714,2025-05-24 18:35:00,Dashboard View,2
2851,1718,2024-07-05 14:46:00,Report Export,5
2852,342,2026-08-20 22:38:00,Data Import,10
2853,1910,2025-06-27 21:35:00,User Login,1
2854,1102,2026-02-26 09:37:00,Report Export,10
2855,800,2024-12-31 17:37:00,Team Invite,10
2856,999,2026-09-04 20:17:00,Settings Update,2
2857,1248,2023-10-10 01:39:00,Report Export,10
2858,1529,2025-10-28 07:23:00,Data Import,10
2859,1033,2025-01-11 14:54:00,Report Export,15
2860,1331,2024-11-27 08:25:00,Team Invite,1
2861,1057,2026-01-26 13:05:00,Team Invite,5
2862,718,2025-02-01 17:31:00,Data Import,1
2863,1430,2026-02-13 18:26:00,Dashboard View,2
2864,1199,2025-12-05 21:48:00,Dashboard View,30
2865,1793,2026-04-01 19:19:00,Dashboard View,2
2866,1160,2025-03-09 20:42:00,Report Export,5
2867,384,2026-04-30 19:49:00,Settings Update,5
2868,1497,2026-01-11 03:17:00,Data Import,15
2869,1889,2026-07-05 02:51:00,Dashboard View,5
2870,1262,2026-09-16 03:30:00,Team Invite,1
2871,573,2025-12-02 16:19:00,Settings Update,10
2872,554,2026-07-29 08:02:00,Dashboard View,5
2873,357,2026-05-02 05:35:00,Settings Update,30
2874,710,2026-04-01 17:53:00,Dashboard View,30
2875,1011,2026-02-20 00:53:00,Dashboard View,5
2876,1356,2026-03-14 11:29:00,Dashboard View,0
2877,1851,2026-09-04 09:55:00,Report Export,30
2878,1347,2025-03-15 14:20:00,Team Invite,1
2879,1859,2026-09-28 04:21:00,Data Import,30
2880,1853,2025-12-28 20:26:00,Settings Update,0
2881,1409,2026-06-17 08:27:00,Settings Update,10
2882,3,2026-03-02 10:44:00,Team Invite,5
2883,262,2025-05-05 12:54:00,Report Export,2
2884,384,2025-11-06 19:41:00,Team Invite,2
2885,991,2025-12-25 01:00:00,Report Export,30
2886,707,2025-08-28 18:44:00,Dashboard View,2
2887,1333,2026-03-01 04:19:00,Team Invite,2
2888,871,2023-10-03 19:23:00,User Login,5
2889,1839,2026-05-07 09:34:00,User Login,5
2890,939,2025-06-13 07:57:00,Dashboard View,15
2891,1089,2026-04-05 10:28:00,Report Export,5
2892,1236,2023-12-22 19:06:00,Team Invite,0
2893,1467,2025-12-02 13:15:00,Data Import,5
2894,630,2025-04-13 16:00:00,Data Import,15
2895,276,2025-04-23 21:09:00,Report Export,1
2896,648,2026-03-18 18:30:00,Data Import,5
2897,440,2026-02-17 17:49:00,Team Invite,10
2898,1907,2026-06-17 15:24:00,Data Import,30
2899,738,2025-07-24 11:08:00,Data Import,5
2900,1142,2026-04-02 12:56:00,Settings Update,2
2901,1485,2025-06-27 12:17:00,Settings Update,5
2902,344,2026-02-10 09:55:00,Settings Update,5
2903,460,2023-07-01 01:03:00,Report Export,2
2904,535,2026-07-28 20:16:00,Data Import,10
2905,489,2025-10-09 14:39:00,Settings Update,2
2906,1199,2024-12-26 20:40:00,Settings Update,2
2907,933,2024-11-01 09:52:00,Dashboard View,5
2908,638,2025-04-09 01:21:00,Team Invite,10
2909,435,2026-01-20 15:02:00,User Login,5
2910,686,2026-09-23 03:54:00,Dashboard View,5
2911,1210,2025-04-14 20:07:00,Report Export,5
2912,903,2025-09-07 20:39:00,Data Import,2
2913,573,2025-09-04 05:36:00,Settings Update,15
2914,1363,2026-03-28 07:56:00,Team Invite,1
2915,157,2026-07-11 21:39:00,User Login,10
2916,1824,2026-06-14 23:05:00,Dashboard View,5
2917,1763,2024-07-08 22:44:00,User Login,2
2918,1606,2026-03-16 09:52:00,Report Export,2
2919,1700,2025-10-21 17:39:00,Dashboard View,15
2920,1065,2026-06-09 19:09:00,User Login,0
2921,529,2025-08-18 21:26:00,Settings Update,10
2922,964,2026-05-31 19:13:00,Team Invite,2
2923,983,2025-08-06 22:33:00,Settings Update,5
2924,1465,2026-08-13 13:05:00,User Login,5
2925,186,2026-09-03 21:30:00,User Login,2
2926,1982,2026-03-30 10:33:00,Team Invite,0
2927,600,2026-04-29 02:50:00,Settings Update,2
2928,652,2026-07-06 23:04:00,Team Invite,2
2929,1156,2025-01-20 20:50:00,Dashboard View,15
2930,397,2026-09-06 02:08:00,User Login,0
2931,653,2026-03-25 09:03:00,Report Export,15
2932,1638,2025-09-29 09:59:00,Data Import,5
2933,1102,2026-06-11 13:36:00,Data Import,2
2934,1784,2024-03-09 20:10:00,User Login,5
2935,466,2023-07-05 15:33:00,Report Export,5
2936,430,2026-05-15 16:44:00,Team Invite,1
2937,1191,2025-08-27 03:10:00,Team Invite,1
2938,1523,2025-10-01 10:37:00,Team Invite,1
2939,362,2026-06-19 22:33:00,Dashboard View,30
2940,371,2024-09-29 11:20:00,User Login,0
2941,209,2026-06-26 12:11:00,Team Invite,5
2942,1580,2024-08-20 10:06:00,Data Import,5
2943,1054,2025-12-18 06:08:00,User Login,10
2944,316,2025-11-29 03:29:00,Data Import,5
2945,1960,2023-08-02 04:33:00,Team Invite,0
2946,1971,2025-11-15 00:49:00,Team Invite,15
2947,795,2024-05-17 09:17:00,Report Export,1
2948,1393,2026-06-03 00:11:00,Team Invite,30
2949,1816,2026-09-21 12:13:00,Report Export,10
2950,816,2026-07-13 02:45:00,User Login,5
2951,1214,2026-09-04 17:42:00,User Login,0
2952,351,2025-09-17 04:06:00,Data Import,10
2953,1794,2024-05-31 08:43:00,Team Invite,30
2954,467,2025-09-02 03:30:00,Report Export,5
2955,1370,2026-05-12 16:23:00,Dashboard View,2
2956,1525,2026-08-18 21:19:00,Settings Update,2
2957,796,2023-07-02 20:56:00,Report Export,10
2958,504,2025-11-24 09:41:00,User Login,1
2959,346,2024-07-29 01:57:00,Data Import,15
2960,1911,2026-06-25 07:02:00,User Login,15
2961,1969,2025-03-01 07:39:00,Dashboard View,0
2962,749,2026-09-29 19:08:00,User Login,2
2963,1300,2025-08-31 06:17:00,Dashboard View,5
2964,74,2025-11-27 13:35:00,Team Invite,1
2965,685,2025-05-11 11:25:00,Report Export,5
2966,1209,2026-09-23 02:33:00,Report Export,5
2967,1809,2026-06-05 19:36:00,User Login,2
2968,1619,2025-07-07 18:35:00,Dashboard View,0
2969,708,2026-08-03 11:31:00,Team Invite,30
2970,1691,2025-03-25 16:00:00,User Login,5
2971,1505,2025-04-11 12:40:00,User Login,0
2972,1380,2025-10-18 00:19:00,Data Import,5
2973,1862,2025-11-21 00:06:00,User Login,10
2974,32,2025-05-21 13:43:00,User Login,2
2975,662,2025-11-04 19:48:00,Settings Update,5
2976,1532,2025-06-21 20:25:00,Data Import,5
2977,813,2026-05-21 15:55:00,Team Invite,10
2978,273,2024-08-27 06:10:00,Data Import,1
2979,517,2025-03-24 00:03:00,User Login,1
2980,132,2026-02-24 03:55:00,Dashboard View,10
2981,1747,2026-07-10 15:53:00,Dashboard View,10
2982,505,2026-01-29 07:21:00,Settings Update,0
2983,1376,2026-08-14 02:54:00,Data Import,30
2984,302,2025-01-19 04:35:00,User Login,1
2985,1671,2025-09-23 06:10:00,Settings Update,2
2986,1754,2026-09-26 03:17:00,Dashboard View,10
2987,270,2026-09-01 09:59:00,Data Import,2
2988,299,2024-12-16 23:38:00,Report Export,1
2989,492,2024-09-09 04:14:00,Team Invite,1
2990,1439,2025-05-22 00:01:00,Dashboard View,1
2991,917,2025-10-22 17:42:00,Team Invite,1
2992,1357,2024-10-30 10:03:00,Team Invite,5
2993,1001,2025-07-24 03:45:00,Report Export,2
2994,1555,2025-12-02 19:20:00,User Login,1
2995,1928,2025-07-29 13:11:00,Settings Update,2
2996,1509,2026-07-17 08:26:00,Team Invite,5
2997,770,2026-05-27 01:57:00,Settings Update,10
2998,1840,2026-01-03 14:29:00,Settings Update,15
2999,442,2025-12-23 02:57:00,Data Import,0
3000,388,2025-10-09 20:29:00,Dashboard View,5
3001,804,2026-02-25 07:24:00,Dashboard View,1
3002,1943,2024-01-29 03:46:00,Data Import,2
3003,1720,2025-12-23 13:04:00,User Login,10
3004,1873,2025-04-10 13:11:00,Settings Update,1
3005,658,2026-09-14 18:30:00,Team Invite,5
3006,932,2025-12-28 17:46:00,Team Invite,1
3007,616,2025-06-14 16:09:00,Dashboard View,2
3008,341,2026-08-11 05:10:00,Report Export,30
3009,1938,2026-06-30 07:12:00,Settings Update,10
3010,170,2025-11-17 16:59:00,Data Import,1
3011,335,2025-02-04 10:38:00,Dashboard View,2
3012,994,2026-07-29 00:49:00,Settings Update,15
3013,597,2026-09-29 01:56:00,Team Invite,5
3014,570,2025-02-20 02:10:00,Data Import,2
3015,329,2024-12-14 18:09:00,Data Import,10
3016,795,2025-07-22 21:01:00,Settings Update,5
3017,1322,2024-12-02 18:45:00,Report Export,15
3018,1429,2026-09-18 11:02:00,Data Import,2
3019,321,2026-07-28 19:44:00,Report Export,1
3020,1955,2025-09-27 08:07:00,Data Import,15
3021,1760,2025-08-27 17:52:00,Team Invite,15
3022,1770,2024-08-20 06:45:00,Settings Update,2
3023,1319,2026-09-04 11:50:00,Settings Update,0
3024,1855,2026-08-21 19:01:00,Data Import,1
3025,67,2025-01-19 10:35:00,User Login,2
3026,708,2024-09-29 16:44:00,Report Export,2
3027,1862,2026-01-15 04:14:00,Report Export,10
3028,1395,2026-04-24 00:00:00,User Login,0
3029,863,2026-08-20 02:35:00,User Login,5
3030,622,2026-06-08 09:25:00,Team Invite,5
3031,956,2026-08-11 20:48:00,Data Import,1
3032,1270,2025-05-27 08:35:00,Report Export,10
3033,1955,2026-04-06 12:55:00,Data Import,0
3034,1307,2025-03-29 18:08:00,Team Invite,10
3035,939,2023-04-15 23:11:00,Data Import,10
3036,1388,2026-09-04 11:51:00,Team Invite,5
3037,542,2026-09-13 03:50:00,Dashboard View,10
3038,128,2026-09-09 11:22:00,Team Invite,2
3039,1339,2025-12-11 02:09:00,User Login,5
3040,913,2026-05-12 20:32:00,Dashboard View,10
3041,1913,2026-08-05 08:03:00,Team Invite,2
3042,824,2024-11-15 15:02:00,Report Export,1
3043,1683,2024-11-07 05:53:00,Data Import,10
3044,666,2026-07-18 06:45:00,Report Export,0
3045,656,2026-08-02 23:46:00,Report Export,1
3046,836,2026-06-15 02:18:00,Report Export,2
3047,121,2025-09-05 15:04:00,Data Import,1
3048,1725,2026-05-16 08:12:00,Dashboard View,0
3049,134,2025-02-20 21:53:00,User Login,5
3050,1333,2024-12-27 19:58:00,Team Invite,2
3051,1489,2025-08-12 23:11:00,Report Export,30
3052,335,2026-02-16 08:37:00,User Login,2
3053,1125,2026-02-20 01:27:00,User Login,5
3054,1369,2026-08-07 09:18:00,Report Export,5
3055,1285,2025-04-11 01:29:00,Team Invite,10
3056,943,2025-07-15 02:47:00,Dashboard View,10
3057,1502,2026-02-26 03:08:00,Data Import,30
3058,1987,2026-06-18 16:49:00,Dashboard View,2
3059,1242,2026-08-28 09:08:00,Dashboard View,1
3060,1043,2026-08-18 09:45:00,Settings Update,5
3061,53,2026-01-03 08:37:00,Dashboard View,10
3062,1348,2024-02-23 14:10:00,Team Invite,1
3063,147,2026-07-29 09:58:00,Settings Update,1
3064,64,2024-11-22 18:38:00,Report Export,0
3065,1962,2026-04-19 09:03:00,Data Import,0
3066,151,2025-12-17 14:02:00,Team Invite,10
3067,1403,2025-08-06 02:01:00,Data Import,2
3068,20,2024-12-21 02:23:00,Team Invite,5
3069,934,2026-06-23 10:02:00,User Login,2
3070,1579,2025-09-24 14:51:00,Data Import,5
3071,548,2023-09-23 08:33:00,Report Export,2
3072,148,2026-03-28 12:01:00,Settings Update,2
3073,545,2025-07-17 14:30:00,Dashboard View,5
3074,134,2025-03-07 07:34:00,User Login,1
3075,1976,2026-06-22 03:07:00,Dashboard View,15
3076,890,2024-01-01 23:30:00,Dashboard View,2
3077,1539,2026-03-23 19:12:00,Data Import,1
3078,805,2025-08-29 20:54:00,User Login,30
3079,22,2026-01-10 08:44:00,User Login,1
3080,651,2025-07-24 06:07:00,Team Invite,0
3081,410,2026-07-30 02:11:00,Report Export,0
3082,298,2025-08-18 23:02:00,Settings Update,5
3083,628,2025-02-27 23:47:00,Report Export,2
3084,41,2026-02-17 16:27:00,Team Invite,10
3085,1515,2026-06-30 13:43:00,Settings Update,1
3086,1569,2025-08-26 07:26:00,Dashboard View,0
3087,31,2026-06-27 23:41:00,Settings Update,5
3088,1602,2026-02-21 18:06:00,Team Invite,10
3089,1583,2026-01-22 00:51:00,Settings Update,5
3090,1035,2024-08-14 05:53:00,Team Invite,15
3091,926,2026-09-01 03:50:00,Settings Update,1
3092,1436,2024-04-14 16:33:00,User Login,15
3093,627,2026-07-27 02:21:00,Team Invite,5
3094,1852,2026-05-15 19:09:00,Data Import,2
3095,393,2026-04-10 22:21:00,Dashboard View,1
3096,874,2026-01-06 20:11:00,User Login,1
3097,1919,2025-09-03 20:38:00,User Login,10
3098,1832,2025-05-09 17:04:00,Dashboard View,0
3099,144,2026-04-11 18:40:00,Team Invite,1
3100,1799,2026-06-20 04:52:00,Data Import,1
3101,1508,2026-02-25 15:30:00,User Login,5
3102,479,2026-02-06 14:29:00,Settings Update,0
3103,1011,2025-11-19 16:44:00,Report Export,2
3104,111,2026-08-12 19:50:00,Report Export,5
3105,171,2026-05-01 06:47:00,Dashboard View,30
3106,931,2026-08-15 05:03:00,Settings Update,1
3107,510,2026-08-17 13:24:00,Dashboard View,10
3108,794,2026-02-05 05:01:00,Dashboard View,2
3109,1996,2026-05-13 18:51:00,Data Import,10
3110,1392,2025-07-12 12:41:00,User Login,0
3111,1397,2026-02-28 13:37:00,User Login,10
3112,180,2026-03-04 17:17:00,Dashboard View,5
3113,1280,2023-07-11 23:36:00,Report Export,5
3114,1376,2025-09-20 12:57:00,User Login,1
3115,844,2025-05-13 16:26:00,Report Export,15
3116,424,2025-02-12 18:38:00,Team Invite,30
3117,91,2025-11-13 12:44:00,User Login,5
3118,1011,2026-06-25 00:50:00,Team Invite,2
3119,41,2026-01-02 20:01:00,Team Invite,0
3120,1703,2024-11-16 21:38:00,Dashboard View,5
3121,89,2025-08-04 20:39:00,Report Export,2
3122,1417,2026-03-25 18:48:00,Settings Update,10
3123,720,2025-10-04 13:59:00,Data Import,2
3124,160,2025-06-25 02:54:00,Report Export,2
3125,856,2026-06-08 12:03:00,Data Import,0
3126,369,2026-07-20 20:48:00,Settings Update,5
3127,87,2025-07-04 12:05:00,Settings Update,1
3128,1291,2025-07-06 03:47:00,Data Import,5
3129,1099,2024-06-01 13:31:00,Settings Update,2
3130,30,2025-07-30 04:53:00,Dashboard View,2
3131,572,2025-07-12 03:49:00,User Login,2
3132,682,2026-01-01 00:44:00,Team Invite,10
3133,572,2025-10-17 15:21:00,Team Invite,15
3134,1512,2026-06-29 03:21:00,User Login,2
3135,1925,2026-07-22 04:57:00,Report Export,5
3136,108,2026-09-08 07:52:00,Settings Update,2
3137,1858,2024-12-10 18:03:00,Report Export,2
3138,597,2026-08-14 13:28:00,Data Import,15
3139,967,2025-08-25 06:49:00,Data Import,15
3140,1820,2026-02-21 07:16:00,Team Invite,5
3141,1012,2025-12-05 06:38:00,Report Export,5
3142,1062,2023-12-28 05:03:00,User Login,5
3143,1562,2026-08-18 00:13:00,User Login,5
3144,1754,2026-02-04 03:00:00,Report Export,5
3145,1643,2026-07-19 00:32:00,Report Export,10
3146,527,2026-04-25 12:00:00,Settings Update,5
3147,51,2026-04-07 14:22:00,User Login,10
3148,1096,2026-03-07 03:56:00,User Login,2
3149,1153,2025-08-06 15:56:00,User Login,2
3150,545,2025-04-23 08:14:00,Settings Update,2
3151,1376,2026-05-13 12:45:00,Dashboard View,2
3152,1325,2026-02-08 04:44:00,Report Export,30
3153,1413,2026-05-21 04:27:00,Dashboard View,0
3154,551,2026-07-22 20:50:00,Dashboard View,1
3155,782,2024-01-11 23:54:00,Report Export,5
3156,620,2026-07-27 13:22:00,Team Invite,2
3157,292,2026-01-20 22:33:00,Settings Update,2
3158,1108,2026-08-29 12:57:00,Data Import,15
3159,1280,2026-08-08 06:54:00,Report Export,5
3160,922,2026-04-20 11:12:00,Settings Update,30
3161,1091,2026-06-04 05:14:00,Settings Update,2
3162,903,2025-12-11 02:50:00,Team Invite,2
3163,523,2024-09-18 23:45:00,Report Export,5
3164,1574,2026-05-26 07:24:00,Team Invite,5
3165,1271,2025-12-06 16:21:00,User Login,2
3166,1594,2026-06-11 19:19:00,User Login,2
3167,443,2024-01-09 16:45:00,Report Export,5
3168,369,2026-09-16 18:01:00,Dashboard View,1
3169,1910,2026-09-19 05:41:00,User Login,5
3170,1631,2025-06-21 05:54:00,Report Export,2
3171,1484,2026-09-28 21:05:00,Data Import,0
3172,2000,2025-06-25 03:48:00,User Login,5
3173,1506,2024-11-21 16:59:00,Settings Update,2
3174,182,2025-01-19 12:57:00,User Login,15
3175,1036,2026-08-16 19:28:00,Settings Update,5
3176,1446,2025-01-08 04:47:00,Data Import,10
3177,739,2026-06-10 04:48:00,Settings Update,1
3178,1676,2026-08-07 08:44:00,Team Invite,15
3179,1287,2026-08-19 09:46:00,Data Import,5
3180,37,2026-09-17 07:56:00,Settings Update,5
3181,397,2026-08-20 06:47:00,Data Import,2
3182,1943,2025-03-18 19:48:00,Dashboard View,5
3183,528,2026-08-06 19:33:00,User Login,30
3184,282,2026-05-14 10:14:00,Report Export,5
3185,1454,2025-02-01 02:22:00,Team Invite,15
3186,46,2026-07-20 00:29:00,Settings Update,10
3187,214,2026-06-26 01:50:00,Data Import,10
3188,1426,2026-08-26 16:27:00,Dashboard View,0
3189,128,2026-02-28 22:48:00,Team Invite,10
3190,1868,2026-02-22 08:51:00,Data Import,0
3191,1242,2026-01-09 04:38:00,Team Invite,10
3192,711,2024-10-23 02:32:00,Report Export,1
3193,1017,2026-09-19 03:19:00,Team Invite,5
3194,1856,2026-02-15 04:56:00,Data Import,0
3195,1645,2025-04-09 07:33:00,Report Export,0
3196,410,2026-08-12 11:52:00,Team Invite,0
3197,1457,2026-03-29 01:28:00,Settings Update,2
3198,915,2026-06-27 10:00:00,Dashboard View,10
3199,390,2025-08-17 15:50:00,Team Invite,5
3200,1677,2025-01-14 22:03:00,Team Invite,1
3201,1759,2025-12-17 06:13:00,User Login,0
3202,371,2024-07-18 15:17:00,Dashboard View,30
3203,1566,2026-09-01 02:53:00,User Login,10
3204,307,2026-07-19 10:27:00,User Login,10
3205,1314,2025-02-12 16:56:00,Team Invite,1
3206,1433,2026-05-22 20:15:00,User Login,2
3207,701,2024-04-21 14:33:00,Report Export,5
3208,1396,2025-12-04 23:31:00,User Login,1
3209,1562,2026-03-03 02:16:00,User Login,0
3210,1009,2026-09-17 08:49:00,Dashboard View,5
3211,628,2024-05-01 23:03:00,Dashboard View,10
3212,1205,2024-03-22 10:26:00,Team Invite,5
3213,415,2026-07-27 10:59:00,Settings Update,5
3214,874,2025-08-22 14:33:00,Report Export,5
3215,1975,2026-06-26 15:30:00,User Login,2
3216,534,2025-10-29 04:14:00,Data Import,15
3217,965,2025-07-27 09:22:00,Dashboard View,15
3218,926,2025-06-13 21:56:00,Dashboard View,10
3219,1089,2026-07-25 05:26:00,Data Import,10
3220,1321,2026-04-18 13:21:00,Report Export,5
3221,1871,2026-04-15 15:23:00,User Login,1
3222,758,2026-03-02 10:43:00,Data Import,0
3223,1596,2026-06-21 18:40:00,Settings Update,10
3224,1988,2025-11-10 07:38:00,User Login,2
3225,734,2026-02-25 07:25:00,Team Invite,2
3226,1924,2024-05-20 05:43:00,Dashboard View,15
3227,537,2025-07-28 01:21:00,Data Import,15
3228,1014,2026-07-29 12:22:00,Settings Update,15
3229,1431,2024-03-26 19:42:00,Team Invite,15
3230,23,2023-06-10 17:46:00,Team Invite,5
3231,1583,2026-03-17 14:03:00,Data Import,15
3232,1048,2026-06-16 10:57:00,Team Invite,1
3233,1783,2026-05-08 14:04:00,Data Import,10
3234,1061,2025-07-15 08:41:00,Team Invite,10
3235,461,2025-03-11 04:52:00,Settings Update,5
3236,1357,2026-02-14 22:15:00,Settings Update,2
3237,554,2026-04-15 08:03:00,Report Export,5
3238,1576,2025-09-17 17:48:00,Dashboard View,2
3239,869,2026-05-26 16:24:00,Team Invite,10
3240,1286,2026-08-18 22:35:00,Team Invite,5
3241,1105,2026-05-05 12:12:00,Data Import,15
3242,357,2026-06-05 05:19:00,User Login,10
3243,213,2025-07-17 11:28:00,Settings Update,5
3244,984,2026-09-19 17:05:00,Data Import,15
3245,252,2026-05-19 05:04:00,Team Invite,5
3246,775,2026-03-29 02:15:00,Team Invite,5
3247,1015,2026-06-09 02:18:00,Dashboard View,5
3248,442,2026-09-20 02:36:00,Team Invite,10
3249,815,2026-07-03 13:55:00,Team Invite,1
3250,348,2026-07-16 23:43:00,Team Invite,2
3251,1484,2026-08-07 16:46:00,Settings Update,5
3252,884,2026-07-25 12:11:00,Team Invite,0
3253,284,2024-12-31 09:29:00,Settings Update,30
3254,1291,2024-08-09 04:16:00,User Login,2
3255,1998,2026-07-11 13:28:00,Dashboard View,30
3256,934,2023-12-20 12:53:00,User Login,0
3257,549,2026-08-13 21:36:00,Data Import,5
3258,289,2026-07-09 14:34:00,Data Import,5
3259,394,2026-05-06 04:38:00,Settings Update,0
3260,54,2026-08-04 19:12:00,Data Import,10
3261,457,2025-07-27 07:16:00,Data Import,2
3262,586,2026-03-19 03:04:00,Data Import,15
3263,1061,2025-05-28 05:04:00,Settings Update,1
3264,1159,2025-01-10 02:28:00,Dashboard View,10
3265,1983,2025-07-09 14:52:00,Dashboard View,2
3266,967,2025-12-26 21:38:00,Report Export,10
3267,240,2025-04-21 03:50:00,User Login,15
3268,610,2025-09-14 07:35:00,Report Export,1
3269,1823,2026-01-08 05:22:00,Data Import,30
3270,1752,2025-09-26 11:15:00,Report Export,5
3271,1511,2026-08-22 23:11:00,Team Invite,0
3272,206,2024-04-19 10:19:00,Team Invite,2
3273,671,2026-07-25 02:18:00,Settings Update,5
3274,1240,2026-01-26 18:48:00,User Login,5
3275,477,2025-08-25 22:51:00,User Login,0
3276,878,2026-04-18 21:46:00,Report Export,2
3277,402,2025-09-07 01:04:00,Data Import,10
3278,444,2026-04-03 09:23:00,User Login,10
3279,1770,2024-05-28 12:55:00,User Login,5
3280,1056,2024-09-18 13:32:00,User Login,1
3281,1296,2025-07-15 21:19:00,Team Invite,2
3282,1187,2026-07-23 03:01:00,Team Invite,2
3283,1956,2026-03-28 04:50:00,User Login,15
3284,1560,2024-08-06 18:08:00,Team Invite,0
3285,1681,2026-08-12 00:17:00,Report Export,15
3286,1189,2026-02-21 04:39:00,Settings Update,15
3287,1549,2025-05-20 02:39:00,Report Export,2
3288,538,2025-10-17 20:48:00,Team Invite,2
3289,883,2026-06-23 21:30:00,Settings Update,15
3290,123,2026-03-10 18:47:00,Report Export,5
3291,276,2025-07-07 03:08:00,Dashboard View,1
3292,310,2026-09-01 19:32:00,Report Export,5
3293,1681,2026-06-15 01:06:00,Data Import,15
3294,1600,2026-06-11 19:22:00,Data Import,5
3295,873,2026-03-07 13:35:00,Dashboard View,10
3296,796,2026-02-01 01:15:00,Dashboard View,2
3297,1981,2024-06-23 00:55:00,Data Import,5
3298,1428,2024-10-29 13:33:00,Dashboard View,0
3299,1436,2024-05-16 03:52:00,Data Import,1
3300,493,2026-02-28 00:58:00,Data Import,5
3301,402,2025-09-06 03:47:00,Dashboard View,1
3302,705,2026-07-22 18:21:00,Settings Update,5
3303,1343,2026-08-19 19:08:00,Settings Update,0
3304,1400,2026-05-14 19:47:00,Dashboard View,5
3305,1726,2023-11-23 19:55:00,Dashboard View,1
3306,600,2026-03-28 15:41:00,User Login,2
3307,1433,2026-08-08 04:01:00,Data Import,30
3308,620,2026-02-19 20:13:00,User Login,0
3309,1168,2023-10-19 02:26:00,Settings Update,0
3310,1549,2025-05-26 10:57:00,Team Invite,1
3311,1520,2026-03-05 00:39:00,User Login,2
3312,1247,2025-02-23 11:40:00,Report Export,5
3313,1833,2026-09-01 15:13:00,Report Export,0
3314,1742,2026-05-11 13:02:00,Dashboard View,2
3315,686,2024-03-21 20:50:00,Dashboard View,2
3316,367,2026-01-30 13:47:00,Report Export,15
3317,1387,2026-04-24 17:47:00,Settings Update,5
3318,1410,2026-09-18 17:01:00,Data Import,30
3319,1015,2026-05-01 08:26:00,Data Import,5
3320,1436,2025-02-06 10:22:00,Dashboard View,5
3321,1168,2024-10-28 05:45:00,Data Import,0
3322,682,2026-03-23 21:50:00,Data Import,0
3323,1868,2026-09-15 18:13:00,Data Import,1
3324,202,2026-07-24 00:15:00,Settings Update,5
3325,1187,2025-12-13 22:25:00,User Login,5
3326,1408,2026-06-06 19:55:00,Team Invite,30
3327,318,2023-10-30 16:58:00,Data Import,5
3328,1742,2025-10-13 16:56:00,Team Invite,0
3329,1424,2026-03-05 19:16:00,Report Export,5
3330,67,2026-06-09 21:42:00,Settings Update,5
3331,293,2025-05-01 17:53:00,Team Invite,2
3332,1053,2026-01-09 19:45:00,Settings Update,0
3333,980,2023-04-27 06:28:00,User Login,1
3334,170,2025-10-26 01:23:00,Settings Update,10
3335,839,2026-03-12 20:44:00,Data Import,5
3336,421,2026-03-27 01:29:00,Data Import,5
3337,1941,2026-08-24 02:51:00,Report Export,2
3338,46,2025-10-26 22:41:00,Dashboard View,15
3339,30,2025-10-23 01:47:00,Dashboard View,5
3340,498,2026-01-27 22:24:00,Dashboard View,5
3341,69,2023-10-01 01:17:00,Settings Update,10
3342,624,2026-08-23 21:06:00,Team Invite,15
3343,1978,2026-09-09 04:43:00,Report Export,5
3344,1037,2026-07-17 03:00:00,Team Invite,5
3345,1390,2024-10-30 05:20:00,Data Import,15
3346,1434,2026-01-28 04:20:00,Data Import,2
3347,557,2024-12-20 03:59:00,Report Export,5
3348,1468,2026-09-05 22:49:00,Team Invite,30
3349,1111,2026-08-02 01:04:00,Dashboard View,5
3350,1355,2025-10-26 03:21:00,Report Export,5
3351,221,2026-06-24 13:07:00,Dashboard View,0
3352,1743,2025-06-18 16:14:00,Report Export,2
3353,1441,2024-02-05 19:25:00,Team Invite,2
3354,1551,2024-09-21 21:26:00,Dashboard View,1
3355,795,2025-05-22 22:36:00,Data Import,5
3356,1878,2026-08-28 20:03:00,Dashboard View,0
3357,338,2025-05-15 07:44:00,Dashboard View,1
3358,932,2026-07-12 12:21:00,Data Import,5
3359,800,2026-04-06 14:57:00,Report Export,1
3360,1124,2026-04-27 20:51:00,Report Export,2
3361,630,2025-05-02 09:15:00,Data Import,2
3362,1825,2026-04-28 05:51:00,Settings Update,0
3363,997,2026-02-01 21:38:00,Team Invite,0
3364,410,2026-08-01 21:55:00,Team Invite,5
3365,1313,2023-02-12 10:46:00,Settings Update,2
3366,1260,2025-07-25 05:33:00,Team Invite,0
3367,1113,2026-04-07 12:09:00,Data Import,30
3368,1008,2025-02-25 02:01:00,Team Invite,5
3369,379,2026-06-02 09:59:00,Dashboard View,30
3370,1706,2025-02-22 18:05:00,Data Import,10
3371,1854,2026-08-07 16:47:00,Team Invite,15
3372,765,2025-05-20 10:05:00,Settings Update,2
3373,732,2025-07-25 05:39:00,User Login,2
3374,1284,2025-11-17 04:08:00,Dashboard View,5
3375,263,2026-08-31 09:09:00,Data Import,10
3376,983,2026-04-22 21:10:00,Settings Update,5
3377,1359,2025-10-17 00:57:00,Report Export,5
3378,1318,2026-04-22 05:24:00,Data Import,10
3379,1339,2026-06-05 07:46:00,Data Import,1
3380,640,2026-03-12 15:33:00,Dashboard View,30
3381,501,2023-10-21 09:23:00,User Login,1
3382,764,2024-11-28 01:13:00,Dashboard View,15
3383,575,2026-06-10 02:14:00,Dashboard View,0
3384,232,2026-03-21 02:18:00,User Login,2
3385,630,2025-07-29 02:18:00,Report Export,5
3386,980,2026-01-01 21:55:00,Team Invite,0
3387,1738,2025-11-26 10:42:00,Settings Update,1
3388,273,2026-09-11 15:30:00,Dashboard View,15
3389,260,2026-08-20 01:47:00,Data Import,5
3390,819,2026-07-19 19:37:00,Team Invite,30
3391,1919,2025-10-07 22:11:00,Data Import,2
3392,1212,2025-06-22 20:49:00,Data Import,0
3393,434,2026-01-29 00:54:00,User Login,5
3394,1611,2025-06-03 19:39:00,User Login,5
3395,1435,2026-07-29 22:25:00,Report Export,1
3396,842,2026-02-15 00:02:00,User Login,1
3397,218,2024-12-22 15:20:00,Dashboard View,5
3398,1600,2026-06-05 20:11:00,Report Export,0
3399,136,2024-06-08 15:52:00,Dashboard View,10
3400,292,2026-02-08 22:23:00,Settings Update,10
3401,483,2024-01-14 06:48:00,Settings Update,0
3402,624,2025-12-12 06:07:00,User Login,15
3403,1946,2025-01-27 13:25:00,Team Invite,15
3404,1802,2025-11-20 15:19:00,Team Invite,2
3405,1798,2025-03-17 18:31:00,Dashboard View,5
3406,230,2026-05-29 16:51:00,Team Invite,5
3407,1839,2026-04-14 03:07:00,Data Import,5
3408,1849,2025-07-07 04:15:00,Settings Update,0
3409,404,2026-06-13 03:20:00,Team Invite,2
3410,1889,2026-06-22 12:00:00,Report Export,2
3411,267,2024-11-15 12:55:00,Report Export,10
3412,620,2025-11-07 16:34:00,Team Invite,30
3413,1457,2025-01-17 23:37:00,Report Export,2
3414,1664,2025-05-31 14:41:00,Settings Update,5
3415,1771,2025-12-07 16:42:00,Dashboard View,2
3416,1421,2026-04-22 20:04:00,Dashboard View,15
3417,1678,2026-08-27 15:33:00,Data Import,5
3418,572,2025-05-28 01:09:00,Team Invite,5
3419,534,2026-07-16 19:16:00,Report Export,2
3420,1920,2024-08-08 14:38:00,Report Export,2
3421,877,2024-08-07 09:19:00,Settings Update,10
3422,1610,2026-06-23 03:07:00,Settings Update,5
3423,834,2024-10-25 16:10:00,Team Invite,5
3424,903,2024-11-17 09:52:00,User Login,5
3425,1205,2025-09-11 14:33:00,Team Invite,2
3426,1435,2026-05-08 14:57:00,Report Export,5
3427,497,2024-01-21 20:33:00,Settings Update,1
3428,851,2025-11-15 10:54:00,Data Import,1
3429,438,2026-02-08 08:40:00,Team Invite,2
3430,1356,2026-06-29 19:29:00,Team Invite,10
3431,1483,2026-06-30 19:50:00,Team Invite,0
3432,1830,2026-05-20 20:03:00,Data Import,5
3433,765,2025-05-18 06:01:00,Dashboard View,0
3434,402,2025-06-14 08:06:00,Report Export,5
3435,1970,2025-09-16 18:11:00,Dashboard View,5
3436,1177,2026-06-04 17:22:00,User Login,2
3437,261,2024-10-26 01:23:00,Data Import,2
3438,1323,2025-07-13 10:54:00,Dashboard View,5
3439,592,2026-04-24 17:22:00,User Login,2
3440,1891,2025-12-07 12:19:00,Report Export,10
3441,1534,2026-01-16 06:28:00,Data Import,1
3442,1525,2026-03-02 04:01:00,Report Export,1
3443,564,2026-03-13 00:26:00,Data Import,15
3444,832,2024-10-26 14:10:00,User Login,2
3445,1463,2026-01-05 21:06:00,Team Invite,2
3446,945,2025-09-09 01:39:00,User Login,5
3447,475,2026-01-29 05:23:00,Dashboard View,0
3448,489,2025-08-06 03:47:00,Settings Update,2
3449,1476,2026-08-18 19:12:00,Report Export,0
3450,1501,2024-04-19 13:46:00,Data Import,0
3451,1831,2026-07-08 12:58:00,Team Invite,1
3452,1477,2026-04-14 10:58:00,Settings Update,5
3453,559,2026-07-18 04:13:00,User Login,2
3454,1858,2025-04-25 02:06:00,Team Invite,0
3455,69,2024-09-10 01:34:00,Settings Update,2
3456,828,2023-06-29 09:03:00,User Login,1
3457,1937,2025-09-08 03:53:00,Data Import,1
3458,1973,2026-07-05 10:07:00,Settings Update,2
3459,1209,2025-09-03 18:26:00,Dashboard View,2
3460,882,2025-03-24 07:05:00,Data Import,5
3461,434,2025-11-10 05:11:00,Dashboard View,5
3462,96,2026-09-03 09:13:00,Dashboard View,10
3463,93,2026-07-02 14:10:00,Report Export,1
3464,956,2025-12-15 19:59:00,Settings Update,15
3465,1869,2026-01-26 18:12:00,Team Invite,2
3466,1910,2025-11-16 05:34:00,Team Invite,2
3467,169,2026-06-14 12:56:00,Team Invite,5
3468,1368,2026-08-20 16:28:00,Report Export,15
3469,1563,2026-05-05 01:07:00,Dashboard View,0
3470,424,2024-08-06 20:22:00,Report Export,5
3471,1189,2025-12-10 06:33:00,Report Export,2
3472,1977,2025-03-28 04:13:00,User Login,5
3473,91,2025-07-12 09:50:00,Settings Update,10
3474,815,2026-03-31 20:11:00,Data Import,2
3475,1396,2026-02-19 17:16:00,User Login,0
3476,1729,2025-08-07 22:10:00,User Login,1
3477,1483,2025-12-20 10:40:00,Data Import,1
3478,1200,2025-10-28 06:42:00,Settings Update,5
3479,115,2025-10-24 03:56:00,Data Import,5
3480,159,2025-11-08 19:53:00,Team Invite,10
3481,639,2025-09-05 21:24:00,Dashboard View,0
3482,1977,2026-06-28 13:42:00,Team Invite,5
3483,752,2025-07-24 09:05:00,Settings Update,10
3484,1552,2025-01-20 06:31:00,User Login,15
3485,342,2026-06-27 21:26:00,User Login,15
3486,68,2026-03-10 00:13:00,Data Import,2
3487,1694,2026-09-14 05:15:00,User Login,10
3488,1543,2024-10-06 12:42:00,Data Import,10
3489,1656,2026-08-09 00:18:00,Settings Update,10
3490,1823,2026-03-11 02:05:00,Settings Update,5
3491,1867,2026-02-22 10:48:00,User Login,10
3492,361,2024-10-06 21:25:00,User Login,5
3493,1558,2026-01-14 02:52:00,User Login,5
3494,234,2024-07-29 11:38:00,Team Invite,1
3495,931,2024-05-22 18:04:00,User Login,5
3496,1934,2024-12-01 04:08:00,Settings Update,1
3497,714,2025-11-23 17:16:00,Dashboard View,5
3498,677,2026-09-07 12:05:00,User Login,2
3499,1392,2026-06-30 05:10:00,Team Invite,2
3500,1872,2025-04-05 16:57:00,Settings Update,30
3501,1796,2025-11-04 13:27:00,Dashboard View,5
3502,1147,2024-12-03 07:42:00,Data Import,0
3503,412,2026-03-15 15:32:00,Report Export,2
3504,1302,2025-09-19 11:53:00,Team Invite,5
3505,1745,2026-05-26 13:33:00,User Login,2
3506,1061,2024-12-13 17:01:00,User Login,5
3507,855,2025-12-26 07:03:00,Dashboard View,0
3508,1663,2024-08-03 15:23:00,Dashboard View,5
3509,1418,2025-05-23 21:52:00,Dashboard View,2
3510,1790,2025-11-30 19:09:00,Settings Update,0
3511,1833,2026-05-25 14:51:00,Dashboard View,2
3512,1398,2025-10-05 06:51:00,User Login,2
3513,1688,2025-11-11 15:52:00,Settings Update,1
3514,360,2026-08-08 04:43:00,User Login,30
3515,1441,2025-05-27 19:17:00,Settings Update,2
3516,324,2026-08-10 13:47:00,Report Export,5
3517,1493,2024-11-26 12:46:00,Settings Update,15
3518,1047,2026-06-11 04:48:00,Data Import,0
3519,966,2024-08-06 16:05:00,Settings Update,10
3520,1253,2026-08-23 03:40:00,Team Invite,2
3521,155,2026-08-05 16:01:00,Settings Update,10
3522,1678,2026-07-10 00:38:00,Settings Update,5
3523,128,2025-10-22 00:39:00,Report Export,1
3524,1482,2025-01-22 14:09:00,Data Import,10
3525,675,2026-04-15 05:30:00,Data Import,5
3526,279,2026-03-04 15:14:00,Report Export,5
3527,1456,2026-03-12 05:11:00,Report Export,1
3528,646,2026-05-16 07:09:00,Data Import,0
3529,198,2026-08-17 19:55:00,Settings Update,1
3530,1790,2026-03-03 18:59:00,User Login,2
3531,198,2026-05-30 22:42:00,User Login,2
3532,1439,2025-06-04 13:00:00,Settings Update,2
3533,1588,2025-06-28 18:50:00,Data Import,15
3534,461,2025-09-06 18:27:00,User Login,10
3535,10,2025-02-24 14:20:00,Report Export,5
3536,832,2025-10-23 23:19:00,User Login,0
3537,1394,2025-07-28 16:05:00,Report Export,15
3538,276,2025-03-11 14:09:00,Report Export,10
3539,244,2026-08-17 22:05:00,Settings Update,2
3540,819,2026-02-22 11:55:00,Dashboard View,10
3541,1920,2024-07-25 13:37:00,Team Invite,5
3542,1042,2026-01-15 02:24:00,User Login,15
3543,1782,2026-02-10 20:55:00,Data Import,2
3544,1268,2026-06-12 18:04:00,Settings Update,2
3545,1690,2026-03-03 18:28:00,User Login,0
3546,377,2024-05-25 06:24:00,Data Import,30
3547,1172,2026-03-23 11:43:00,Dashboard View,10
3548,481,2026-04-22 21:00:00,Team Invite,2
3549,1818,2025-09-27 04:18:00,Settings Update,1
3550,857,2023-11-20 13:12:00,Dashboard View,5
3551,962,2026-08-29 08:45:00,Data Import,1
3552,298,2024-05-18 05:43:00,Data Import,1
3553,1323,2025-05-18 22:50:00,Settings Update,10
3554,393,2026-09-30 16:05:00,Team Invite,10
3555,1643,2026-01-12 18:01:00,Report Export,2
3556,418,2026-06-07 14:20:00,Dashboard View,0
3557,362,2026-06-17 17:15:00,Team Invite,5
3558,31,2026-05-19 23:13:00,Report Export,1
3559,208,2025-05-25 09:20:00,Report Export,10
3560,661,2026-02-18 06:20:00,Team Invite,2
3561,414,2024-11-27 07:04:00,Team Invite,2
3562,160,2024-03-25 12:14:00,Report Export,10
3563,535,2026-08-18 20:05:00,Team Invite,2
3564,534,2026-02-14 07:59:00,Team Invite,5
3565,1936,2024-04-25 10:19:00,Dashboard View,5
3566,841,2024-07-18 22:43:00,Report Export,0
3567,1891,2025-08-16 04:36:00,Team Invite,5
3568,1487,2025-03-09 10:49:00,Settings Update,5
3569,356,2026-09-01 09:22:00,User Login,1
3570,1141,2026-03-18 18:43:00,Dashboard View,10
3571,1360,2026-09-30 16:05:00,User Login,10
3572,757,2026-05-09 19:38:00,Report Export,1
3573,620,2025-10-29 07:46:00,User Login,2
3574,411,2026-04-18 16:27:00,Dashboard View,10
3575,849,2026-02-10 22:18:00,User Login,0
3576,206,2025-10-22 00:20:00,Data Import,1
3577,928,2026-01-24 00:30:00,Team Invite,10
3578,1703,2025-05-28 12:30:00,Dashboard View,1
3579,1436,2024-09-14 15:00:00,User Login,5
3580,1873,2025-10-08 07:51:00,Dashboard View,1
3581,929,2026-08-09 19:19:00,Dashboard View,5
3582,795,2026-07-24 14:08:00,Settings Update,2
3583,289,2026-09-14 01:17:00,Dashboard View,5
3584,348,2026-06-17 02:39:00,Dashboard View,5
3585,1821,2026-06-06 17:59:00,Team Invite,5
3586,1523,2026-08-01 12:44:00,Data Import,5
3587,530,2023-09-21 03:38:00,Report Export,5
3588,706,2026-07-07 03:28:00,Data Import,2
3589,3,2026-04-11 12:53:00,Dashboard View,2
3590,605,2025-09-01 17:54:00,Team Invite,15
3591,557,2024-05-09 07:38:00,User Login,1
3592,776,2026-04-29 10:18:00,Data Import,2
3593,1677,2025-08-13 20:03:00,Settings Update,2
3594,529,2025-05-14 11:59:00,Team Invite,10
3595,1263,2026-03-01 12:12:00,User Login,5
3596,116,2025-04-15 16:21:00,Team Invite,2
3597,1039,2026-08-17 16:11:00,Report Export,1
3598,431,2026-06-19 19:39:00,User Login,5
3599,443,2025-03-02 06:59:00,Data Import,5
3600,1400,2026-08-23 11:39:00,Settings Update,1
3601,1243,2026-07-23 14:26:00,Report Export,5
3602,1049,2026-07-08 22:51:00,Team Invite,5
3603,291,2025-03-29 22:41:00,Team Invite,30
3604,465,2025-07-05 22:26:00,Report Export,2
3605,362,2026-08-26 15:06:00,Dashboard View,5
3606,238,2025-08-06 11:55:00,Report Export,30
3607,702,2026-05-19 10:22:00,Report Export,5
3608,1895,2026-05-19 01:27:00,Team Invite,5
3609,1261,2026-06-30 16:49:00,Team Invite,1
3610,540,2026-08-14 13:15:00,Dashboard View,5
3611,1498,2026-01-26 22:09:00,Settings Update,2
3612,1423,2026-07-21 08:07:00,User Login,5
3613,1436,2026-09-15 09:58:00,Report Export,0
3614,1838,2026-03-13 22:07:00,Data Import,1
3615,146,2025-11-11 08:19:00,Team Invite,15
3616,1791,2026-06-04 18:25:00,User Login,10
3617,302,2025-10-14 04:35:00,Data Import,5
3618,68,2026-02-27 00:49:00,Data Import,1
3619,1372,2026-08-13 20:44:00,User Login,30
3620,1619,2023-06-11 06:23:00,Data Import,15
3621,883,2025-11-08 07:03:00,User Login,10
3622,1350,2026-03-02 18:51:00,Settings Update,5
3623,158,2024-12-10 18:01:00,User Login,10
3624,725,2025-05-08 19:54:00,Data Import,0
3625,348,2026-06-25 08:51:00,User Login,1
3626,1488,2026-05-14 08:07:00,Team Invite,10
3627,1023,2025-09-20 16:09:00,Settings Update,1
3628,108,2026-02-18 10:05:00,Team Invite,1
3629,59,2025-10-24 05:37:00,Team Invite,2
3630,132,2026-09-26 23:05:00,Data Import,2
3631,1850,2026-03-26 05:39:00,Settings Update,0
3632,712,2026-02-16 10:08:00,Report Export,5
3633,385,2023-06-23 08:39:00,User Login,2
3634,1439,2026-01-19 10:24:00,Settings Update,2
3635,280,2026-07-20 12:14:00,Report Export,1
3636,1933,2026-06-11 20:35:00,Settings Update,15
3637,1812,2026-08-21 13:21:00,Dashboard View,5
3638,87,2024-03-14 22:18:00,Settings Update,1
3639,109,2025-12-10 04:18:00,Dashboard View,1
3640,241,2025-10-15 01:25:00,Team Invite,10
3641,522,2026-06-26 23:16:00,Settings Update,0
3642,750,2026-09-24 07:55:00,Data Import,15
3643,244,2026-08-05 21:30:00,Team Invite,15
3644,399,2026-06-18 09:45:00,Team Invite,5
3645,1916,2026-07-16 01:48:00,Team Invite,10
3646,1877,2025-07-29 03:35:00,Team Invite,10
3647,1704,2026-06-26 20:54:00,Settings Update,1
3648,1641,2025-12-31 21:01:00,User Login,5
3649,1166,2024-11-19 07:04:00,Settings Update,15
3650,945,2026-04-18 21:33:00,Dashboard View,5
3651,1355,2025-09-03 17:51:00,Dashboard View,1
3652,1782,2025-01-27 17:35:00,Report Export,15
3653,1183,2025-10-20 00:49:00,Team Invite,1
3654,1721,2026-05-23 11:28:00,Settings Update,15
3655,492,2025-08-19 13:19:00,Data Import,5
3656,1851,2026-01-28 19:41:00,Team Invite,1
3657,598,2025-08-28 22:11:00,Settings Update,2
3658,1213,2026-06-08 22:25:00,Report Export,2
3659,35,2026-07-20 05:14:00,Settings Update,10
3660,1983,2026-05-23 04:03:00,Report Export,0
3661,1298,2026-04-24 19:04:00,Data Import,2
3662,1244,2023-08-09 19:41:00,Dashboard View,5
3663,1275,2026-07-19 15:08:00,Settings Update,15
3664,1261,2026-05-12 19:21:00,Report Export,5
3665,1310,2026-08-13 02:01:00,User Login,15
3666,985,2025-07-31 07:13:00,Settings Update,1
3667,787,2026-08-09 06:48:00,Data Import,5
3668,108,2026-03-08 22:19:00,Settings Update,2
3669,1068,2026-08-14 18:45:00,Report Export,1
3670,1142,2026-04-22 17:22:00,Team Invite,2
3671,374,2025-08-06 02:00:00,Team Invite,15
3672,1300,2026-03-22 21:19:00,Data Import,10
3673,1128,2026-01-06 15:38:00,Report Export,0
3674,556,2026-07-06 11:06:00,Team Invite,10
3675,1126,2026-04-26 00:12:00,Team Invite,1
3676,211,2026-07-13 20:28:00,User Login,2
3677,1254,2025-09-10 04:22:00,Data Import,10
3678,1285,2026-04-19 16:15:00,Settings Update,0
3679,1969,2025-06-04 05:00:00,Team Invite,2
3680,1481,2025-10-16 07:40:00,User Login,1
3681,1561,2024-02-22 01:09:00,Settings Update,5
3682,1220,2025-01-23 14:20:00,Data Import,15
3683,235,2026-04-08 13:13:00,User Login,0
3684,115,2026-04-27 19:27:00,Team Invite,10
3685,426,2023-03-11 05:10:00,Data Import,1
3686,793,2025-08-22 13:53:00,Settings Update,5
3687,357,2025-11-28 05:31:00,Data Import,2
3688,203,2025-09-02 06:19:00,Data Import,5
3689,1469,2025-11-08 17:11:00,Team Invite,5
3690,753,2025-06-25 11:25:00,Report Export,0
3691,1955,2024-12-06 19:59:00,Team Invite,2
3692,1226,2025-02-22 18:57:00,Team Invite,5
3693,1792,2026-07-07 02:48:00,Data Import,5
3694,1882,2024-04-13 14:27:00,Report Export,10
3695,1559,2026-08-28 22:52:00,Report Export,2
3696,855,2025-12-04 16:22:00,Settings Update,2
3697,639,2025-10-25 13:26:00,Settings Update,2
3698,1360,2025-11-06 21:31:00,User Login,10
3699,659,2025-03-19 17:26:00,Data Import,15
3700,108,2026-06-27 14:38:00,Team Invite,10
3701,847,2026-05-16 10:04:00,Dashboard View,2
3702,1314,2024-05-12 10:39:00,Report Export,15
3703,1728,2025-03-18 13:32:00,User Login,0
3704,1788,2024-07-09 13:16:00,User Login,30
3705,1024,2026-08-11 11:02:00,Team Invite,5
3706,1609,2025-04-17 22:25:00,User Login,10
3707,1419,2026-07-17 12:14:00,Settings Update,10
3708,1678,2026-08-19 05:32:00,Data Import,0
3709,606,2025-06-06 13:09:00,User Login,2
3710,1760,2026-06-17 20:10:00,Dashboard View,5
3711,324,2026-02-28 10:11:00,Dashboard View,1
3712,1589,2024-09-16 17:00:00,Report Export,5
3713,1377,2025-04-14 08:44:00,User Login,30
3714,1800,2025-06-01 15:24:00,Report Export,2
3715,1473,2024-04-07 09:32:00,User Login,2
3716,1747,2026-01-02 20:05:00,Data Import,5
3717,270,2026-06-14 10:17:00,Data Import,10
3718,1148,2025-11-16 23:34:00,Data Import,1
3719,1295,2026-01-15 10:32:00,Team Invite,2
3720,1248,2026-08-28 21:39:00,Dashboard View,2
3721,712,2025-09-18 11:59:00,Team Invite,5
3722,1459,2024-12-03 04:08:00,Settings Update,10
3723,1336,2025-12-07 10:05:00,Report Export,30
3724,1171,2026-04-17 01:04:00,Settings Update,0
3725,1367,2025-12-16 18:29:00,Report Export,10
3726,251,2024-05-14 09:57:00,Settings Update,2
3727,430,2026-08-04 00:36:00,Settings Update,5
3728,198,2026-05-22 10:42:00,Dashboard View,2
3729,1539,2026-02-26 19:48:00,User Login,5
3730,209,2026-01-26 20:28:00,Team Invite,30
3731,127,2025-11-18 22:23:00,Settings Update,5
3732,1591,2026-06-14 06:16:00,Team Invite,30
3733,733,2025-11-29 05:05:00,Dashboard View,10
3734,334,2023-02-23 21:32:00,Data Import,10
3735,1795,2026-08-25 05:34:00,Team Invite,15
3736,834,2025-07-11 08:36:00,Dashboard View,10
3737,1121,2025-06-23 05:20:00,Data Import,0
3738,765,2025-04-21 03:21:00,Dashboard View,5
3739,1176,2026-03-30 14:23:00,User Login,10
3740,5,2026-06-24 18:24:00,Team Invite,15
3741,1757,2025-09-14 02:58:00,Team Invite,2
3742,565,2024-02-07 06:48:00,Data Import,10
3743,352,2026-01-28 08:50:00,Settings Update,1
3744,1737,2025-12-10 10:49:00,Data Import,5
3745,747,2025-06-29 05:31:00,User Login,10
3746,1420,2026-04-29 18:39:00,Report Export,15
3747,852,2026-01-24 11:24:00,Settings Update,5
3748,1826,2026-04-19 19:01:00,User Login,15
3749,1743,2026-09-03 20:11:00,User Login,2
3750,40,2024-10-19 05:45:00,Report Export,2
3751,158,2025-04-29 00:59:00,Settings Update,10
3752,531,2025-10-28 18:45:00,User Login,5
3753,685,2026-07-10 15:13:00,Team Invite,2
3754,536,2025-11-18 17:22:00,Team Invite,5
3755,411,2026-04-11 15:22:00,Settings Update,15
3756,1424,2026-04-15 18:44:00,Dashboard View,1
3757,1108,2026-08-12 22:33:00,User Login,15
3758,232,2026-06-19 16:05:00,Team Invite,10
3759,1411,2026-08-27 21:05:00,Dashboard View,10
3760,479,2026-05-07 19:20:00,Team Invite,15
3761,427,2024-12-28 03:17:00,Report Export,1
3762,167,2025-12-21 14:00:00,Team Invite,5
3763,1554,2026-04-24 03:09:00,User Login,5
3764,1581,2026-04-14 13:15:00,Report Export,10
3765,994,2026-09-07 19:41:00,Dashboard View,10
3766,1485,2023-06-26 06:43:00,Report Export,1
3767,104,2026-05-24 04:11:00,Dashboard View,2
3768,1064,2025-02-14 21:52:00,Team Invite,1
3769,652,2026-06-30 19:31:00,Settings Update,10
3770,1594,2026-09-15 03:26:00,Data Import,5
3771,975,2023-12-24 01:51:00,Data Import,30
3772,1370,2026-09-14 10:39:00,Settings Update,0
3773,1441,2026-03-08 20:11:00,Settings Update,2
3774,273,2024-12-19 03:31:00,Dashboard View,10
3775,1105,2025-09-13 20:50:00,Dashboard View,1
3776,1009,2026-09-21 08:13:00,Data Import,0
3777,1823,2025-05-10 10:47:00,Team Invite,5
3778,350,2025-04-09 22:51:00,Team Invite,0
3779,458,2025-08-12 07:58:00,Data Import,5
3780,477,2026-02-02 16:10:00,Report Export,0
3781,1287,2026-03-06 04:39:00,Team Invite,5
3782,857,2026-02-11 11:18:00,User Login,1
3783,190,2025-12-18 14:00:00,Team Invite,0
3784,337,2024-03-19 16:08:00,Dashboard View,10
3785,549,2026-04-05 14:53:00,Team Invite,2
3786,583,2026-08-17 20:40:00,Data Import,5
3787,437,2026-05-23 04:53:00,Settings Update,1
3788,1550,2025-11-08 23:21:00,Dashboard View,5
3789,206,2023-12-27 07:17:00,Data Import,15
3790,773,2026-03-01 22:56:00,Settings Update,2
3791,1209,2025-07-17 18:05:00,Settings Update,2
3792,1927,2026-08-31 18:16:00,Data Import,2
3793,1867,2026-08-03 18:17:00,Team Invite,5
3794,289,2026-07-12 09:29:00,Report Export,5
3795,1564,2024-03-09 09:31:00,Data Import,10
3796,628,2024-08-11 21:06:00,User Login,10
3797,844,2025-12-14 18:16:00,Settings Update,0
3798,539,2026-08-18 10:06:00,Data Import,2
3799,625,2026-06-29 22:51:00,Data Import,5
3800,1059,2025-07-06 09:47:00,Data Import,1
3801,276,2026-08-13 16:34:00,Team Invite,10
3802,611,2025-01-30 10:55:00,Dashboard View,15
3803,1251,2025-01-13 00:16:00,Report Export,30
3804,975,2026-06-25 09:09:00,Dashboard View,1
3805,1221,2024-12-23 07:49:00,User Login,10
3806,1265,2026-09-12 10:16:00,Settings Update,1
3807,440,2026-06-09 15:30:00,Report Export,10
3808,904,2024-08-05 11:16:00,Report Export,1
3809,237,2024-05-02 10:48:00,Dashboard View,10
3810,1745,2025-11-24 08:48:00,Dashboard View,1
3811,973,2024-08-27 05:14:00,User Login,15
3812,90,2026-06-19 09:58:00,Dashboard View,5
3813,708,2025-03-09 15:03:00,Team Invite,0
3814,880,2025-03-10 05:15:00,Settings Update,15
3815,1238,2026-09-27 14:13:00,Report Export,30
3816,327,2025-08-27 00:33:00,Data Import,15
3817,388,2026-09-01 14:23:00,Data Import,5
3818,1119,2025-09-23 13:14:00,Report Export,15
3819,1081,2026-06-07 08:51:00,Data Import,15
3820,1490,2024-06-29 17:33:00,Data Import,10
3821,1155,2026-08-07 22:37:00,Settings Update,30
3822,1369,2026-07-01 16:07:00,Dashboard View,10
3823,1233,2024-12-07 05:35:00,Dashboard View,5
3824,1821,2025-04-05 09:08:00,Team Invite,0
3825,523,2024-08-14 06:42:00,Settings Update,10
3826,1830,2026-03-18 10:12:00,Data Import,1
3827,582,2026-05-06 21:29:00,Team Invite,0
3828,1221,2025-12-13 04:40:00,Dashboard View,2
3829,1698,2026-05-05 21:13:00,Report Export,2
3830,568,2026-09-04 06:52:00,Team Invite,30
3831,1713,2025-08-13 00:39:00,Team Invite,0
3832,1517,2026-07-15 07:07:00,User Login,1
3833,274,2024-09-18 20:14:00,Dashboard View,5
3834,1343,2026-09-25 15:48:00,Report Export,2
3835,984,2026-07-09 07:53:00,Settings Update,10
3836,1890,2025-10-12 03:57:00,Report Export,0
3837,1854,2024-04-29 11:31:00,Settings Update,10
3838,1931,2026-05-24 13:59:00,Settings Update,30
3839,103,2024-03-10 09:54:00,Dashboard View,5
3840,1031,2026-04-25 05:30:00,Report Export,30
3841,596,2026-08-28 19:23:00,Report Export,30
3842,903,2025-10-18 18:37:00,Team Invite,10
3843,729,2025-07-31 17:13:00,Dashboard View,0
3844,1586,2026-05-07 15:32:00,Settings Update,2
3845,873,2026-05-29 11:54:00,Dashboard View,15
3846,1801,2026-03-10 01:03:00,Data Import,2
3847,1994,2024-07-28 04:29:00,User Login,2
3848,240,2026-08-01 04:14:00,Dashboard View,2
3849,696,2026-08-11 11:05:00,Dashboard View,30
3850,40,2025-05-16 12:55:00,User Login,10
3851,715,2025-11-28 09:15:00,Settings Update,10
3852,973,2025-03-18 17:17:00,User Login,30
3853,1674,2026-06-11 02:47:00,Team Invite,5
3854,1643,2026-09-02 11:32:00,Dashboard View,15
3855,465,2026-07-22 01:59:00,Report Export,1
3856,1213,2025-01-24 17:10:00,Report Export,2
3857,1748,2026-04-28 04:21:00,Dashboard View,0
3858,1221,2026-07-25 16:59:00,Dashboard View,10
3859,422,2026-04-18 23:05:00,Dashboard View,1
3860,314,2025-07-12 14:01:00,Data Import,0
3861,1603,2025-10-18 21:18:00,Settings Update,10
3862,358,2026-02-09 11:10:00,Report Export,5
3863,668,2025-09-23 12:21:00,Team Invite,5
3864,1013,2026-04-13 07:51:00,Dashboard View,2
3865,189,2025-12-06 11:22:00,Settings Update,30
3866,110,2024-09-09 12:21:00,Report Export,2
3867,1532,2026-09-18 09:10:00,Report Export,2
3868,524,2026-07-25 13:28:00,User Login,10
3869,258,2025-09-13 13:58:00,Team Invite,5
3870,152,2026-08-10 09:41:00,User Login,5
3871,569,2026-06-17 10:10:00,Report Export,2
3872,1550,2025-08-23 22:02:00,Data Import,5
3873,875,2025-09-16 04:23:00,Data Import,5
3874,1091,2026-06-05 12:17:00,Report Export,5
3875,1265,2026-08-17 01:44:00,Team Invite,1
3876,1742,2026-02-26 19:31:00,Report Export,0
3877,877,2024-08-01 03:22:00,User Login,10
3878,481,2026-06-20 19:23:00,Report Export,15
3879,197,2026-09-29 20:46:00,Team Invite,2
3880,1663,2024-10-24 08:00:00,Dashboard View,2
3881,1386,2026-01-21 06:53:00,Team Invite,5
3882,1999,2023-06-09 22:33:00,User Login,10
3883,55,2026-08-11 16:15:00,Data Import,5
3884,1533,2026-06-01 11:32:00,Team Invite,15
3885,460,2025-08-21 08:20:00,Data Import,5
3886,919,2025-08-13 19:28:00,Settings Update,5
3887,1559,2026-04-02 08:08:00,Data Import,10
3888,1889,2025-12-22 20:37:00,Team Invite,30
3889,1498,2026-07-02 09:13:00,User Login,5
3890,1633,2026-09-13 10:25:00,Settings Update,2
3891,1014,2026-08-19 21:33:00,Data Import,0
3892,1419,2026-04-18 16:55:00,Team Invite,15
3893,1859,2026-05-12 05:48:00,Data Import,1
3894,1556,2025-11-08 03:21:00,Settings Update,0
3895,1759,2025-09-09 14:33:00,Team Invite,10
3896,1815,2026-08-25 08:23:00,Dashboard View,1
3897,1955,2026-02-20 07:43:00,Report Export,10
3898,846,2026-08-08 02:41:00,Team Invite,5
3899,1264,2026-08-09 04:29:00,Data Import,1
3900,900,2025-08-22 00:56:00,Dashboard View,10
3901,1492,2026-09-29 11:55:00,Settings Update,5
3902,391,2025-04-17 02:51:00,Settings Update,10
3903,719,2025-06-28 01:23:00,Report Export,10
3904,86,2026-08-17 22:15:00,User Login,0
3905,1401,2026-05-08 02:18:00,Data Import,10
3906,561,2023-11-08 19:30:00,Report Export,10
3907,1703,2026-08-01 09:04:00,Team Invite,0
3908,876,2026-05-18 10:33:00,Dashboard View,2
3909,1599,2026-06-10 07:09:00,Team Invite,10
3910,1584,2026-06-10 18:17:00,Dashboard View,0
3911,188,2025-05-17 02:53:00,Report Export,15
3912,1537,2026-01-07 22:31:00,Dashboard View,5
3913,208,2026-02-07 08:26:00,User Login,5
3914,1131,2026-06-04 15:51:00,Team Invite,1
3915,443,2024-01-11 13:51:00,Settings Update,10
3916,917,2026-04-18 19:10:00,User Login,2
3917,1898,2025-04-20 02:02:00,Dashboard View,30
3918,1306,2025-09-13 20:52:00,User Login,5
3919,106,2025-07-18 19:44:00,User Login,0
3920,1052,2024-05-18 04:23:00,Team Invite,5
3921,1603,2025-06-25 12:47:00,Dashboard View,5
3922,774,2026-03-14 00:33:00,Data Import,10
3923,1661,2026-05-22 01:00:00,User Login,0
3924,43,2024-01-07 00:58:00,Report Export,10
3925,272,2026-07-28 03:10:00,Team Invite,2
3926,1698,2025-11-08 19:02:00,Data Import,0
3927,1527,2023-04-22 03:59:00,Dashboard View,10
3928,1830,2026-07-12 02:46:00,User Login,5
3929,1618,2024-10-01 23:37:00,Dashboard View,0
3930,783,2026-07-10 13:39:00,Settings Update,15
3931,1727,2026-02-14 01:53:00,Dashboard View,2
3932,625,2026-04-03 02:50:00,User Login,1
3933,368,2026-03-08 04:47:00,Report Export,2
3934,1163,2026-05-20 08:49:00,Report Export,15
3935,1879,2025-09-04 16:40:00,User Login,1
3936,914,2025-05-23 03:04:00,User Login,0
3937,1604,2025-04-11 10:16:00,Data Import,10
3938,1219,2025-06-15 10:20:00,Dashboard View,30
3939,1447,2025-09-08 23:10:00,Team Invite,0
3940,1062,2024-03-13 10:53:00,Data Import,5
3941,104,2025-05-28 22:29:00,Data Import,5
3942,1989,2026-03-12 00:56:00,Report Export,2
3943,1984,2025-10-23 20:49:00,Report Export,2
3944,502,2025-10-28 05:14:00,Dashboard View,5
3945,1289,2026-01-03 09:32:00,User Login,5
3946,256,2025-09-25 04:00:00,Report Export,0
3947,185,2024-09-16 19:51:00,Team Invite,1
3948,482,2025-11-28 16:26:00,User Login,2
3949,1500,2025-08-25 08:19:00,Settings Update,15
3950,365,2026-06-10 23:31:00,Settings Update,0
3951,1868,2026-01-30 19:03:00,Dashboard View,15
3952,1841,2026-01-28 19:27:00,Report Export,0
3953,1185,2026-02-04 13:25:00,User Login,10
3954,895,2026-05-20 18:24:00,Dashboard View,5
3955,1941,2026-09-22 13:41:00,Data Import,10
3956,1226,2025-04-01 20:02:00,Data Import,10
3957,1010,2023-10-29 13:19:00,Settings Update,2
3958,527,2026-06-22 20:32:00,Data Import,10
3959,1863,2026-03-21 11:29:00,User Login,10
3960,242,2024-08-28 22:52:00,Team Invite,5
3961,706,2026-07-01 08:10:00,User Login,5
3962,1192,2024-04-04 20:53:00,Report Export,5
3963,1739,2026-03-01 06:09:00,Report Export,10
3964,1572,2026-07-31 13:20:00,Data Import,10
3965,1095,2026-09-09 09:08:00,User Login,15
3966,1574,2026-08-13 09:27:00,Team Invite,2
3967,1287,2026-02-03 20:03:00,Report Export,15
3968,62,2026-08-06 00:09:00,Team Invite,1
3969,615,2024-07-21 12:26:00,Data Import,10
3970,1828,2026-09-10 18:18:00,Data Import,15
3971,413,2026-07-15 17:11:00,Report Export,1
3972,510,2026-04-15 10:46:00,Report Export,1
3973,794,2025-06-19 16:51:00,Report Export,30
3974,1586,2026-09-07 19:46:00,User Login,10
3975,1578,2025-09-22 21:23:00,Data Import,5
3976,1300,2025-08-14 21:00:00,Report Export,10
3977,1260,2026-05-05 00:07:00,Report Export,1
3978,1302,2026-03-19 20:25:00,Dashboard View,10
3979,160,2025-12-01 21:29:00,User Login,30
3980,204,2026-01-18 02:07:00,Dashboard View,2
3981,1582,2025-07-24 03:40:00,User Login,10
3982,434,2025-04-18 11:15:00,Settings Update,2
3983,1124,2024-06-27 03:22:00,Settings Update,5
3984,1480,2026-09-26 12:21:00,Dashboard View,5
3985,132,2025-08-06 06:57:00,Settings Update,2
3986,1306,2025-01-06 00:23:00,User Login,10
3987,1241,2023-11-18 03:55:00,Data Import,0
3988,1343,2026-05-23 17:53:00,Dashboard View,0
3989,1320,2026-02-11 08:18:00,Report Export,0
3990,285,2026-08-25 15:14:00,Report Export,10
3991,1388,2026-06-18 10:25:00,Settings Update,2
3992,915,2026-09-14 13:40:00,Report Export,5
3993,1709,2026-08-24 05:24:00,Report Export,15
3994,1785,2026-09-01 14:26:00,Team Invite,1
3995,1314,2024-08-17 02:19:00,Report Export,0
3996,126,2026-02-19 10:14:00,Settings Update,5
3997,1748,2026-04-29 02:17:00,Dashboard View,2
3998,1976,2026-05-15 13:46:00,Data Import,1
3999,453,2023-03-15 12:42:00,Data Import,10
4000,1820,2025-11-09 09:12:00,Settings Update,10
4001,1708,2026-08-22 23:32:00,Team Invite,0
4002,1019,2025-05-23 22:46:00,Report Export,5
4003,1488,2026-07-23 09:55:00,Dashboard View,2
4004,583,2026-08-01 15:16:00,Report Export,5
4005,1196,2025-06-27 15:56:00,Data Import,1
4006,1041,2026-09-22 18:30:00,Report Export,5
4007,684,2026-07-22 19:29:00,Settings Update,5
4008,1208,2026-06-02 05:11:00,Data Import,2
4009,1418,2024-10-02 00:46:00,Team Invite,15
4010,311,2023-09-25 00:00:00,Dashboard View,2
4011,1212,2026-06-15 12:07:00,Dashboard View,10
4012,1714,2025-10-06 14:33:00,Data Import,10
4013,762,2025-11-16 18:47:00,Team Invite,0
4014,710,2025-06-03 22:39:00,Settings Update,2
4015,1912,2024-07-06 23:27:00,Settings Update,1
4016,1608,2024-03-17 07:36:00,Data Import,10
4017,1898,2025-03-11 01:47:00,Team Invite,5
4018,262,2026-08-02 11:47:00,Data Import,15
4019,1219,2025-02-21 21:11:00,Team Invite,2
4020,1420,2025-10-03 14:53:00,User Login,5
4021,447,2025-10-07 05:52:00,Data Import,1
4022,742,2026-07-27 23:53:00,User Login,10
4023,252,2025-11-13 03:47:00,Dashboard View,0
4024,719,2024-07-24 15:15:00,Team Invite,1
4025,1142,2026-01-27 13:09:00,Data Import,10
4026,1295,2025-12-20 03:21:00,Dashboard View,2
4027,1187,2026-04-13 09:14:00,Settings Update,5
4028,1122,2026-02-12 02:29:00,Dashboard View,1
4029,1948,2024-08-15 11:57:00,Team Invite,5
4030,1395,2026-02-28 01:58:00,Data Import,10
4031,571,2025-10-03 05:21:00,User Login,1
4032,1861,2025-12-28 06:39:00,User Login,10
4033,408,2026-04-27 03:27:00,Dashboard View,10
4034,1,2026-07-14 19:39:00,Report Export,15
4035,862,2026-04-24 21:46:00,Team Invite,5
4036,601,2025-03-22 21:44:00,User Login,5
4037,211,2025-05-22 07:25:00,Team Invite,2
4038,281,2025-11-09 22:37:00,User Login,15
4039,1534,2026-02-28 01:52:00,User Login,2
4040,1215,2024-02-03 21:59:00,Team Invite,1
4041,1501,2025-10-29 10:54:00,Team Invite,2
4042,676,2026-06-02 09:05:00,User Login,2
4043,1172,2024-05-02 06:06:00,Dashboard View,0
4044,782,2025-09-13 09:01:00,Report Export,2
4045,1727,2026-03-17 03:33:00,Dashboard View,2
4046,1420,2025-03-16 22:15:00,User Login,1
4047,473,2026-04-24 23:07:00,Settings Update,2
4048,352,2024-12-18 19:42:00,Dashboard View,2
4049,726,2026-05-16 02:12:00,Team Invite,15
4050,1714,2025-09-02 23:51:00,Report Export,10
4051,1056,2025-11-17 02:41:00,Team Invite,2
4052,593,2026-08-11 08:19:00,Report Export,0
4053,951,2025-01-24 10:52:00,Team Invite,10
4054,1981,2025-08-27 23:31:00,User Login,15
4055,249,2026-05-29 09:57:00,User Login,10
4056,1533,2026-09-26 11:55:00,Dashboard View,5
4057,199,2026-06-03 07:12:00,Report Export,15
4058,455,2026-07-26 07:45:00,User Login,1
4059,681,2026-02-25 23:22:00,User Login,5
4060,1667,2025-07-25 12:55:00,Dashboard View,5
4061,120,2024-11-24 10:01:00,User Login,10
4062,782,2026-04-26 13:02:00,User Login,5
4063,1380,2025-12-27 00:32:00,Data Import,10
4064,874,2025-07-07 01:26:00,Settings Update,5
4065,763,2025-09-25 23:13:00,Report Export,2
4066,522,2026-04-03 08:55:00,Dashboard View,5
4067,532,2025-03-26 05:43:00,Data Import,0
4068,1542,2026-07-20 08:12:00,Settings Update,2
4069,581,2026-04-06 06:20:00,Settings Update,10
4070,795,2023-05-10 00:00:00,Dashboard View,5
4071,1406,2023-12-24 00:57:00,Settings Update,5
4072,794,2026-01-25 06:33:00,Settings Update,1
4073,442,2026-06-12 21:37:00,Team Invite,5
4074,977,2024-12-10 18:06:00,Settings Update,5
4075,1653,2026-02-21 17:53:00,Dashboard View,30
4076,1095,2025-10-29 19:08:00,Dashboard View,2
4077,6,2023-11-17 16:04:00,User Login,10
4078,936,2026-05-06 23:00:00,Dashboard View,5
4079,1977,2026-03-27 13:45:00,User Login,5
4080,655,2023-11-15 04:26:00,Report Export,2
4081,1603,2023-09-26 10:08:00,Team Invite,5
4082,461,2025-08-05 16:06:00,User Login,15
4083,691,2025-01-25 15:31:00,Report Export,0
4084,171,2026-09-01 09:36:00,Report Export,1
4085,668,2025-04-28 22:50:00,Team Invite,5
4086,1946,2026-01-22 05:50:00,Data Import,2
4087,506,2026-09-15 13:42:00,Data Import,0
4088,1765,2025-11-07 04:20:00,User Login,10
4089,869,2026-09-17 10:07:00,User Login,1
4090,225,2026-04-01 05:30:00,Dashboard View,10
4091,516,2026-07-27 22:12:00,User Login,1
4092,191,2024-11-09 09:07:00,Report Export,10
4093,49,2025-08-26 06:18:00,User Login,0
4094,970,2026-06-13 18:26:00,Team Invite,30
4095,904,2025-09-27 14:19:00,Team Invite,10
4096,877,2026-06-01 10:19:00,Team Invite,2
4097,292,2026-02-01 16:54:00,User Login,1
4098,1143,2025-06-06 03:48:00,Report Export,15
4099,1855,2025-12-18 16:34:00,User Login,30
4100,573,2026-08-07 01:57:00,Data Import,0
4101,1576,2025-03-02 10:04:00,Report Export,2
4102,1363,2026-07-03 11:03:00,Settings Update,10
4103,852,2026-05-13 22:26:00,Settings Update,5
4104,879,2024-08-10 17:31:00,Data Import,2
4105,1812,2026-06-21 02:14:00,Data Import,0
4106,696,2026-04-14 20:51:00,Settings Update,10
4107,1889,2026-08-24 07:16:00,Dashboard View,0
4108,755,2025-09-26 04:39:00,Team Invite,10
4109,1996,2026-09-10 14:26:00,User Login,2
4110,1566,2025-09-22 22:49:00,Dashboard View,15
4111,1676,2026-09-19 20:03:00,Report Export,15
4112,478,2024-09-21 12:28:00,Team Invite,5
4113,525,2025-08-09 03:02:00,Team Invite,15
4114,1401,2026-09-23 08:12:00,Settings Update,5
4115,250,2026-06-14 03:33:00,Report Export,30
4116,113,2024-11-26 06:42:00,Data Import,0
4117,1507,2025-02-25 10:47:00,Settings Update,1
4118,1508,2025-04-11 15:12:00,Team Invite,10
4119,277,2024-01-27 06:05:00,Team Invite,0
4120,814,2026-01-22 09:57:00,User Login,10
4121,198,2026-09-14 08:30:00,Settings Update,10
4122,1021,2026-07-25 20:39:00,User Login,5
4123,1049,2026-06-15 11:54:00,Settings Update,5
4124,1486,2026-05-24 19:46:00,Data Import,5
4125,1190,2025-12-11 02:06:00,Data Import,15
4126,178,2026-07-30 19:53:00,Data Import,2
4127,1326,2025-05-18 12:37:00,Team Invite,15
4128,363,2026-01-23 20:45:00,Settings Update,10
4129,198,2026-05-14 17:55:00,Team Invite,30
4130,1481,2026-01-02 04:48:00,User Login,5
4131,1971,2025-12-03 12:33:00,User Login,5
4132,1353,2025-10-15 18:33:00,Data Import,1
4133,43,2024-09-26 05:24:00,Data Import,0
4134,468,2026-05-16 10:58:00,Report Export,2
4135,198,2026-07-17 05:02:00,Team Invite,2
4136,834,2025-09-03 03:51:00,Report Export,1
4137,365,2026-09-02 18:18:00,Settings Update,2
4138,896,2024-03-04 07:45:00,Team Invite,10
4139,856,2026-09-18 22:04:00,Dashboard View,5
4140,1611,2026-05-20 21:36:00,Report Export,10
4141,1210,2025-10-03 01:19:00,Data Import,1
4142,1960,2025-10-10 17:28:00,User Login,0
4143,1423,2026-08-22 18:28:00,User Login,5
4144,312,2024-11-12 20:54:00,Report Export,2
4145,1293,2026-06-18 12:48:00,Dashboard View,30
4146,1478,2025-03-28 03:22:00,Team Invite,1
4147,1363,2026-09-09 20:12:00,Team Invite,15
4148,1144,2026-08-05 20:36:00,Settings Update,10
4149,743,2026-06-22 02:11:00,Dashboard View,0
4150,1569,2025-12-08 18:59:00,Dashboard View,2
4151,1992,2026-06-02 05:17:00,Dashboard View,30
4152,924,2024-03-09 06:25:00,Team Invite,2
4153,1812,2026-04-19 15:46:00,Report Export,1
4154,419,2025-11-30 20:09:00,Data Import,0
4155,1812,2026-07-26 14:07:00,Settings Update,5
4156,988,2026-02-24 05:54:00,Dashboard View,10
4157,1605,2026-04-08 19:54:00,Team Invite,10
4158,1490,2025-02-23 23:09:00,Team Invite,5
4159,202,2024-11-25 03:31:00,Report Export,5
4160,548,2026-02-11 04:05:00,Team Invite,2
4161,178,2026-09-25 15:49:00,Data Import,30
4162,1500,2025-10-22 21:36:00,User Login,1
4163,461,2025-07-11 08:43:00,Dashboard View,5
4164,1489,2025-11-21 18:24:00,Dashboard View,5
4165,860,2026-08-14 20:20:00,Dashboard View,5
4166,804,2026-01-18 15:05:00,Data Import,2
4167,106,2026-02-20 10:59:00,Team Invite,5
4168,1412,2025-07-13 16:27:00,Report Export,10
4169,1891,2026-06-27 06:28:00,Settings Update,2
4170,1538,2026-04-21 14:06:00,Team Invite,15
4171,949,2025-09-11 05:04:00,Settings Update,5
4172,1982,2024-10-01 22:41:00,Settings Update,10
4173,1009,2026-04-22 23:47:00,User Login,0
4174,1767,2026-07-07 20:00:00,Dashboard View,1
4175,1325,2026-07-10 18:55:00,User Login,10
4176,1509,2025-11-11 09:21:00,Report Export,2
4177,1737,2025-01-26 06:00:00,Team Invite,30
4178,450,2026-09-07 15:32:00,Team Invite,10
4179,861,2025-07-27 13:57:00,Data Import,10
4180,630,2026-09-24 02:42:00,Settings Update,2
4181,1323,2025-12-05 19:41:00,Settings Update,5
4182,557,2025-11-26 22:12:00,Team Invite,1
4183,430,2026-09-13 04:10:00,User Login,5
4184,1908,2025-02-23 16:30:00,Dashboard View,5
4185,424,2025-10-28 11:23:00,Team Invite,10
4186,1089,2026-05-15 09:20:00,User Login,10
4187,1838,2025-09-10 10:13:00,Dashboard View,5
4188,534,2026-05-31 09:13:00,Dashboard View,15
4189,229,2026-02-01 04:09:00,Report Export,2
4190,944,2026-07-20 00:16:00,Dashboard View,1
4191,864,2025-06-24 09:48:00,Report Export,5
4192,765,2026-06-25 00:36:00,Data Import,10
4193,646,2026-05-21 23:41:00,Team Invite,2
4194,201,2025-01-26 18:09:00,Team Invite,30
4195,865,2025-11-02 04:51:00,Team Invite,2
4196,898,2026-05-07 00:12:00,Settings Update,1
4197,1394,2026-02-23 01:30:00,Dashboard View,0
4198,296,2025-03-12 10:33:00,Team Invite,5
4199,1553,2026-07-26 08:07:00,Team Invite,5
4200,1204,2025-05-28 19:38:00,User Login,5
4201,1236,2025-03-06 21:55:00,Team Invite,1
4202,1630,2024-09-29 07:32:00,Report Export,10
4203,1080,2026-06-24 13:35:00,Settings Update,1
4204,1474,2025-12-18 16:37:00,Settings Update,1
4205,1051,2024-06-19 14:13:00,Settings Update,15
4206,889,2026-05-25 03:58:00,User Login,2
4207,1522,2024-12-15 07:21:00,Dashboard View,5
4208,1696,2026-05-12 19:53:00,Team Invite,5
4209,483,2025-12-13 17:31:00,Report Export,10
4210,738,2024-04-21 03:37:00,Settings Update,5
4211,772,2026-07-29 08:59:00,Settings Update,2
4212,1366,2025-02-03 06:59:00,Data Import,1
4213,1862,2026-07-18 19:46:00,Data Import,0
4214,809,2026-04-27 04:46:00,Report Export,2
4215,1293,2026-07-17 05:34:00,Dashboard View,15
4216,921,2025-10-10 14:29:00,Team Invite,30
4217,1652,2026-07-12 13:28:00,Team Invite,10
4218,1437,2025-08-26 15:04:00,Settings Update,30
4219,1247,2023-09-21 11:41:00,Settings Update,2
4220,1859,2026-03-21 16:50:00,Settings Update,15
4221,467,2025-04-18 01:23:00,Report Export,5
4222,575,2024-03-05 21:27:00,Report Export,30
4223,288,2026-07-18 03:03:00,Team Invite,1
4224,311,2024-08-12 17:44:00,User Login,5
4225,798,2024-12-23 03:33:00,Settings Update,2
4226,1241,2023-09-26 19:34:00,User Login,10
4227,167,2024-10-19 04:37:00,Data Import,0
4228,488,2025-08-20 15:11:00,Data Import,5
4229,1738,2024-12-18 19:35:00,Data Import,5
4230,302,2026-01-10 21:44:00,Settings Update,2
4231,24,2026-04-19 04:35:00,Team Invite,10
4232,1728,2024-08-16 16:41:00,Team Invite,5
4233,1075,2024-11-08 00:37:00,Settings Update,10
4234,1870,2026-04-20 13:57:00,Team Invite,15
4235,1165,2024-11-20 22:17:00,Team Invite,10
4236,642,2026-09-15 00:59:00,Data Import,0
4237,548,2026-07-14 00:19:00,Settings Update,10
4238,1532,2025-09-24 11:46:00,Settings Update,5
4239,560,2024-09-20 09:50:00,Data Import,1
4240,782,2025-07-26 19:36:00,User Login,1
4241,126,2026-04-19 15:46:00,Settings Update,5
4242,911,2026-08-03 04:09:00,Report Export,1
4243,880,2025-05-22 12:46:00,Team Invite,0
4244,664,2026-09-22 07:15:00,Dashboard View,0
4245,1018,2025-10-26 04:29:00,Data Import,10
4246,1754,2026-09-08 15:53:00,User Login,10
4247,1253,2026-07-21 22:27:00,Team Invite,5
4248,1754,2026-06-21 22:02:00,Data Import,1
4249,734,2026-01-11 17:24:00,Team Invite,5
4250,21,2026-04-28 13:33:00,Dashboard View,1
4251,1960,2023-08-10 15:21:00,Dashboard View,0
4252,825,2024-02-02 11:23:00,Settings Update,15
4253,710,2025-10-13 07:55:00,Settings Update,15
4254,322,2024-06-23 08:16:00,Data Import,2
4255,894,2024-12-06 05:13:00,Report Export,1
4256,622,2026-07-11 19:19:00,Data Import,10
4257,389,2026-06-26 20:05:00,User Login,2
4258,1229,2025-11-24 06:03:00,Report Export,5
4259,649,2026-08-03 18:20:00,Settings Update,15
4260,987,2025-04-07 11:47:00,Team Invite,5
4261,892,2025-07-16 22:04:00,Dashboard View,10
4262,1684,2025-10-14 13:57:00,Dashboard View,5
4263,131,2026-09-29 04:33:00,User Login,2
4264,1444,2026-03-27 16:41:00,Dashboard View,0
4265,1695,2025-08-20 00:43:00,User Login,5
4266,1232,2024-10-31 16:09:00,Dashboard View,2
4267,272,2026-01-25 14:56:00,Settings Update,5
4268,1552,2026-09-26 12:08:00,Settings Update,5
4269,1924,2024-09-30 00:49:00,Team Invite,1
4270,588,2023-10-15 11:09:00,Dashboard View,5
4271,97,2025-08-02 12:55:00,Dashboard View,5
4272,389,2026-02-09 18:06:00,Report Export,5
4273,110,2024-11-05 22:46:00,Settings Update,2
4274,1082,2026-09-10 13:20:00,Data Import,5
4275,1130,2024-04-13 17:17:00,Data Import,30
4276,1217,2025-09-17 17:53:00,User Login,2
4277,631,2026-03-05 02:39:00,Report Export,15
4278,1314,2026-09-18 01:43:00,Data Import,2
4279,937,2025-03-26 16:30:00,Dashboard View,2
4280,780,2025-09-13 07:01:00,Team Invite,0
4281,761,2025-07-23 00:37:00,Team Invite,30
4282,558,2026-04-10 12:55:00,Dashboard View,2
4283,1760,2024-12-19 04:53:00,Team Invite,10
4284,453,2024-11-27 01:26:00,User Login,5
4285,1761,2026-08-15 13:53:00,Dashboard View,10
4286,1700,2026-01-27 00:22:00,Settings Update,0
4287,1048,2025-12-14 20:23:00,Team Invite,5
4288,676,2026-09-18 17:57:00,Settings Update,1
4289,1648,2026-01-21 18:44:00,Report Export,5
4290,1898,2026-01-12 15:17:00,Report Export,5
4291,1795,2026-09-08 18:02:00,Team Invite,1
4292,1781,2024-10-07 02:44:00,Settings Update,10
4293,1909,2025-06-08 00:37:00,Dashboard View,0
4294,934,2025-10-06 08:31:00,Dashboard View,15
4295,1576,2025-11-06 05:16:00,Team Invite,5
4296,345,2025-07-24 03:04:00,Team Invite,5
4297,268,2026-06-22 20:26:00,Team Invite,1
4298,994,2026-04-02 06:40:00,Settings Update,1
4299,449,2026-06-08 00:39:00,Settings Update,1
4300,539,2026-08-16 05:15:00,User Login,5
4301,1574,2025-10-19 06:19:00,User Login,1
4302,402,2025-09-01 16:28:00,Data Import,5
4303,1645,2025-06-06 13:20:00,User Login,30
4304,1859,2026-07-24 12:26:00,Settings Update,0
4305,1349,2025-02-11 17:02:00,Dashboard View,0
4306,738,2026-09-05 18:42:00,Data Import,15
4307,1433,2026-09-24 06:34:00,Dashboard View,2
4308,1705,2025-06-29 01:58:00,Dashboard View,15
4309,553,2024-10-30 21:34:00,Team Invite,10
4310,1991,2025-09-10 14:34:00,Dashboard View,5
4311,102,2026-07-21 14:39:00,Team Invite,10
4312,1269,2023-09-22 09:56:00,Settings Update,30
4313,1785,2026-06-22 11:42:00,Team Invite,30
4314,1721,2024-10-30 09:17:00,User Login,2
4315,1820,2026-07-15 21:38:00,Data Import,2
4316,931,2023-11-29 01:00:00,User Login,15
4317,850,2024-06-15 12:25:00,User Login,5
4318,742,2025-11-23 10:42:00,Data Import,1
4319,1790,2026-06-20 07:31:00,User Login,2
4320,739,2026-09-24 19:56:00,Data Import,5
4321,94,2025-02-03 21:14:00,Data Import,2
4322,1585,2023-12-09 07:57:00,Settings Update,1
4323,877,2024-12-17 05:24:00,User Login,30
4324,1046,2024-10-20 19:41:00,Dashboard View,5
4325,803,2025-12-15 09:24:00,Report Export,5
4326,479,2026-02-25 06:45:00,Data Import,5
4327,123,2026-04-22 11:48:00,Report Export,1
4328,1349,2025-03-11 02:40:00,Report Export,0
4329,404,2025-08-11 13:07:00,Dashboard View,15
4330,1837,2024-08-11 05:31:00,Settings Update,2
4331,385,2024-12-25 09:29:00,Settings Update,10
4332,913,2025-08-29 23:11:00,Report Export,10
4333,1821,2024-07-23 15:48:00,User Login,0
4334,1432,2025-11-15 17:10:00,Report Export,2
4335,1119,2026-03-08 21:33:00,Data Import,5
4336,247,2024-06-23 20:45:00,Data Import,5
4337,1395,2026-09-27 09:00:00,Settings Update,2
4338,916,2024-07-18 00:55:00,User Login,1
4339,977,2025-02-20 18:40:00,User Login,1
4340,998,2026-03-28 13:21:00,User Login,5
4341,1171,2026-08-15 01:24:00,Dashboard View,5
4342,498,2026-02-27 09:16:00,Report Export,2
4343,177,2025-06-11 19:20:00,Data Import,2
4344,160,2024-07-29 09:06:00,Data Import,15
4345,1053,2026-05-08 07:19:00,Settings Update,2
4346,137,2026-03-30 02:42:00,User Login,0
4347,1704,2026-09-05 21:24:00,Data Import,5
4348,241,2025-06-16 09:20:00,Report Export,30
4349,1009,2026-09-27 11:53:00,Report Export,0
4350,1678,2025-12-22 12:39:00,Dashboard View,2
4351,1927,2026-09-12 03:24:00,Team Invite,15
4352,157,2026-02-25 15:14:00,Report Export,5
4353,1835,2026-05-02 08:00:00,Team Invite,5
4354,413,2026-02-18 02:40:00,User Login,5
4355,32,2023-07-20 15:07:00,Settings Update,2
4356,1316,2025-08-03 21:19:00,Data Import,1
4357,1194,2026-01-02 03:17:00,Settings Update,15
4358,1335,2026-07-31 10:34:00,Report Export,5
4359,1757,2024-08-22 12:35:00,Dashboard View,30
4360,957,2024-10-08 19:25:00,User Login,10
4361,1731,2026-08-27 16:03:00,Settings Update,2
4362,1833,2026-08-10 16:56:00,Dashboard View,2
4363,1108,2026-05-21 16:08:00,User Login,10
4364,401,2026-06-01 00:52:00,Settings Update,5
4365,934,2023-06-29 09:46:00,User Login,2
4366,698,2024-01-27 07:01:00,Team Invite,0
4367,1376,2024-05-22 08:22:00,Team Invite,10
4368,1381,2026-08-05 19:03:00,Settings Update,0
4369,1052,2025-11-09 07:13:00,Dashboard View,0
4370,1010,2026-09-18 12:15:00,Team Invite,30
4371,1655,2026-02-15 05:10:00,Report Export,10
4372,455,2026-09-12 13:39:00,Data Import,0
4373,1703,2025-04-28 04:58:00,Team Invite,2
4374,92,2026-06-09 18:03:00,Data Import,5
4375,731,2024-07-22 10:53:00,Report Export,1
4376,1552,2025-08-14 08:37:00,Report Export,0
4377,1626,2025-09-13 06:36:00,User Login,15
4378,1575,2026-01-16 11:06:00,Report Export,5
4379,711,2026-09-22 18:27:00,Data Import,1
4380,122,2025-11-11 12:52:00,Dashboard View,10
4381,1250,2026-01-03 19:45:00,User Login,1
4382,523,2026-07-24 00:44:00,Data Import,0
4383,1341,2026-01-08 07:07:00,User Login,2
4384,1621,2025-10-25 19:39:00,Dashboard View,10
4385,890,2025-01-30 13:19:00,Team Invite,0
4386,1313,2023-12-02 22:23:00,Data Import,15
4387,355,2026-06-29 01:02:00,User Login,1
4388,1542,2026-04-13 18:42:00,Report Export,1
4389,1067,2025-05-07 06:23:00,User Login,5
4390,1262,2024-07-19 17:41:00,Settings Update,2
4391,1174,2025-01-18 11:56:00,Settings Update,5
4392,319,2025-04-02 02:41:00,User Login,2
4393,996,2026-02-22 05:38:00,Data Import,5
4394,939,2025-04-10 12:23:00,Data Import,1
4395,1055,2026-04-05 21:56:00,Settings Update,5
4396,893,2025-09-27 17:12:00,User Login,5
4397,868,2026-04-16 14:03:00,Report Export,0
4398,7,2024-06-30 05:08:00,Team Invite,0
4399,460,2026-02-19 15:22:00,Report Export,5
4400,1394,2026-07-18 08:11:00,Dashboard View,2
4401,1510,2026-08-08 06:52:00,Data Import,2
4402,1589,2025-04-24 14:18:00,Settings Update,5
4403,1459,2025-09-25 07:39:00,User Login,15
4404,1988,2024-10-25 17:44:00,Report Export,2
4405,762,2026-02-04 06:02:00,Settings Update,15
4406,1922,2026-05-21 22:15:00,Data Import,1
4407,132,2025-07-12 02:31:00,Report Export,5
4408,587,2025-11-25 13:54:00,Dashboard View,15
4409,886,2025-09-26 23:16:00,User Login,1
4410,734,2026-05-11 10:26:00,Dashboard View,0
4411,96,2026-01-03 02:02:00,Report Export,10
4412,333,2025-05-17 03:45:00,Report Export,1
4413,693,2025-05-11 03:11:00,Dashboard View,15
4414,856,2026-08-15 16:14:00,Report Export,1
4415,1138,2025-05-26 08:06:00,Data Import,30
4416,1916,2023-12-04 13:52:00,Report Export,5
4417,845,2026-01-15 23:08:00,Dashboard View,2
4418,655,2024-04-22 15:06:00,Data Import,5
4419,547,2026-07-23 03:53:00,Settings Update,2
4420,1114,2026-05-16 15:35:00,Settings Update,10
4421,1569,2025-03-24 21:07:00,Team Invite,2
4422,1241,2023-09-04 06:11:00,User Login,5
4423,382,2025-10-27 05:45:00,Team Invite,2
4424,692,2025-03-11 08:26:00,Settings Update,5
4425,426,2024-02-20 22:24:00,Team Invite,5
4426,386,2025-05-28 01:56:00,Data Import,2
4427,1163,2026-06-08 07:11:00,Report Export,10
4428,206,2025-05-21 09:21:00,Data Import,1
4429,1981,2025-12-16 23:30:00,User Login,5
4430,332,2026-08-18 12:00:00,Report Export,15
4431,676,2026-08-20 09:01:00,Team Invite,5
4432,30,2026-08-29 19:48:00,Settings Update,5
4433,1043,2026-09-19 02:38:00,Team Invite,2
4434,987,2026-06-15 15:36:00,User Login,5
4435,1243,2026-09-13 06:42:00,Settings Update,30
4436,1167,2026-04-27 03:56:00,Team Invite,5
4437,1151,2026-09-15 21:29:00,Data Import,2
4438,355,2025-12-13 21:05:00,Settings Update,5
4439,18,2026-05-09 04:18:00,Dashboard View,2
4440,232,2026-06-02 10:33:00,User Login,15
4441,1841,2026-04-16 06:21:00,Report Export,1
4442,1802,2025-05-08 01:08:00,Settings Update,10
4443,1215,2025-10-05 13:27:00,Settings Update,2
4444,1818,2026-07-12 11:52:00,Settings Update,10
4445,551,2024-12-17 02:05:00,User Login,1
4446,138,2026-04-24 22:42:00,Team Invite,2
4447,1768,2025-06-01 09:44:00,Settings Update,2
4448,946,2026-02-17 19:59:00,User Login,10
4449,1402,2026-08-17 09:47:00,Report Export,0
4450,697,2025-08-17 14:31:00,Dashboard View,5
4451,1910,2025-08-17 21:03:00,Team Invite,10
4452,945,2025-06-10 18:26:00,Dashboard View,5
4453,1290,2026-06-27 18:48:00,Data Import,5
4454,1249,2026-01-01 19:12:00,Data Import,15
4455,614,2025-06-02 08:57:00,Report Export,1
4456,537,2025-12-07 08:49:00,Data Import,1
4457,208,2025-08-07 11:45:00,Settings Update,2
4458,869,2025-05-06 20:48:00,Dashboard View,10
4459,1834,2026-03-13 17:02:00,Team Invite,2
4460,1338,2026-05-04 23:46:00,Team Invite,10
4461,1198,2025-07-27 10:07:00,Data Import,10
4462,598,2023-02-20 11:50:00,Dashboard View,5
4463,30,2025-02-19 22:15:00,Team Invite,2
4464,1289,2025-12-09 22:10:00,Settings Update,5
4465,1862,2025-09-05 13:16:00,Dashboard View,15
4466,352,2025-09-17 09:28:00,Report Export,2
4467,547,2026-06-27 22:36:00,Team Invite,15
4468,585,2025-01-24 06:38:00,Team Invite,2
4469,1736,2025-05-02 04:16:00,Dashboard View,5
4470,172,2026-03-08 09:45:00,Team Invite,2
4471,753,2024-07-31 18:44:00,Team Invite,10
4472,1649,2025-04-12 16:41:00,Data Import,10
4473,381,2025-11-11 13:32:00,Report Export,0
4474,201,2025-10-21 20:35:00,Dashboard View,1
4475,629,2026-01-29 12:07:00,Data Import,15
4476,1597,2026-03-31 17:02:00,Settings Update,10
4477,4,2026-03-23 00:38:00,User Login,5
4478,32,2025-12-16 21:15:00,Data Import,15
4479,208,2026-07-12 21:20:00,Settings Update,0
4480,961,2025-11-04 20:13:00,Report Export,1
4481,113,2025-04-01 21:54:00,Data Import,15
4482,490,2026-02-01 19:30:00,Dashboard View,5
4483,106,2025-12-22 20:15:00,User Login,10
4484,1887,2025-12-02 17:29:00,Report Export,10
4485,407,2026-05-20 02:31:00,Report Export,0
4486,236,2025-01-04 07:15:00,Report Export,0
4487,409,2025-06-05 10:24:00,Settings Update,15
4488,852,2026-04-17 14:48:00,Data Import,15
4489,138,2026-05-27 07:04:00,Dashboard View,2
4490,1219,2025-08-04 16:14:00,Settings Update,2
4491,1105,2025-12-02 05:09:00,User Login,5
4492,405,2026-02-17 11:19:00,Report Export,0
4493,1804,2023-07-08 06:41:00,Team Invite,15
4494,1417,2025-11-01 03:15:00,Dashboard View,2
4495,781,2026-09-20 10:12:00,Team Invite,2
4496,1017,2025-07-03 06:25:00,Data Import,2
4497,1858,2024-12-05 10:05:00,Team Invite,15
4498,666,2024-11-20 05:32:00,Team Invite,1
4499,286,2026-05-23 21:13:00,Data Import,5
4500,658,2025-09-12 22:38:00,User Login,10
4501,1164,2026-07-10 22:16:00,Settings Update,10
4502,728,2025-10-26 14:20:00,Settings Update,1
4503,1314,2024-12-19 11:11:00,Dashboard View,5
4504,1017,2025-04-04 21:24:00,Data Import,0
4505,888,2025-11-14 02:09:00,Report Export,15
4506,1936,2023-10-24 10:17:00,Dashboard View,1
4507,536,2026-04-03 16:13:00,Dashboard View,15
4508,927,2026-02-15 00:06:00,User Login,1
4509,1019,2026-04-30 00:12:00,Team Invite,2
4510,236,2024-10-23 03:55:00,Dashboard View,5
4511,257,2025-02-25 19:40:00,User Login,1
4512,1902,2026-04-26 09:10:00,User Login,15
4513,1496,2025-08-12 05:58:00,User Login,15
4514,536,2026-07-27 10:18:00,Report Export,2
4515,857,2025-11-14 20:49:00,User Login,5
4516,888,2026-02-20 21:19:00,User Login,5
4517,1753,2026-04-06 12:38:00,Settings Update,2
4518,399,2026-04-28 02:44:00,Report Export,1
4519,272,2025-11-27 19:49:00,Settings Update,10
4520,1934,2026-07-18 17:08:00,Dashboard View,10
4521,3,2026-03-19 20:26:00,Team Invite,15
4522,248,2026-08-05 12:04:00,Data Import,15
4523,580,2025-07-08 17:22:00,Dashboard View,2
4524,942,2025-07-30 13:07:00,User Login,10
4525,1631,2025-02-04 17:18:00,Settings Update,15
4526,1997,2026-08-20 04:25:00,Dashboard View,10
4527,1056,2024-06-15 05:32:00,User Login,5
4528,1456,2025-12-20 02:19:00,Dashboard View,10
4529,1159,2025-04-16 12:04:00,Team Invite,15
4530,1260,2025-04-13 19:56:00,Report Export,1
4531,691,2026-02-09 16:38:00,Dashboard View,15
4532,1034,2026-08-11 01:27:00,Settings Update,0
4533,113,2025-06-29 09:47:00,Team Invite,30
4534,1509,2025-04-14 02:11:00,Dashboard View,1
4535,436,2024-06-24 20:08:00,Report Export,15
4536,1281,2026-07-23 11:40:00,Settings Update,10
4537,1439,2025-07-03 22:43:00,Report Export,5
4538,316,2025-06-08 14:09:00,Report Export,1
4539,1617,2025-09-01 07:23:00,Team Invite,5
4540,456,2025-09-09 18:34:00,Settings Update,5
4541,139,2024-10-10 22:07:00,Report Export,5
4542,1270,2026-07-10 23:30:00,Report Export,5
4543,1355,2026-04-12 19:10:00,User Login,5
4544,959,2025-09-23 14:34:00,Report Export,1
4545,16,2026-01-10 05:08:00,Settings Update,10
4546,1659,2026-03-12 10:06:00,Data Import,2
4547,533,2026-01-13 12:21:00,User Login,2
4548,49,2026-04-03 04:52:00,Dashboard View,2
4549,133,2026-03-24 21:43:00,Settings Update,5
4550,1658,2026-08-07 19:40:00,Dashboard View,5
4551,1440,2026-05-14 04:03:00,Report Export,10
4552,1053,2025-11-08 02:13:00,Dashboard View,10
4553,1061,2025-08-24 07:59:00,Team Invite,1
4554,246,2025-03-16 02:37:00,Team Invite,5
4555,1546,2026-04-19 22:40:00,User Login,5
4556,511,2026-08-02 06:01:00,Team Invite,2
4557,3,2026-05-31 08:36:00,Data Import,0
4558,579,2026-07-10 07:54:00,Report Export,2
4559,1692,2026-07-03 18:10:00,Settings Update,5
4560,1332,2025-01-23 04:45:00,Settings Update,2
4561,1949,2025-09-16 03:50:00,User Login,0
4562,774,2026-07-19 06:43:00,User Login,10
4563,560,2023-10-13 16:47:00,Settings Update,10
4564,1770,2023-12-19 20:41:00,User Login,1
4565,493,2026-05-31 03:12:00,User Login,0
4566,1844,2024-11-04 15:45:00,Team Invite,2
4567,78,2026-04-15 15:26:00,Report Export,1
4568,1747,2025-03-28 19:17:00,Dashboard View,10
4569,264,2025-11-21 17:13:00,Settings Update,2
4570,1644,2026-01-19 07:20:00,User Login,5
4571,1637,2023-09-06 13:18:00,Data Import,10
4572,841,2026-07-24 08:51:00,User Login,1
4573,390,2025-03-18 21:58:00,Settings Update,0
4574,1847,2025-08-10 01:56:00,Report Export,10
4575,1329,2024-08-02 10:33:00,Team Invite,15
4576,1404,2024-02-21 03:35:00,Data Import,5
4577,1876,2025-02-26 01:06:00,Data Import,2
4578,270,2024-03-04 23:23:00,Report Export,15
4579,1299,2026-09-04 12:32:00,Report Export,5
4580,31,2025-10-21 08:03:00,Settings Update,1
4581,288,2026-06-11 10:27:00,Report Export,10
4582,818,2026-02-13 12:25:00,Dashboard View,1
4583,195,2026-03-03 17:37:00,Report Export,5
4584,1836,2026-09-10 17:17:00,User Login,5
4585,1406,2025-09-07 02:34:00,Dashboard View,15
4586,408,2026-05-11 09:31:00,Team Invite,15
4587,1531,2026-01-26 11:05:00,Dashboard View,5
4588,1563,2025-08-11 15:14:00,Dashboard View,30
4589,1137,2023-05-24 05:33:00,Report Export,15
4590,442,2025-08-11 22:05:00,Team Invite,2
4591,1047,2026-06-01 09:40:00,Dashboard View,10
4592,617,2026-06-14 00:17:00,Data Import,2
4593,1162,2026-04-10 17:40:00,Settings Update,2
4594,1632,2025-11-16 18:26:00,Report Export,2
4595,1909,2026-09-11 00:48:00,Dashboard View,15
4596,1210,2025-08-10 13:33:00,Team Invite,10
4597,464,2026-02-21 08:23:00,Dashboard View,0
4598,213,2026-04-02 11:05:00,Team Invite,0
4599,1290,2025-10-13 06:01:00,User Login,10
4600,1760,2025-10-15 02:30:00,Dashboard View,2
4601,1905,2025-06-13 12:43:00,Team Invite,2
4602,1503,2025-01-27 13:19:00,Team Invite,5
4603,1868,2025-12-31 20:01:00,Settings Update,5
4604,260,2026-09-15 09:49:00,Settings Update,15
4605,1814,2024-05-13 16:06:00,Settings Update,2
4606,806,2026-09-29 04:14:00,Data Import,2
4607,525,2024-11-21 10:23:00,User Login,1
4608,1893,2026-03-18 15:48:00,User Login,1
4609,1620,2024-08-20 18:26:00,Report Export,5
4610,827,2026-04-23 00:45:00,Settings Update,0
4611,16,2025-12-20 18:43:00,Data Import,30
4612,978,2025-07-04 06:04:00,Settings Update,0
4613,899,2025-04-13 22:51:00,User Login,2
4614,1688,2026-05-09 12:15:00,User Login,1
4615,1429,2026-06-09 11:50:00,Settings Update,5
4616,1726,2025-07-27 16:16:00,Team Invite,10
4617,1538,2025-03-10 09:30:00,Dashboard View,10
4618,1901,2025-12-08 22:29:00,Dashboard View,10
4619,1647,2025-08-28 13:20:00,User Login,30
4620,787,2026-09-26 08:06:00,Team Invite,2
4621,810,2026-05-22 13:29:00,Dashboard View,2
4622,1584,2025-04-14 02:52:00,Dashboard View,1
4623,1920,2025-05-05 00:06:00,Settings Update,5
4624,37,2026-09-17 10:40:00,Settings Update,10
4625,393,2026-08-07 11:36:00,User Login,5
4626,1208,2025-06-01 13:11:00,Data Import,10
4627,695,2024-07-02 11:29:00,User Login,0
4628,58,2026-05-10 06:22:00,Settings Update,10
4629,1052,2024-08-13 17:03:00,Settings Update,2
4630,1033,2025-04-06 21:48:00,Team Invite,5
4631,1058,2026-09-07 06:48:00,Dashboard View,10
4632,419,2025-11-20 04:10:00,Settings Update,5
4633,1363,2026-08-31 17:23:00,Report Export,1
4634,1778,2025-03-27 22:44:00,Dashboard View,0
4635,493,2025-08-10 18:34:00,Settings Update,10
4636,20,2023-11-01 08:00:00,Dashboard View,1
4637,1910,2026-03-26 11:35:00,Data Import,10
4638,1884,2024-01-10 03:57:00,Data Import,0
4639,695,2026-02-27 10:47:00,Dashboard View,1
4640,721,2025-12-22 17:31:00,Dashboard View,5
4641,1673,2026-06-12 01:39:00,Data Import,5
4642,293,2026-04-30 14:47:00,Settings Update,5
4643,556,2026-08-18 06:25:00,Settings Update,15
4644,1593,2026-08-12 18:58:00,Dashboard View,5
4645,396,2026-06-27 16:26:00,Data Import,5
4646,1108,2026-03-19 12:08:00,User Login,5
4647,1944,2026-04-10 02:26:00,Team Invite,1
4648,1953,2025-08-18 21:30:00,Dashboard View,5
4649,1453,2026-07-12 10:11:00,Settings Update,2
4650,1891,2026-01-08 18:45:00,Data Import,15
4651,1616,2026-05-20 22:24:00,Settings Update,0
4652,1751,2025-05-03 22:34:00,Team Invite,5
4653,1895,2026-07-02 17:46:00,Dashboard View,5
4654,543,2024-01-02 22:08:00,Data Import,2
4655,336,2026-08-18 14:48:00,User Login,0
4656,79,2026-08-30 15:21:00,Data Import,0
4657,881,2023-11-30 08:18:00,Settings Update,0
4658,1522,2026-08-25 23:34:00,Settings Update,5
4659,1874,2026-07-17 14:33:00,Settings Update,10
4660,1770,2023-06-19 03:14:00,Settings Update,1
4661,1182,2024-06-22 16:29:00,Dashboard View,2
4662,571,2026-08-06 22:05:00,Data Import,15
4663,45,2024-12-04 07:17:00,Settings Update,10
4664,1618,2026-04-05 09:13:00,Settings Update,30
4665,1531,2026-04-02 17:42:00,Dashboard View,15
4666,637,2024-12-26 09:24:00,Report Export,2
4667,1092,2026-03-15 21:46:00,Report Export,10
4668,1722,2026-05-03 05:13:00,User Login,5
4669,987,2025-11-12 07:03:00,Settings Update,5
4670,24,2025-01-17 09:20:00,Data Import,2
4671,1343,2025-10-23 09:51:00,Report Export,30
4672,366,2026-05-20 23:02:00,Settings Update,2
4673,1963,2025-10-30 17:26:00,Dashboard View,5
4674,1643,2026-02-18 21:12:00,Dashboard View,10
4675,968,2026-05-21 00:36:00,Settings Update,0
4676,1783,2026-06-30 19:41:00,Team Invite,5
4677,1728,2026-02-28 08:25:00,User Login,2
4678,954,2025-10-26 19:36:00,Data Import,1
4679,1541,2024-01-19 06:45:00,Data Import,2
4680,1986,2025-03-13 10:30:00,Team Invite,2
4681,142,2026-04-12 23:40:00,Settings Update,0
4682,1079,2026-03-19 11:29:00,Settings Update,30
4683,704,2026-01-14 00:01:00,Dashboard View,10
4684,610,2025-08-05 02:22:00,User Login,15
4685,1707,2026-07-27 12:43:00,Report Export,0
4686,1859,2026-01-23 23:28:00,Report Export,5
4687,889,2025-04-27 05:01:00,Report Export,1
4688,654,2025-11-01 17:13:00,Settings Update,10
4689,657,2025-10-21 14:01:00,Dashboard View,10
4690,1315,2026-06-07 22:25:00,Team Invite,10
4691,1980,2026-08-26 05:00:00,Team Invite,10
4692,313,2026-08-11 08:33:00,Settings Update,1
4693,1590,2023-10-26 07:41:00,User Login,15
4694,987,2026-04-03 13:31:00,User Login,5
4695,555,2026-07-09 12:55:00,Settings Update,2
4696,1702,2026-07-16 08:07:00,Data Import,5
4697,320,2026-04-27 20:35:00,Settings Update,5
4698,1128,2026-08-08 01:56:00,User Login,2
4699,976,2024-11-10 13:50:00,Data Import,5
4700,1386,2026-07-22 17:23:00,User Login,10
4701,751,2026-05-25 22:37:00,Report Export,2
4702,919,2026-02-28 07:16:00,User Login,5
4703,261,2026-06-21 20:39:00,Team Invite,5
4704,744,2025-07-29 12:22:00,Report Export,1
4705,1068,2026-07-13 06:20:00,Dashboard View,0
4706,957,2026-06-26 16:25:00,Report Export,2
4707,1285,2024-10-24 08:18:00,Settings Update,15
4708,1363,2026-08-26 14:19:00,User Login,15
4709,1593,2024-05-19 18:28:00,Team Invite,10
4710,1954,2024-11-12 06:04:00,Settings Update,5
4711,1747,2024-05-13 15:31:00,Settings Update,15
4712,1984,2025-04-05 13:42:00,Settings Update,5
4713,1069,2026-08-24 12:28:00,Team Invite,10
4714,580,2025-09-28 00:21:00,Team Invite,10
4715,1362,2024-11-05 15:34:00,Data Import,2
4716,296,2024-02-26 12:13:00,Data Import,10
4717,677,2026-02-22 17:46:00,User Login,15
4718,1581,2024-11-30 11:14:00,Dashboard View,1
4719,601,2024-12-29 21:54:00,Report Export,10
4720,257,2025-11-06 19:32:00,Team Invite,10
4721,1277,2024-03-14 17:47:00,Team Invite,2
4722,1043,2026-08-04 10:50:00,Dashboard View,15
4723,520,2026-07-12 13:51:00,Dashboard View,10
4724,210,2026-03-27 00:51:00,Team Invite,2
4725,486,2026-07-17 13:29:00,Dashboard View,1
4726,1838,2026-07-16 10:23:00,Team Invite,15
4727,377,2025-02-04 09:04:00,Team Invite,1
4728,791,2025-04-01 10:09:00,Team Invite,5
4729,1507,2025-10-20 22:31:00,Settings Update,5
4730,1626,2025-04-14 10:07:00,User Login,5
4731,286,2025-12-10 05:10:00,User Login,10
4732,170,2025-11-26 20:05:00,Settings Update,0
4733,294,2023-09-24 23:17:00,Settings Update,5
4734,66,2026-06-07 08:28:00,Team Invite,2
4735,1749,2025-05-02 11:28:00,Team Invite,5
4736,595,2025-09-11 04:35:00,Report Export,1
4737,1242,2023-06-13 06:08:00,Team Invite,10
4738,136,2026-09-17 20:15:00,User Login,2
4739,1663,2025-04-04 19:33:00,Report Export,2
4740,1051,2023-11-01 16:17:00,User Login,5
4741,1665,2026-07-22 15:13:00,Report Export,5
4742,1601,2025-11-21 10:32:00,Data Import,10
4743,875,2025-05-18 15:06:00,Team Invite,1
4744,110,2025-11-12 04:16:00,Data Import,2
4745,1250,2025-11-26 08:22:00,Settings Update,5
4746,1259,2024-02-02 19:03:00,User Login,2
4747,1666,2024-11-20 18:19:00,User Login,5
4748,1995,2024-02-03 13:09:00,User Login,2
4749,1476,2025-03-16 16:57:00,Settings Update,15
4750,1209,2026-09-21 15:11:00,Data Import,2
4751,616,2025-12-31 07:05:00,Report Export,10
4752,1402,2025-11-29 04:43:00,Dashboard View,5
4753,354,2026-02-24 09:37:00,Report Export,5
4754,1695,2025-06-06 18:33:00,Dashboard View,5
4755,294,2024-01-17 01:11:00,Dashboard View,2
4756,198,2026-06-13 20:43:00,Settings Update,2
4757,431,2026-07-19 16:17:00,Dashboard View,2
4758,1721,2024-10-24 22:24:00,Team Invite,2
4759,471,2025-07-01 00:00:00,Settings Update,15
4760,926,2026-01-30 15:23:00,Dashboard View,5
4761,1538,2025-03-05 06:11:00,Report Export,30
4762,883,2024-11-11 15:15:00,Data Import,10
4763,951,2026-04-14 23:18:00,Report Export,1
4764,958,2024-12-21 17:19:00,User Login,2
4765,1303,2026-01-02 02:49:00,Dashboard View,10
4766,428,2026-03-04 06:14:00,Settings Update,15
4767,1655,2025-12-25 08:15:00,User Login,10
4768,1964,2025-12-08 07:03:00,Team Invite,2
4769,703,2026-08-09 05:04:00,Settings Update,2
4770,1523,2025-10-18 10:38:00,Settings Update,2
4771,305,2024-04-18 08:13:00,Dashboard View,15
4772,1394,2026-05-17 02:09:00,Data Import,30
4773,749,2026-07-30 16:39:00,Settings Update,1
4774,1264,2025-05-31 22:13:00,Dashboard View,5
4775,245,2026-04-18 03:08:00,Data Import,5
4776,1358,2025-06-23 14:57:00,Dashboard View,5
4777,1704,2026-09-01 22:43:00,Team Invite,30
4778,1336,2026-04-27 20:11:00,Data Import,2
4779,1460,2025-07-28 09:47:00,User Login,2
4780,1234,2025-08-27 02:06:00,Report Export,10
4781,766,2026-04-10 16:53:00,User Login,1
4782,1380,2025-02-07 04:19:00,Report Export,2
4783,606,2026-01-12 19:46:00,User Login,15
4784,1172,2024-07-29 13:33:00,Data Import,2
4785,438,2025-06-11 00:51:00,Settings Update,0
4786,1755,2025-11-06 17:43:00,Data Import,5
4787,976,2024-01-06 12:12:00,Team Invite,1
4788,1645,2025-09-25 11:02:00,Report Export,5
4789,146,2026-07-25 04:24:00,Data Import,1
4790,1528,2025-06-08 05:15:00,Settings Update,10
4791,1668,2024-10-05 16:53:00,Settings Update,0
4792,511,2025-04-20 13:59:00,Team Invite,15
4793,1463,2026-05-11 18:31:00,Dashboard View,2
4794,1280,2025-02-15 18:45:00,Settings Update,0
4795,1504,2024-06-28 18:52:00,User Login,5
4796,1674,2024-12-18 07:47:00,Team Invite,30
4797,491,2025-02-07 13:09:00,Report Export,5
4798,1615,2023-09-05 05:04:00,Dashboard View,15
4799,1808,2026-01-31 15:00:00,Team Invite,0
4800,9,2024-02-17 17:55:00,Report Export,1
4801,113,2025-11-16 07:08:00,Team Invite,1
4802,1110,2026-08-30 07:36:00,Team Invite,2
4803,1570,2023-11-02 16:36:00,Settings Update,0
4804,870,2026-05-30 02:54:00,User Login,1
4805,1740,2023-11-14 02:18:00,User Login,15
4806,372,2025-09-27 14:52:00,Data Import,15
4807,1258,2024-02-24 03:57:00,User Login,1
4808,91,2025-11-14 13:20:00,Dashboard View,10
4809,1055,2026-04-23 20:46:00,Settings Update,2
4810,1469,2025-12-20 01:11:00,User Login,15
4811,404,2024-05-09 13:01:00,Report Export,10
4812,714,2025-05-09 04:44:00,Data Import,15
4813,697,2023-09-24 12:52:00,Report Export,1
4814,949,2026-08-16 01:59:00,Team Invite,5
4815,716,2025-08-13 08:58:00,Dashboard View,5
4816,1933,2026-07-28 19:52:00,Data Import,10
4817,1302,2026-08-08 10:27:00,Data Import,2
4818,852,2026-06-10 14:25:00,Team Invite,15
4819,1500,2024-06-25 13:39:00,Dashboard View,2
4820,1463,2026-08-20 09:00:00,Dashboard View,0
4821,1852,2026-01-10 22:07:00,Report Export,10
4822,1973,2026-06-12 08:12:00,User Login,5
4823,1002,2025-11-22 00:48:00,User Login,1
4824,1663,2024-10-14 06:11:00,Report Export,2
4825,1482,2026-06-03 21:34:00,Team Invite,1
4826,985,2026-02-22 05:41:00,Team Invite,1
4827,429,2025-11-07 08:21:00,Dashboard View,1
4828,566,2025-02-12 15:31:00,User Login,2
4829,1104,2026-03-21 13:05:00,Dashboard View,5
4830,104,2023-10-01 00:56:00,Data Import,5
4831,1746,2026-09-28 03:33:00,User Login,1
4832,1499,2025-09-05 15:38:00,Report Export,5
4833,1282,2025-06-17 09:32:00,Team Invite,5
4834,585,2023-06-21 04:25:00,Settings Update,5
4835,797,2026-07-20 02:20:00,Team Invite,2
4836,719,2026-02-12 16:03:00,Team Invite,0
4837,985,2025-12-26 15:49:00,Data Import,5
4838,202,2026-09-27 06:07:00,Settings Update,15
4839,458,2026-07-14 04:12:00,User Login,0
4840,1520,2026-05-06 08:17:00,Data Import,2
4841,1911,2026-09-04 10:01:00,Dashboard View,5
4842,1293,2026-08-13 02:15:00,Settings Update,2
4843,1856,2026-02-06 03:35:00,Data Import,1
4844,463,2025-11-17 12:47:00,Data Import,30
4845,929,2025-12-05 02:30:00,User Login,1
4846,1723,2026-06-25 15:42:00,Dashboard View,0
4847,865,2026-02-05 06:25:00,Dashboard View,2
4848,1618,2026-05-31 15:05:00,Report Export,5
4849,478,2023-12-19 20:02:00,Settings Update,1
4850,795,2023-12-31 20:41:00,User Login,5
4851,857,2026-05-14 19:45:00,Settings Update,10
4852,890,2023-02-24 09:07:00,Settings Update,2
4853,1681,2026-02-28 00:39:00,Data Import,2
4854,1770,2023-11-20 02:52:00,Team Invite,15
4855,383,2026-09-24 18:08:00,Dashboard View,10
4856,985,2025-10-28 16:27:00,Data Import,1
4857,1152,2026-04-12 00:37:00,User Login,2
4858,406,2025-07-14 06:07:00,Data Import,5
4859,1935,2025-08-16 16:40:00,Settings Update,2
4860,1186,2023-08-15 16:43:00,User Login,1
4861,973,2025-09-04 20:25:00,Settings Update,2
4862,513,2026-01-14 21:17:00,Settings Update,30
4863,1918,2025-07-18 21:43:00,Report Export,1
4864,853,2024-06-25 10:49:00,Data Import,5
4865,493,2025-02-22 00:12:00,Data Import,5
4866,1360,2026-06-28 14:23:00,User Login,5
4867,1954,2025-07-03 08:47:00,Data Import,5
4868,1473,2026-05-26 01:32:00,Settings Update,2
4869,477,2025-12-03 17:58:00,Settings Update,1
4870,175,2026-06-17 05:28:00,Team Invite,30
4871,1917,2025-11-17 14:32:00,Report Export,2
4872,1018,2026-08-15 21:40:00,Report Export,1
4873,1961,2026-03-16 02:35:00,Dashboard View,2
4874,971,2026-04-17 15:28:00,Team Invite,0
4875,14,2025-09-27 09:02:00,Report Export,0
4876,1877,2025-10-14 07:27:00,Dashboard View,5
4877,655,2025-09-20 08:06:00,User Login,5
4878,136,2026-06-12 08:40:00,Settings Update,0
4879,1623,2025-07-06 00:48:00,Dashboard View,15
4880,185,2024-10-30 07:03:00,Team Invite,5
4881,1478,2024-12-06 08:52:00,Settings Update,5
4882,523,2026-08-27 00:05:00,Dashboard View,10
4883,1838,2025-04-21 20:36:00,Report Export,1
4884,1353,2025-11-15 17:55:00,Team Invite,15
4885,1189,2025-12-09 14:49:00,User Login,15
4886,546,2025-07-17 07:41:00,User Login,10
4887,1947,2025-05-28 10:24:00,Dashboard View,5
4888,1884,2025-09-04 13:35:00,Settings Update,15
4889,765,2026-05-12 20:34:00,Team Invite,10
4890,423,2026-02-27 10:39:00,User Login,2
4891,1811,2024-02-06 20:37:00,Dashboard View,2
4892,945,2026-08-05 22:07:00,Settings Update,1
4893,1379,2025-12-13 16:50:00,Report Export,1
4894,1070,2024-04-27 23:24:00,Data Import,2
4895,1161,2026-05-01 17:40:00,Settings Update,2
4896,1817,2024-03-22 04:24:00,User Login,2
4897,1264,2026-07-27 03:24:00,Team Invite,10
4898,1729,2025-09-25 23:45:00,User Login,15
4899,1381,2024-12-16 21:53:00,Settings Update,10
4900,870,2026-05-26 11:29:00,Data Import,15
4901,1502,2026-06-05 11:53:00,Settings Update,2
4902,1360,2025-11-02 19:58:00,User Login,5
4903,988,2025-02-22 22:42:00,Team Invite,5
4904,81,2026-05-21 10:02:00,Team Invite,10
4905,1075,2025-03-16 06:41:00,Team Invite,1
4906,973,2025-03-15 07:36:00,Report Export,2
4907,1582,2024-11-14 22:05:00,Team Invite,10
4908,889,2026-04-14 17:32:00,User Login,10
4909,920,2023-08-26 14:15:00,Team Invite,10
4910,1853,2025-12-22 08:53:00,User Login,0
4911,1523,2026-01-10 04:05:00,User Login,30
4912,1923,2025-10-12 04:04:00,Report Export,1
4913,1308,2025-04-16 16:51:00,User Login,5
4914,1196,2025-02-19 20:32:00,Settings Update,15
4915,337,2026-02-04 21:10:00,Settings Update,5
4916,710,2025-02-14 15:25:00,Settings Update,10
4917,113,2026-04-22 16:34:00,Report Export,5
4918,1401,2026-05-11 14:38:00,Team Invite,5
4919,141,2026-05-20 21:38:00,Team Invite,0
4920,261,2024-08-15 21:42:00,Team Invite,0
4921,1518,2025-10-19 07:49:00,Data Import,2
4922,162,2026-08-22 15:19:00,User Login,0
4923,1119,2026-01-10 17:47:00,User Login,5
4924,229,2026-05-24 05:18:00,Settings Update,5
4925,648,2026-05-06 18:24:00,Report Export,2
4926,866,2025-08-13 23:54:00,Dashboard View,30
4927,514,2025-08-01 13:59:00,Report Export,5
4928,1597,2026-01-15 12:29:00,Report Export,2
4929,1036,2025-11-04 12:10:00,Settings Update,5
4930,117,2024-12-28 22:15:00,Report Export,10
4931,763,2025-11-17 13:28:00,Dashboard View,0
4932,1774,2026-01-26 16:29:00,Dashboard View,5
4933,15,2025-06-10 10:45:00,Settings Update,5
4934,1226,2025-07-01 22:56:00,Dashboard View,5
4935,161,2026-09-26 16:55:00,Settings Update,5
4936,1369,2026-06-22 04:11:00,Dashboard View,1
4937,1138,2026-01-14 20:25:00,Dashboard View,2
4938,391,2025-04-11 12:06:00,Team Invite,0
4939,488,2025-03-31 02:30:00,Team Invite,2
4940,181,2026-05-03 13:53:00,Data Import,2
4941,672,2025-02-02 05:15:00,Report Export,15
4942,697,2025-09-07 18:04:00,User Login,10
4943,1547,2026-06-17 23:39:00,Dashboard View,2
4944,842,2025-11-04 06:01:00,Team Invite,1
4945,410,2026-06-26 16:26:00,Team Invite,2
4946,819,2026-02-25 00:03:00,User Login,15
4947,537,2024-12-05 10:11:00,Data Import,10
4948,3,2026-02-20 18:05:00,User Login,2
4949,815,2026-04-09 14:01:00,User Login,5
4950,1257,2025-06-04 20:49:00,Team Invite,5
4951,1039,2026-06-12 03:52:00,Report Export,2
4952,633,2026-08-12 04:17:00,Data Import,5
4953,888,2025-11-07 18:04:00,Team Invite,10
4954,443,2025-05-17 00:36:00,Dashboard View,5
4955,403,2026-09-15 11:47:00,Dashboard View,10
4956,568,2026-06-02 12:13:00,Settings Update,1
4957,1457,2024-09-17 20:46:00,User Login,2
4958,1597,2026-08-18 06:09:00,User Login,0
4959,71,2025-01-31 19:41:00,Settings Update,1
4960,355,2026-06-30 08:48:00,Report Export,30
4961,544,2026-08-25 15:45:00,Dashboard View,10
4962,1149,2025-09-10 18:51:00,Report Export,5
4963,743,2026-05-03 19:06:00,User Login,15
4964,490,2026-03-08 21:47:00,Report Export,5
4965,1676,2026-08-23 04:20:00,Settings Update,30
4966,275,2026-09-18 13:23:00,User Login,10
4967,246,2024-09-14 22:55:00,Settings Update,1
4968,601,2026-05-27 23:06:00,Report Export,5
4969,1524,2026-07-30 06:00:00,Dashboard View,2
4970,1784,2024-12-31 17:07:00,Settings Update,1
4971,1892,2026-07-13 19:10:00,Data Import,2
4972,849,2026-02-24 18:05:00,User Login,5
4973,251,2026-05-16 00:31:00,Settings Update,10
4974,195,2026-05-19 04:39:00,Report Export,1
4975,1938,2026-08-14 10:36:00,Dashboard View,1
4976,430,2026-07-19 06:05:00,Data Import,1
4977,885,2024-04-26 22:48:00,Settings Update,15
4978,1474,2025-03-25 22:19:00,Data Import,5
4979,1298,2026-01-31 08:45:00,Team Invite,0
4980,520,2026-01-23 08:50:00,User Login,5
4981,185,2025-12-16 17:10:00,Settings Update,5
4982,1103,2025-10-06 02:34:00,Team Invite,1
4983,585,2025-04-27 17:10:00,Dashboard View,2
4984,769,2026-03-13 19:31:00,Dashboard View,1
4985,884,2025-06-21 20:55:00,Team Invite,30
4986,1826,2026-07-24 07:09:00,Team Invite,1
4987,1856,2025-08-27 04:16:00,Report Export,15
4988,410,2026-07-24 17:46:00,Report Export,2
4989,1529,2025-05-26 05:21:00,Data Import,1
4990,702,2025-02-01 16:49:00,User Login,15
4991,1109,2025-11-12 15:22:00,Settings Update,0
4992,529,2026-04-23 09:44:00,Dashboard View,2
4993,640,2025-11-08 08:17:00,Dashboard View,0
4994,939,2026-07-27 09:42:00,Team Invite,0
4995,1416,2025-12-13 05:48:00,Data Import,1
4996,1186,2024-06-22 20:08:00,Data Import,2
4997,551,2026-03-23 17:48:00,Report Export,2
4998,767,2026-02-03 18:37:00,Data Import,2
4999,11,2026-08-08 17:41:00,Team Invite,5
5000,989,2025-08-10 08:31:00,Report Export,10
5001,1607,2024-05-03 23:20:00,Team Invite,5
5002,1867,2026-03-06 13:11:00,Data Import,10
5003,2,2025-07-02 22:27:00,Report Export,1
5004,616,2025-06-15 21:53:00,User Login,2
5005,256,2025-12-01 19:55:00,Data Import,5
5006,975,2024-04-11 09:33:00,Data Import,5
5007,265,2025-06-17 03:22:00,Report Export,15
5008,1785,2026-07-23 00:20:00,User Login,5
5009,1492,2025-02-21 17:54:00,Dashboard View,5
5010,44,2026-02-02 15:41:00,Settings Update,15
5011,1217,2026-06-10 16:57:00,Report Export,1
5012,74,2024-07-13 11:11:00,Team Invite,1
5013,1325,2026-09-27 08:49:00,Report Export,1
5014,708,2026-06-26 08:31:00,Settings Update,0
5015,102,2026-02-05 15:55:00,Settings Update,1
5016,1733,2026-06-07 00:10:00,Data Import,0
5017,32,2024-06-16 05:30:00,Settings Update,5
5018,1635,2024-06-12 11:53:00,User Login,5
5019,1618,2026-06-11 16:57:00,Settings Update,1
5020,1616,2026-09-07 22:51:00,Team Invite,5
5021,1902,2025-10-01 05:27:00,Dashboard View,1
5022,1722,2024-10-28 09:03:00,Settings Update,0
5023,1329,2025-08-13 15:41:00,Dashboard View,0
5024,986,2026-01-20 03:31:00,Dashboard View,10
5025,101,2025-03-28 17:20:00,Report Export,2
5026,28,2026-09-03 16:57:00,Settings Update,10
5027,757,2026-09-30 05:43:00,Dashboard View,5
5028,240,2025-09-20 02:49:00,Report Export,1
5029,1762,2026-05-02 13:58:00,User Login,30
5030,45,2026-04-01 18:39:00,Team Invite,5
5031,1413,2025-07-09 18:17:00,Dashboard View,1
5032,906,2026-04-03 11:37:00,Dashboard View,1
5033,606,2026-07-19 23:31:00,Report Export,5
5034,1428,2025-03-29 19:43:00,Team Invite,10
5035,1546,2026-04-27 04:20:00,Settings Update,5
5036,1037,2024-09-23 16:44:00,Report Export,2
5037,470,2026-03-13 18:59:00,Team Invite,5
5038,1108,2026-07-19 20:31:00,Dashboard View,2
5039,1925,2026-07-18 05:51:00,Team Invite,10
5040,1413,2025-10-19 21:39:00,Settings Update,10
5041,664,2026-05-11 15:05:00,Settings Update,2
5042,1376,2026-03-21 15:03:00,Dashboard View,5
5043,181,2026-01-23 23:41:00,Team Invite,10
5044,97,2025-02-02 11:12:00,Report Export,2
5045,457,2025-01-19 19:09:00,Dashboard View,5
5046,963,2025-09-15 06:17:00,Dashboard View,30
5047,1543,2023-09-18 11:20:00,Settings Update,30
5048,1907,2026-07-09 20:27:00,User Login,1
5049,1904,2024-08-04 21:41:00,Data Import,5
5050,1110,2026-08-14 01:24:00,Dashboard View,0
5051,623,2024-10-12 03:07:00,Team Invite,5
5052,1025,2025-06-12 19:16:00,Settings Update,10
5053,235,2026-08-06 04:46:00,Team Invite,2
5054,1376,2026-01-04 10:07:00,User Login,1
5055,807,2025-10-28 12:27:00,Data Import,5
5056,571,2024-11-14 02:13:00,User Login,15
5057,48,2023-08-31 22:05:00,Settings Update,5
5058,1824,2025-12-19 03:00:00,User Login,1
5059,338,2025-04-18 08:53:00,Data Import,1
5060,788,2025-12-09 08:58:00,Settings Update,10
5061,644,2025-07-06 21:32:00,Settings Update,5
5062,1027,2023-12-29 20:37:00,User Login,5
5063,1360,2025-11-13 10:04:00,User Login,5
5064,710,2024-12-26 07:25:00,Settings Update,5
5065,1619,2023-07-24 20:57:00,Report Export,2
5066,1234,2024-08-20 17:38:00,Report Export,0
5067,581,2026-05-28 08:03:00,Settings Update,0
5068,1800,2025-03-27 01:00:00,User Login,5
5069,821,2026-06-05 02:38:00,Settings Update,10
5070,386,2025-09-12 02:25:00,User Login,5
5071,1554,2024-08-24 12:51:00,User Login,2
5072,1562,2026-08-10 07:45:00,Dashboard View,2
5073,6,2025-03-21 18:52:00,Settings Update,5
5074,1343,2025-06-02 08:01:00,Settings Update,1
5075,770,2026-08-18 03:03:00,Settings Update,1
5076,1278,2026-01-08 11:06:00,Dashboard View,10
5077,668,2026-08-20 05:53:00,Dashboard View,5
5078,673,2025-07-22 23:31:00,Data Import,5
5079,725,2026-01-28 22:34:00,Report Export,5
5080,175,2026-03-24 11:55:00,Team Invite,2
5081,1502,2026-08-19 10:16:00,Settings Update,30
5082,524,2026-09-25 14:32:00,Dashboard View,10
5083,1575,2026-03-11 16:35:00,Settings Update,10
5084,15,2026-07-27 20:59:00,Team Invite,10
5085,1789,2026-07-28 22:40:00,Team Invite,1
5086,121,2025-04-28 19:29:00,Dashboard View,5
5087,447,2025-08-25 15:40:00,Settings Update,1
5088,1513,2025-06-11 04:15:00,Team Invite,1
5089,687,2026-03-27 17:07:00,Dashboard View,5
5090,1468,2026-09-14 19:41:00,Dashboard View,1
5091,901,2026-05-21 13:06:00,Data Import,15
5092,1118,2026-02-24 14:32:00,Data Import,2
5093,540,2026-07-26 14:27:00,Team Invite,10
5094,40,2024-12-09 08:55:00,Team Invite,15
5095,1648,2025-11-15 19:28:00,User Login,2
5096,190,2024-10-31 10:16:00,Data Import,15
5097,1117,2026-06-09 14:36:00,Team Invite,30
5098,723,2025-11-29 19:25:00,Dashboard View,2
5099,1749,2026-02-16 00:54:00,Dashboard View,30
5100,1351,2026-08-01 08:01:00,Team Invite,15
5101,1960,2023-07-08 10:19:00,Team Invite,2
5102,1754,2026-06-30 13:10:00,Team Invite,10
5103,767,2026-02-17 03:26:00,Data Import,1
5104,1850,2026-09-15 14:52:00,Team Invite,1
5105,1193,2026-08-27 01:29:00,User Login,2
5106,824,2025-11-27 11:44:00,Report Export,10
5107,1320,2025-04-29 05:00:00,Report Export,1
5108,1570,2025-05-11 15:37:00,Settings Update,5
5109,829,2025-07-26 17:04:00,Dashboard View,30
5110,569,2026-06-23 01:50:00,User Login,2
5111,479,2026-03-30 07:20:00,Dashboard View,5
5112,1278,2026-04-12 23:32:00,Dashboard View,15
5113,1165,2024-10-29 04:29:00,Dashboard View,10
5114,857,2025-05-05 05:13:00,Settings Update,5
5115,734,2025-12-11 13:00:00,Dashboard View,5
5116,1289,2026-03-09 05:54:00,User Login,2
5117,1035,2024-06-26 06:08:00,User Login,0
5118,688,2026-05-13 04:52:00,User Login,15
5119,1807,2024-06-05 02:42:00,Settings Update,1
5120,415,2026-07-11 04:41:00,Team Invite,15
5121,106,2025-10-11 10:55:00,Team Invite,1
5122,565,2025-09-16 15:46:00,Data Import,0
5123,929,2025-12-30 17:59:00,Team Invite,10
5124,451,2025-01-30 03:48:00,Dashboard View,2
5125,605,2026-06-08 07:20:00,User Login,1
5126,1722,2026-06-14 10:12:00,Team Invite,1
5127,1043,2026-06-22 17:59:00,Report Export,1
5128,590,2026-08-09 04:07:00,Data Import,1
5129,1442,2026-03-03 13:16:00,Data Import,30
5130,957,2024-02-22 12:24:00,Report Export,5
5131,429,2025-04-29 06:08:00,Report Export,0
5132,1553,2026-09-27 22:50:00,Settings Update,0
5133,7,2024-07-17 16:09:00,Dashboard View,10
5134,1687,2025-05-23 10:31:00,Data Import,30
5135,1687,2026-05-05 02:57:00,Report Export,15
5136,1544,2025-08-03 03:11:00,Dashboard View,5
5137,391,2026-05-06 06:18:00,Dashboard View,15
5138,160,2026-07-01 18:45:00,Dashboard View,5
5139,623,2025-02-12 22:45:00,Data Import,5
5140,1808,2025-11-20 13:47:00,User Login,15
5141,1547,2026-09-30 12:09:00,Data Import,1
5142,925,2024-05-21 03:31:00,Dashboard View,10
5143,89,2025-01-23 09:23:00,Team Invite,30
5144,1418,2024-08-08 03:40:00,User Login,2
5145,706,2026-09-24 19:46:00,Report Export,1
5146,12,2025-06-14 04:11:00,Data Import,30
5147,265,2024-11-26 14:05:00,User Login,30
5148,638,2024-11-13 06:42:00,Team Invite,1
5149,1638,2026-08-23 22:22:00,Dashboard View,10
5150,1276,2026-03-19 20:47:00,Report Export,15
5151,136,2024-01-06 10:08:00,Settings Update,1
5152,1541,2023-11-16 19:59:00,Team Invite,5
5153,1486,2025-10-13 13:51:00,User Login,2
5154,526,2026-04-03 01:40:00,Team Invite,5
5155,239,2026-08-22 02:31:00,Team Invite,15
5156,503,2024-06-14 01:04:00,Dashboard View,5
5157,235,2026-03-07 21:49:00,Data Import,2
5158,99,2025-06-28 05:41:00,Dashboard View,2
5159,698,2026-05-20 12:57:00,User Login,5
5160,821,2025-05-03 02:01:00,Report Export,5
5161,1224,2025-02-10 06:30:00,Team Invite,5
5162,278,2026-01-18 22:49:00,Settings Update,1
5163,1175,2024-02-07 23:38:00,Dashboard View,1
5164,1617,2025-09-06 05:19:00,Data Import,5
5165,1115,2023-05-21 15:49:00,User Login,5
5166,1486,2026-09-13 13:22:00,User Login,5
5167,817,2024-12-30 09:13:00,Settings Update,2
5168,1221,2025-03-01 17:36:00,Dashboard View,2
5169,484,2025-01-06 05:55:00,Team Invite,10
5170,702,2026-08-16 07:16:00,User Login,2
5171,1441,2025-11-24 02:04:00,User Login,0
5172,1044,2026-06-26 21:51:00,User Login,5
5173,1943,2023-09-13 17:10:00,Report Export,1
5174,1317,2025-05-05 21:17:00,Team Invite,5
5175,594,2025-02-11 14:50:00,Team Invite,10
5176,1098,2025-02-22 16:22:00,Team Invite,2
5177,1269,2024-11-12 09:21:00,Dashboard View,5
5178,363,2025-11-29 20:23:00,User Login,1
5179,1522,2026-03-15 02:16:00,Report Export,2
5180,114,2026-05-01 02:14:00,Report Export,10
5181,175,2025-07-06 07:57:00,Settings Update,1
5182,826,2024-11-15 21:25:00,Dashboard View,15
5183,271,2024-10-24 23:38:00,Data Import,2
5184,752,2026-08-11 04:57:00,Data Import,10
5185,1594,2025-06-11 06:28:00,Report Export,10
5186,22,2026-07-26 13:50:00,User Login,2
5187,1763,2025-02-17 01:39:00,Team Invite,5
5188,55,2025-10-18 19:39:00,Team Invite,1
5189,820,2026-01-13 12:10:00,Dashboard View,10
5190,704,2025-10-23 18:07:00,Settings Update,0
5191,1351,2026-09-10 20:37:00,Report Export,5
5192,324,2026-08-19 21:36:00,Dashboard View,5
5193,1478,2025-03-11 23:20:00,Dashboard View,2
5194,1275,2026-09-27 09:34:00,Team Invite,15
5195,696,2025-12-18 11:02:00,User Login,5
5196,709,2023-09-24 21:05:00,Data Import,2
5197,944,2026-08-23 10:25:00,Team Invite,2
5198,147,2025-11-02 22:48:00,User Login,15
5199,1383,2026-07-03 22:11:00,Data Import,1
5200,1036,2026-06-19 03:57:00,Data Import,2
5201,743,2026-08-03 11:05:00,Team Invite,10
5202,550,2026-06-18 10:13:00,Team Invite,0
5203,607,2026-01-04 12:47:00,Report Export,1
5204,536,2026-01-22 10:18:00,Data Import,10
5205,183,2024-05-17 20:09:00,Report Export,0
5206,1264,2026-05-27 20:32:00,Data Import,5
5207,419,2025-08-09 04:03:00,Data Import,15
5208,502,2024-01-14 17:36:00,Settings Update,5
5209,480,2026-02-02 18:44:00,Report Export,5
5210,380,2025-03-22 22:02:00,Report Export,10
5211,1890,2024-10-14 02:51:00,User Login,2
5212,1876,2026-06-24 14:02:00,Team Invite,2
5213,1087,2024-12-08 22:35:00,Report Export,5
5214,775,2025-11-16 14:18:00,Dashboard View,5
5215,38,2025-04-18 19:42:00,User Login,5
5216,672,2025-09-03 18:42:00,User Login,1
5217,1364,2025-07-30 18:01:00,Team Invite,1
5218,186,2026-06-16 11:21:00,Report Export,0
5219,332,2024-12-28 07:16:00,Team Invite,30
5220,885,2024-10-29 12:27:00,Settings Update,1
5221,127,2026-06-10 15:40:00,Data Import,15
5222,612,2026-03-25 00:13:00,Team Invite,0
5223,1055,2025-04-24 05:07:00,Dashboard View,5
5224,534,2026-04-16 22:31:00,Report Export,0
5225,1764,2026-02-19 11:20:00,Report Export,1
5226,813,2026-09-17 17:53:00,Data Import,15
5227,721,2025-03-25 00:09:00,User Login,10
5228,1221,2025-07-02 11:00:00,Data Import,30
5229,1672,2025-08-25 23:25:00,Dashboard View,5
5230,305,2026-08-30 16:18:00,Settings Update,5
5231,1968,2026-08-16 04:50:00,Team Invite,10
5232,1299,2026-06-28 23:45:00,Team Invite,2
5233,795,2025-11-28 18:33:00,Dashboard View,0
5234,820,2026-03-29 21:21:00,Team Invite,1
5235,706,2026-07-12 09:46:00,Report Export,0
5236,358,2026-01-24 06:47:00,User Login,1
5237,522,2026-08-18 03:27:00,Report Export,5
5238,37,2026-08-18 20:10:00,User Login,15
5239,1445,2024-04-20 00:02:00,Team Invite,15
5240,1306,2026-05-22 11:03:00,Report Export,5
5241,602,2026-07-17 00:56:00,User Login,5
5242,465,2025-10-30 14:30:00,Team Invite,5
5243,1731,2025-07-21 01:59:00,Data Import,5
5244,1200,2025-08-14 11:49:00,Settings Update,0
5245,735,2024-09-03 05:56:00,Data Import,5
5246,916,2025-12-10 09:40:00,Dashboard View,2
5247,1573,2025-04-14 15:06:00,Data Import,0
5248,1050,2026-05-22 14:31:00,Settings Update,10
5249,1735,2026-09-14 02:20:00,Team Invite,15
5250,1250,2026-01-30 05:08:00,Settings Update,1
5251,1323,2025-08-20 14:40:00,Settings Update,0
5252,130,2026-02-23 17:33:00,Data Import,5
5253,632,2026-06-19 15:54:00,User Login,5
5254,471,2024-02-28 19:44:00,Settings Update,2
5255,1587,2024-06-25 09:06:00,Data Import,5
5256,1660,2026-06-28 05:49:00,Settings Update,2
5257,957,2025-12-02 15:52:00,User Login,2
5258,888,2025-12-09 07:49:00,User Login,2
5259,836,2026-09-26 12:48:00,User Login,5
5260,1695,2025-12-15 06:43:00,User Login,1
5261,608,2024-08-22 12:04:00,Team Invite,30
5262,233,2025-06-30 12:51:00,Settings Update,2
5263,1661,2025-12-04 04:19:00,Dashboard View,15
5264,241,2025-10-23 16:31:00,Data Import,5
5265,336,2025-04-13 13:40:00,Report Export,2
5266,1515,2024-03-21 05:20:00,Dashboard View,0
5267,1745,2025-07-15 00:10:00,Team Invite,15
5268,1915,2026-05-24 16:12:00,Team Invite,1
5269,549,2026-08-27 21:49:00,Dashboard View,2
5270,110,2024-05-07 02:47:00,Report Export,0
5271,168,2026-05-10 14:51:00,Data Import,5
5272,1435,2026-08-27 02:20:00,Team Invite,5
5273,894,2023-07-29 18:55:00,Data Import,15
5274,387,2026-09-11 16:03:00,Report Export,10
5275,354,2025-08-02 10:51:00,Team Invite,5
5276,538,2026-09-12 15:47:00,Dashboard View,5
5277,52,2026-01-16 01:37:00,Report Export,5
5278,1319,2026-07-09 14:17:00,Team Invite,1
5279,1422,2025-06-06 05:21:00,Data Import,1
5280,635,2026-05-14 14:03:00,Report Export,2
5281,1799,2024-06-12 20:20:00,Team Invite,2
5282,831,2025-07-15 19:40:00,Report Export,15
5283,4,2026-09-04 22:11:00,Settings Update,5
5284,270,2024-06-03 22:07:00,Team Invite,15
5285,1328,2026-03-27 00:32:00,User Login,15
5286,494,2024-09-01 09:48:00,Team Invite,2
5287,473,2026-08-11 14:23:00,Dashboard View,5
5288,1167,2026-05-05 00:44:00,Report Export,30
5289,1474,2025-09-30 12:44:00,Settings Update,5
5290,1959,2025-09-24 17:19:00,Data Import,0
5291,1891,2024-07-17 14:33:00,Report Export,2
5292,271,2025-10-01 17:58:00,Team Invite,15
5293,1266,2025-02-07 03:43:00,Team Invite,15
5294,1655,2026-02-16 19:03:00,Data Import,2
5295,669,2025-05-03 11:15:00,User Login,5
5296,342,2026-05-02 20:01:00,User Login,0
5297,1106,2026-05-15 04:15:00,Team Invite,5
5298,24,2023-10-13 00:43:00,Team Invite,1
5299,968,2026-05-06 00:26:00,Team Invite,5
5300,1623,2026-03-14 04:40:00,Data Import,2
5301,1294,2026-06-09 06:00:00,Settings Update,1
5302,371,2024-01-30 03:08:00,Settings Update,5
5303,817,2026-09-23 00:13:00,Data Import,10
5304,1678,2025-10-10 05:45:00,Report Export,1
5305,1014,2024-07-20 07:19:00,Data Import,1
5306,147,2026-09-05 12:54:00,Dashboard View,5
5307,1140,2026-05-30 20:42:00,Dashboard View,2
5308,1113,2026-04-27 17:42:00,Report Export,30
5309,337,2024-09-10 21:12:00,Report Export,1
5310,1924,2025-02-13 13:48:00,User Login,1
5311,1196,2026-04-04 14:05:00,Dashboard View,5
5312,193,2026-05-24 12:12:00,Report Export,15
5313,1858,2024-06-15 07:41:00,Report Export,2
5314,1542,2026-05-07 10:45:00,Team Invite,15
5315,166,2026-08-28 08:22:00,Team Invite,2
5316,619,2025-09-21 14:08:00,Report Export,5
5317,1464,2026-02-23 08:33:00,Settings Update,15
5318,1305,2026-07-22 15:51:00,Data Import,10
5319,339,2025-11-26 21:21:00,Settings Update,5
5320,927,2025-10-01 01:13:00,User Login,2
5321,1761,2026-08-13 20:03:00,Settings Update,1
5322,897,2025-05-28 07:09:00,Team Invite,0
5323,1853,2025-02-02 12:42:00,Dashboard View,10
5324,1602,2026-05-20 00:40:00,User Login,5
5325,1956,2026-07-29 23:42:00,User Login,5
5326,745,2026-02-07 11:37:00,Settings Update,2
5327,997,2025-11-05 23:46:00,Team Invite,2
5328,1722,2025-03-07 07:14:00,Data Import,30
5329,1028,2025-11-10 15:49:00,Settings Update,30
5330,378,2025-06-06 17:46:00,Team Invite,5
5331,1968,2026-07-10 21:03:00,Data Import,2
5332,1498,2025-10-30 21:53:00,User Login,2
5333,215,2026-01-03 05:29:00,Team Invite,15
5334,246,2024-10-28 23:43:00,Dashboard View,5
5335,1295,2026-04-14 04:17:00,Settings Update,0
5336,1177,2026-05-22 11:10:00,Report Export,2
5337,273,2026-04-24 14:20:00,User Login,1
5338,922,2026-04-05 14:09:00,Dashboard View,0
5339,1744,2026-08-28 22:53:00,Dashboard View,0
5340,914,2025-11-18 20:21:00,Data Import,5
5341,932,2026-05-12 09:30:00,Report Export,2
5342,89,2025-08-06 14:45:00,Data Import,15
5343,534,2026-09-03 19:50:00,Settings Update,5
5344,87,2025-10-16 03:44:00,User Login,5
5345,1007,2026-06-27 23:45:00,Settings Update,0
5346,38,2025-09-27 09:48:00,Settings Update,10
5347,449,2026-09-25 21:46:00,Dashboard View,30
5348,20,2024-12-16 07:19:00,Dashboard View,15
5349,983,2024-11-03 10:45:00,Data Import,10
5350,38,2025-10-28 19:40:00,Report Export,0
5351,1721,2025-02-26 16:54:00,Dashboard View,1
5352,757,2026-04-26 06:06:00,Report Export,2
5353,451,2024-05-22 04:59:00,Team Invite,5
5354,1631,2026-06-17 00:50:00,Data Import,5
5355,1055,2026-07-30 23:34:00,Dashboard View,10
5356,1109,2026-06-24 22:23:00,Settings Update,10
5357,1160,2025-12-10 07:08:00,Team Invite,1
5358,1195,2024-03-15 15:33:00,Dashboard View,5
5359,294,2026-03-12 07:56:00,Team Invite,5
5360,1729,2026-05-27 06:55:00,Settings Update,0
5361,80,2025-12-11 05:01:00,Data Import,30
5362,1701,2026-02-01 17:26:00,Report Export,15
5363,1574,2026-02-03 17:04:00,User Login,5
5364,1871,2025-12-14 17:25:00,User Login,0
5365,1330,2025-12-30 22:39:00,Settings Update,10
5366,1735,2026-09-25 08:17:00,Data Import,5
5367,246,2025-12-03 11:05:00,Dashboard View,1
5368,539,2026-09-23 05:28:00,Report Export,2
5369,1819,2025-11-23 07:00:00,Team Invite,1
5370,1033,2026-02-23 01:33:00,User Login,1
5371,1031,2025-04-24 05:54:00,Report Export,0
5372,331,2026-05-15 23:30:00,Report Export,5
5373,1857,2025-09-12 05:07:00,Team Invite,2
5374,1952,2025-08-02 15:49:00,Team Invite,30
5375,1825,2026-09-02 04:15:00,Dashboard View,15
5376,1436,2024-09-28 07:18:00,Dashboard View,10
5377,786,2025-05-13 17:10:00,User Login,5
5378,1551,2025-05-15 18:28:00,Report Export,5
5379,955,2025-11-18 20:36:00,Settings Update,10
5380,835,2024-03-27 11:12:00,Team Invite,15
5381,1952,2025-11-25 23:21:00,Team Invite,15
5382,587,2025-01-03 19:24:00,Settings Update,1
5383,1415,2026-09-26 17:27:00,Team Invite,5
5384,1003,2026-03-26 13:44:00,Data Import,10
5385,821,2024-04-13 19:08:00,Settings Update,0
5386,1019,2025-11-23 06:24:00,Dashboard View,2
5387,1549,2025-03-05 17:58:00,Dashboard View,0
5388,27,2024-05-12 01:30:00,Team Invite,5
5389,485,2026-05-27 16:53:00,Report Export,10
5390,417,2025-07-29 20:16:00,Dashboard View,5
5391,993,2023-08-26 06:58:00,Report Export,1
5392,116,2026-09-24 16:05:00,Settings Update,1
5393,1280,2024-03-19 05:30:00,Data Import,5
5394,1790,2026-06-05 08:42:00,Team Invite,2
5395,1983,2025-12-01 09:58:00,User Login,15
5396,909,2026-03-28 15:45:00,Settings Update,10
5397,595,2025-11-18 14:52:00,Team Invite,10
5398,942,2024-10-17 14:19:00,Dashboard View,2
5399,803,2026-08-08 12:28:00,Settings Update,10
5400,1528,2025-10-16 04:55:00,Dashboard View,5
5401,770,2026-03-03 06:30:00,User Login,5
5402,1090,2024-03-27 06:28:00,User Login,0
5403,1149,2025-09-27 10:46:00,Settings Update,15
5404,1720,2026-01-13 00:34:00,User Login,5
5405,1580,2025-06-09 18:01:00,Settings Update,0
5406,1025,2023-12-25 05:05:00,Report Export,15
5407,445,2025-10-09 22:50:00,Settings Update,1
5408,890,2025-09-15 02:02:00,Report Export,30
5409,797,2026-07-06 05:45:00,Data Import,10
5410,1508,2025-03-30 19:12:00,Report Export,2
5411,268,2026-07-28 09:18:00,Report Export,5
5412,376,2024-10-06 16:16:00,Dashboard View,10
5413,204,2025-11-05 11:56:00,Team Invite,1
5414,89,2025-03-02 07:11:00,Dashboard View,5
5415,143,2026-08-28 05:32:00,Team Invite,1
5416,598,2025-10-29 19:25:00,Team Invite,2
5417,1868,2026-09-26 14:32:00,Report Export,0
5418,1990,2025-03-09 15:10:00,Settings Update,10
5419,103,2024-07-30 15:22:00,Dashboard View,1
5420,852,2026-08-29 08:33:00,Dashboard View,2
5421,1338,2025-09-04 22:38:00,Team Invite,2
5422,1154,2025-08-13 17:18:00,Data Import,0
5423,315,2024-09-19 16:46:00,Data Import,30
5424,1535,2026-08-18 11:15:00,Settings Update,2
5425,1857,2026-04-02 08:02:00,Data Import,15
5426,1106,2025-01-08 21:22:00,Team Invite,10
5427,1192,2024-04-09 22:16:00,Dashboard View,15
5428,204,2025-09-05 14:23:00,Report Export,5
5429,1450,2026-03-24 19:30:00,Report Export,1
5430,1978,2026-02-15 15:50:00,Team Invite,5
5431,658,2025-04-22 04:58:00,Report Export,2
5432,509,2026-02-26 21:10:00,Report Export,30
5433,346,2025-03-24 08:56:00,Data Import,5
5434,1168,2025-09-12 10:40:00,Dashboard View,1
5435,28,2026-08-06 18:20:00,Settings Update,1
5436,515,2026-07-07 15:28:00,Report Export,1
5437,769,2026-08-20 21:31:00,Settings Update,1
5438,23,2025-07-18 10:57:00,Dashboard View,2
5439,1114,2025-10-05 12:27:00,Report Export,2
5440,989,2025-07-02 00:38:00,Team Invite,5
5441,1755,2024-12-26 14:13:00,User Login,10
5442,348,2026-05-26 15:24:00,Data Import,5
5443,446,2025-02-27 02:18:00,Team Invite,5
5444,729,2026-01-11 08:01:00,Team Invite,10
5445,1219,2023-09-18 19:23:00,User Login,2
5446,1363,2026-06-05 23:33:00,Data Import,5
5447,146,2026-08-28 08:36:00,Report Export,10
5448,1102,2026-02-19 10:45:00,User Login,0
5449,274,2023-10-30 18:14:00,Data Import,15
5450,168,2026-05-27 15:49:00,Data Import,15
5451,1047,2026-09-27 12:12:00,User Login,5
5452,1896,2026-07-09 23:02:00,Data Import,5
5453,803,2025-11-13 15:00:00,Team Invite,15
5454,1734,2026-06-07 07:21:00,Team Invite,5
5455,998,2026-04-25 19:12:00,Dashboard View,2
5456,865,2025-09-06 01:34:00,Team Invite,10
5457,669,2026-03-22 06:59:00,Team Invite,0
5458,1812,2026-04-21 14:43:00,Settings Update,30
5459,213,2026-06-17 05:26:00,Data Import,0
5460,1097,2026-06-29 11:21:00,Settings Update,10
5461,399,2026-08-26 18:38:00,Team Invite,5
5462,1104,2026-09-21 02:27:00,Team Invite,2
5463,1301,2026-04-20 19:25:00,Data Import,0
5464,1177,2026-03-17 16:35:00,User Login,2
5465,621,2025-10-09 06:50:00,Report Export,0
5466,1312,2026-07-23 16:48:00,Data Import,2
5467,945,2025-04-25 15:59:00,Team Invite,5
5468,813,2023-04-19 16:49:00,Team Invite,10
5469,1511,2026-01-25 17:46:00,Settings Update,5
5470,640,2026-04-20 13:18:00,Team Invite,1
5471,342,2026-08-26 14:45:00,Data Import,2
5472,1995,2024-03-08 23:52:00,Data Import,2
5473,308,2026-03-15 14:03:00,Dashboard View,15
5474,706,2026-09-18 12:10:00,User Login,2
5475,1550,2026-09-03 02:34:00,Dashboard View,10
5476,258,2026-06-30 18:09:00,Dashboard View,0
5477,668,2025-08-26 12:15:00,Dashboard View,2
5478,1560,2026-03-20 08:59:00,Team Invite,15
5479,81,2026-03-18 21:25:00,Team Invite,2
5480,1596,2026-04-28 05:15:00,User Login,2
5481,1423,2026-09-09 17:13:00,Settings Update,5
5482,1487,2025-01-07 07:41:00,Dashboard View,2
5483,510,2026-07-12 04:22:00,Data Import,5
5484,1907,2026-07-26 21:10:00,Settings Update,10
5485,1970,2026-06-29 05:47:00,Dashboard View,15
5486,1653,2026-05-21 13:27:00,Data Import,1
5487,1024,2026-08-09 14:58:00,Team Invite,10
5488,72,2026-09-09 00:01:00,Report Export,10
5489,1911,2026-04-15 00:02:00,Dashboard View,1
5490,344,2026-02-28 12:26:00,Dashboard View,5
5491,27,2025-09-21 22:32:00,User Login,10
5492,632,2026-06-17 19:58:00,Team Invite,5
5493,143,2026-08-09 04:31:00,Team Invite,5
5494,848,2026-01-16 00:09:00,Team Invite,5
5495,605,2025-06-19 11:03:00,Dashboard View,1
5496,1665,2026-09-23 18:07:00,Data Import,30
5497,755,2024-04-20 14:20:00,Settings Update,30
5498,321,2026-06-04 02:37:00,User Login,15
5499,1527,2025-04-25 03:24:00,Report Export,2
5500,1242,2024-02-17 06:33:00,Dashboard View,1
5501,1371,2023-11-21 15:56:00,Team Invite,0
5502,899,2026-06-02 09:19:00,User Login,0
5503,453,2024-09-09 17:58:00,User Login,2
5504,240,2026-01-31 23:20:00,Dashboard View,5
5505,1555,2025-12-23 03:59:00,Report Export,30
5506,456,2025-05-21 10:54:00,Team Invite,1
5507,1226,2026-06-14 12:11:00,Dashboard View,10
5508,588,2023-11-15 20:01:00,Team Invite,1
5509,714,2025-07-01 09:06:00,User Login,2
5510,1501,2026-05-12 13:44:00,User Login,5
5511,1184,2026-04-01 05:58:00,Report Export,5
5512,930,2026-06-18 06:41:00,Report Export,2
5513,806,2025-02-20 05:51:00,Settings Update,2
5514,1279,2025-11-17 06:56:00,Data Import,2
5515,729,2025-03-24 02:09:00,Dashboard View,5
5516,1374,2026-09-08 18:51:00,Dashboard View,2
5517,1386,2026-04-20 04:20:00,Report Export,15
5518,690,2025-09-24 07:00:00,Dashboard View,10
5519,794,2025-04-26 08:36:00,Team Invite,5
5520,690,2025-04-22 08:23:00,Team Invite,5
5521,1163,2026-03-09 08:20:00,Report Export,10
5522,145,2024-08-04 04:02:00,Team Invite,10
5523,1033,2025-08-01 21:30:00,Dashboard View,5
5524,150,2025-11-13 23:40:00,User Login,0
5525,590,2026-04-20 02:09:00,Dashboard View,10
5526,13,2023-07-19 09:26:00,Settings Update,5
5527,966,2025-08-09 04:05:00,Dashboard View,15
5528,1078,2025-05-17 17:27:00,Data Import,2
5529,711,2025-02-19 22:27:00,Team Invite,5
5530,1665,2025-09-12 05:10:00,Settings Update,0
5531,1529,2026-01-30 08:18:00,Dashboard View,5
5532,37,2026-08-04 12:31:00,Report Export,5
5533,295,2026-03-16 22:55:00,Team Invite,2
5534,1175,2023-04-06 14:00:00,User Login,2
5535,1058,2026-07-20 15:09:00,Team Invite,1
5536,1554,2025-08-24 23:12:00,Settings Update,5
5537,1180,2026-03-24 02:29:00,Data Import,5
5538,112,2024-12-21 14:30:00,Dashboard View,0
5539,1068,2026-04-29 22:00:00,Team Invite,15
5540,801,2025-04-10 14:56:00,Report Export,15
5541,742,2026-01-16 06:34:00,Report Export,5
5542,1495,2025-04-17 06:35:00,Report Export,1
5543,1678,2026-01-09 05:55:00,Report Export,2
5544,872,2025-01-21 09:33:00,Report Export,5
5545,1847,2025-09-17 07:54:00,Dashboard View,0
5546,1835,2026-01-12 08:27:00,User Login,2
5547,1595,2023-10-02 07:33:00,Dashboard View,10
5548,670,2026-04-12 02:34:00,Data Import,5
5549,127,2026-02-20 18:31:00,Dashboard View,10
5550,1668,2024-07-12 22:59:00,Dashboard View,2
5551,554,2026-04-25 06:02:00,Data Import,10
5552,1196,2026-03-07 01:52:00,Settings Update,5
5553,1644,2025-10-14 08:02:00,Team Invite,5
5554,838,2023-12-21 01:46:00,Settings Update,15
5555,1797,2025-09-04 16:18:00,Team Invite,5
5556,766,2025-10-12 16:42:00,Data Import,1
5557,720,2024-09-19 14:28:00,User Login,5
5558,958,2025-06-01 11:44:00,User Login,10
5559,1815,2024-12-14 09:09:00,Settings Update,1
5560,1012,2026-02-01 00:05:00,Settings Update,1
5561,1647,2026-03-22 04:45:00,User Login,10
5562,640,2026-01-14 04:54:00,Report Export,10
5563,355,2025-07-18 13:24:00,Dashboard View,5
5564,1826,2026-06-11 05:12:00,Settings Update,10
5565,1998,2026-02-19 19:35:00,User Login,0
5566,590,2026-05-03 23:01:00,Team Invite,15
5567,456,2025-12-14 14:56:00,User Login,2
5568,452,2024-06-03 05:16:00,Dashboard View,2
5569,503,2025-09-10 12:45:00,Report Export,2
5570,1546,2026-05-28 02:58:00,User Login,2
5571,720,2024-10-27 06:46:00,User Login,1
5572,610,2026-03-07 14:41:00,User Login,1
5573,1789,2026-08-12 10:34:00,Data Import,5
5574,930,2025-10-12 11:19:00,Team Invite,10
5575,1754,2026-09-24 19:37:00,Dashboard View,2
5576,1305,2026-06-19 18:31:00,Report Export,5
5577,1312,2026-05-31 22:31:00,Settings Update,15
5578,1081,2023-08-16 08:42:00,Team Invite,5
5579,1316,2025-11-18 20:55:00,Report Export,15
5580,1074,2024-03-15 13:34:00,User Login,2
5581,1279,2024-10-11 14:20:00,Dashboard View,2
5582,161,2026-06-14 22:22:00,Data Import,2
5583,199,2026-03-04 15:59:00,Data Import,10
5584,1282,2026-05-30 03:35:00,Settings Update,2
5585,1547,2026-09-03 12:56:00,Dashboard View,0
5586,1137,2026-03-07 19:01:00,Dashboard View,5
5587,1504,2026-08-27 14:53:00,Report Export,5
5588,1852,2026-01-08 02:46:00,Report Export,15
5589,1039,2025-11-13 20:07:00,Data Import,10
5590,346,2024-08-07 05:03:00,User Login,0
5591,1309,2025-10-13 03:25:00,Settings Update,10
5592,987,2026-05-26 19:00:00,Data Import,2
5593,684,2026-06-25 04:54:00,User Login,15
5594,1613,2025-09-08 23:49:00,Dashboard View,5
5595,1814,2024-12-31 22:28:00,Dashboard View,5
5596,3,2026-07-31 04:42:00,Report Export,1
5597,1447,2025-03-17 01:52:00,Team Invite,5
5598,505,2025-05-13 10:28:00,Data Import,5
5599,287,2023-09-20 05:15:00,Dashboard View,10
5600,416,2026-03-10 16:39:00,Settings Update,10
5601,1304,2023-11-04 10:26:00,Team Invite,2
5602,1638,2024-10-29 02:28:00,Report Export,10
5603,162,2026-09-13 01:41:00,Team Invite,2
5604,810,2026-02-19 02:50:00,Dashboard View,5
5605,792,2026-04-05 00:41:00,Dashboard View,5
5606,1014,2025-08-24 06:22:00,Dashboard View,5
5607,617,2026-06-30 11:39:00,Report Export,1
5608,219,2025-03-11 03:09:00,Data Import,2
5609,908,2024-05-30 18:37:00,User Login,1
5610,1686,2025-04-16 07:22:00,Team Invite,10
5611,44,2026-09-03 10:17:00,Team Invite,0
5612,1840,2026-09-24 13:16:00,User Login,1
5613,1140,2026-01-06 22:08:00,Team Invite,5
5614,393,2026-05-08 17:44:00,Dashboard View,1
5615,606,2026-01-29 07:48:00,Settings Update,2
5616,1332,2025-01-25 14:53:00,Report Export,10
5617,1677,2026-04-14 14:48:00,Settings Update,15
5618,1494,2026-05-02 21:33:00,Data Import,2
5619,618,2024-08-17 05:08:00,Report Export,2
5620,991,2025-02-21 21:00:00,Report Export,0
5621,112,2025-08-23 13:55:00,User Login,1
5622,363,2026-05-17 18:12:00,Team Invite,10
5623,582,2025-11-29 08:22:00,Dashboard View,10
5624,1206,2025-11-04 12:28:00,User Login,2
5625,295,2025-12-29 23:53:00,Dashboard View,15
5626,1980,2026-04-13 00:26:00,Report Export,10
5627,605,2025-07-28 23:31:00,Dashboard View,0
5628,1373,2026-07-03 08:10:00,Data Import,2
5629,1489,2025-12-28 08:11:00,Report Export,5
5630,489,2025-11-04 06:44:00,Data Import,5
5631,935,2026-06-18 09:33:00,User Login,5
5632,1979,2026-01-15 20:41:00,Team Invite,15
5633,397,2026-07-05 05:57:00,Data Import,10
5634,1779,2026-07-09 10:01:00,Report Export,30
5635,373,2026-07-04 14:16:00,Team Invite,2
5636,1187,2025-11-09 06:14:00,Settings Update,2
5637,1791,2026-06-14 07:59:00,User Login,15
5638,696,2026-09-09 15:56:00,Team Invite,10
5639,1492,2025-12-09 04:10:00,Report Export,10
5640,1740,2024-09-06 23:58:00,Dashboard View,0
5641,626,2026-05-12 20:09:00,Report Export,5
5642,576,2024-04-28 01:12:00,Report Export,5
5643,1117,2026-09-08 20:13:00,Settings Update,2
5644,1883,2026-08-29 06:22:00,Dashboard View,10
5645,257,2024-05-11 10:42:00,Team Invite,2
5646,1113,2026-03-21 12:24:00,User Login,5
5647,1311,2025-07-03 13:55:00,Data Import,5
5648,1497,2025-11-03 09:39:00,Dashboard View,5
5649,983,2026-01-09 22:56:00,Data Import,15
5650,234,2024-10-19 22:41:00,Data Import,2
5651,646,2026-08-20 10:15:00,Team Invite,1
5652,799,2026-03-20 15:12:00,User Login,15
5653,1191,2025-09-06 04:34:00,Report Export,0
5654,1326,2026-09-12 21:25:00,Dashboard View,2
5655,858,2025-05-26 07:15:00,Data Import,1
5656,1049,2026-04-07 19:05:00,Dashboard View,2
5657,1499,2025-03-30 12:32:00,Report Export,2
5658,1626,2026-01-14 14:00:00,Data Import,5
5659,531,2026-09-01 18:07:00,Dashboard View,15
5660,1909,2026-03-30 08:56:00,Dashboard View,15
5661,878,2025-05-22 20:17:00,User Login,2
5662,196,2024-05-29 13:30:00,Team Invite,5
5663,1329,2026-04-27 08:38:00,Dashboard View,5
5664,1646,2026-04-22 11:06:00,Report Export,5
5665,534,2026-05-04 13:10:00,Settings Update,1
5666,619,2026-09-08 10:27:00,Data Import,1
5667,1419,2026-05-29 04:09:00,Team Invite,30
5668,438,2025-04-24 19:52:00,Data Import,5
5669,75,2025-12-05 18:27:00,User Login,2
5670,1515,2025-02-12 21:48:00,User Login,0
5671,560,2026-08-15 17:43:00,Report Export,1
5672,1887,2025-11-08 08:06:00,Data Import,2
5673,1636,2025-09-02 12:37:00,Team Invite,10
5674,420,2026-06-13 18:09:00,Data Import,5
5675,1737,2025-12-24 03:51:00,Data Import,5
5676,459,2026-08-25 06:48:00,Data Import,5
5677,1348,2024-09-10 19:03:00,Settings Update,15
5678,173,2023-10-04 22:25:00,Team Invite,5
5679,864,2025-08-19 22:16:00,Data Import,10
5680,918,2026-02-24 13:53:00,Settings Update,15
5681,409,2025-04-10 00:29:00,Dashboard View,5
5682,1999,2023-08-22 12:39:00,Data Import,2
5683,235,2026-08-16 17:09:00,User Login,10
5684,1021,2026-07-01 02:32:00,Team Invite,10
5685,1406,2023-06-05 22:07:00,Data Import,1
5686,1171,2025-11-28 21:29:00,Data Import,30
5687,43,2025-06-03 08:04:00,Settings Update,0
5688,1651,2026-09-29 18:37:00,Data Import,10
5689,1431,2026-06-25 17:40:00,Data Import,5
5690,249,2026-09-08 03:58:00,User Login,2
5691,800,2024-08-29 09:08:00,Report Export,15
5692,636,2023-11-10 09:22:00,Dashboard View,30
5693,1710,2024-03-15 16:43:00,Data Import,15
5694,1734,2026-08-07 18:41:00,Report Export,5
5695,62,2026-06-26 03:03:00,Team Invite,1
5696,928,2026-01-25 08:14:00,Dashboard View,5
5697,239,2026-02-26 00:19:00,Team Invite,15
5698,1903,2024-05-22 08:25:00,Dashboard View,10
5699,247,2024-02-11 17:40:00,Data Import,2
5700,1341,2025-08-29 18:46:00,Team Invite,5
5701,366,2026-08-14 07:06:00,Team Invite,2
5702,1049,2026-04-17 00:35:00,User Login,2
5703,1722,2024-03-01 08:59:00,Team Invite,10
5704,1511,2026-05-28 11:52:00,Team Invite,2
5705,38,2025-11-15 10:17:00,Team Invite,0
5706,1710,2025-06-11 08:09:00,Team Invite,5
5707,326,2025-02-03 11:36:00,Settings Update,2
5708,1092,2026-04-18 15:25:00,Settings Update,5
5709,1102,2026-05-30 09:48:00,Settings Update,5
5710,579,2026-05-18 05:05:00,Report Export,1
5711,1167,2025-07-28 01:22:00,Settings Update,15
5712,419,2026-07-22 15:02:00,Team Invite,2
5713,950,2024-07-19 07:21:00,Report Export,2
5714,1459,2026-09-03 06:24:00,Dashboard View,1
5715,1733,2026-01-31 17:30:00,Dashboard View,10
5716,962,2026-03-13 13:10:00,Settings Update,5
5717,1019,2026-08-09 11:58:00,Data Import,5
5718,1975,2025-10-06 23:51:00,Dashboard View,5
5719,523,2025-03-29 03:17:00,User Login,5
5720,573,2026-03-03 07:51:00,Settings Update,15
5721,1291,2025-01-31 12:46:00,Dashboard View,1
5722,1651,2026-04-08 16:21:00,Settings Update,15
5723,848,2026-05-08 14:33:00,Settings Update,2
5724,1502,2026-03-24 09:39:00,User Login,10
5725,1637,2024-03-23 19:13:00,Dashboard View,1
5726,801,2025-02-14 19:36:00,Settings Update,1
5727,775,2023-09-15 07:50:00,Settings Update,15
5728,1409,2026-09-23 12:07:00,Team Invite,2
5729,898,2025-12-12 04:55:00,Team Invite,1
5730,805,2026-04-06 06:28:00,Team Invite,5
5731,1382,2026-03-23 14:05:00,User Login,0
5732,888,2025-12-01 17:56:00,Settings Update,0
5733,584,2025-08-16 03:44:00,Report Export,0
5734,1714,2025-08-06 10:19:00,Data Import,2
5735,890,2025-03-18 07:44:00,User Login,10
5736,430,2026-07-27 06:45:00,Settings Update,5
5737,233,2025-10-25 19:09:00,Team Invite,10
5738,1812,2026-04-02 06:55:00,Dashboard View,15
5739,1983,2026-07-30 05:06:00,Dashboard View,1
5740,1218,2026-09-07 18:35:00,Report Export,15
5741,619,2026-07-05 14:36:00,Team Invite,10
5742,1021,2026-07-29 01:58:00,Dashboard View,1
5743,412,2026-05-26 14:53:00,Team Invite,5
5744,1909,2026-06-09 06:47:00,User Login,5
5745,1451,2026-03-26 19:00:00,Dashboard View,1
5746,266,2026-06-09 21:39:00,Report Export,5
5747,1819,2024-09-03 02:14:00,Report Export,2
5748,1525,2026-04-10 10:56:00,User Login,15
5749,1462,2026-06-01 21:35:00,Data Import,0
5750,1483,2026-07-25 22:18:00,Settings Update,5
5751,1895,2026-03-06 07:38:00,Report Export,5
5752,403,2026-07-31 13:37:00,User Login,10
5753,1277,2024-09-27 17:53:00,Report Export,10
5754,1149,2025-11-13 02:15:00,Settings Update,0
5755,40,2026-09-09 06:15:00,Settings Update,1
5756,482,2026-05-15 23:29:00,Team Invite,10
5757,1990,2025-06-21 22:25:00,Dashboard View,2
5758,1930,2025-09-09 09:31:00,Team Invite,2
5759,1241,2024-09-23 11:56:00,User Login,0
5760,1372,2026-02-25 17:06:00,Settings Update,1
5761,154,2026-06-03 12:44:00,Settings Update,5
5762,1355,2025-11-06 18:11:00,Report Export,15
5763,131,2026-09-21 19:31:00,Team Invite,5
5764,1459,2026-07-12 10:45:00,Team Invite,5
5765,1190,2025-03-13 20:41:00,Report Export,0
5766,1857,2024-10-05 21:35:00,Settings Update,10
5767,1410,2026-03-12 00:30:00,Report Export,1
5768,1490,2026-07-23 04:41:00,Team Invite,15
5769,1020,2024-11-08 23:28:00,Settings Update,1
5770,71,2024-07-01 19:56:00,Data Import,2
5771,13,2026-03-18 17:13:00,Data Import,10
5772,552,2025-02-05 04:21:00,Report Export,5
5773,284,2025-03-30 19:48:00,Data Import,0
5774,1016,2026-05-23 10:35:00,Data Import,5
5775,1023,2025-09-17 04:13:00,Settings Update,1
5776,1373,2024-08-28 02:03:00,Settings Update,0
5777,900,2025-08-03 19:55:00,Dashboard View,0
5778,1314,2025-01-07 23:37:00,User Login,10
5779,1442,2025-01-05 07:19:00,Dashboard View,0
5780,1531,2026-03-22 09:09:00,Data Import,0
5781,1243,2026-06-15 06:06:00,Dashboard View,15
5782,1562,2025-11-05 13:53:00,Settings Update,2
5783,1835,2025-01-24 17:29:00,User Login,10
5784,1708,2026-04-25 17:39:00,User Login,0
5785,961,2026-08-31 13:40:00,Settings Update,2
5786,383,2026-07-18 04:46:00,Dashboard View,2
5787,1574,2026-08-09 15:23:00,Team Invite,5
5788,181,2026-01-10 02:44:00,Data Import,0
5789,1480,2026-06-04 16:46:00,Report Export,2
5790,1214,2026-07-22 05:13:00,Dashboard View,2
5791,199,2026-03-22 15:26:00,Settings Update,1
5792,1719,2026-03-14 03:20:00,Report Export,15
5793,1703,2026-02-27 16:01:00,Dashboard View,2
5794,1863,2026-03-26 00:52:00,Data Import,2
5795,1155,2024-09-08 11:53:00,Dashboard View,5
5796,1318,2026-08-31 23:21:00,Team Invite,30
5797,973,2023-12-19 08:08:00,Dashboard View,10
5798,982,2025-09-05 00:56:00,Settings Update,10
5799,1145,2026-07-05 14:21:00,Report Export,2
5800,330,2025-09-23 23:33:00,Data Import,2
5801,478,2024-10-25 21:12:00,Data Import,5
5802,112,2024-04-01 21:59:00,Dashboard View,0
5803,984,2026-09-10 15:00:00,Dashboard View,1
5804,1691,2025-04-06 10:34:00,Report Export,1
5805,1648,2026-08-05 00:27:00,Report Export,5
5806,1371,2024-01-30 23:51:00,Data Import,5
5807,110,2026-08-14 16:54:00,Settings Update,1
5808,1040,2026-03-01 01:16:00,Dashboard View,2
5809,639,2024-04-14 10:53:00,Data Import,1
5810,1461,2025-07-06 18:58:00,Dashboard View,10
5811,1327,2025-11-24 18:09:00,Data Import,10
5812,1361,2026-02-02 14:46:00,Data Import,5
5813,1283,2026-02-02 23:14:00,Report Export,30
5814,116,2025-06-09 00:13:00,Dashboard View,5
5815,1726,2025-07-13 17:49:00,Dashboard View,5
5816,738,2026-06-09 11:15:00,Data Import,0
5817,1789,2026-08-11 04:38:00,Report Export,2
5818,1717,2025-07-11 21:02:00,Team Invite,10
5819,1647,2025-12-26 19:04:00,Settings Update,5
5820,1570,2024-12-21 07:28:00,Report Export,1
5821,138,2026-05-24 19:55:00,Report Export,5
5822,781,2025-02-08 10:25:00,Settings Update,2
5823,1347,2023-09-24 05:57:00,Report Export,0
5824,1089,2026-02-14 11:12:00,Settings Update,10
5825,1548,2026-06-15 21:43:00,Settings Update,15
5826,314,2026-02-19 19:23:00,Dashboard View,1
5827,378,2025-07-10 12:20:00,Dashboard View,5
5828,1400,2026-03-22 19:06:00,Data Import,2
5829,1290,2025-12-15 01:07:00,Team Invite,2
5830,1493,2026-01-24 18:57:00,Settings Update,15
5831,563,2023-03-17 00:28:00,User Login,10
5832,1642,2026-09-18 13:40:00,Dashboard View,0
5833,64,2025-09-03 23:51:00,Team Invite,1
5834,225,2026-03-02 07:19:00,Settings Update,10
5835,882,2024-05-19 05:06:00,Data Import,2
5836,1333,2025-07-31 19:50:00,User Login,15
5837,657,2025-10-29 03:31:00,Data Import,1
5838,1916,2026-01-24 12:06:00,Report Export,15
5839,325,2025-10-16 00:57:00,Team Invite,5
5840,68,2025-11-29 10:36:00,Report Export,5
5841,1452,2026-01-07 17:05:00,Settings Update,1
5842,79,2025-04-17 05:09:00,Settings Update,5
5843,1529,2025-12-05 00:42:00,Settings Update,5
5844,762,2026-08-29 22:33:00,Team Invite,2
5845,280,2024-11-17 11:05:00,Team Invite,5
5846,1380,2025-02-03 22:53:00,Report Export,10
5847,637,2025-06-12 03:40:00,Data Import,5
5848,1786,2026-09-04 22:32:00,Data Import,0
5849,1479,2026-07-09 22:17:00,Data Import,5
5850,1332,2026-09-14 05:31:00,Team Invite,5
5851,1254,2026-09-20 23:54:00,Report Export,5
5852,1759,2024-04-08 00:22:00,Data Import,10
5853,1712,2026-07-20 11:47:00,Team Invite,5
5854,1619,2024-09-27 11:55:00,Team Invite,1
5855,1516,2025-10-21 00:18:00,Report Export,2
5856,558,2026-03-05 03:23:00,Settings Update,5
5857,1048,2025-05-05 22:24:00,Settings Update,5
5858,597,2026-07-02 07:43:00,User Login,15
5859,423,2024-07-22 08:40:00,Dashboard View,1
5860,44,2024-09-11 00:03:00,Settings Update,1
5861,1408,2026-09-12 00:14:00,Settings Update,0
5862,238,2024-10-28 00:31:00,Data Import,2
5863,1170,2026-08-10 17:50:00,User Login,1
5864,1745,2026-06-23 06:16:00,Settings Update,2
5865,1508,2025-10-06 07:03:00,Data Import,1
5866,1898,2025-11-25 20:57:00,User Login,30
5867,1828,2024-12-24 00:50:00,Settings Update,1
5868,470,2026-03-18 16:40:00,Settings Update,5
5869,1893,2026-04-30 02:14:00,User Login,5
5870,1191,2025-10-07 21:32:00,Settings Update,15
5871,60,2026-06-26 07:50:00,Report Export,15
5872,250,2025-10-31 12:14:00,Data Import,2
5873,292,2026-09-04 09:27:00,Settings Update,10
5874,440,2026-03-12 05:03:00,Report Export,30
5875,342,2026-03-12 16:14:00,Report Export,10
5876,987,2025-05-26 09:39:00,Data Import,1
5877,1806,2025-03-22 15:44:00,Data Import,0
5878,778,2024-12-11 10:35:00,Data Import,5
5879,538,2026-01-04 17:59:00,Dashboard View,1
5880,1477,2026-03-03 07:07:00,Dashboard View,5
5881,1033,2025-01-17 20:17:00,Team Invite,5
5882,49,2026-01-14 23:43:00,Dashboard View,2
5883,1351,2026-04-27 16:45:00,Report Export,5
5884,1000,2026-08-21 08:57:00,Settings Update,0
5885,1174,2024-12-07 21:17:00,User Login,30
5886,1094,2026-09-30 20:49:00,Dashboard View,10
5887,1694,2026-09-24 04:18:00,Dashboard View,2
5888,1810,2026-05-19 23:18:00,User Login,0
5889,444,2026-04-25 08:28:00,Report Export,10
5890,507,2026-01-14 01:10:00,Data Import,2
5891,1547,2026-09-24 12:12:00,Data Import,5
5892,246,2025-02-19 03:54:00,Team Invite,2
5893,931,2024-01-04 17:03:00,Team Invite,5
5894,516,2026-08-04 04:09:00,Team Invite,5
5895,1809,2026-05-31 19:53:00,User Login,2
5896,280,2025-09-24 20:23:00,Team Invite,1
5897,531,2025-02-04 18:00:00,Settings Update,10
5898,1885,2024-11-12 14:17:00,Data Import,5
5899,564,2026-05-29 13:22:00,Settings Update,5
5900,1238,2026-07-02 11:01:00,User Login,2
5901,390,2025-05-15 15:53:00,Team Invite,10
5902,851,2025-04-17 06:23:00,Report Export,5
5903,371,2023-09-04 09:25:00,Report Export,0
5904,123,2026-04-17 01:38:00,Data Import,5
5905,1651,2025-09-14 08:10:00,Settings Update,15
5906,804,2026-02-11 04:15:00,Dashboard View,0
5907,827,2026-06-14 22:20:00,User Login,2
5908,542,2026-09-27 09:38:00,Report Export,2
5909,1005,2024-08-15 10:09:00,Dashboard View,2
5910,1066,2025-03-24 09:02:00,Report Export,15
5911,1040,2026-06-11 14:51:00,Data Import,10
5912,1265,2026-07-01 21:37:00,Report Export,2
5913,1937,2026-04-14 22:56:00,Team Invite,2
5914,974,2025-11-10 11:14:00,Settings Update,10
5915,1776,2026-06-24 12:10:00,Dashboard View,10
5916,597,2026-06-23 22:51:00,User Login,1
5917,848,2026-05-08 02:33:00,Settings Update,5
5918,1317,2024-09-25 13:47:00,User Login,0
5919,428,2026-05-18 02:37:00,Dashboard View,2
5920,900,2025-10-19 05:50:00,Report Export,1
5921,1509,2026-05-15 20:49:00,User Login,30
5922,1208,2025-09-02 02:19:00,Data Import,5
5923,1510,2026-06-26 00:49:00,Data Import,2
5924,1827,2026-04-21 14:46:00,User Login,5
5925,1941,2026-07-06 19:06:00,Team Invite,2
5926,943,2025-03-09 04:50:00,Data Import,1
5927,839,2026-04-28 01:48:00,User Login,1
5928,80,2026-03-15 18:33:00,Report Export,1
5929,443,2026-07-20 18:56:00,Dashboard View,5
5930,1005,2024-06-28 21:40:00,Data Import,15
5931,453,2026-07-09 05:04:00,Dashboard View,5
5932,930,2026-02-15 03:47:00,User Login,1
5933,1317,2026-07-11 14:14:00,Data Import,10
5934,240,2024-11-07 11:54:00,Team Invite,10
5935,1306,2025-09-29 14:13:00,Data Import,2
5936,1843,2025-07-03 16:21:00,Dashboard View,0
5937,603,2026-04-14 19:43:00,Data Import,5
5938,1364,2024-07-14 18:14:00,Team Invite,2
5939,1913,2026-08-26 03:24:00,User Login,15
5940,1860,2024-01-09 17:28:00,Settings Update,15
5941,272,2026-02-19 12:34:00,User Login,1
5942,1652,2026-05-16 23:47:00,User Login,5
5943,876,2024-11-27 19:24:00,User Login,1
5944,763,2025-02-14 15:15:00,User Login,0
5945,1619,2025-11-14 11:23:00,Dashboard View,2
5946,1334,2025-04-15 03:45:00,Report Export,30
5947,474,2026-06-26 18:03:00,Dashboard View,0
5948,650,2024-03-26 17:41:00,Report Export,0
5949,1830,2026-08-30 15:38:00,Dashboard View,30
5950,990,2026-05-19 20:58:00,Settings Update,5
5951,1488,2026-09-18 21:25:00,Dashboard View,15
5952,357,2026-04-08 13:45:00,Dashboard View,2
5953,535,2026-01-22 05:35:00,Team Invite,0
5954,1824,2026-08-04 00:09:00,Report Export,15
5955,368,2026-05-08 09:18:00,User Login,2
5956,1992,2026-09-08 10:05:00,User Login,5
5957,737,2026-04-17 13:25:00,User Login,30
5958,1740,2026-01-17 11:31:00,Dashboard View,2
5959,448,2026-06-01 16:12:00,Report Export,10
5960,360,2025-12-29 21:46:00,Settings Update,2
5961,1276,2024-05-06 05:49:00,User Login,15
5962,160,2026-06-03 12:49:00,Data Import,5
5963,749,2026-04-12 14:56:00,Data Import,1
5964,430,2026-07-07 18:35:00,Data Import,30
5965,1391,2025-12-30 00:46:00,Data Import,2
5966,317,2025-09-12 19:08:00,User Login,2
5967,1791,2026-07-19 22:20:00,Report Export,5
5968,846,2026-07-16 22:38:00,Data Import,15
5969,227,2026-08-09 19:53:00,Dashboard View,10
5970,840,2026-04-29 01:31:00,Report Export,15
5971,235,2026-09-01 01:01:00,Dashboard View,15
5972,1166,2025-09-29 15:25:00,User Login,15
5973,96,2024-04-16 05:10:00,Dashboard View,0
5974,1884,2025-05-03 22:44:00,User Login,2
5975,268,2026-03-02 16:10:00,Report Export,1
5976,655,2024-03-08 04:01:00,Settings Update,2
5977,339,2026-01-09 10:41:00,Team Invite,2
5978,1298,2026-07-05 03:09:00,Team Invite,15
5979,48,2024-08-10 11:16:00,Team Invite,10
5980,1182,2024-10-06 03:05:00,Report Export,5
5981,825,2025-07-03 08:22:00,Report Export,2
5982,642,2026-07-01 14:49:00,User Login,2
5983,1468,2026-08-17 17:14:00,User Login,2
5984,1233,2025-03-26 00:53:00,Settings Update,5
5985,362,2026-07-08 04:32:00,Settings Update,10
5986,760,2026-03-29 04:03:00,Team Invite,5
5987,393,2026-07-25 03:18:00,Team Invite,1
5988,21,2026-07-11 03:19:00,Report Export,10
5989,1045,2026-03-21 11:33:00,Settings Update,5
5990,928,2024-04-06 19:42:00,Settings Update,10
5991,44,2025-03-22 19:36:00,Team Invite,10
5992,233,2025-08-04 07:50:00,User Login,0
5993,529,2025-11-08 18:03:00,User Login,0
5994,215,2024-12-01 21:27:00,Data Import,2
5995,1959,2025-06-30 12:45:00,Settings Update,15
5996,957,2026-09-04 10:34:00,Dashboard View,1
5997,206,2024-03-13 20:51:00,User Login,10
5998,992,2023-10-21 10:12:00,Team Invite,5
5999,1024,2026-05-30 02:46:00,Team Invite,5
6000,1705,2026-03-13 10:13:00,Team Invite,10
6001,1968,2026-06-26 18:28:00,Team Invite,30
6002,471,2025-09-21 23:57:00,User Login,10
6003,1609,2026-05-19 06:14:00,Settings Update,0
6004,63,2025-08-18 02:16:00,Team Invite,30
6005,397,2026-07-05 20:58:00,Team Invite,2
6006,1405,2026-03-26 19:56:00,Data Import,5
6007,253,2026-04-03 08:49:00,Report Export,15
6008,1668,2024-08-22 00:02:00,Team Invite,15
6009,1130,2026-01-26 11:34:00,User Login,1
6010,1860,2024-11-10 07:16:00,Settings Update,5
6011,138,2026-09-13 07:19:00,Report Export,15
6012,131,2026-07-24 14:41:00,Data Import,2
6013,645,2026-07-01 07:10:00,Team Invite,2
6014,1451,2025-12-17 03:21:00,User Login,0
6015,1904,2024-10-25 02:11:00,Data Import,1
6016,238,2026-05-28 14:36:00,Report Export,2
6017,971,2026-09-20 22:25:00,Dashboard View,5
6018,100,2026-02-07 10:40:00,Team Invite,1
6019,77,2025-06-17 10:58:00,User Login,5
6020,555,2026-03-02 14:09:00,User Login,1
6021,115,2026-03-06 18:53:00,User Login,10
6022,539,2026-07-14 07:49:00,Report Export,2
6023,1472,2025-05-10 21:59:00,Dashboard View,10
6024,1707,2025-12-09 01:58:00,Settings Update,15
6025,1544,2026-03-07 04:08:00,Settings Update,5
6026,92,2026-03-09 04:04:00,Report Export,1
6027,952,2024-08-03 08:42:00,Data Import,10
6028,86,2026-05-20 20:32:00,User Login,30
6029,1017,2025-09-19 19:19:00,Report Export,0
6030,286,2026-08-22 14:12:00,Data Import,2
6031,284,2026-02-07 11:52:00,Dashboard View,5
6032,1381,2025-04-17 17:46:00,Data Import,2
6033,786,2026-02-09 19:46:00,Report Export,1
6034,1852,2026-01-24 20:09:00,User Login,5
6035,402,2025-12-28 17:59:00,User Login,10
6036,1594,2026-02-22 23:25:00,Team Invite,0
6037,1086,2023-11-03 13:38:00,Data Import,15
6038,1607,2024-07-18 03:06:00,Dashboard View,5
6039,1223,2026-01-01 06:05:00,User Login,15
6040,685,2025-05-28 12:30:00,Team Invite,5
6041,692,2025-12-01 14:48:00,Dashboard View,1
6042,149,2025-01-31 04:38:00,Report Export,5
6043,1403,2026-06-23 02:00:00,Data Import,1
6044,436,2025-12-15 20:42:00,Data Import,5
6045,520,2026-07-19 19:25:00,Data Import,5
6046,733,2025-12-16 11:02:00,Settings Update,2
6047,535,2026-09-24 10:38:00,Settings Update,15
6048,1947,2026-05-15 22:54:00,Dashboard View,2
6049,104,2025-04-06 07:37:00,Settings Update,5
6050,1082,2026-08-13 19:37:00,Settings Update,2
6051,1312,2026-08-16 09:49:00,Data Import,10
6052,811,2026-05-09 04:50:00,User Login,5
6053,1907,2025-10-21 18:40:00,Data Import,5
6054,100,2026-04-08 21:41:00,Report Export,1
6055,1159,2026-02-10 18:39:00,Dashboard View,1
6056,2,2026-06-21 15:29:00,User Login,1
6057,1092,2026-04-18 02:21:00,Report Export,0
6058,1986,2026-05-14 07:13:00,Report Export,30
6059,1634,2025-11-28 14:03:00,Data Import,1
6060,1011,2026-09-10 04:22:00,Report Export,5
6061,208,2026-05-09 04:59:00,Team Invite,2
6062,1295,2025-11-13 07:09:00,Data Import,1
6063,510,2026-03-03 22:22:00,Settings Update,10
6064,1043,2026-06-22 20:49:00,Team Invite,0
6065,1553,2026-01-28 13:11:00,User Login,2
6066,281,2025-12-04 04:42:00,Dashboard View,0
6067,1721,2026-08-26 10:19:00,Team Invite,2
6068,1326,2026-09-01 11:00:00,Report Export,5
6069,1550,2026-04-23 22:04:00,Dashboard View,5
6070,145,2025-09-02 17:05:00,Dashboard View,5
6071,506,2026-09-05 15:43:00,Settings Update,10
6072,1003,2026-04-30 00:39:00,Team Invite,5
6073,1926,2024-05-21 22:19:00,Team Invite,15
6074,807,2024-01-08 14:12:00,User Login,1
6075,631,2025-08-02 07:40:00,Report Export,15
6076,1616,2026-06-19 00:18:00,Data Import,15
6077,211,2024-12-13 02:28:00,Settings Update,2
6078,870,2026-02-28 20:48:00,Data Import,1
6079,143,2026-07-25 10:23:00,Dashboard View,0
6080,1229,2025-08-23 08:15:00,Dashboard View,15
6081,1084,2026-08-02 17:55:00,User Login,2
6082,899,2026-02-03 12:18:00,User Login,15
6083,1981,2026-08-29 16:49:00,Team Invite,1
6084,496,2026-02-21 04:02:00,Settings Update,2
6085,1524,2024-09-03 13:32:00,Data Import,1
6086,1811,2023-11-10 22:33:00,User Login,15
6087,1665,2025-07-19 02:48:00,Data Import,2
6088,1901,2026-07-08 01:50:00,Team Invite,10
6089,976,2024-07-15 19:08:00,Data Import,10
6090,946,2026-08-06 07:05:00,Data Import,30
6091,1604,2025-12-05 08:10:00,Data Import,10
6092,1041,2026-07-13 16:46:00,Report Export,1
6093,1585,2024-09-05 20:12:00,Settings Update,2
6094,1170,2026-08-06 20:46:00,Data Import,30
6095,1376,2025-08-21 21:52:00,User Login,1
6096,305,2024-12-01 15:10:00,Data Import,15
6097,1212,2023-12-14 19:10:00,Team Invite,0
6098,473,2025-12-26 09:00:00,User Login,0
6099,826,2026-09-28 20:18:00,User Login,0
6100,812,2025-12-22 04:58:00,User Login,2
6101,760,2024-12-09 11:46:00,Team Invite,2
6102,735,2026-02-14 05:24:00,Dashboard View,15
6103,1813,2026-09-12 23:37:00,Dashboard View,1
6104,1980,2026-04-28 20:48:00,Settings Update,5
6105,145,2025-01-06 10:35:00,Dashboard View,1
6106,1771,2026-06-12 05:05:00,Settings Update,2
6107,974,2026-07-13 01:19:00,Team Invite,2
6108,609,2025-11-12 08:06:00,Data Import,1
6109,1388,2026-06-28 10:24:00,Report Export,2
6110,1784,2025-11-16 01:16:00,User Login,2
6111,55,2025-03-13 14:10:00,Data Import,5
6112,806,2026-02-19 22:00:00,Data Import,10
6113,447,2025-09-19 06:39:00,Team Invite,5
6114,1084,2026-06-05 14:18:00,User Login,2
6115,1625,2025-02-14 15:30:00,Team Invite,5
6116,1615,2024-07-26 09:49:00,Team Invite,1
6117,527,2026-05-14 15:32:00,Data Import,10
6118,148,2026-01-07 17:42:00,User Login,5
6119,1578,2026-07-27 03:08:00,Team Invite,5
6120,874,2025-08-01 05:17:00,Team Invite,5
6121,1775,2026-08-01 14:38:00,Settings Update,5
6122,587,2026-09-07 16:04:00,Settings Update,2
6123,1750,2024-01-24 13:45:00,Settings Update,1
6124,1735,2026-08-03 11:25:00,Dashboard View,10
6125,603,2025-09-15 17:27:00,User Login,10
6126,385,2024-02-14 10:50:00,Settings Update,15
6127,1031,2025-03-19 16:04:00,Dashboard View,2
6128,328,2024-11-20 14:04:00,User Login,2
6129,803,2026-09-07 06:40:00,Team Invite,10
6130,1097,2026-04-21 10:04:00,Report Export,0
6131,539,2026-07-14 11:50:00,Report Export,5
6132,1494,2026-07-11 16:26:00,Data Import,5
6133,991,2024-02-07 03:26:00,Settings Update,2
6134,284,2024-07-16 23:09:00,Team Invite,1
6135,779,2023-12-30 15:01:00,User Login,2
6136,500,2026-09-04 17:04:00,Report Export,10
6137,1107,2025-10-01 12:44:00,Report Export,15
6138,672,2025-09-04 07:23:00,Team Invite,15
6139,334,2026-05-09 00:19:00,Data Import,5
6140,1159,2025-06-28 07:45:00,Settings Update,2
6141,1236,2025-11-06 04:18:00,Dashboard View,2
6142,81,2025-04-01 08:52:00,Data Import,10
6143,1530,2023-07-20 23:25:00,Team Invite,2
6144,835,2024-03-12 11:35:00,Settings Update,0
6145,647,2026-07-30 05:41:00,Data Import,1
6146,1311,2026-05-21 02:21:00,Settings Update,5
6147,505,2025-06-19 04:23:00,User Login,0
6148,227,2026-01-19 13:34:00,Team Invite,2
6149,1989,2026-08-31 01:10:00,Settings Update,5
6150,1926,2024-11-14 16:56:00,Dashboard View,2
6151,1037,2025-08-24 12:58:00,Data Import,15
6152,1762,2026-07-16 18:42:00,Dashboard View,10
6153,988,2024-07-25 11:16:00,Team Invite,10
6154,1431,2024-02-29 12:51:00,Dashboard View,10
6155,142,2026-06-17 07:35:00,Report Export,1
6156,774,2026-05-28 20:54:00,Data Import,2
6157,403,2025-10-01 14:44:00,Data Import,1
6158,477,2025-12-05 20:09:00,User Login,15
6159,954,2026-07-24 23:49:00,Data Import,10
6160,1642,2025-04-11 13:46:00,Dashboard View,1
6161,674,2025-03-10 12:35:00,Team Invite,0
6162,838,2023-11-17 19:24:00,Data Import,5
6163,758,2026-06-06 16:31:00,User Login,2
6164,1562,2026-09-16 23:04:00,User Login,15
6165,323,2026-09-20 12:54:00,Dashboard View,15
6166,583,2026-08-24 20:30:00,Report Export,0
6167,599,2026-08-18 23:01:00,Report Export,5
6168,1020,2026-01-23 22:44:00,Report Export,15
6169,1849,2025-08-20 06:00:00,Dashboard View,10
6170,1839,2026-09-01 13:39:00,Settings Update,2
6171,1721,2025-07-22 04:06:00,User Login,2
6172,762,2026-05-22 10:35:00,Settings Update,15
6173,1119,2026-09-23 08:12:00,Settings Update,2
6174,606,2025-12-29 07:44:00,Settings Update,0
6175,803,2026-07-21 08:06:00,Data Import,2
6176,1825,2026-08-10 11:22:00,Team Invite,10
6177,1479,2026-09-20 14:12:00,Settings Update,15
6178,702,2026-06-25 13:45:00,User Login,5
6179,1220,2025-10-11 20:08:00,Settings Update,0
6180,1905,2026-05-05 02:12:00,Team Invite,0
6181,1618,2024-07-07 05:50:00,User Login,15
6182,825,2024-11-04 19:57:00,Dashboard View,2
6183,1294,2026-08-26 09:49:00,Settings Update,5
6184,1991,2026-05-09 12:33:00,User Login,5
6185,786,2025-09-26 18:58:00,User Login,2
6186,1759,2026-03-24 03:34:00,Dashboard View,5
6187,988,2025-12-10 07:17:00,Dashboard View,5
6188,221,2026-09-02 18:57:00,Team Invite,5
6189,1582,2025-11-05 11:07:00,Dashboard View,10
6190,648,2025-03-13 06:52:00,Data Import,10
6191,120,2025-07-13 01:09:00,Dashboard View,0
6192,208,2026-08-09 12:52:00,Report Export,2
6193,851,2026-03-23 13:59:00,User Login,1
6194,1589,2026-01-01 16:44:00,Report Export,1
6195,1659,2025-07-20 12:59:00,Report Export,30
6196,409,2025-02-01 18:26:00,Settings Update,1
6197,397,2026-08-06 18:32:00,Dashboard View,10
6198,1818,2025-03-01 01:27:00,User Login,5
6199,1260,2026-01-24 05:27:00,User Login,1
6200,759,2025-11-01 18:05:00,Team Invite,2
6201,1462,2026-07-30 00:04:00,Report Export,5
6202,1940,2026-08-05 06:43:00,Settings Update,10
6203,524,2026-08-26 11:18:00,Dashboard View,15
6204,783,2026-04-05 12:01:00,User Login,5
6205,720,2023-12-01 00:27:00,Team Invite,5
6206,806,2026-01-09 05:35:00,Data Import,15
6207,103,2023-07-18 08:20:00,Data Import,5
6208,1339,2026-03-26 12:34:00,Data Import,5
6209,308,2025-10-01 04:55:00,Team Invite,30
6210,38,2026-05-10 11:46:00,Team Invite,5
6211,980,2025-09-20 09:41:00,Dashboard View,2
6212,278,2026-04-19 01:05:00,Settings Update,5
6213,6,2024-07-06 09:09:00,Dashboard View,10
6214,1503,2026-08-27 14:54:00,Report Export,0
6215,1024,2026-03-13 08:53:00,Team Invite,2
6216,1076,2026-06-05 20:50:00,Dashboard View,30
6217,1646,2026-08-26 21:35:00,Dashboard View,10
6218,1251,2025-12-04 04:07:00,Dashboard View,30
6219,991,2024-05-21 04:15:00,Dashboard View,2
6220,1427,2024-11-30 16:14:00,User Login,10
6221,1237,2026-09-13 17:00:00,Team Invite,10
6222,1295,2026-09-25 03:26:00,Team Invite,2
6223,1118,2026-09-13 21:06:00,Report Export,2
6224,835,2026-02-17 05:10:00,Report Export,30
6225,1762,2025-09-02 17:24:00,Dashboard View,5
6226,286,2026-01-28 07:54:00,Dashboard View,10
6227,745,2023-05-25 18:59:00,User Login,10
6228,1234,2026-05-31 08:31:00,Settings Update,1
6229,604,2026-07-30 17:04:00,Team Invite,2
6230,13,2026-06-27 04:16:00,Team Invite,2
6231,32,2026-02-22 18:44:00,Data Import,15
6232,637,2025-10-24 09:51:00,Dashboard View,5
6233,957,2025-11-09 12:27:00,User Login,0
6234,1971,2026-06-28 12:11:00,Dashboard View,1
6235,483,2026-07-14 05:39:00,Data Import,0
6236,1878,2026-08-21 18:30:00,User Login,0
6237,1565,2025-09-24 04:51:00,Dashboard View,2
6238,1744,2026-01-10 22:00:00,Settings Update,5
6239,776,2026-04-27 21:02:00,Team Invite,2
6240,156,2025-01-14 19:14:00,Settings Update,5
6241,1905,2025-04-29 19:01:00,Data Import,2
6242,1046,2023-07-23 12:42:00,User Login,10
6243,1231,2026-09-23 02:38:00,Report Export,0
6244,265,2026-06-11 01:05:00,Settings Update,2
6245,126,2025-07-11 05:30:00,Report Export,1
6246,1567,2025-12-25 14:56:00,User Login,2
6247,842,2026-01-31 05:11:00,Data Import,1
6248,1046,2025-04-01 10:46:00,Dashboard View,5
6249,1968,2026-09-19 16:19:00,Dashboard View,0
6250,1924,2026-08-12 11:51:00,Settings Update,30
6251,1287,2026-09-15 05:10:00,Report Export,2
6252,365,2026-07-26 08:16:00,Data Import,0
6253,1521,2025-05-17 13:59:00,Dashboard View,15
6254,1175,2026-08-10 05:44:00,Report Export,1
6255,1794,2025-10-28 15:52:00,User Login,10
6256,569,2026-09-19 12:04:00,Settings Update,1
6257,1922,2026-09-11 05:22:00,Data Import,5
6258,244,2026-07-11 07:11:00,Dashboard View,10
6259,1451,2026-08-12 05:17:00,Data Import,2
6260,125,2026-04-05 11:04:00,Settings Update,1
6261,1080,2026-09-30 01:35:00,User Login,1
6262,1957,2026-07-29 16:00:00,Settings Update,5
6263,228,2026-05-19 10:14:00,Settings Update,10
6264,906,2026-04-25 04:16:00,Report Export,15
6265,1821,2025-12-13 14:03:00,Team Invite,1
6266,746,2026-04-05 11:37:00,Report Export,2
6267,53,2026-04-22 23:11:00,User Login,10
6268,1521,2025-11-13 05:38:00,Dashboard View,5
6269,1451,2026-06-19 23:36:00,Team Invite,5
6270,1549,2025-05-15 02:46:00,User Login,1
6271,176,2024-11-16 15:03:00,Report Export,10
6272,1483,2024-04-25 12:31:00,Dashboard View,2
6273,1414,2026-08-27 05:52:00,User Login,0
6274,297,2026-05-29 09:05:00,Dashboard View,10
6275,856,2026-06-20 03:01:00,Settings Update,1
6276,1126,2025-08-03 05:01:00,Settings Update,0
6277,1453,2026-03-15 20:07:00,Settings Update,1
6278,1655,2026-08-26 08:53:00,Dashboard View,10
6279,1641,2026-08-23 07:05:00,Team Invite,0
6280,1805,2026-07-02 19:10:00,Report Export,0
6281,1684,2025-11-06 02:14:00,Settings Update,5
6282,1163,2026-06-30 16:30:00,Report Export,5
6283,1905,2026-06-12 02:13:00,Team Invite,0
6284,289,2026-09-14 07:32:00,User Login,5
6285,1033,2026-07-27 00:47:00,Settings Update,0
6286,1519,2025-12-05 21:47:00,User Login,5
6287,577,2024-05-26 22:29:00,User Login,10
6288,1242,2025-08-29 16:50:00,Data Import,1
6289,504,2026-08-11 19:04:00,Report Export,15
6290,661,2026-09-02 09:04:00,Report Export,1
6291,1465,2026-08-07 20:41:00,Data Import,2
6292,1378,2025-01-09 22:07:00,Settings Update,2
6293,576,2026-08-08 05:42:00,Report Export,1
6294,524,2026-06-05 05:23:00,Team Invite,5
6295,1037,2026-08-15 11:50:00,Data Import,15
6296,20,2026-09-14 16:38:00,Report Export,5
6297,212,2026-05-30 03:00:00,Settings Update,5
6298,561,2026-04-01 10:15:00,Dashboard View,2
6299,1711,2026-09-22 13:18:00,Team Invite,10
6300,1430,2025-12-04 17:47:00,User Login,5
6301,1689,2025-04-24 08:31:00,User Login,30
6302,678,2024-11-28 16:48:00,Settings Update,1
6303,922,2026-07-11 17:14:00,Data Import,1
6304,564,2026-06-23 16:05:00,Team Invite,1
6305,1735,2026-08-29 03:50:00,User Login,1
6306,1996,2026-09-07 16:36:00,User Login,2
6307,584,2025-09-23 18:49:00,Report Export,0
6308,1147,2024-03-17 22:22:00,Team Invite,5
6309,796,2024-10-27 19:07:00,Team Invite,5
6310,1011,2025-12-12 20:17:00,Data Import,2
6311,1228,2026-09-17 12:18:00,Settings Update,15
6312,489,2026-06-03 00:24:00,Team Invite,30
6313,134,2026-09-20 00:07:00,User Login,5
6314,1602,2026-06-13 05:20:00,Report Export,2
6315,838,2026-06-18 03:38:00,Report Export,0
6316,1464,2026-07-26 09:52:00,User Login,15
6317,1409,2026-07-03 00:49:00,Settings Update,5
6318,395,2025-06-26 17:41:00,Settings Update,5
6319,332,2024-08-17 06:21:00,Team Invite,5
6320,1840,2026-05-13 11:58:00,Dashboard View,1
6321,464,2025-11-22 22:59:00,User Login,10
6322,764,2025-02-20 06:08:00,Report Export,1
6323,851,2026-01-27 07:22:00,Data Import,1
6324,1264,2026-05-02 17:33:00,Report Export,5
6325,1018,2026-06-20 15:50:00,Report Export,10
6326,631,2025-11-07 18:31:00,Dashboard View,5
6327,1124,2026-03-09 08:09:00,User Login,10
6328,1511,2026-02-13 23:39:00,User Login,2
6329,578,2025-05-17 11:46:00,Report Export,10
6330,1759,2024-05-02 16:16:00,Dashboard View,15
6331,1935,2025-10-23 15:27:00,Settings Update,2
6332,1518,2025-12-03 22:17:00,Data Import,0
6333,805,2026-03-29 19:37:00,Team Invite,2
6334,697,2024-11-09 05:32:00,Report Export,2
6335,476,2024-04-06 20:35:00,Dashboard View,0
6336,1327,2026-02-09 15:11:00,Dashboard View,5
6337,1163,2026-07-01 23:12:00,Team Invite,0
6338,337,2024-03-11 22:01:00,Data Import,30
6339,1285,2026-06-09 10:28:00,Report Export,5
6340,1100,2025-07-21 21:07:00,User Login,10
6341,157,2026-06-05 13:04:00,Settings Update,1
6342,1746,2025-09-12 23:59:00,User Login,5
6343,1999,2023-06-06 22:26:00,Settings Update,2
6344,1108,2025-12-29 11:47:00,Dashboard View,5
6345,636,2023-12-17 09:41:00,User Login,15
6346,495,2025-11-26 01:15:00,Dashboard View,5
6347,1084,2026-06-29 18:29:00,Data Import,0
6348,459,2025-10-31 05:33:00,Data Import,2
6349,1756,2026-07-08 07:27:00,User Login,10
6350,1820,2026-08-18 00:52:00,Report Export,1
6351,301,2026-09-07 23:50:00,Dashboard View,5
6352,1176,2026-07-24 04:56:00,Dashboard View,1
6353,1144,2024-10-10 17:36:00,Dashboard View,1
6354,1665,2026-06-25 10:04:00,Dashboard View,1
6355,176,2023-09-13 11:57:00,Team Invite,5
6356,544,2026-03-26 20:36:00,User Login,5
6357,1451,2026-03-11 12:08:00,Report Export,30
6358,445,2024-12-26 18:16:00,User Login,5
6359,1870,2026-06-03 12:32:00,Settings Update,2
6360,545,2025-09-23 08:50:00,Team Invite,2
6361,1761,2026-08-02 10:32:00,Report Export,5
6362,530,2025-11-25 06:55:00,User Login,1
6363,450,2025-12-07 01:14:00,Team Invite,0
6364,935,2026-06-14 12:42:00,User Login,10
6365,311,2024-05-14 09:41:00,Report Export,2
6366,1526,2025-11-22 01:07:00,Report Export,5
6367,1654,2023-09-26 18:18:00,Dashboard View,10
6368,223,2023-07-04 04:37:00,Data Import,1
6369,1000,2026-09-04 23:32:00,Dashboard View,5
6370,1503,2025-03-18 03:19:00,User Login,2
6371,1693,2026-08-19 20:15:00,User Login,0
6372,77,2026-04-16 08:49:00,Team Invite,1
6373,1351,2026-04-06 06:48:00,User Login,10
6374,167,2024-12-03 07:23:00,Report Export,15
6375,720,2025-02-25 13:47:00,Report Export,1
6376,1395,2026-06-19 14:48:00,User Login,2
6377,116,2026-05-22 15:19:00,Settings Update,0
6378,1946,2025-02-13 20:09:00,User Login,1
6379,464,2026-04-27 17:06:00,Data Import,1
6380,198,2026-09-25 11:39:00,Data Import,0
6381,637,2026-05-14 19:51:00,User Login,2
6382,16,2025-11-27 12:36:00,Data Import,2
6383,558,2026-03-26 10:57:00,User Login,10
6384,1854,2026-07-25 14:29:00,Data Import,2
6385,1872,2026-09-13 02:10:00,Report Export,2
6386,93,2026-03-28 22:20:00,Report Export,1
6387,54,2025-03-19 00:40:00,Dashboard View,2
6388,989,2026-03-28 05:37:00,Team Invite,10
6389,350,2023-07-16 03:09:00,Team Invite,1
6390,280,2026-06-01 05:02:00,Settings Update,2
6391,524,2026-06-22 05:01:00,Settings Update,15
6392,609,2025-10-11 21:38:00,Settings Update,5
6393,949,2026-03-01 23:32:00,User Login,1
6394,227,2026-03-28 14:09:00,Report Export,0
6395,1440,2026-06-01 07:20:00,User Login,0
6396,435,2026-04-29 23:04:00,Settings Update,2
6397,521,2026-09-18 15:32:00,Settings Update,2
6398,1524,2026-04-29 11:58:00,Report Export,2
6399,653,2024-11-12 10:20:00,Team Invite,10
6400,1169,2026-08-04 03:20:00,Data Import,1
6401,598,2024-07-08 13:59:00,Dashboard View,2
6402,1122,2026-03-19 04:56:00,Data Import,1
6403,1108,2026-09-01 09:35:00,User Login,10
6404,873,2026-09-20 08:41:00,Dashboard View,15
6405,612,2026-03-30 23:09:00,Data Import,10
6406,1814,2026-02-06 01:36:00,Team Invite,2
6407,394,2026-04-19 15:21:00,Team Invite,5
6408,1399,2024-11-14 03:20:00,Data Import,30
6409,1084,2026-08-30 00:55:00,User Login,1
6410,696,2026-09-05 09:21:00,Data Import,2
6411,1286,2026-07-11 22:42:00,Team Invite,1
6412,1873,2026-05-30 12:22:00,Report Export,5
6413,1734,2026-06-05 15:26:00,Team Invite,5
6414,127,2026-09-11 17:22:00,User Login,5
6415,1864,2026-02-07 01:22:00,Dashboard View,10
6416,486,2024-08-25 09:01:00,Report Export,5
6417,743,2026-06-27 20:31:00,Team Invite,0
6418,1868,2026-03-13 05:56:00,Settings Update,2
6419,493,2025-07-23 13:36:00,Report Export,2
6420,461,2025-12-17 01:09:00,Dashboard View,1
6421,551,2025-05-03 09:48:00,Settings Update,5
6422,1287,2026-08-02 20:18:00,User Login,0
6423,737,2024-03-12 09:40:00,Settings Update,1
6424,1271,2026-06-09 13:55:00,User Login,15
6425,405,2026-06-11 19:07:00,User Login,2
6426,111,2026-04-01 23:20:00,User Login,2
6427,390,2026-05-06 01:16:00,Data Import,2
6428,606,2025-09-06 13:11:00,Report Export,1
6429,1230,2025-10-02 06:04:00,Team Invite,1
6430,153,2023-10-12 17:07:00,Dashboard View,5
6431,84,2024-12-15 17:31:00,User Login,1
6432,1489,2026-04-10 00:56:00,Dashboard View,15
6433,1518,2026-02-07 17:38:00,Settings Update,0
6434,1171,2026-04-15 12:35:00,User Login,15
6435,1421,2026-03-31 12:27:00,Settings Update,5
6436,612,2026-02-07 06:05:00,User Login,2
6437,1224,2025-08-18 06:14:00,Settings Update,0
6438,369,2026-05-27 04:50:00,Data Import,5
6439,92,2026-02-15 08:03:00,Data Import,2
6440,1221,2025-05-07 08:24:00,Settings Update,5
6441,1068,2026-05-16 15:42:00,Report Export,5
6442,578,2025-01-28 18:20:00,Report Export,15
6443,365,2026-05-05 23:33:00,Dashboard View,0
6444,1872,2025-03-08 07:42:00,Data Import,5
6445,1170,2026-08-03 04:55:00,Dashboard View,0
6446,374,2026-09-27 07:02:00,Report Export,0
6447,1870,2024-08-27 12:42:00,Settings Update,30
6448,1766,2026-06-01 01:54:00,Dashboard View,5
6449,1040,2026-02-09 10:44:00,Data Import,2
6450,102,2026-05-12 03:40:00,Settings Update,0
6451,1442,2025-10-30 21:59:00,User Login,15
6452,188,2024-12-09 05:24:00,User Login,1
6453,627,2025-11-10 13:31:00,User Login,10
6454,7,2026-08-06 08:40:00,Team Invite,0
6455,33,2026-04-28 01:03:00,Team Invite,15
6456,1320,2025-08-05 08:39:00,Dashboard View,1
6457,659,2026-09-22 18:30:00,Data Import,10
6458,1078,2025-10-17 12:17:00,Report Export,2
6459,1007,2026-03-27 23:13:00,Dashboard View,2
6460,1545,2026-05-17 02:00:00,Data Import,10
6461,905,2024-07-08 11:26:00,Data Import,2
6462,1832,2025-02-26 15:12:00,Data Import,1
6463,630,2026-08-03 17:38:00,Dashboard View,5
6464,52,2023-06-04 00:10:00,Data Import,1
6465,1872,2026-06-16 02:51:00,Report Export,2
6466,770,2026-01-15 12:25:00,Report Export,2
6467,1193,2025-10-21 15:34:00,User Login,2
6468,228,2026-04-22 04:46:00,Settings Update,2
6469,588,2024-06-13 02:30:00,Team Invite,1
6470,1617,2026-01-23 08:49:00,Team Invite,1
6471,1454,2026-03-16 08:03:00,Team Invite,10
6472,589,2026-07-22 17:46:00,Settings Update,10
6473,1376,2024-08-16 06:27:00,User Login,1
6474,144,2026-08-15 16:18:00,Settings Update,5
6475,1032,2026-09-23 23:57:00,Settings Update,5
6476,155,2026-07-04 04:24:00,Report Export,5
6477,1409,2025-11-13 14:56:00,Settings Update,2
6478,628,2025-03-29 20:58:00,Data Import,0
6479,954,2026-02-16 06:12:00,Dashboard View,5
6480,1068,2026-07-10 01:14:00,Settings Update,1
6481,562,2025-06-06 18:34:00,Data Import,10
6482,1017,2025-06-03 09:39:00,User Login,5
6483,474,2025-11-10 09:58:00,Data Import,15
6484,799,2025-05-29 21:18:00,User Login,2
6485,528,2026-09-10 10:36:00,Dashboard View,1
6486,171,2026-01-16 02:49:00,Data Import,1
6487,339,2026-09-01 02:55:00,Team Invite,5
6488,720,2025-09-02 17:34:00,Dashboard View,1
6489,872,2026-03-14 12:02:00,Settings Update,5
6490,355,2025-12-10 04:15:00,Data Import,1
6491,505,2026-08-26 10:45:00,Report Export,1
6492,1475,2026-02-16 18:43:00,Data Import,2
6493,40,2025-05-10 02:30:00,User Login,5
6494,211,2024-08-30 02:48:00,Team Invite,1
6495,325,2025-11-08 15:03:00,User Login,1
6496,1047,2026-05-13 09:05:00,Data Import,1
6497,457,2025-07-21 11:28:00,Data Import,10
6498,1394,2025-10-29 11:55:00,Team Invite,1
6499,1923,2026-02-08 07:48:00,Team Invite,1
6500,138,2026-07-22 10:44:00,Data Import,10
6501,933,2025-12-01 11:28:00,Settings Update,0
6502,1709,2026-03-19 23:36:00,Dashboard View,2
6503,1909,2026-07-17 11:21:00,Team Invite,5
6504,191,2026-03-23 04:50:00,Settings Update,2
6505,316,2025-07-20 06:27:00,Dashboard View,15
6506,984,2026-03-26 09:30:00,Report Export,15
6507,356,2026-02-15 19:50:00,Team Invite,10
6508,678,2024-10-23 03:36:00,User Login,10
6509,650,2023-11-08 12:18:00,Data Import,15
6510,202,2026-05-04 21:00:00,Data Import,2
6511,22,2024-05-02 16:20:00,Team Invite,1
6512,1507,2023-11-08 21:42:00,Settings Update,2
6513,327,2025-07-18 14:48:00,Settings Update,2
6514,220,2026-08-28 19:37:00,Dashboard View,15
6515,1261,2026-09-03 18:34:00,Settings Update,2
6516,1513,2025-11-14 22:05:00,Report Export,1
6517,1139,2026-08-18 00:54:00,Team Invite,15
6518,941,2026-06-14 23:04:00,Data Import,2
6519,535,2026-03-04 13:54:00,User Login,0
6520,1805,2026-03-24 13:30:00,Dashboard View,5
6521,1078,2026-03-11 13:31:00,Settings Update,5
6522,243,2026-01-29 17:11:00,Dashboard View,1
6523,1141,2026-01-26 04:41:00,Settings Update,2
6524,1254,2026-01-14 01:04:00,Data Import,15
6525,591,2023-09-07 21:23:00,Dashboard View,2
6526,1608,2026-04-14 17:21:00,Dashboard View,1
6527,1133,2026-02-28 02:24:00,Team Invite,10
6528,1736,2026-06-17 17:31:00,Report Export,2
6529,114,2026-07-21 10:07:00,Team Invite,2
6530,1834,2026-08-11 13:28:00,Data Import,5
6531,206,2025-07-14 18:20:00,Data Import,0
6532,394,2026-03-11 06:48:00,Team Invite,2
6533,378,2026-08-30 12:35:00,Report Export,5
6534,1596,2026-07-30 18:39:00,Data Import,5
6535,1978,2025-12-16 20:40:00,Settings Update,10
6536,951,2023-07-20 01:06:00,User Login,5
6537,599,2026-07-24 02:40:00,Report Export,1
6538,555,2026-01-29 05:14:00,Settings Update,10
6539,1656,2026-08-27 19:43:00,Report Export,0
6540,1101,2026-05-15 09:46:00,User Login,2
6541,1689,2023-09-14 08:00:00,Settings Update,2
6542,1432,2024-08-14 23:58:00,User Login,1
6543,1154,2025-10-14 04:22:00,Settings Update,10
6544,1457,2024-12-28 06:28:00,User Login,1
6545,1756,2026-05-13 23:36:00,Settings Update,15
6546,409,2025-05-31 22:28:00,Report Export,2
6547,279,2026-09-29 01:27:00,User Login,5
6548,1987,2026-06-14 18:41:00,Dashboard View,2
6549,1183,2025-11-26 06:01:00,Report Export,5
6550,1365,2026-05-22 15:49:00,Data Import,2
6551,1615,2023-11-14 16:49:00,Team Invite,5
6552,9,2026-02-24 17:52:00,Report Export,5
6553,1058,2025-10-25 14:59:00,Dashboard View,2
6554,1186,2025-06-11 15:09:00,Settings Update,2
6555,914,2026-09-20 02:58:00,Settings Update,15
6556,879,2024-07-27 14:44:00,Settings Update,5
6557,1924,2023-08-06 01:17:00,User Login,1
6558,342,2026-07-16 23:33:00,Settings Update,5
6559,346,2024-05-02 18:28:00,Settings Update,15
6560,1632,2026-04-29 00:49:00,Settings Update,15
6561,902,2026-07-16 01:55:00,Dashboard View,2
6562,345,2026-03-06 21:11:00,Data Import,2
6563,179,2024-03-05 04:39:00,Settings Update,1
6564,293,2024-09-05 00:57:00,Report Export,30
6565,967,2025-01-25 01:02:00,Settings Update,1
6566,1496,2025-12-27 21:46:00,Data Import,1
6567,50,2026-03-13 16:13:00,Dashboard View,5
6568,1053,2025-11-30 17:03:00,Report Export,10
6569,386,2025-03-31 14:06:00,Data Import,10
6570,1603,2026-05-03 20:13:00,Dashboard View,15
6571,1530,2025-02-24 11:01:00,Settings Update,1
6572,1012,2026-02-18 21:56:00,Settings Update,5
6573,1454,2025-07-29 16:23:00,Settings Update,0
6574,1966,2025-09-14 08:32:00,Settings Update,5
6575,1618,2024-12-02 13:41:00,User Login,2
6576,1803,2026-01-15 05:12:00,Report Export,10
6577,817,2024-08-28 05:52:00,Data Import,0
6578,835,2024-12-10 14:05:00,Team Invite,30
6579,1512,2026-01-02 15:18:00,Report Export,2
6580,1670,2026-09-22 17:57:00,Data Import,15
6581,1982,2025-05-07 13:50:00,Dashboard View,15
6582,553,2025-07-11 00:05:00,Dashboard View,2
6583,78,2026-02-01 05:51:00,Team Invite,2
6584,1741,2025-12-27 17:06:00,Dashboard View,5
6585,109,2025-08-27 12:11:00,Team Invite,1
6586,1197,2025-12-21 19:41:00,Team Invite,1
6587,1503,2024-08-02 02:24:00,Settings Update,2
6588,370,2026-06-11 00:10:00,Dashboard View,2
6589,143,2026-09-28 09:04:00,Dashboard View,15
6590,268,2026-04-03 08:13:00,Report Export,5
6591,1530,2025-02-03 00:42:00,Data Import,10
6592,1759,2026-05-27 22:24:00,Data Import,1
6593,1174,2026-06-22 12:47:00,Dashboard View,10
6594,1007,2026-01-01 08:50:00,User Login,15
6595,282,2026-08-11 21:13:00,Dashboard View,5
6596,1138,2026-01-01 15:02:00,User Login,15
6597,633,2026-08-03 12:09:00,Dashboard View,1
6598,577,2025-02-17 23:22:00,User Login,0
6599,1280,2023-10-20 21:27:00,Team Invite,5
6600,577,2024-05-07 20:04:00,Data Import,1
6601,188,2024-05-16 08:01:00,User Login,5
6602,1584,2025-03-10 07:27:00,Team Invite,2
6603,640,2025-08-16 18:00:00,User Login,0
6604,1061,2025-07-04 18:18:00,Report Export,5
6605,1742,2025-05-04 23:16:00,Report Export,2
6606,117,2025-12-04 21:57:00,Data Import,5
6607,1166,2024-10-18 04:53:00,Report Export,2
6608,912,2024-04-13 13:46:00,Data Import,0
6609,58,2026-06-01 16:57:00,Team Invite,5
6610,1685,2024-11-12 08:07:00,Data Import,1
6611,576,2026-02-26 22:45:00,Team Invite,2
6612,631,2026-02-07 12:13:00,Settings Update,5
6613,1667,2025-11-26 01:53:00,Dashboard View,1
6614,1885,2024-06-26 12:13:00,Report Export,2
6615,1943,2025-10-17 11:40:00,Settings Update,5
6616,978,2025-10-30 19:29:00,Data Import,15
6617,944,2026-07-17 13:17:00,User Login,5
6618,1016,2026-03-21 12:59:00,User Login,10
6619,1975,2026-07-05 22:05:00,Report Export,2
6620,1046,2023-08-24 12:58:00,Settings Update,10
6621,1607,2025-03-22 00:13:00,Report Export,2
6622,291,2024-10-03 03:27:00,Team Invite,2
6623,724,2025-01-15 22:08:00,Team Invite,2
6624,588,2024-03-20 03:19:00,User Login,0
6625,34,2025-09-03 18:32:00,Report Export,2
6626,1272,2025-01-23 01:21:00,Settings Update,1
6627,1266,2025-11-05 06:27:00,Data Import,0
6628,600,2026-06-22 18:03:00,Data Import,5
6629,176,2026-08-11 07:30:00,User Login,2
6630,1269,2025-09-09 18:48:00,Dashboard View,0
6631,940,2026-08-30 06:48:00,Data Import,0
6632,1112,2024-09-20 15:22:00,Dashboard View,30
6633,1210,2024-12-08 01:42:00,Report Export,30
6634,558,2026-08-30 11:07:00,Report Export,15
6635,564,2026-03-04 04:46:00,Team Invite,5
6636,611,2024-07-05 23:09:00,Team Invite,10
6637,1363,2026-06-09 18:20:00,Dashboard View,15
6638,1621,2025-11-10 04:50:00,Team Invite,10
6639,738,2025-06-12 18:22:00,Settings Update,5
6640,1871,2026-04-07 18:49:00,Report Export,15
6641,144,2026-08-26 03:27:00,User Login,2
6642,1863,2025-12-13 12:51:00,Dashboard View,1
6643,177,2025-08-23 20:30:00,Dashboard View,1
6644,1123,2023-09-29 21:15:00,Report Export,5
6645,412,2026-09-07 06:25:00,Dashboard View,15
6646,548,2026-07-26 03:30:00,Settings Update,1
6647,145,2026-06-01 13:21:00,Dashboard View,2
6648,1760,2026-03-23 03:55:00,Dashboard View,0
6649,1943,2024-09-03 13:35:00,User Login,30
6650,777,2026-02-12 03:31:00,Report Export,5
6651,355,2025-08-20 11:13:00,Settings Update,10
6652,1813,2026-07-30 11:02:00,Report Export,2
6653,1285,2026-04-06 19:25:00,User Login,1
6654,408,2026-03-09 04:07:00,Report Export,10
6655,1656,2026-09-27 02:46:00,Report Export,2
6656,523,2026-01-27 21:24:00,User Login,5
6657,263,2026-09-27 03:12:00,Team Invite,10
6658,1993,2026-03-16 02:21:00,Report Export,5
6659,1955,2025-03-05 00:48:00,User Login,0
6660,1720,2026-02-27 13:46:00,Dashboard View,5
6661,20,2025-09-05 22:35:00,Data Import,5
6662,577,2024-12-17 14:23:00,Report Export,5
6663,872,2024-03-27 00:30:00,Data Import,5
6664,1888,2024-09-24 21:12:00,Data Import,1
6665,1968,2026-08-30 07:27:00,Settings Update,2
6666,1784,2026-02-22 11:07:00,Settings Update,0
6667,7,2025-07-14 21:22:00,User Login,2
6668,291,2025-03-31 10:16:00,Settings Update,10
6669,1037,2025-02-21 17:47:00,User Login,0
6670,407,2026-09-06 10:49:00,Settings Update,5
6671,5,2026-05-02 00:30:00,Report Export,0
6672,1511,2026-06-06 01:30:00,Report Export,5
6673,1958,2026-09-22 10:24:00,Report Export,2
6674,828,2025-10-12 06:06:00,Report Export,10
6675,1517,2026-06-17 23:11:00,Team Invite,5
6676,506,2025-11-25 17:36:00,User Login,2
6677,1003,2026-03-07 03:42:00,Dashboard View,1
6678,589,2025-10-12 22:22:00,Settings Update,10
6679,1521,2024-10-15 19:14:00,Settings Update,2
6680,1841,2026-04-12 05:32:00,Team Invite,10
6681,1866,2026-09-29 17:56:00,Settings Update,1
6682,720,2026-01-06 11:47:00,Settings Update,10
6683,783,2025-11-22 09:03:00,Report Export,5
6684,952,2025-04-17 09:29:00,User Login,15
6685,788,2025-10-02 17:05:00,Report Export,1
6686,1024,2026-07-17 05:39:00,Settings Update,10
6687,550,2025-07-08 04:14:00,Data Import,10
6688,832,2026-03-27 16:19:00,Report Export,10
6689,508,2026-04-01 07:42:00,Settings Update,2
6690,803,2026-01-09 13:12:00,Settings Update,10
6691,472,2026-09-25 03:38:00,Report Export,5
6692,964,2026-09-22 23:32:00,Team Invite,5
6693,571,2025-03-29 08:51:00,Data Import,2
6694,1393,2026-08-17 00:55:00,Report Export,5
6695,1330,2026-03-05 16:57:00,User Login,2
6696,375,2026-02-15 19:52:00,Settings Update,15
6697,1897,2025-07-15 03:52:00,Team Invite,1
6698,1313,2025-05-09 09:20:00,Data Import,5
6699,1830,2025-12-11 14:31:00,Dashboard View,5
6700,1489,2025-12-28 19:05:00,Team Invite,1
6701,1535,2026-05-26 03:53:00,Team Invite,1
6702,610,2025-09-11 21:28:00,User Login,1
6703,198,2026-06-08 17:32:00,Data Import,15
6704,89,2026-06-25 03:51:00,Data Import,2
6705,1428,2023-04-28 17:11:00,Report Export,0
6706,1212,2025-02-21 03:30:00,Team Invite,1
6707,1049,2026-08-16 04:43:00,Team Invite,5
6708,1409,2026-01-22 23:10:00,User Login,30
6709,1309,2026-05-25 00:16:00,Data Import,2
6710,1916,2023-07-08 05:59:00,Settings Update,15
6711,1245,2026-08-17 11:07:00,Report Export,1
6712,1694,2026-08-05 15:57:00,Data Import,10
6713,1308,2025-03-22 14:59:00,Data Import,30
6714,1537,2025-12-18 12:21:00,Dashboard View,15
6715,446,2026-03-27 15:01:00,Data Import,5
6716,1453,2026-02-11 06:55:00,User Login,10
6717,1344,2026-09-03 05:23:00,Dashboard View,2
6718,1044,2026-06-06 03:46:00,Report Export,0
6719,1903,2024-08-11 11:32:00,Dashboard View,10
6720,1994,2026-09-04 19:40:00,Team Invite,2
6721,1269,2024-12-24 02:39:00,Team Invite,30
6722,1299,2024-05-17 22:16:00,Data Import,1
6723,65,2026-01-08 11:32:00,Settings Update,5
6724,478,2025-07-23 19:04:00,Settings Update,30
6725,1280,2026-04-01 16:20:00,Data Import,1
6726,348,2026-09-28 04:39:00,User Login,5
6727,69,2024-10-03 11:40:00,Settings Update,10
6728,581,2026-01-14 17:51:00,Data Import,15
6729,1725,2025-03-05 04:10:00,Dashboard View,2
6730,1493,2026-05-04 23:57:00,User Login,15
6731,1721,2026-09-17 18:07:00,Report Export,5
6732,1346,2026-02-20 14:15:00,Report Export,5
6733,1385,2025-07-19 14:01:00,Team Invite,2
6734,442,2025-08-27 06:03:00,Dashboard View,5
6735,903,2024-02-15 19:55:00,Team Invite,2
6736,730,2026-09-09 15:50:00,User Login,1
6737,1220,2025-03-31 20:53:00,Dashboard View,2
6738,848,2025-06-06 02:56:00,Data Import,5
6739,1302,2026-09-30 15:17:00,Settings Update,10
6740,421,2025-09-08 09:52:00,User Login,0
6741,1317,2023-12-10 06:26:00,User Login,1
6742,1759,2026-04-27 13:42:00,Team Invite,0
6743,791,2026-08-30 16:29:00,Dashboard View,5
6744,684,2026-09-20 16:16:00,Dashboard View,2
6745,1981,2026-07-15 02:34:00,Team Invite,5
6746,680,2026-03-14 10:11:00,Report Export,5
6747,1309,2026-05-06 12:46:00,Dashboard View,2
6748,947,2025-01-26 13:03:00,Dashboard View,1
6749,603,2025-10-13 00:48:00,Data Import,15
6750,1930,2026-09-20 17:11:00,Settings Update,5
6751,1722,2025-03-10 11:05:00,User Login,0
6752,1205,2024-11-11 21:47:00,Team Invite,5
6753,529,2025-12-14 00:54:00,Dashboard View,5
6754,102,2026-06-23 08:42:00,Data Import,0
6755,1977,2026-09-19 15:42:00,Dashboard View,5
6756,1394,2025-11-22 07:51:00,Data Import,30
6757,218,2023-12-08 10:54:00,Data Import,5
6758,374,2026-09-24 08:40:00,Dashboard View,10
6759,1941,2026-06-27 17:51:00,Team Invite,10
6760,111,2025-07-09 11:35:00,Dashboard View,1
6761,1894,2024-02-01 16:41:00,Report Export,5
6762,391,2024-09-17 02:49:00,User Login,5
6763,663,2025-10-31 21:53:00,Dashboard View,2
6764,261,2024-07-04 06:16:00,Data Import,10
6765,113,2026-05-31 18:27:00,Dashboard View,5
6766,1912,2026-06-27 02:57:00,Team Invite,15
6767,1000,2026-04-14 12:51:00,User Login,0
6768,1791,2026-08-10 01:24:00,Dashboard View,2
6769,1904,2025-03-31 22:56:00,Dashboard View,10
6770,594,2023-09-17 11:06:00,Dashboard View,5
6771,365,2026-06-21 23:17:00,Dashboard View,10
6772,1527,2023-08-26 21:18:00,Team Invite,2
6773,931,2023-07-03 08:12:00,Settings Update,30
6774,1819,2026-09-21 06:20:00,Report Export,1
6775,390,2025-02-21 09:27:00,Dashboard View,2
6776,1372,2026-04-05 05:09:00,Data Import,5
6777,165,2026-06-18 07:59:00,Data Import,0
6778,1800,2026-08-03 03:08:00,User Login,10
6779,1160,2024-02-04 12:23:00,Settings Update,5
6780,672,2026-08-20 05:30:00,Report Export,5
6781,1740,2026-01-30 16:34:00,Data Import,2
6782,1467,2026-07-31 13:58:00,Settings Update,2
6783,1548,2026-04-30 16:40:00,Data Import,2
6784,1968,2026-08-19 06:56:00,Dashboard View,5
6785,1007,2026-07-22 21:37:00,User Login,2
6786,213,2025-08-21 20:15:00,Settings Update,10
6787,1783,2025-08-12 20:49:00,Settings Update,2
6788,446,2024-01-20 14:41:00,Team Invite,5
6789,674,2025-10-09 16:16:00,Data Import,5
6790,1474,2025-01-07 23:51:00,Report Export,10
6791,479,2025-03-08 15:52:00,User Login,1
6792,1607,2025-05-25 20:24:00,Data Import,15
6793,65,2025-06-01 17:27:00,Dashboard View,10
6794,157,2026-05-16 07:28:00,User Login,10
6795,138,2026-04-17 16:04:00,Settings Update,10
6796,1106,2024-06-25 22:41:00,Report Export,5
6797,113,2025-03-09 03:02:00,Data Import,5
6798,1042,2025-11-02 08:44:00,Data Import,2
6799,1756,2026-07-09 21:08:00,Data Import,2
6800,275,2024-02-13 22:04:00,Settings Update,5
6801,680,2023-07-25 02:00:00,Settings Update,2
6802,1488,2026-06-06 12:22:00,Settings Update,5
6803,272,2024-09-26 13:21:00,Data Import,0
6804,1650,2026-04-07 05:43:00,Dashboard View,15
6805,15,2026-08-01 20:26:00,Data Import,10
6806,219,2025-09-03 07:29:00,User Login,1
6807,367,2026-07-16 11:20:00,User Login,10
6808,1976,2026-09-30 21:12:00,Dashboard View,10
6809,572,2025-12-01 11:18:00,Settings Update,5
6810,1480,2026-06-06 23:59:00,User Login,1
6811,950,2025-04-25 22:54:00,Dashboard View,5
6812,1245,2026-09-06 01:15:00,User Login,30
6813,925,2025-03-11 02:06:00,Dashboard View,10
6814,1676,2026-08-04 22:51:00,Report Export,10
6815,1351,2026-01-16 18:14:00,Report Export,2
6816,1114,2026-03-12 03:44:00,Data Import,5
6817,1282,2025-09-16 18:17:00,Dashboard View,5
6818,1014,2024-11-21 13:55:00,User Login,1
6819,1204,2026-01-07 19:52:00,Settings Update,5
6820,167,2024-07-01 16:32:00,Report Export,0
6821,1909,2026-06-13 01:28:00,User Login,15
6822,1564,2025-12-11 01:20:00,Team Invite,30
6823,1184,2025-02-23 10:34:00,Team Invite,5
6824,1401,2026-08-29 01:16:00,Report Export,2
6825,1418,2025-07-22 14:26:00,Settings Update,10
6826,833,2026-05-21 22:15:00,Report Export,10
6827,1819,2025-05-14 18:25:00,User Login,0
6828,1677,2026-07-23 15:50:00,Dashboard View,1
6829,1299,2025-12-27 06:48:00,User Login,10
6830,429,2026-09-26 00:23:00,User Login,1
6831,320,2025-06-21 12:54:00,Team Invite,30
6832,1844,2025-06-29 05:38:00,User Login,5
6833,791,2026-01-29 20:49:00,Team Invite,1
6834,469,2026-01-01 05:33:00,Settings Update,15
6835,1339,2026-08-26 08:10:00,User Login,5
6836,1513,2026-03-07 09:18:00,User Login,10
6837,1292,2026-07-08 20:45:00,Team Invite,2
6838,1037,2025-06-04 18:21:00,Settings Update,30
6839,1247,2024-10-22 04:04:00,Settings Update,0
6840,1696,2026-08-28 07:12:00,Team Invite,0
6841,570,2025-02-18 04:06:00,User Login,5
6842,431,2026-07-08 22:34:00,Data Import,2
6843,1782,2025-09-18 23:00:00,Data Import,2
6844,345,2026-01-22 00:54:00,Data Import,5
6845,1552,2025-03-14 03:25:00,Report Export,0
6846,1485,2025-04-07 09:53:00,Dashboard View,5
6847,109,2024-07-19 07:14:00,User Login,5
6848,527,2026-07-22 08:51:00,Report Export,1
6849,1534,2025-09-20 13:51:00,Team Invite,2
6850,768,2026-05-20 16:01:00,Team Invite,10
6851,1572,2026-07-24 13:37:00,Dashboard View,10
6852,1484,2026-08-09 21:37:00,Dashboard View,5
6853,107,2026-08-05 16:32:00,Dashboard View,2
6854,289,2026-07-02 04:03:00,User Login,2
6855,37,2026-09-25 17:44:00,User Login,15
6856,299,2024-05-05 12:53:00,Settings Update,2
6857,1879,2026-01-09 14:14:00,Data Import,5
6858,1823,2026-08-27 22:50:00,User Login,30
6859,183,2025-06-30 22:02:00,Dashboard View,5
6860,1616,2026-08-24 10:48:00,Data Import,5
6861,1458,2024-11-08 22:24:00,Data Import,0
6862,1837,2025-12-28 18:10:00,Dashboard View,1
6863,134,2026-08-22 10:09:00,User Login,0
6864,252,2026-09-08 13:30:00,Dashboard View,5
6865,882,2026-01-28 07:54:00,Team Invite,10
6866,1639,2026-09-11 04:56:00,Dashboard View,30
6867,1581,2025-10-27 08:34:00,Team Invite,15
6868,1927,2026-07-21 14:05:00,Report Export,1
6869,1364,2025-06-11 17:05:00,Team Invite,5
6870,836,2025-04-05 08:35:00,Dashboard View,1
6871,1727,2026-01-30 09:43:00,Report Export,15
6872,1800,2025-06-11 11:41:00,User Login,5
6873,1369,2026-08-01 07:47:00,Team Invite,10
6874,1768,2025-11-07 00:21:00,Settings Update,10
6875,165,2026-08-17 15:44:00,User Login,1
6876,578,2024-05-22 08:59:00,User Login,2
6877,57,2023-12-02 01:27:00,Team Invite,15
6878,1440,2025-04-26 18:22:00,Team Invite,5
6879,140,2026-06-05 02:33:00,Settings Update,1
6880,305,2026-09-27 22:34:00,User Login,2
6881,877,2025-07-14 03:19:00,Data Import,0
6882,158,2026-06-29 02:35:00,User Login,5
6883,1792,2026-05-06 07:52:00,User Login,2
6884,1461,2024-12-10 12:41:00,Dashboard View,1
6885,135,2025-02-14 05:48:00,Team Invite,5
6886,1468,2026-07-19 03:58:00,Settings Update,30
6887,1386,2025-07-19 04:19:00,Dashboard View,2
6888,1463,2026-02-24 02:09:00,Dashboard View,10
6889,1619,2024-09-04 06:34:00,User Login,1
6890,93,2026-08-29 12:02:00,Report Export,5
6891,1673,2025-12-05 18:28:00,Settings Update,10
6892,1422,2025-08-17 14:14:00,User Login,10
6893,946,2026-05-11 13:47:00,Team Invite,5
6894,1292,2025-07-06 20:06:00,Dashboard View,5
6895,1756,2026-07-29 11:08:00,Dashboard View,5
6896,1984,2026-01-19 19:17:00,Team Invite,0
6897,1015,2026-07-27 08:37:00,Data Import,5
6898,396,2024-12-30 00:59:00,Settings Update,5
6899,1814,2024-11-17 23:20:00,Data Import,1
6900,1879,2024-08-02 11:20:00,Data Import,30
6901,1274,2026-09-03 08:51:00,Report Export,1
6902,699,2025-10-22 08:05:00,Report Export,10
6903,1509,2025-08-27 04:22:00,Data Import,5
6904,884,2024-06-25 07:13:00,Team Invite,1
6905,1337,2024-12-03 00:22:00,User Login,0
6906,1836,2025-10-09 03:04:00,Dashboard View,5
6907,1433,2026-05-17 15:08:00,Report Export,5
6908,1779,2026-08-29 15:45:00,Team Invite,5
6909,1048,2025-06-12 23:07:00,Report Export,10
6910,759,2026-09-08 20:11:00,Team Invite,15
6911,157,2025-10-29 02:06:00,Settings Update,5
6912,1935,2026-03-29 17:13:00,Team Invite,10
6913,1040,2026-04-15 18:36:00,Report Export,15
6914,424,2024-08-20 19:41:00,Dashboard View,1
6915,1650,2026-07-26 19:05:00,Team Invite,5
6916,1152,2026-07-16 00:10:00,Dashboard View,15
6917,1685,2025-11-03 04:35:00,Settings Update,2
6918,1884,2024-08-07 17:07:00,Data Import,1
6919,1566,2025-12-13 20:51:00,Settings Update,2
6920,1111,2026-07-07 11:32:00,Team Invite,5
6921,743,2026-09-06 16:49:00,User Login,5
6922,1949,2026-08-19 13:32:00,Dashboard View,5
6923,1140,2026-04-29 18:03:00,Report Export,2
6924,858,2025-01-04 08:10:00,Report Export,5
6925,1915,2026-06-11 16:46:00,Team Invite,10
6926,557,2025-08-28 08:01:00,Team Invite,10
6927,1599,2026-04-01 05:43:00,User Login,0
6928,298,2024-01-19 15:58:00,Data Import,2
6929,297,2026-08-04 04:59:00,Team Invite,2
6930,1194,2026-07-19 01:05:00,Data Import,5
6931,1108,2026-09-20 06:52:00,User Login,1
6932,1379,2026-01-30 10:57:00,Settings Update,2
6933,1566,2026-03-21 12:26:00,Team Invite,5
6934,1941,2026-01-08 08:03:00,Report Export,10
6935,1104,2025-04-08 10:17:00,Data Import,1
6936,932,2026-07-06 06:41:00,Report Export,15
6937,390,2025-05-06 08:22:00,Team Invite,2
6938,1038,2026-08-17 02:04:00,User Login,2
6939,1705,2026-02-10 12:26:00,Dashboard View,30
6940,597,2026-07-13 21:27:00,User Login,2
6941,1367,2025-11-11 18:03:00,Settings Update,5
6942,1641,2026-06-17 11:30:00,Dashboard View,0
6943,89,2025-07-02 03:06:00,Data Import,15
6944,1923,2025-09-25 05:42:00,Report Export,10
6945,696,2026-07-14 00:24:00,Data Import,5
6946,1750,2025-10-29 05:11:00,Settings Update,10
6947,742,2025-02-22 19:42:00,Data Import,2
6948,891,2023-10-26 23:17:00,Settings Update,5
6949,590,2026-08-01 21:44:00,Team Invite,5
6950,1475,2025-11-06 17:06:00,User Login,2
6951,901,2026-08-02 10:28:00,User Login,5
6952,267,2025-06-30 20:13:00,User Login,5
6953,1392,2025-03-03 20:02:00,Settings Update,5
6954,976,2024-07-27 20:50:00,Dashboard View,1
6955,728,2023-07-23 14:29:00,Data Import,2
6956,1658,2026-05-19 06:12:00,Data Import,15
6957,1161,2026-04-17 01:20:00,Data Import,2
6958,61,2024-11-08 22:43:00,Report Export,1
6959,1671,2026-08-12 09:55:00,Report Export,10
6960,1571,2025-07-24 23:08:00,Team Invite,5
6961,592,2026-04-18 13:44:00,Report Export,0
6962,1038,2025-09-30 07:47:00,Data Import,0
6963,298,2026-01-07 03:52:00,Team Invite,0
6964,680,2026-01-21 10:55:00,Report Export,2
6965,1850,2025-06-16 06:58:00,Dashboard View,0
6966,1440,2026-08-05 22:40:00,Data Import,5
6967,1054,2026-09-27 17:18:00,User Login,1
6968,66,2025-07-11 09:08:00,Dashboard View,10
6969,180,2026-03-22 16:26:00,User Login,15
6970,355,2026-08-11 05:25:00,Report Export,10
6971,95,2024-04-17 16:34:00,Dashboard View,2
6972,898,2026-05-19 23:16:00,Dashboard View,5
6973,153,2026-05-04 22:55:00,Report Export,5
6974,1325,2026-05-29 23:56:00,Dashboard View,10
6975,1537,2025-08-18 18:17:00,Settings Update,1
6976,1103,2025-09-02 14:26:00,Team Invite,1
6977,430,2026-09-17 08:27:00,Report Export,2
6978,1503,2024-02-27 17:51:00,Team Invite,10
6979,824,2026-03-12 06:20:00,Data Import,5
6980,473,2026-06-12 09:21:00,User Login,1
6981,1709,2026-06-04 05:28:00,Data Import,15
6982,1524,2025-09-08 19:59:00,Report Export,1
6983,1410,2026-08-06 19:34:00,Dashboard View,2
6984,263,2026-03-28 06:27:00,User Login,5
6985,1401,2026-06-09 23:06:00,Data Import,2
6986,1920,2026-03-11 05:53:00,Report Export,2
6987,1207,2026-07-04 14:42:00,Team Invite,15
6988,556,2026-09-23 03:16:00,Team Invite,2
6989,1968,2026-08-11 17:57:00,User Login,0
6990,809,2025-10-11 06:09:00,Report Export,2
6991,1541,2024-01-04 12:15:00,Report Export,15
6992,938,2026-07-06 10:48:00,Data Import,15
6993,1474,2026-04-02 09:02:00,Dashboard View,2
6994,139,2026-09-26 00:50:00,Team Invite,5
6995,996,2026-07-10 22:33:00,Settings Update,2
6996,835,2026-02-25 00:04:00,Team Invite,5
6997,1468,2026-07-23 21:24:00,Team Invite,2
6998,420,2024-08-23 15:59:00,Settings Update,5
6999,399,2026-08-04 20:45:00,Dashboard View,15
7000,1442,2025-11-27 18:33:00,Settings Update,0
7001,1742,2026-04-24 15:47:00,Team Invite,15
7002,1940,2026-08-12 20:11:00,Dashboard View,5
7003,1854,2026-08-15 16:15:00,Team Invite,1
7004,145,2024-08-13 03:57:00,Report Export,2
7005,267,2025-01-26 00:32:00,Team Invite,1
7006,1249,2025-11-02 21:09:00,Team Invite,30
7007,776,2025-02-11 12:30:00,Data Import,15
7008,1897,2024-12-28 13:44:00,Report Export,10
7009,1720,2025-12-31 04:59:00,Team Invite,15
7010,674,2023-05-09 11:19:00,Team Invite,2
7011,1509,2026-07-20 16:53:00,Team Invite,2
7012,1788,2026-09-16 00:48:00,Data Import,5
7013,537,2025-09-08 09:11:00,Dashboard View,0
7014,1092,2026-05-22 23:09:00,Report Export,2
7015,453,2026-09-28 14:55:00,Dashboard View,30
7016,1771,2026-02-21 22:18:00,Report Export,5
7017,1351,2026-04-26 01:50:00,Dashboard View,1
7018,1476,2025-07-27 05:42:00,Data Import,5
7019,1097,2026-09-04 09:52:00,Dashboard View,10
7020,1627,2026-03-24 12:38:00,User Login,2
7021,457,2026-01-22 21:56:00,Data Import,1
7022,954,2026-03-27 03:11:00,Report Export,0
7023,281,2025-11-28 10:50:00,Settings Update,5
7024,1298,2026-09-21 01:21:00,User Login,0
7025,1873,2025-03-27 04:17:00,User Login,5
7026,473,2026-01-11 20:58:00,Team Invite,0
7027,1601,2026-08-30 06:29:00,Settings Update,15
7028,35,2025-09-14 12:34:00,Data Import,0
7029,1408,2026-07-25 08:09:00,Settings Update,10
7030,1148,2026-03-20 10:23:00,Dashboard View,2
7031,1202,2025-12-12 05:49:00,Dashboard View,0
7032,1450,2026-07-27 16:08:00,Team Invite,1
7033,1810,2026-07-16 08:43:00,Team Invite,5
7034,451,2023-12-31 20:24:00,Dashboard View,0
7035,760,2025-10-03 21:51:00,User Login,0
7036,249,2026-04-24 06:26:00,Data Import,0
7037,1543,2025-05-15 08:06:00,Data Import,10
7038,1984,2025-06-14 16:08:00,Report Export,1
7039,231,2026-07-08 21:45:00,Report Export,10
7040,1182,2025-06-09 01:04:00,Dashboard View,1
7041,367,2025-08-30 23:10:00,Team Invite,30
7042,1662,2025-03-28 06:36:00,Settings Update,5
7043,279,2026-08-18 17:20:00,Settings Update,15
7044,580,2025-10-11 15:14:00,Data Import,0
7045,282,2025-07-06 22:17:00,Settings Update,0
7046,1737,2024-07-08 01:44:00,Dashboard View,5
7047,1735,2026-08-19 10:14:00,Team Invite,1
7048,189,2025-02-05 10:39:00,User Login,5
7049,609,2026-08-03 05:52:00,Team Invite,5
7050,1636,2024-11-13 20:55:00,Report Export,5
7051,1722,2024-07-17 22:41:00,Settings Update,5
7052,1409,2026-09-06 03:39:00,Settings Update,5
7053,1242,2026-01-29 02:31:00,User Login,1
7054,1362,2023-08-16 19:52:00,Team Invite,10
7055,1718,2024-05-17 03:22:00,Data Import,10
7056,429,2025-07-06 13:44:00,User Login,30
7057,161,2026-08-26 09:07:00,Dashboard View,15
7058,1971,2025-08-26 21:57:00,Settings Update,5
7059,1670,2026-01-01 13:16:00,Team Invite,2
7060,1951,2026-04-29 20:40:00,Dashboard View,5
7061,1262,2025-07-22 06:40:00,Report Export,10
7062,391,2025-08-13 11:09:00,Team Invite,5
7063,1154,2025-11-28 19:29:00,Report Export,2
7064,1307,2023-10-24 01:47:00,Team Invite,2
7065,719,2025-05-17 22:46:00,User Login,5
7066,194,2026-04-13 14:53:00,Dashboard View,15
7067,292,2026-07-30 19:19:00,Data Import,10
7068,199,2026-04-20 00:22:00,Settings Update,5
7069,658,2025-09-27 07:41:00,Team Invite,1
7070,1582,2025-11-05 18:29:00,Dashboard View,5
7071,405,2026-01-12 12:35:00,User Login,15
7072,1044,2026-08-18 17:53:00,User Login,10
7073,1177,2025-03-07 01:45:00,Team Invite,30
7074,280,2026-07-14 22:09:00,Settings Update,10
7075,592,2025-06-27 08:00:00,Report Export,2
7076,190,2026-03-16 12:50:00,Settings Update,5
7077,655,2023-07-06 03:20:00,User Login,10
7078,267,2024-09-30 10:51:00,Settings Update,2
7079,236,2025-11-06 00:26:00,Dashboard View,2
7080,1698,2026-06-15 23:39:00,Settings Update,1
7081,899,2026-08-31 02:18:00,User Login,30
7082,700,2026-04-21 09:39:00,User Login,5
7083,1728,2026-01-24 04:37:00,Dashboard View,1
7084,1154,2025-08-08 10:52:00,Report Export,1
7085,1955,2025-06-16 07:12:00,Settings Update,2
7086,427,2024-06-26 19:40:00,Report Export,2
7087,930,2025-12-27 16:41:00,Report Export,1
7088,104,2024-07-15 01:32:00,Data Import,5
7089,89,2026-03-24 11:25:00,Data Import,2
7090,1073,2025-01-01 06:16:00,Data Import,0
7091,1101,2026-07-16 13:22:00,Team Invite,5
7092,747,2024-03-15 18:52:00,User Login,10
7093,1432,2024-12-15 19:49:00,Data Import,15
7094,515,2026-06-03 22:42:00,Team Invite,5
7095,1776,2026-09-26 22:36:00,Team Invite,15
7096,287,2023-02-21 18:23:00,Data Import,2
7097,554,2026-08-02 02:11:00,Settings Update,1
7098,1710,2023-10-27 14:56:00,Team Invite,5
7099,584,2026-08-21 09:57:00,Data Import,15
7100,377,2026-05-13 16:15:00,Report Export,5
7101,1175,2024-12-15 21:32:00,User Login,30
7102,607,2025-11-12 14:58:00,Settings Update,10
7103,841,2024-12-26 00:54:00,Data Import,5
7104,657,2026-03-21 00:36:00,Data Import,30
7105,1089,2026-07-26 21:24:00,Team Invite,2
7106,1806,2026-01-17 06:34:00,Settings Update,10
7107,1037,2025-10-29 02:00:00,Team Invite,30
7108,1475,2026-07-19 05:22:00,Dashboard View,1
7109,247,2026-02-04 18:46:00,Data Import,2
7110,502,2024-04-24 02:27:00,User Login,2
7111,1839,2026-06-30 12:14:00,Team Invite,2
7112,456,2025-01-23 01:59:00,Team Invite,2
7113,1391,2024-07-08 06:20:00,Settings Update,15
7114,84,2024-07-26 11:25:00,Data Import,0
7115,1365,2026-08-30 11:53:00,Data Import,10
7116,1162,2025-10-09 02:16:00,User Login,30
7117,1862,2025-12-28 06:21:00,Settings Update,30
7118,299,2026-04-28 06:46:00,Team Invite,10
7119,785,2023-11-08 11:48:00,User Login,15
7120,537,2026-04-22 03:42:00,User Login,1
7121,1678,2026-09-18 13:58:00,Data Import,2
7122,806,2025-12-08 14:25:00,Data Import,0
7123,436,2025-02-03 12:22:00,Data Import,5
7124,235,2026-06-22 03:05:00,Dashboard View,2
7125,1687,2025-08-07 14:36:00,User Login,5
7126,1262,2026-07-03 05:17:00,Settings Update,5
7127,1903,2024-04-01 07:19:00,Data Import,1
7128,1231,2024-10-19 16:58:00,Data Import,0
7129,852,2026-03-04 22:33:00,Report Export,30
7130,1226,2025-11-07 14:28:00,Team Invite,2
7131,1024,2026-09-10 06:14:00,Team Invite,1
7132,1515,2023-05-23 03:03:00,User Login,15
7133,1932,2026-08-17 15:24:00,Team Invite,0
7134,440,2025-04-16 23:21:00,Dashboard View,1
7135,1907,2026-07-11 22:49:00,Dashboard View,2
7136,1515,2025-02-09 09:39:00,Team Invite,15
7137,1286,2026-09-24 20:03:00,Team Invite,5
7138,224,2026-03-03 09:24:00,Data Import,5
7139,1748,2026-05-08 12:00:00,Settings Update,5
7140,760,2026-02-17 12:19:00,User Login,10
7141,53,2025-11-25 12:56:00,Report Export,5
7142,1806,2025-08-15 04:34:00,User Login,2
7143,295,2026-08-08 03:58:00,Settings Update,30
7144,291,2024-07-19 14:14:00,User Login,2
7145,1942,2025-05-14 13:26:00,User Login,1
7146,1244,2023-09-02 12:58:00,Team Invite,10
7147,91,2026-02-21 05:31:00,Team Invite,5
7148,335,2024-12-20 13:23:00,Team Invite,2
7149,154,2026-09-30 08:29:00,Team Invite,2
7150,723,2026-06-13 20:07:00,User Login,2
7151,1839,2026-05-07 05:25:00,Dashboard View,15
7152,1351,2026-08-20 04:52:00,Report Export,2
7153,1874,2026-08-11 22:16:00,Data Import,10
7154,357,2026-02-12 22:16:00,Settings Update,30
7155,933,2026-01-09 08:34:00,Team Invite,15
7156,866,2024-11-02 09:51:00,Settings Update,5
7157,53,2026-06-05 19:57:00,Data Import,15
7158,980,2026-01-23 02:35:00,Report Export,1
7159,1307,2023-03-14 15:00:00,Report Export,5
7160,1534,2025-10-29 11:25:00,User Login,30
7161,20,2025-08-30 06:52:00,Report Export,5
7162,1710,2023-07-01 17:49:00,Data Import,0
7163,1097,2025-09-08 17:43:00,User Login,0
7164,1165,2025-07-26 22:11:00,Data Import,30
7165,1122,2025-06-28 13:47:00,Settings Update,0
7166,88,2024-04-06 00:34:00,Settings Update,2
7167,735,2026-02-23 12:13:00,Settings Update,5
7168,1565,2025-07-01 08:03:00,Data Import,10
7169,201,2025-05-11 02:25:00,User Login,5
7170,1383,2025-12-29 06:51:00,Dashboard View,2
7171,672,2025-08-24 16:22:00,Report Export,5
7172,859,2023-09-12 20:51:00,Dashboard View,2
7173,1055,2024-11-16 16:35:00,Dashboard View,2
7174,1337,2026-05-29 08:55:00,Team Invite,5
7175,1453,2026-07-26 11:33:00,Team Invite,30
7176,1602,2026-02-10 05:19:00,Settings Update,1
7177,942,2024-10-08 06:34:00,Settings Update,5
7178,292,2026-07-27 18:44:00,Report Export,2
7179,577,2024-12-28 21:17:00,Data Import,10
7180,1109,2025-02-22 10:55:00,Team Invite,2
7181,1664,2024-12-21 20:03:00,Dashboard View,5
7182,1230,2024-11-25 04:25:00,Dashboard View,10
7183,1434,2025-11-23 21:28:00,Team Invite,5
7184,1700,2025-11-22 11:46:00,Team Invite,2
7185,468,2026-08-23 06:03:00,Data Import,1
7186,1059,2025-07-22 13:12:00,User Login,5
7187,892,2024-10-01 02:29:00,Report Export,1
7188,1897,2024-08-24 17:53:00,Data Import,2
7189,1289,2025-11-27 12:36:00,Team Invite,2
7190,82,2023-11-06 03:21:00,Team Invite,0
7191,1445,2024-11-17 08:13:00,Dashboard View,30
7192,878,2024-03-02 19:11:00,Report Export,10
7193,830,2024-05-02 03:54:00,Report Export,2
7194,399,2026-06-27 11:28:00,Dashboard View,10
7195,355,2025-05-03 10:31:00,Data Import,5
7196,1680,2023-10-27 07:40:00,Settings Update,2
7197,779,2026-02-12 05:33:00,Settings Update,5
7198,273,2026-05-28 21:42:00,Settings Update,2
7199,291,2025-01-04 11:25:00,Data Import,10
7200,671,2026-01-20 03:43:00,Dashboard View,5
7201,1310,2026-05-04 22:03:00,User Login,0
7202,1569,2026-08-17 12:02:00,Settings Update,5
7203,953,2026-04-13 08:14:00,Team Invite,15
7204,1657,2026-08-14 07:17:00,Data Import,30
7205,1910,2026-06-08 02:26:00,Team Invite,5
7206,1926,2025-11-19 20:41:00,User Login,1
7207,798,2024-01-19 13:43:00,Dashboard View,0
7208,1427,2025-11-02 02:54:00,Report Export,5
7209,437,2025-12-10 05:12:00,Dashboard View,1
7210,818,2026-02-16 05:27:00,Settings Update,2
7211,469,2025-05-15 17:05:00,User Login,5
7212,87,2024-02-23 10:01:00,Report Export,10
7213,557,2024-07-29 01:25:00,Report Export,5
7214,1250,2025-05-24 23:33:00,Team Invite,0
7215,280,2025-01-20 17:21:00,Dashboard View,5
7216,1351,2026-03-14 16:46:00,Settings Update,10
7217,1198,2025-09-10 02:52:00,Dashboard View,15
7218,1618,2024-08-16 20:24:00,User Login,5
7219,1082,2026-05-15 07:12:00,Team Invite,5
7220,542,2026-07-13 12:59:00,User Login,2
7221,1507,2026-01-06 16:08:00,Settings Update,1
7222,54,2026-06-19 15:13:00,User Login,0
7223,1845,2025-07-02 14:50:00,User Login,2
7224,886,2026-01-24 07:32:00,Team Invite,2
7225,1075,2026-04-14 05:23:00,Team Invite,5
7226,579,2026-07-06 23:48:00,Data Import,10
7227,520,2026-02-22 17:15:00,Data Import,5
7228,1105,2026-06-02 20:16:00,Report Export,0
7229,1191,2025-06-05 07:54:00,Settings Update,0
7230,1590,2024-08-09 21:50:00,User Login,10
7231,1210,2026-09-18 23:16:00,Team Invite,5
7232,1047,2026-06-16 00:56:00,Dashboard View,5
7233,1700,2026-04-04 01:58:00,Settings Update,0
7234,1466,2025-09-02 11:50:00,Team Invite,15
7235,1175,2024-05-12 21:45:00,Team Invite,5
7236,1784,2025-09-06 12:28:00,User Login,10
7237,1960,2023-07-24 22:16:00,Report Export,5
7238,1209,2026-08-13 07:38:00,User Login,10
7239,688,2026-05-29 23:52:00,Settings Update,15
7240,1198,2026-02-01 20:12:00,Team Invite,10
7241,1603,2026-02-17 20:00:00,Team Invite,2
7242,1905,2026-04-21 07:16:00,User Login,10
7243,1292,2024-11-26 22:24:00,User Login,5
7244,528,2026-09-13 20:42:00,Settings Update,0
7245,1291,2026-01-07 22:19:00,Data Import,2
7246,269,2026-09-10 05:23:00,Settings Update,1
7247,537,2025-12-21 03:18:00,Settings Update,0
7248,918,2024-08-30 10:36:00,Report Export,0
7249,1038,2026-05-10 06:06:00,Team Invite,0
7250,1068,2026-07-11 12:49:00,Settings Update,2
7251,1232,2024-12-27 12:04:00,Settings Update,15
7252,1732,2023-07-16 12:20:00,Team Invite,5
7253,533,2024-11-24 21:31:00,Settings Update,5
7254,1563,2025-10-08 21:45:00,Dashboard View,0
7255,822,2026-09-02 06:56:00,Report Export,2
7256,366,2026-07-13 13:13:00,Dashboard View,1
7257,1573,2025-05-18 23:43:00,Team Invite,15
7258,1112,2026-08-25 13:21:00,Report Export,2
7259,1130,2026-01-19 13:25:00,User Login,15
7260,874,2025-05-13 07:58:00,Report Export,15
7261,228,2026-09-08 21:45:00,Report Export,2
7262,1151,2026-07-27 02:22:00,Data Import,5
7263,1184,2025-12-14 09:57:00,Data Import,5
7264,208,2026-02-15 21:22:00,Dashboard View,5
7265,842,2026-02-22 06:44:00,Report Export,5
7266,859,2023-12-30 17:37:00,Team Invite,0
7267,295,2026-03-18 15:07:00,Dashboard View,2
7268,858,2024-04-23 05:12:00,Report Export,5
7269,1044,2026-04-25 08:28:00,Team Invite,30
7270,312,2025-12-03 05:08:00,Data Import,1
7271,1864,2026-09-21 15:59:00,Data Import,30
7272,1523,2025-04-17 03:27:00,Report Export,2
7273,800,2026-07-11 19:53:00,Team Invite,10
7274,914,2025-03-01 16:23:00,Dashboard View,1
7275,1372,2026-06-30 14:29:00,Dashboard View,2
7276,239,2026-08-12 10:39:00,Report Export,5
7277,1217,2026-02-28 04:41:00,Team Invite,15
7278,1048,2026-01-17 03:05:00,Settings Update,10
7279,135,2025-11-29 05:35:00,Report Export,5
7280,575,2026-03-23 22:43:00,Data Import,0
7281,268,2026-06-21 20:45:00,Dashboard View,5
7282,1817,2025-02-01 10:42:00,Settings Update,15
7283,1111,2026-09-09 18:29:00,Data Import,5
7284,435,2026-04-21 20:19:00,Dashboard View,15
7285,1904,2026-06-14 16:50:00,Data Import,10
7286,1124,2025-02-04 05:54:00,Dashboard View,2
7287,1560,2025-01-27 20:16:00,Settings Update,1
7288,1015,2026-07-28 14:42:00,Data Import,2
7289,647,2026-02-05 16:26:00,User Login,5
7290,157,2026-02-05 10:41:00,Report Export,10
7291,1692,2024-07-06 21:19:00,Dashboard View,30
7292,1630,2024-09-23 23:56:00,Report Export,5
7293,386,2025-08-25 12:42:00,Data Import,10
7294,1066,2024-10-20 19:40:00,Data Import,2
7295,1152,2026-09-30 01:49:00,Report Export,0
7296,608,2024-05-15 14:14:00,Data Import,5
7297,224,2026-04-03 04:05:00,Data Import,5
7298,1369,2026-08-23 13:52:00,Data Import,10
7299,1458,2026-03-14 05:36:00,User Login,0
7300,344,2025-01-08 10:09:00,Team Invite,15
7301,917,2025-05-28 01:07:00,Settings Update,0
7302,324,2026-04-23 13:48:00,Data Import,1
7303,135,2026-02-01 21:50:00,Report Export,15
7304,723,2026-05-11 04:16:00,Data Import,1
7305,850,2024-07-09 19:09:00,Team Invite,30
7306,78,2026-07-17 13:59:00,Data Import,2
7307,1879,2026-02-26 20:59:00,Team Invite,2
7308,1015,2026-05-03 06:28:00,Dashboard View,2
7309,138,2026-04-22 18:57:00,Data Import,30
7310,1801,2025-12-13 15:49:00,Data Import,1
7311,1040,2026-05-09 23:08:00,Data Import,10
7312,928,2025-09-16 08:44:00,Report Export,5
7313,1998,2025-11-23 15:41:00,Dashboard View,10
7314,1411,2026-06-12 11:54:00,Team Invite,5
7315,1266,2024-07-28 22:04:00,Team Invite,10
7316,1725,2026-09-05 17:05:00,Settings Update,5
7317,1642,2024-11-25 16:48:00,Dashboard View,2
7318,1208,2025-03-25 16:40:00,User Login,1
7319,1233,2024-07-27 14:33:00,Data Import,0
7320,1327,2025-09-03 02:36:00,Data Import,5
7321,706,2026-09-23 12:53:00,Report Export,10
7322,20,2024-01-12 00:16:00,User Login,10
7323,144,2026-06-12 01:27:00,Team Invite,2
7324,888,2026-03-11 10:51:00,Settings Update,0
7325,113,2025-05-31 14:58:00,Dashboard View,15
7326,1912,2026-02-17 02:59:00,Data Import,2
7327,421,2025-12-12 02:03:00,Report Export,10
7328,942,2026-05-11 09:11:00,Report Export,5
7329,1976,2026-08-05 06:28:00,Team Invite,2
7330,1846,2026-01-26 03:46:00,Data Import,5
7331,191,2024-07-31 12:43:00,Dashboard View,10
7332,1809,2026-07-26 22:44:00,Report Export,30
7333,264,2026-01-04 12:37:00,Report Export,15
7334,795,2023-10-29 01:06:00,Report Export,2
7335,1779,2026-06-09 08:45:00,Settings Update,10
7336,896,2025-02-28 00:09:00,Team Invite,5
7337,807,2024-05-11 16:07:00,Dashboard View,5
7338,414,2023-12-05 18:25:00,Team Invite,5
7339,676,2026-04-21 11:37:00,Dashboard View,1
7340,716,2026-08-06 05:43:00,User Login,1
7341,1861,2024-11-09 14:33:00,Settings Update,15
7342,1085,2025-12-17 09:21:00,Team Invite,5
7343,256,2026-08-26 15:34:00,Dashboard View,10
7344,437,2026-08-22 03:50:00,User Login,1
7345,1561,2024-04-26 17:33:00,Report Export,5
7346,461,2025-08-20 22:44:00,User Login,2
7347,190,2024-12-10 16:30:00,Dashboard View,2
7348,654,2026-02-18 09:01:00,Data Import,5
7349,996,2026-02-23 11:12:00,Report Export,2
7350,231,2026-07-05 13:53:00,Settings Update,0
7351,977,2024-10-23 05:46:00,Team Invite,2
7352,1258,2024-03-31 08:43:00,Dashboard View,0
7353,963,2025-06-24 15:52:00,Settings Update,5
7354,1158,2025-11-27 15:48:00,Data Import,10
7355,1410,2026-05-29 00:00:00,Data Import,10
7356,1950,2026-05-17 09:21:00,User Login,5
7357,287,2025-10-29 11:14:00,User Login,1
7358,426,2023-12-29 12:54:00,Team Invite,5
7359,708,2025-02-21 14:09:00,Data Import,2
7360,1167,2025-11-04 23:07:00,Report Export,15
7361,774,2026-07-19 10:59:00,Dashboard View,2
7362,1818,2025-09-17 13:38:00,Report Export,15
7363,96,2024-04-24 18:06:00,Report Export,30
7364,1472,2026-05-22 07:55:00,Data Import,10
7365,105,2025-07-05 19:31:00,Dashboard View,5
7366,1180,2026-04-15 07:32:00,Team Invite,5
7367,46,2026-04-21 21:16:00,Dashboard View,0
7368,1765,2025-10-12 08:35:00,Settings Update,2
7369,1024,2026-07-26 04:27:00,Report Export,15
7370,779,2026-09-14 04:16:00,User Login,0
7371,678,2026-04-08 18:40:00,Settings Update,5
7372,229,2026-07-17 00:18:00,Team Invite,2
7373,993,2024-12-24 00:20:00,Dashboard View,10
7374,1412,2024-12-09 03:21:00,Settings Update,2
7375,27,2025-06-11 01:15:00,Data Import,2
7376,1605,2025-05-28 14:00:00,User Login,0
7377,1346,2025-11-30 01:03:00,Settings Update,0
7378,1651,2025-10-27 19:40:00,Data Import,1
7379,306,2024-03-24 14:30:00,Team Invite,2
7380,1143,2026-08-28 17:33:00,Data Import,5
7381,905,2025-01-17 21:13:00,Dashboard View,10
7382,1474,2025-03-05 11:47:00,Data Import,2
7383,1532,2025-07-04 13:19:00,Report Export,10
7384,1413,2024-08-17 16:34:00,Report Export,2
7385,1618,2025-10-31 00:02:00,Settings Update,5
7386,1738,2024-05-30 17:35:00,User Login,5
7387,282,2026-08-10 23:22:00,User Login,15
7388,1204,2026-08-16 17:34:00,User Login,10
7389,1299,2024-06-10 01:43:00,User Login,2
7390,1894,2025-11-11 15:53:00,Settings Update,2
7391,1332,2025-04-23 12:20:00,Settings Update,2
7392,1523,2025-07-27 00:02:00,Team Invite,10
7393,419,2025-09-20 05:01:00,User Login,2
7394,365,2026-02-05 13:41:00,User Login,5
7395,1262,2025-06-05 07:26:00,Dashboard View,5
7396,626,2026-05-30 23:55:00,Dashboard View,1
7397,1031,2026-06-08 21:44:00,Report Export,5
7398,413,2026-06-23 21:00:00,Report Export,2
7399,1552,2024-06-05 17:03:00,Report Export,0
7400,220,2026-06-20 05:10:00,Team Invite,2
7401,1316,2026-07-17 16:05:00,Team Invite,10
7402,948,2026-06-30 18:41:00,Team Invite,1
7403,959,2026-02-14 06:27:00,Report Export,30
7404,1088,2025-11-07 04:14:00,Dashboard View,2
7405,451,2024-08-11 10:08:00,User Login,0
7406,141,2026-03-20 02:34:00,Team Invite,1
7407,380,2025-06-25 00:30:00,Report Export,5
7408,1922,2026-09-11 21:03:00,Dashboard View,5
7409,341,2026-04-03 04:16:00,Team Invite,1
7410,1587,2026-04-02 11:08:00,Dashboard View,0
7411,65,2026-03-28 20:17:00,Data Import,1
7412,1769,2025-11-14 23:22:00,Team Invite,0
7413,1207,2025-06-18 02:38:00,Team Invite,10
7414,240,2025-08-14 16:01:00,Settings Update,10
7415,1286,2026-06-15 02:44:00,Dashboard View,10
7416,1746,2026-09-05 10:01:00,Team Invite,10
7417,220,2025-03-03 05:46:00,Data Import,0
7418,156,2025-01-13 05:57:00,Settings Update,5
7419,1567,2025-05-15 01:33:00,Report Export,2
7420,1643,2024-03-27 06:36:00,Dashboard View,5
7421,505,2026-07-29 00:28:00,Settings Update,5
7422,583,2026-07-18 07:31:00,Dashboard View,5
7423,65,2025-10-08 11:07:00,Data Import,1
7424,782,2026-09-25 03:50:00,User Login,2
7425,839,2025-06-27 01:36:00,Data Import,5
7426,1626,2025-07-25 17:46:00,Report Export,2
7427,1221,2024-11-19 05:29:00,Data Import,15
7428,1968,2026-07-26 23:11:00,Data Import,15
7429,969,2026-06-25 19:47:00,Dashboard View,2
7430,1567,2025-01-31 21:12:00,Team Invite,5
7431,631,2026-03-13 10:00:00,Settings Update,15
7432,1831,2026-04-13 17:12:00,Data Import,10
7433,393,2026-09-16 20:24:00,Data Import,10
7434,1292,2026-06-14 21:23:00,Settings Update,15
7435,1037,2025-06-30 02:06:00,Settings Update,2
7436,923,2025-11-27 02:30:00,Dashboard View,2
7437,925,2025-10-31 15:27:00,User Login,15
7438,1866,2026-04-12 02:03:00,Team Invite,2
7439,1937,2025-06-22 09:11:00,Dashboard View,1
7440,969,2024-03-13 22:46:00,Data Import,1
7441,800,2025-12-02 04:54:00,Settings Update,0
7442,1276,2026-04-20 17:01:00,Dashboard View,10
7443,1907,2026-09-02 17:24:00,Dashboard View,15
7444,879,2023-05-21 01:52:00,Settings Update,2
7445,534,2026-06-24 10:20:00,Dashboard View,10
7446,610,2026-04-19 03:16:00,Data Import,15
7447,486,2026-05-30 08:17:00,User Login,10
7448,345,2026-06-16 12:11:00,User Login,10
7449,1223,2026-01-14 03:37:00,Team Invite,5
7450,1464,2026-09-09 07:34:00,Report Export,1
7451,1873,2026-09-07 19:41:00,Data Import,15
7452,654,2026-04-12 05:36:00,Team Invite,10
7453,1265,2026-06-17 14:29:00,User Login,30
7454,930,2024-10-27 06:23:00,Settings Update,5
7455,1975,2026-08-11 13:07:00,User Login,0
7456,166,2026-04-03 03:07:00,Report Export,10
7457,1868,2026-09-08 15:32:00,User Login,0
7458,1932,2026-09-10 21:38:00,User Login,5
7459,1075,2026-08-18 18:10:00,Settings Update,15
7460,120,2025-12-26 01:59:00,User Login,30
7461,289,2026-09-09 10:35:00,Data Import,0
7462,1621,2025-10-16 19:41:00,Dashboard View,15
7463,1934,2025-01-19 20:21:00,Dashboard View,5
7464,1578,2025-02-17 13:45:00,User Login,5
7465,8,2026-08-16 00:26:00,Settings Update,5
7466,1918,2025-04-09 11:47:00,Data Import,10
7467,1765,2025-10-24 16:49:00,Settings Update,5
7468,943,2025-11-09 17:16:00,Dashboard View,2
7469,23,2024-07-13 03:37:00,Dashboard View,1
7470,550,2024-08-08 13:43:00,Dashboard View,5
7471,280,2024-10-09 15:36:00,Team Invite,2
7472,470,2026-01-19 18:54:00,Dashboard View,2
7473,460,2024-05-02 01:07:00,Team Invite,5
7474,676,2026-03-17 16:27:00,Data Import,2
7475,530,2026-08-08 11:47:00,Data Import,0
7476,419,2025-08-11 07:49:00,User Login,30
7477,1545,2026-08-21 23:18:00,Team Invite,2
7478,1001,2024-04-23 11:58:00,User Login,2
7479,447,2026-04-13 03:20:00,Team Invite,10
7480,64,2024-02-16 15:16:00,Settings Update,5
7481,1825,2026-07-24 04:27:00,Settings Update,1
7482,114,2025-03-19 04:02:00,Report Export,10
7483,1616,2026-05-01 10:51:00,Report Export,2
7484,1754,2026-03-20 01:30:00,Team Invite,15
7485,1593,2025-08-30 21:30:00,Settings Update,2
7486,1661,2026-08-09 10:43:00,User Login,1
7487,1550,2026-08-01 13:56:00,Settings Update,10
7488,919,2024-12-18 11:01:00,Dashboard View,2
7489,1220,2025-10-05 07:27:00,Data Import,15
7490,1055,2026-01-29 22:41:00,Team Invite,5
7491,1208,2025-04-23 21:13:00,Dashboard View,5
7492,222,2025-07-25 00:56:00,Team Invite,5
7493,1652,2026-06-19 16:12:00,Dashboard View,30
7494,676,2026-09-04 02:58:00,Settings Update,0
7495,1411,2025-12-10 22:49:00,User Login,2
7496,227,2026-07-31 13:23:00,Settings Update,30
7497,176,2026-07-19 16:56:00,Report Export,10
7498,1709,2026-03-25 00:26:00,Dashboard View,5
7499,923,2023-09-04 04:22:00,Data Import,5
7500,1827,2026-08-15 11:34:00,Data Import,5
7501,1249,2025-07-13 21:30:00,Settings Update,1
7502,1714,2025-08-12 08:03:00,Settings Update,30
7503,553,2025-02-14 09:13:00,Data Import,0
7504,1816,2026-07-24 16:21:00,Team Invite,30
7505,641,2025-06-02 01:32:00,User Login,5
7506,1001,2024-11-07 13:24:00,Team Invite,5
7507,642,2026-08-20 18:00:00,Report Export,10
7508,1040,2025-09-16 17:27:00,Settings Update,1
7509,125,2024-02-06 14:46:00,Report Export,5
7510,1403,2026-02-13 10:56:00,Data Import,1
7511,7,2024-07-28 03:08:00,User Login,10
7512,1199,2024-09-29 16:38:00,User Login,5
7513,274,2024-07-16 18:58:00,User Login,2
7514,1953,2026-07-23 21:14:00,Data Import,10
7515,1013,2026-07-22 20:43:00,User Login,0
7516,455,2024-08-25 00:45:00,Settings Update,5
7517,877,2024-10-27 08:23:00,Report Export,0
7518,253,2026-06-20 15:06:00,Settings Update,15
7519,1582,2025-03-04 10:08:00,Report Export,15
7520,240,2026-08-28 00:25:00,Settings Update,2
7521,867,2025-12-22 11:54:00,User Login,2
7522,513,2025-08-21 09:11:00,Team Invite,10
7523,1918,2026-05-21 02:41:00,Dashboard View,1
7524,907,2025-05-10 18:28:00,Report Export,2
7525,744,2026-06-25 15:04:00,Report Export,10
7526,1440,2025-08-03 09:38:00,Settings Update,10
7527,913,2026-05-24 20:57:00,Data Import,0
7528,721,2026-02-10 23:52:00,Team Invite,1
7529,1390,2024-05-24 02:44:00,Settings Update,0
7530,1194,2026-01-22 16:58:00,Report Export,10
7531,1785,2026-06-05 05:50:00,Settings Update,1
7532,925,2026-03-27 15:46:00,Report Export,1
7533,34,2026-04-08 02:49:00,Team Invite,0
7534,1939,2026-01-04 00:52:00,Team Invite,10
7535,387,2026-06-08 13:33:00,Settings Update,2
7536,1246,2024-11-27 19:09:00,User Login,5
7537,874,2026-08-15 15:17:00,Data Import,5
7538,347,2025-05-20 10:28:00,Dashboard View,30
7539,1173,2025-09-30 11:17:00,Settings Update,10
7540,892,2026-07-01 08:30:00,Report Export,30
7541,1407,2026-03-05 01:16:00,Dashboard View,15
7542,357,2026-07-04 02:30:00,User Login,1
7543,185,2025-09-17 18:37:00,Data Import,2
7544,380,2026-08-10 17:12:00,Settings Update,2
7545,1926,2024-10-28 08:31:00,Dashboard View,15
7546,636,2024-08-21 18:43:00,Team Invite,30
7547,1984,2026-01-03 23:45:00,Data Import,30
7548,962,2026-03-16 05:03:00,Dashboard View,2
7549,1971,2025-01-20 12:35:00,Dashboard View,5
7550,780,2025-10-12 08:09:00,Report Export,5
7551,1230,2025-04-29 20:28:00,User Login,5
7552,1982,2025-02-06 06:08:00,Settings Update,5
7553,1099,2024-06-24 18:06:00,Settings Update,5
7554,698,2025-10-06 18:03:00,Data Import,5
7555,616,2025-03-27 18:48:00,Team Invite,10
7556,635,2026-02-18 05:17:00,User Login,10
7557,1399,2025-01-22 02:55:00,Settings Update,5
7558,1723,2024-09-09 23:17:00,User Login,5
7559,1439,2025-04-13 13:06:00,User Login,5
7560,1106,2026-06-08 08:31:00,Report Export,5
7561,61,2026-09-05 22:25:00,Report Export,5
7562,10,2025-09-13 05:04:00,Settings Update,2
7563,1149,2025-09-25 04:25:00,Dashboard View,2
7564,629,2025-02-17 10:18:00,User Login,2
7565,1040,2026-01-26 19:01:00,Dashboard View,5
7566,1996,2026-05-18 09:03:00,Team Invite,30
7567,148,2026-05-29 11:23:00,Dashboard View,2
7568,1363,2026-04-21 10:28:00,Settings Update,1
7569,192,2025-08-18 15:31:00,Dashboard View,0
7570,1628,2026-02-16 07:12:00,Settings Update,5
7571,1898,2025-07-19 21:34:00,Report Export,10
7572,345,2025-09-07 04:52:00,Report Export,5
7573,254,2026-08-24 02:41:00,Settings Update,30
7574,570,2026-02-17 01:03:00,User Login,2
7575,1544,2024-12-16 12:10:00,Settings Update,15
7576,1291,2024-10-21 06:10:00,Report Export,5
7577,788,2025-01-30 23:40:00,Report Export,2
7578,971,2026-04-30 18:17:00,Data Import,15
7579,586,2026-03-22 05:54:00,Report Export,1
7580,868,2026-02-13 15:09:00,Settings Update,15
7581,1315,2026-04-08 07:19:00,Team Invite,1
7582,1296,2025-10-03 01:49:00,Team Invite,5
7583,370,2025-08-10 04:42:00,User Login,2
7584,206,2026-03-13 20:56:00,Data Import,5
7585,626,2026-07-17 21:58:00,Dashboard View,10
7586,449,2026-04-12 19:52:00,Settings Update,10
7587,1425,2024-01-30 23:50:00,Settings Update,10
7588,1472,2025-09-28 09:46:00,Team Invite,1
7589,225,2024-08-25 19:27:00,Report Export,2
7590,1234,2025-12-16 11:10:00,Report Export,5
7591,1041,2025-09-18 04:01:00,Settings Update,1
7592,1004,2026-07-04 08:39:00,Settings Update,0
7593,55,2025-08-13 19:14:00,User Login,2
7594,1093,2026-04-21 02:17:00,Data Import,2
7595,1578,2026-06-06 19:19:00,Data Import,2
7596,627,2025-09-27 19:57:00,Team Invite,5
7597,456,2026-06-07 04:27:00,Settings Update,1
7598,1623,2025-10-01 06:51:00,Data Import,5
7599,416,2026-06-13 21:22:00,Data Import,30
7600,917,2025-12-10 15:34:00,Data Import,0
7601,1985,2024-10-25 02:06:00,User Login,2
7602,234,2024-05-19 13:16:00,Data Import,15
7603,1423,2026-08-20 19:24:00,User Login,15
7604,1719,2026-07-13 01:22:00,User Login,1
7605,1777,2026-06-07 02:23:00,Settings Update,5
7606,1336,2025-07-17 07:58:00,Report Export,10
7607,464,2026-02-13 11:25:00,Report Export,10
7608,1339,2026-08-21 11:21:00,Dashboard View,1
7609,687,2026-05-07 09:07:00,Dashboard View,10
7610,498,2026-02-15 08:05:00,Dashboard View,15
7611,904,2024-12-28 21:08:00,Dashboard View,15
7612,1301,2026-09-23 04:08:00,Dashboard View,0
7613,1931,2025-08-25 07:52:00,Settings Update,30
7614,1741,2026-01-02 20:27:00,Dashboard View,30
7615,813,2026-02-04 12:40:00,Settings Update,5
7616,1317,2026-03-03 13:14:00,Dashboard View,10
7617,34,2026-08-18 19:26:00,Data Import,5
7618,1106,2025-05-09 07:59:00,Settings Update,10
7619,1044,2026-08-13 10:27:00,Settings Update,15
7620,1180,2025-10-07 19:36:00,Data Import,5
7621,1970,2024-12-13 02:01:00,Report Export,5
7622,1077,2025-01-10 18:41:00,Report Export,5
7623,390,2025-08-18 00:52:00,Settings Update,1
7624,1913,2026-07-04 11:12:00,Report Export,5
7625,796,2026-08-12 09:54:00,Settings Update,10
7626,392,2025-07-18 01:44:00,Dashboard View,10
7627,1487,2023-10-31 12:53:00,Data Import,10
7628,413,2025-12-31 07:38:00,Team Invite,30
7629,1871,2025-06-06 03:42:00,Settings Update,2
7630,634,2026-07-18 21:48:00,Dashboard View,30
7631,695,2024-04-02 23:24:00,Data Import,10
7632,1588,2026-07-14 08:59:00,User Login,10
7633,1240,2025-10-10 06:39:00,User Login,10
7634,1899,2026-08-16 15:35:00,Report Export,2
7635,39,2026-03-13 16:00:00,Dashboard View,2
7636,7,2024-10-31 05:10:00,User Login,0
7637,27,2026-08-14 16:32:00,Settings Update,2
7638,1916,2026-09-14 06:58:00,Settings Update,0
7639,1422,2025-05-15 19:29:00,Report Export,1
7640,1814,2026-06-26 00:23:00,Report Export,5
7641,1084,2026-09-25 21:38:00,Report Export,1
7642,330,2025-04-15 09:55:00,Team Invite,2
7643,1030,2024-06-23 07:47:00,User Login,1
7644,69,2024-03-19 00:42:00,Settings Update,15
7645,304,2026-08-23 17:39:00,Team Invite,15
7646,1460,2026-02-06 05:04:00,Report Export,10
7647,1675,2023-10-13 01:06:00,Data Import,10
7648,12,2026-09-01 13:03:00,Team Invite,5
7649,1655,2026-03-17 09:36:00,User Login,5
7650,577,2024-05-20 22:02:00,Settings Update,2
7651,1753,2026-06-15 21:25:00,User Login,5
7652,494,2024-05-16 01:03:00,Settings Update,30
7653,685,2024-11-23 02:38:00,Team Invite,15
7654,1856,2026-01-17 04:08:00,Report Export,2
7655,1523,2025-09-08 05:30:00,Dashboard View,2
7656,1768,2026-07-13 22:11:00,Team Invite,5
7657,27,2025-08-25 12:51:00,Report Export,1
7658,1679,2025-07-15 14:58:00,Data Import,0
7659,1357,2025-01-15 09:52:00,Data Import,5
7660,171,2026-09-19 21:18:00,Team Invite,5
7661,1743,2024-12-08 13:00:00,Dashboard View,2
7662,894,2025-11-27 15:47:00,Team Invite,2
7663,1508,2025-01-16 15:12:00,User Login,1
7664,1722,2025-08-22 15:23:00,Settings Update,2
7665,494,2025-03-19 06:38:00,Dashboard View,2
7666,67,2024-02-15 06:50:00,Settings Update,5
7667,1117,2026-02-27 00:09:00,Settings Update,2
7668,905,2025-08-01 16:08:00,Report Export,30
7669,428,2026-09-23 07:43:00,Data Import,5
7670,280,2024-11-02 08:55:00,Report Export,5
7671,467,2025-07-03 04:09:00,User Login,2
7672,35,2025-10-16 08:40:00,Data Import,30
7673,290,2024-07-04 00:23:00,User Login,10
7674,1606,2026-01-12 14:28:00,User Login,0
7675,1567,2025-07-28 03:40:00,Team Invite,1
7676,255,2026-03-01 08:15:00,Data Import,1
7677,58,2026-06-17 07:39:00,Settings Update,10
7678,1909,2025-12-05 06:44:00,Settings Update,0
7679,1444,2024-04-02 13:38:00,User Login,2
7680,885,2026-04-11 00:49:00,Report Export,10
7681,804,2026-09-28 23:35:00,User Login,2
7682,1146,2025-01-18 03:40:00,Team Invite,1
7683,1694,2026-09-28 13:42:00,Team Invite,10
7684,235,2026-04-06 08:31:00,Team Invite,2
7685,1316,2026-03-21 10:50:00,Team Invite,5
7686,775,2025-12-20 09:50:00,User Login,5
7687,1884,2026-05-13 11:38:00,Team Invite,15
7688,1986,2024-11-08 05:35:00,Report Export,5
7689,1928,2025-06-28 22:19:00,User Login,5
7690,1542,2025-10-07 22:34:00,Report Export,2
7691,596,2026-09-16 10:29:00,User Login,1
7692,604,2026-06-20 21:35:00,Report Export,0
7693,224,2025-09-21 15:42:00,User Login,5
7694,742,2025-07-12 23:47:00,Team Invite,5
7695,481,2026-05-10 04:43:00,Data Import,1
7696,1542,2025-06-10 09:26:00,Team Invite,2
7697,1956,2026-05-28 05:04:00,Team Invite,5
7698,127,2026-04-25 15:08:00,User Login,10
7699,931,2026-08-07 17:12:00,Dashboard View,10
7700,98,2024-06-10 23:47:00,Dashboard View,1
7701,550,2024-12-29 06:03:00,User Login,5
7702,1721,2024-07-24 23:01:00,Team Invite,0
7703,1867,2025-09-13 11:56:00,Report Export,1
7704,1030,2026-09-17 09:03:00,Settings Update,5
7705,759,2025-08-07 00:59:00,User Login,10
7706,995,2026-06-18 17:07:00,Dashboard View,2
7707,146,2026-07-15 17:23:00,Data Import,2
7708,1113,2026-01-06 13:24:00,User Login,15
7709,782,2025-06-09 22:27:00,Report Export,5
7710,1630,2023-10-17 21:55:00,Team Invite,2
7711,129,2025-12-03 11:05:00,Report Export,30
7712,654,2026-01-13 15:53:00,Report Export,5
7713,559,2026-06-01 20:04:00,Data Import,1
7714,296,2025-01-31 17:28:00,User Login,15
7715,1538,2026-07-12 15:51:00,Dashboard View,10
7716,13,2026-07-16 16:21:00,Data Import,15
7717,115,2026-03-14 20:38:00,Report Export,10
7718,1282,2026-03-19 12:15:00,Team Invite,1
7719,1767,2024-06-04 05:12:00,Data Import,10
7720,1938,2026-07-30 06:41:00,Report Export,2
7721,1974,2025-03-31 04:00:00,Report Export,5
7722,846,2025-05-29 04:40:00,Dashboard View,5
7723,66,2025-12-09 07:30:00,Report Export,15
7724,859,2026-03-19 01:15:00,Dashboard View,2
7725,1248,2025-10-03 13:01:00,User Login,10
7726,29,2025-02-24 12:41:00,User Login,0
7727,690,2025-07-24 18:48:00,Report Export,10
7728,1196,2026-04-17 08:36:00,Report Export,30
7729,550,2024-04-21 20:41:00,User Login,0
7730,1265,2026-05-19 05:50:00,Settings Update,2
7731,1432,2026-09-26 04:26:00,Team Invite,1
7732,1935,2025-11-22 10:58:00,Data Import,2
7733,624,2026-09-18 03:39:00,Data Import,10
7734,1297,2023-10-04 16:40:00,Settings Update,0
7735,787,2026-07-03 07:26:00,Report Export,2
7736,1193,2026-07-29 02:45:00,User Login,15
7737,161,2026-09-26 13:36:00,Report Export,1
7738,1903,2024-06-28 07:24:00,Report Export,2
7739,1626,2025-03-21 17:01:00,Data Import,5
7740,387,2026-04-10 23:48:00,User Login,2
7741,547,2026-08-05 16:06:00,User Login,2
7742,1994,2025-04-12 13:58:00,Dashboard View,10
7743,1794,2024-08-10 20:32:00,User Login,5
7744,672,2026-07-26 03:23:00,User Login,5
7745,1335,2026-09-20 00:40:00,User Login,5
7746,1204,2025-06-10 18:06:00,User Login,5
7747,1813,2026-06-02 13:01:00,Team Invite,10
7748,1112,2024-11-10 04:22:00,User Login,15
7749,805,2025-07-22 04:44:00,Settings Update,5
7750,340,2024-09-13 08:58:00,Settings Update,5
7751,1434,2026-05-16 02:19:00,User Login,0
7752,840,2026-03-06 11:38:00,User Login,10
7753,68,2025-10-01 21:42:00,Dashboard View,1
7754,232,2026-07-19 18:47:00,User Login,5
7755,1881,2026-04-28 09:50:00,Team Invite,2
7756,1335,2026-07-25 22:35:00,User Login,5
7757,169,2026-05-24 10:25:00,Dashboard View,1
7758,894,2025-05-05 04:21:00,User Login,30
7759,711,2023-08-22 04:54:00,Data Import,0
7760,1623,2026-07-20 04:32:00,Team Invite,5
7761,359,2025-09-30 03:50:00,Data Import,1
7762,312,2026-01-08 21:18:00,User Login,2
7763,1201,2026-03-16 16:22:00,Dashboard View,1
7764,1968,2026-08-09 02:38:00,Data Import,15
7765,1106,2024-04-09 20:17:00,Data Import,10
7766,476,2025-03-11 21:35:00,Dashboard View,10
7767,1527,2026-09-06 20:08:00,User Login,30
7768,281,2026-08-24 02:28:00,Dashboard View,2
7769,217,2024-06-20 03:11:00,Settings Update,0
7770,1999,2025-01-14 16:32:00,Team Invite,5
7771,139,2026-02-11 06:25:00,Team Invite,5
7772,1898,2025-08-22 12:40:00,Team Invite,1
7773,1585,2024-06-08 22:19:00,Settings Update,2
7774,57,2026-03-05 16:04:00,Team Invite,5
7775,1278,2025-10-22 04:06:00,Settings Update,5
7776,1115,2025-03-07 05:08:00,Report Export,15
7777,447,2025-10-15 02:19:00,Report Export,10
7778,163,2025-02-03 11:55:00,Data Import,5
7779,1827,2026-08-16 20:46:00,Dashboard View,2
7780,1278,2025-03-11 02:50:00,Team Invite,15
7781,36,2025-08-07 21:02:00,Data Import,10
7782,1194,2025-12-16 09:15:00,Team Invite,1
7783,1054,2025-08-02 11:53:00,Team Invite,0
7784,267,2026-08-15 19:42:00,Settings Update,1
7785,939,2026-03-17 16:17:00,Report Export,0
7786,898,2025-12-19 18:57:00,Dashboard View,2
7787,1081,2025-07-29 13:53:00,Data Import,1
7788,445,2024-11-24 00:37:00,Report Export,0
7789,1543,2023-10-18 17:35:00,User Login,0
7790,1594,2026-04-21 20:53:00,Settings Update,10
7791,1115,2024-05-13 04:48:00,Settings Update,1
7792,557,2024-05-16 02:07:00,User Login,1
7793,1045,2024-11-14 02:49:00,User Login,5
7794,71,2026-09-19 14:15:00,Report Export,15
7795,215,2026-07-30 18:29:00,Data Import,5
7796,1314,2026-05-15 01:29:00,User Login,1
7797,1032,2026-04-28 19:01:00,User Login,2
7798,1839,2026-06-25 20:03:00,Team Invite,2
7799,741,2025-05-18 07:17:00,Dashboard View,0
7800,308,2026-02-23 21:56:00,User Login,0
7801,141,2025-09-16 04:51:00,User Login,2
7802,480,2026-07-18 19:54:00,Settings Update,15
7803,531,2025-05-22 21:05:00,Team Invite,5
7804,1336,2025-03-25 03:53:00,Dashboard View,5
7805,1210,2025-12-23 03:56:00,Data Import,10
7806,1845,2024-07-26 20:55:00,Dashboard View,5
7807,1181,2026-04-30 18:59:00,Report Export,0
7808,52,2024-11-26 21:17:00,Settings Update,1
7809,1854,2026-08-26 08:26:00,Settings Update,5
7810,822,2026-06-15 13:52:00,User Login,10
7811,239,2026-07-04 11:29:00,Dashboard View,10
7812,192,2026-08-01 00:54:00,Settings Update,1
7813,1906,2026-04-21 07:28:00,Settings Update,15
7814,895,2026-07-17 10:22:00,Team Invite,15
7815,970,2026-04-24 19:21:00,Data Import,5
7816,1162,2025-02-02 06:16:00,Dashboard View,5
7817,1120,2025-07-07 10:04:00,User Login,2
7818,1017,2025-11-25 20:30:00,Report Export,10
7819,349,2026-05-21 18:51:00,Team Invite,0
7820,1931,2024-03-02 11:39:00,Team Invite,1
7821,321,2026-08-17 03:44:00,Data Import,0
7822,1904,2024-05-31 00:38:00,Settings Update,30
7823,222,2025-08-27 19:55:00,Settings Update,5
7824,1490,2026-08-10 08:33:00,User Login,0
7825,1402,2025-08-20 03:00:00,Report Export,15
7826,1861,2026-03-11 00:29:00,User Login,15
7827,176,2023-12-02 18:05:00,Report Export,0
7828,1405,2025-02-18 22:21:00,Team Invite,5
7829,1048,2026-04-11 19:23:00,Settings Update,15
7830,772,2024-12-11 16:42:00,Data Import,2
7831,668,2025-09-17 12:34:00,Dashboard View,5
7832,787,2026-07-22 06:57:00,Team Invite,5
7833,19,2025-11-18 14:14:00,User Login,1
7834,1598,2026-07-09 11:30:00,Dashboard View,5
7835,679,2023-05-11 22:34:00,Team Invite,0
7836,1497,2026-04-22 14:31:00,Settings Update,1
7837,1579,2025-09-17 16:11:00,User Login,0
7838,1419,2026-08-30 09:25:00,Data Import,15
7839,1710,2025-04-06 11:28:00,Data Import,15
7840,137,2025-03-22 01:59:00,Report Export,30
7841,1774,2026-07-25 17:38:00,Team Invite,2
7842,1738,2024-11-05 15:20:00,User Login,15
7843,560,2026-05-22 19:04:00,Report Export,30
7844,717,2025-07-14 19:06:00,Team Invite,2
7845,416,2026-08-15 15:36:00,Data Import,2
7846,516,2026-03-15 02:42:00,Team Invite,15
7847,1130,2026-03-20 13:33:00,Data Import,15
7848,1672,2025-07-18 14:51:00,Report Export,2
7849,678,2026-08-17 05:55:00,Settings Update,1
7850,1664,2024-09-03 08:01:00,Report Export,1
7851,2000,2026-06-30 23:37:00,Team Invite,0
7852,332,2026-05-08 09:12:00,Settings Update,2
7853,1988,2026-05-07 10:02:00,Dashboard View,0
7854,1718,2025-03-08 18:19:00,Dashboard View,2
7855,268,2026-09-08 01:03:00,Settings Update,2
7856,249,2026-02-13 15:52:00,Team Invite,2
7857,1299,2023-11-26 18:11:00,Settings Update,1
7858,606,2026-09-24 11:52:00,Dashboard View,1
7859,1210,2025-06-20 22:53:00,Team Invite,5
7860,1399,2025-03-26 09:39:00,Dashboard View,0
7861,849,2026-04-08 19:14:00,Data Import,10
7862,1319,2026-08-28 14:29:00,User Login,1
7863,1958,2026-09-07 08:47:00,User Login,2
7864,428,2026-09-18 00:44:00,User Login,1
7865,1915,2026-03-12 17:11:00,Dashboard View,5
7866,1436,2024-01-06 15:38:00,Dashboard View,10
7867,114,2026-02-13 23:32:00,Team Invite,2
7868,1738,2026-01-10 09:11:00,Settings Update,5
7869,508,2025-11-04 11:42:00,User Login,15
7870,391,2026-04-19 11:32:00,Team Invite,5
7871,199,2026-03-15 02:55:00,Report Export,2
7872,1492,2026-09-18 05:20:00,Settings Update,2
7873,562,2025-11-06 13:50:00,Data Import,2
7874,460,2023-12-01 06:10:00,Settings Update,1
7875,1527,2025-03-14 12:04:00,Report Export,2
7876,381,2024-07-22 07:42:00,Team Invite,1
7877,1456,2024-12-07 22:18:00,User Login,0
7878,1060,2026-06-10 12:43:00,Team Invite,2
7879,610,2024-12-02 15:08:00,Data Import,10
7880,1083,2024-09-27 22:06:00,Settings Update,5
7881,1273,2025-10-16 15:06:00,User Login,15
7882,1882,2023-03-29 17:51:00,Data Import,5
7883,653,2024-05-18 15:28:00,Team Invite,1
7884,736,2026-07-21 05:31:00,Data Import,10
7885,954,2026-09-06 23:13:00,User Login,0
7886,1694,2026-04-16 05:02:00,Data Import,0
7887,1783,2026-01-04 07:49:00,Report Export,10
7888,398,2025-12-30 05:41:00,Settings Update,30
7889,1316,2026-08-17 22:47:00,Settings Update,10
7890,935,2026-08-13 19:59:00,Dashboard View,10
7891,1617,2025-07-01 06:01:00,User Login,1
7892,862,2025-06-29 02:51:00,Settings Update,10
7893,938,2025-07-21 18:28:00,Settings Update,30
7894,884,2026-05-01 16:04:00,User Login,1
7895,778,2025-04-30 03:48:00,Data Import,0
7896,1629,2026-03-30 13:42:00,Team Invite,2
7897,1010,2023-05-15 01:28:00,Report Export,15
7898,1866,2025-10-14 04:28:00,Dashboard View,5
7899,1889,2025-12-11 02:51:00,Data Import,1
7900,1272,2026-03-10 20:01:00,Settings Update,10
7901,1546,2026-05-09 14:14:00,Dashboard View,10
7902,973,2025-01-09 08:36:00,Settings Update,1
7903,1718,2025-04-02 04:27:00,User Login,5
7904,1506,2025-02-19 14:32:00,Data Import,0
7905,615,2026-04-13 11:59:00,Team Invite,1
7906,36,2025-09-06 03:08:00,Team Invite,2
7907,1673,2025-10-06 07:30:00,Dashboard View,1
7908,546,2026-06-20 21:54:00,Settings Update,5
7909,208,2026-08-20 22:44:00,Data Import,5
7910,1758,2024-07-15 15:35:00,Dashboard View,30
7911,298,2025-10-30 19:32:00,Report Export,1
7912,1154,2025-07-20 18:31:00,Team Invite,5
7913,439,2026-04-09 16:26:00,Data Import,1
7914,648,2024-03-18 02:58:00,Team Invite,1
7915,1651,2026-03-23 02:00:00,Settings Update,10
7916,1483,2024-09-02 16:45:00,Report Export,5
7917,646,2026-05-23 21:58:00,Data Import,1
7918,1161,2026-08-01 22:13:00,User Login,2
7919,1284,2026-04-19 07:51:00,Report Export,2
7920,1733,2024-11-24 05:27:00,Team Invite,2
7921,922,2026-07-15 06:01:00,Dashboard View,2
7922,273,2026-06-30 06:21:00,Team Invite,1
7923,1383,2026-09-19 21:17:00,Report Export,2
7924,1896,2026-06-18 02:44:00,Team Invite,15
7925,832,2025-02-06 23:31:00,User Login,2
7926,985,2026-06-06 22:55:00,Team Invite,2
7927,890,2023-03-08 20:20:00,User Login,2
7928,1987,2026-05-05 07:05:00,Team Invite,0
7929,823,2025-04-09 01:46:00,Report Export,5
7930,1763,2026-09-10 04:39:00,Data Import,2
7931,415,2026-08-22 11:55:00,User Login,0
7932,1213,2024-12-29 02:42:00,Data Import,10
7933,30,2026-01-15 17:04:00,Dashboard View,15
7934,1284,2025-12-08 18:53:00,Team Invite,2
7935,3,2026-03-28 20:25:00,Report Export,5
7936,302,2026-02-13 05:14:00,User Login,2
7937,687,2024-11-26 06:09:00,Report Export,10
7938,21,2026-05-09 15:35:00,Data Import,15
7939,1934,2026-06-30 05:18:00,Dashboard View,2
7940,1410,2026-07-03 06:28:00,Data Import,5
7941,531,2025-10-19 16:30:00,Team Invite,0
7942,296,2024-12-17 00:30:00,Team Invite,10
7943,89,2026-07-11 10:24:00,Data Import,0
7944,46,2026-03-06 14:19:00,Dashboard View,2
7945,789,2026-08-09 19:20:00,Team Invite,1
7946,1486,2025-09-26 20:34:00,User Login,10
7947,1713,2025-09-16 10:48:00,Team Invite,30
7948,1317,2025-12-03 00:29:00,Data Import,5
7949,850,2025-02-10 09:36:00,User Login,5
7950,1773,2026-07-02 18:11:00,Dashboard View,2
7951,1634,2023-12-22 18:25:00,Data Import,1
7952,565,2023-10-26 09:49:00,Report Export,2
7953,596,2026-09-09 10:05:00,Settings Update,30
7954,1459,2026-08-11 13:03:00,Dashboard View,5
7955,1451,2025-08-24 04:27:00,Team Invite,30
7956,678,2026-03-30 13:31:00,Settings Update,5
7957,861,2025-10-26 04:19:00,Report Export,15
7958,1845,2026-02-04 23:47:00,Dashboard View,15
7959,1614,2026-06-19 21:04:00,Data Import,5
7960,1509,2025-03-16 17:39:00,Team Invite,15
7961,739,2026-06-22 12:06:00,Data Import,2
7962,312,2026-05-22 03:44:00,Dashboard View,10
7963,456,2026-02-17 17:29:00,Data Import,5
7964,185,2024-07-05 05:45:00,Settings Update,5
7965,995,2026-05-21 21:16:00,Data Import,2
7966,972,2023-07-11 17:24:00,Settings Update,2
7967,131,2026-07-17 19:03:00,Data Import,0
7968,108,2026-08-23 13:08:00,Team Invite,10
7969,1557,2026-08-14 07:20:00,Team Invite,10
7970,1300,2026-07-21 03:18:00,Report Export,5
7971,1202,2025-12-27 02:38:00,Dashboard View,10
7972,1904,2026-04-05 02:09:00,Data Import,10
7973,1194,2025-12-09 07:21:00,Report Export,5
7974,1474,2025-08-27 03:10:00,User Login,2
7975,1428,2024-04-23 21:02:00,User Login,5
7976,669,2026-03-17 13:50:00,Dashboard View,10
7977,1542,2026-03-28 00:45:00,Report Export,5
7978,679,2024-09-14 02:04:00,Dashboard View,10
7979,1304,2024-03-27 00:05:00,Data Import,0
7980,1601,2025-09-02 02:55:00,Data Import,2
7981,1627,2024-06-12 23:09:00,User Login,30
7982,1416,2026-02-15 21:56:00,Dashboard View,5
7983,133,2025-11-12 09:58:00,Data Import,1
7984,1068,2026-07-25 15:26:00,Data Import,10
7985,1039,2026-04-14 00:51:00,Settings Update,0
7986,1398,2025-12-16 19:44:00,Data Import,1
7987,57,2025-06-10 22:56:00,Dashboard View,30
7988,1518,2026-02-08 11:53:00,Data Import,10
7989,788,2025-09-28 03:55:00,Report Export,5
7990,1670,2026-09-30 03:06:00,Report Export,1
7991,160,2025-07-26 08:35:00,Settings Update,2
7992,469,2026-06-04 13:32:00,Dashboard View,1
7993,651,2025-09-02 08:58:00,Settings Update,2
7994,1972,2026-05-23 22:56:00,Team Invite,30
7995,1297,2026-01-07 10:52:00,Report Export,15
7996,710,2026-08-22 15:02:00,Dashboard View,2
7997,286,2026-09-02 22:18:00,Data Import,15
7998,395,2026-09-21 04:39:00,Team Invite,0
7999,1908,2026-07-16 17:05:00,Team Invite,0
8000,89,2026-06-04 19:26:00,Report Export,5
8001,505,2026-08-05 23:20:00,Team Invite,10
8002,1533,2026-08-09 13:05:00,Report Export,2
8003,665,2025-07-15 00:57:00,Dashboard View,1
8004,529,2026-08-10 21:09:00,Dashboard View,10
8005,19,2026-06-26 13:59:00,Settings Update,15
8006,1595,2025-10-01 01:03:00,Team Invite,10
8007,956,2026-07-24 10:28:00,Dashboard View,2
8008,1611,2025-07-15 12:08:00,Team Invite,1
8009,1401,2026-07-14 15:26:00,Data Import,15
8010,1736,2024-01-24 23:18:00,Data Import,5
8011,1629,2026-07-11 19:53:00,Team Invite,15
8012,1360,2024-12-17 18:21:00,Dashboard View,5
8013,1128,2025-08-15 18:20:00,Settings Update,5
8014,126,2025-07-28 12:01:00,Report Export,10
8015,799,2025-12-16 04:46:00,Team Invite,2
8016,200,2023-10-26 07:06:00,Data Import,15
8017,52,2026-02-07 14:51:00,Dashboard View,1
8018,2,2026-07-18 05:17:00,User Login,5
8019,984,2026-06-18 21:39:00,Team Invite,2
8020,1337,2026-03-23 23:00:00,User Login,15
8021,184,2025-06-11 16:03:00,Settings Update,5
8022,136,2023-09-03 15:41:00,Report Export,15
8023,1258,2026-01-08 15:10:00,Report Export,2
8024,1080,2026-04-30 11:07:00,Data Import,10
8025,918,2023-05-31 06:16:00,Report Export,30
8026,1625,2024-05-20 14:51:00,Dashboard View,5
8027,109,2025-01-10 20:40:00,Data Import,10
8028,1976,2026-09-05 01:21:00,Settings Update,1
8029,450,2026-05-08 18:17:00,Report Export,5
8030,583,2026-06-19 11:03:00,User Login,1
8031,1843,2025-11-30 10:13:00,Settings Update,5
8032,1848,2025-10-06 16:25:00,Team Invite,1
8033,1915,2026-06-19 20:43:00,Report Export,2
8034,1381,2025-02-08 02:51:00,Data Import,1
8035,858,2025-01-12 03:41:00,User Login,2
8036,101,2025-07-12 09:13:00,Team Invite,1
8037,1967,2026-02-11 11:18:00,Dashboard View,10
8038,828,2026-07-01 13:23:00,Dashboard View,2
8039,289,2026-07-16 17:11:00,User Login,1
8040,833,2025-09-26 19:15:00,Dashboard View,0
8041,1654,2024-01-24 21:09:00,Data Import,15
8042,149,2025-01-08 15:30:00,Dashboard View,2
8043,1441,2024-07-12 13:31:00,Report Export,1
8044,991,2026-04-22 09:10:00,Dashboard View,1
8045,271,2024-03-14 22:50:00,Settings Update,15
8046,326,2025-09-07 23:38:00,Report Export,2
8047,1184,2026-05-28 15:02:00,User Login,1
8048,1264,2026-09-05 11:23:00,Dashboard View,1
8049,49,2025-10-19 20:54:00,Settings Update,5
8050,1577,2026-07-14 16:49:00,User Login,1
8051,1219,2024-12-02 03:09:00,Report Export,0
8052,1631,2025-11-01 11:24:00,User Login,2
8053,511,2025-05-21 23:31:00,Dashboard View,5
8054,520,2026-02-18 04:23:00,User Login,1
8055,1589,2025-06-29 02:27:00,Dashboard View,30
8056,225,2024-07-23 02:49:00,Settings Update,30
8057,615,2024-09-23 04:47:00,Report Export,5
8058,162,2026-07-20 10:53:00,Data Import,0
8059,283,2026-02-20 22:17:00,Dashboard View,2
8060,888,2025-10-26 05:09:00,Data Import,2
8061,286,2026-02-15 15:04:00,Settings Update,1
8062,1291,2024-02-15 15:19:00,Data Import,0
8063,217,2025-05-13 21:33:00,User Login,1
8064,1690,2026-07-12 22:31:00,Settings Update,10
8065,269,2026-06-19 09:20:00,Report Export,5
8066,1552,2024-06-29 18:47:00,Dashboard View,15
8067,889,2026-02-07 01:54:00,Data Import,5
8068,1838,2026-07-16 00:47:00,Settings Update,5
8069,1861,2024-07-16 23:27:00,Settings Update,10
8070,86,2026-04-11 15:09:00,Dashboard View,30
8071,1422,2024-11-11 17:55:00,Data Import,5
8072,1816,2026-07-11 09:16:00,Dashboard View,0
8073,651,2025-01-12 21:15:00,Team Invite,0
8074,1958,2026-06-20 04:10:00,Team Invite,10
8075,613,2026-07-18 05:14:00,Report Export,2
8076,609,2026-07-19 09:49:00,Team Invite,5
8077,736,2024-08-03 07:32:00,Settings Update,15
8078,624,2026-04-19 13:41:00,Data Import,30
8079,1198,2026-02-22 05:45:00,Report Export,1
8080,654,2025-11-22 23:30:00,User Login,5
8081,1589,2024-06-18 05:40:00,User Login,10
8082,130,2026-02-05 09:35:00,Data Import,1
8083,705,2026-06-15 09:22:00,Data Import,10
8084,829,2024-05-17 12:02:00,Data Import,2
8085,1031,2025-06-26 11:22:00,Settings Update,5
8086,1171,2026-01-01 03:46:00,Team Invite,5
8087,1554,2026-09-26 01:14:00,Data Import,5
8088,1401,2026-07-06 08:47:00,Settings Update,5
8089,1609,2026-09-22 10:13:00,Team Invite,5
8090,1584,2025-04-07 03:48:00,Dashboard View,1
8091,112,2026-04-04 06:09:00,Team Invite,10
8092,168,2025-01-23 03:54:00,User Login,1
8093,1881,2026-05-30 13:08:00,Data Import,15
8094,1556,2026-08-21 18:29:00,Report Export,10
8095,205,2025-11-22 00:09:00,Team Invite,5
8096,1060,2026-05-19 06:06:00,Report Export,2
8097,1909,2026-08-12 04:41:00,Settings Update,0
8098,114,2026-03-26 09:51:00,Settings Update,5
8099,1354,2026-09-29 15:04:00,Dashboard View,2
8100,1071,2025-01-02 01:17:00,Report Export,15
8101,1657,2026-06-13 01:03:00,Settings Update,15
8102,838,2026-02-28 10:33:00,Team Invite,0
8103,1738,2024-12-28 19:15:00,User Login,1
8104,1795,2026-06-16 07:59:00,Settings Update,30
8105,789,2025-05-17 13:36:00,Data Import,2
8106,1393,2026-05-07 13:59:00,Data Import,5
8107,1848,2025-08-25 00:23:00,Data Import,5
8108,1074,2025-02-11 01:29:00,Report Export,1
8109,949,2026-05-14 02:26:00,Report Export,5
8110,1269,2023-06-12 15:57:00,User Login,1
8111,1242,2023-10-15 11:11:00,Report Export,15
8112,82,2025-10-13 13:09:00,User Login,30
8113,1817,2024-07-29 10:50:00,Dashboard View,5
8114,143,2026-07-07 01:00:00,Settings Update,2
8115,975,2025-05-27 16:32:00,Report Export,1
8116,981,2023-09-28 21:19:00,Settings Update,2
8117,1264,2025-07-27 02:31:00,Settings Update,15
8118,1035,2025-08-14 16:52:00,Team Invite,15
8119,421,2025-01-22 01:22:00,Report Export,5
8120,1865,2026-08-24 22:25:00,User Login,5
8121,25,2025-07-28 15:56:00,Team Invite,10
8122,906,2026-07-28 12:59:00,User Login,10
8123,1138,2026-09-25 01:12:00,User Login,2
8124,251,2025-04-30 21:25:00,Team Invite,2
8125,68,2025-11-06 05:12:00,Data Import,5
8126,299,2024-06-21 06:40:00,Settings Update,2
8127,1836,2026-06-06 01:59:00,Settings Update,1
8128,100,2026-05-24 04:24:00,Report Export,5
8129,1385,2025-07-15 12:19:00,Data Import,0
8130,1104,2026-07-06 15:28:00,Team Invite,2
8131,1168,2025-03-11 03:32:00,Settings Update,1
8132,1056,2023-06-15 17:37:00,Settings Update,15
8133,1074,2023-06-07 18:48:00,Report Export,1
8134,899,2026-03-21 09:18:00,Team Invite,5
8135,1778,2025-01-26 15:53:00,Data Import,30
8136,727,2023-12-12 10:53:00,Team Invite,1
8137,1978,2025-09-28 20:11:00,Data Import,2
8138,1876,2025-09-19 00:57:00,Dashboard View,10
8139,395,2024-09-03 17:36:00,Team Invite,10
8140,1890,2024-03-06 23:30:00,User Login,0
8141,358,2025-07-13 16:30:00,Dashboard View,30
8142,1969,2025-07-16 04:56:00,Dashboard View,10
8143,694,2026-07-06 06:40:00,User Login,1
8144,404,2024-05-18 16:52:00,Data Import,5
8145,1773,2025-07-12 14:17:00,Report Export,30
8146,788,2025-01-11 09:32:00,Team Invite,5
8147,1067,2025-03-17 07:25:00,Report Export,10
8148,1405,2026-03-30 03:59:00,User Login,10
8149,649,2025-12-27 13:59:00,Dashboard View,5
8150,602,2026-04-16 14:04:00,Settings Update,10
8151,1059,2025-05-11 21:42:00,User Login,5
8152,1315,2026-07-31 11:04:00,Report Export,0
8153,250,2026-08-23 08:10:00,Settings Update,2
8154,411,2026-01-04 14:16:00,User Login,10
8155,1123,2025-09-04 23:13:00,Settings Update,30
8156,608,2025-01-25 02:03:00,Team Invite,5
8157,1414,2026-07-10 05:28:00,User Login,10
8158,527,2026-09-06 03:30:00,User Login,2
8159,1777,2026-03-17 16:57:00,Settings Update,5
8160,268,2026-03-03 19:04:00,User Login,10
8161,989,2024-01-07 09:39:00,Dashboard View,2
8162,1313,2023-09-16 16:59:00,Data Import,2
8163,262,2025-06-01 07:57:00,Report Export,5
8164,1842,2026-07-21 07:07:00,User Login,5
8165,1190,2024-09-27 01:15:00,User Login,1
8166,1680,2025-02-25 20:31:00,Dashboard View,10
8167,1198,2025-12-16 03:46:00,Settings Update,30
8168,1994,2024-10-03 06:03:00,User Login,2
8169,752,2025-03-27 19:02:00,Team Invite,0
8170,719,2025-12-10 05:40:00,Dashboard View,30
8171,1861,2025-12-16 20:55:00,Dashboard View,15
8172,403,2026-03-03 21:08:00,Team Invite,1
8173,496,2025-11-09 06:03:00,User Login,5
8174,1543,2024-07-16 20:31:00,Dashboard View,10
8175,839,2026-07-02 08:09:00,Team Invite,5
8176,1597,2026-02-21 12:06:00,Report Export,5
8177,723,2026-09-11 15:39:00,Settings Update,5
8178,252,2025-09-17 06:12:00,Dashboard View,5
8179,60,2026-01-27 01:34:00,Team Invite,5
8180,379,2026-07-26 21:23:00,User Login,1
8181,1385,2025-02-09 02:18:00,Dashboard View,15
8182,1489,2025-08-21 11:13:00,Dashboard View,30
8183,1651,2025-09-11 09:03:00,Report Export,5
8184,846,2025-06-14 14:57:00,User Login,5
8185,208,2025-08-07 22:59:00,Settings Update,5
8186,503,2024-08-12 07:17:00,Data Import,2
8187,1355,2025-11-03 23:13:00,Team Invite,5
8188,1532,2026-02-01 21:31:00,Settings Update,1
8189,796,2024-03-16 03:46:00,Data Import,30
8190,974,2026-06-22 11:41:00,User Login,2
8191,1703,2024-10-20 15:27:00,Report Export,0
8192,522,2025-09-22 13:13:00,Data Import,0
8193,285,2026-05-16 09:11:00,Dashboard View,15
8194,773,2023-10-20 03:54:00,Data Import,15
8195,96,2026-03-29 12:18:00,Data Import,2
8196,1031,2024-12-27 00:01:00,Team Invite,5
8197,1550,2025-05-06 22:08:00,Data Import,2
8198,255,2025-07-17 03:38:00,Data Import,10
8199,682,2025-08-27 14:00:00,Settings Update,1
8200,1527,2025-12-21 21:30:00,Settings Update,10
8201,1684,2025-11-10 05:40:00,Report Export,1
8202,1507,2025-02-22 22:24:00,User Login,2
8203,51,2026-04-17 17:36:00,Data Import,1
8204,611,2024-06-06 11:44:00,Dashboard View,5
8205,250,2025-09-02 22:20:00,Settings Update,5
8206,187,2024-03-19 03:23:00,Data Import,15
8207,1896,2026-05-21 04:16:00,Settings Update,5
8208,512,2025-11-14 16:30:00,Dashboard View,1
8209,1556,2024-09-15 12:05:00,Settings Update,5
8210,55,2025-12-27 02:06:00,Team Invite,30
8211,1817,2024-03-12 21:08:00,User Login,1
8212,1209,2025-03-08 13:44:00,Dashboard View,0
8213,1613,2025-09-14 23:36:00,User Login,5
8214,1926,2026-03-13 22:38:00,User Login,2
8215,52,2024-05-02 09:36:00,Report Export,1
8216,1637,2024-04-27 23:38:00,Report Export,5
8217,623,2025-11-23 07:23:00,Data Import,2
8218,1181,2026-03-22 17:21:00,User Login,2
8219,1819,2025-12-22 02:31:00,User Login,1
8220,685,2025-06-25 09:33:00,Settings Update,5
8221,518,2026-03-28 04:09:00,Team Invite,2
8222,804,2026-08-19 12:14:00,Dashboard View,10
8223,1926,2024-06-01 10:58:00,Settings Update,5
8224,862,2023-05-01 18:39:00,Report Export,10
8225,1322,2024-07-30 12:12:00,Data Import,1
8226,1227,2026-04-24 13:10:00,Dashboard View,10
8227,1050,2024-03-28 08:01:00,Dashboard View,10
8228,712,2025-06-30 02:28:00,Report Export,5
8229,104,2023-12-05 21:33:00,Settings Update,30
8230,489,2026-05-30 06:44:00,Team Invite,1
8231,1617,2026-01-19 03:21:00,Team Invite,1
8232,1141,2026-09-06 19:58:00,Settings Update,10
8233,817,2025-11-24 07:39:00,Dashboard View,1
8234,1547,2026-07-09 18:28:00,Report Export,10
8235,210,2026-04-19 16:23:00,Team Invite,15
8236,513,2025-08-24 14:15:00,Data Import,1
8237,1171,2024-05-28 21:35:00,Data Import,5
8238,1435,2026-05-30 08:25:00,Settings Update,30
8239,1551,2025-10-16 22:27:00,Team Invite,5
8240,1403,2026-07-24 19:30:00,Dashboard View,0
8241,676,2026-06-08 04:56:00,Team Invite,1
8242,1355,2026-07-08 15:02:00,Settings Update,30
8243,1480,2026-09-18 11:23:00,User Login,5
8244,1335,2026-09-27 05:02:00,Dashboard View,10
8245,1423,2026-04-11 13:49:00,Settings Update,10
8246,1476,2026-06-16 19:03:00,Settings Update,5
8247,560,2024-09-09 10:58:00,Team Invite,10
8248,504,2026-06-28 05:02:00,Dashboard View,5
8249,1002,2026-05-03 14:44:00,Dashboard View,1
8250,1608,2026-03-17 08:59:00,Team Invite,30
8251,1495,2024-08-24 02:23:00,Report Export,5
8252,1981,2026-02-12 03:09:00,Team Invite,5
8253,116,2025-12-03 06:57:00,User Login,2
8254,106,2026-02-12 20:51:00,Report Export,5
8255,530,2025-03-15 14:59:00,Dashboard View,10
8256,1191,2026-05-04 15:16:00,Data Import,0
8257,133,2026-05-26 04:14:00,Settings Update,1
8258,1826,2026-06-12 04:27:00,Team Invite,2
8259,1654,2025-04-12 10:44:00,Team Invite,2
8260,694,2026-05-09 13:56:00,Team Invite,5
8261,228,2026-05-09 00:02:00,Data Import,2
8262,657,2026-02-24 11:59:00,Report Export,0
8263,1361,2025-11-30 00:30:00,Team Invite,2
8264,1285,2026-04-17 06:33:00,User Login,1
8265,1356,2026-07-02 00:30:00,Team Invite,15
8266,1242,2024-04-08 07:22:00,Settings Update,5
8267,361,2025-04-28 05:12:00,Settings Update,2
8268,1135,2025-09-07 07:44:00,Report Export,5
8269,26,2025-08-13 23:30:00,Dashboard View,0
8270,413,2026-06-11 16:04:00,Team Invite,10
8271,251,2026-05-05 16:51:00,Settings Update,10
8272,1114,2026-01-19 18:43:00,Team Invite,10
8273,1492,2025-12-17 08:12:00,Data Import,5
8274,1928,2026-05-19 15:44:00,Team Invite,0
8275,1710,2026-05-28 09:03:00,Report Export,10
8276,539,2026-07-07 11:35:00,Settings Update,5
8277,14,2025-10-23 19:47:00,Dashboard View,5
8278,1662,2025-03-21 17:41:00,User Login,1
8279,478,2024-08-07 10:06:00,Settings Update,15
8280,107,2026-06-22 04:12:00,Report Export,2
8281,53,2026-07-24 11:54:00,Team Invite,10
8282,1558,2026-03-21 17:46:00,Settings Update,5
8283,498,2024-08-19 06:28:00,Team Invite,5
8284,419,2026-06-07 21:14:00,Data Import,10
8285,121,2026-01-05 17:10:00,Settings Update,5
8286,1657,2026-08-13 16:38:00,Team Invite,2
8287,1532,2026-02-14 02:18:00,Settings Update,5
8288,663,2026-09-13 19:21:00,Dashboard View,2
8289,841,2026-06-29 08:25:00,Data Import,1
8290,1800,2025-07-21 14:12:00,Dashboard View,0
8291,491,2025-05-12 09:29:00,Dashboard View,2
8292,1074,2025-10-08 01:18:00,Report Export,5
8293,1283,2025-05-21 08:59:00,Team Invite,5
8294,1990,2026-08-16 03:38:00,Report Export,5
8295,1851,2026-05-11 14:27:00,Report Export,1
8296,1349,2025-06-16 15:49:00,Settings Update,5
8297,491,2026-01-11 00:59:00,Data Import,10
8298,1607,2023-11-21 03:15:00,Dashboard View,1
8299,930,2025-10-11 00:58:00,Data Import,5
8300,1201,2025-08-29 23:31:00,Settings Update,5
8301,44,2026-04-06 10:29:00,Settings Update,15
8302,1382,2026-05-21 06:06:00,Dashboard View,5
8303,1499,2025-05-31 15:47:00,Dashboard View,30
8304,1949,2026-02-25 05:52:00,Report Export,15
8305,753,2025-12-23 16:18:00,Dashboard View,30
8306,19,2025-12-18 04:08:00,Report Export,0
8307,452,2026-05-25 22:32:00,Settings Update,2
8308,1313,2023-06-04 17:25:00,User Login,15
8309,1804,2025-12-31 00:39:00,Data Import,0
8310,1544,2026-03-10 10:31:00,Report Export,10
8311,182,2026-02-23 17:21:00,Team Invite,5
8312,1354,2025-12-14 11:44:00,Report Export,10
8313,1161,2026-06-09 21:04:00,Team Invite,0
8314,1925,2026-02-10 06:46:00,Data Import,0
8315,455,2025-03-09 15:53:00,Data Import,5
8316,1838,2026-05-28 06:02:00,Team Invite,5
8317,1575,2025-09-07 15:46:00,Settings Update,5
8318,1618,2024-07-18 08:22:00,User Login,2
8319,1780,2026-02-23 18:42:00,Dashboard View,10
8320,1975,2026-08-21 05:24:00,User Login,10
8321,1748,2026-08-03 10:54:00,Report Export,10
8322,1260,2025-11-10 04:20:00,Team Invite,5
8323,1158,2024-12-12 14:55:00,Settings Update,10
8324,1339,2026-07-09 05:30:00,Dashboard View,2
8325,1787,2024-02-14 14:15:00,User Login,15
8326,1437,2024-06-01 23:08:00,User Login,1
8327,1561,2026-08-06 16:27:00,Dashboard View,15
8328,959,2024-12-10 12:35:00,Dashboard View,1
8329,1124,2026-08-15 06:21:00,Settings Update,1
8330,1009,2026-06-26 03:01:00,Data Import,1
8331,1319,2026-06-29 00:12:00,Data Import,5
8332,1318,2026-07-10 06:23:00,Data Import,1
8333,1538,2025-05-16 22:55:00,Report Export,15
8334,1335,2026-09-23 20:21:00,User Login,5
8335,809,2025-04-11 09:16:00,Data Import,0
8336,674,2025-10-16 18:36:00,User Login,5
8337,621,2024-05-06 02:56:00,Data Import,1
8338,994,2026-08-13 19:05:00,Dashboard View,0
8339,955,2026-02-26 13:22:00,Data Import,15
8340,832,2025-09-27 07:00:00,Report Export,5
8341,1775,2025-04-22 00:27:00,Settings Update,10
8342,1620,2025-05-02 20:10:00,Report Export,1
8343,622,2025-05-28 00:41:00,Data Import,1
8344,1814,2024-12-12 14:57:00,Dashboard View,2
8345,1069,2026-02-14 16:20:00,Dashboard View,30
8346,412,2026-06-30 15:08:00,Data Import,2
8347,1149,2026-06-02 07:09:00,Team Invite,0
8348,46,2025-08-22 23:44:00,Settings Update,5
8349,1817,2026-04-23 10:09:00,Dashboard View,15
8350,464,2026-01-07 12:38:00,Data Import,2
8351,769,2026-06-11 07:06:00,Dashboard View,1
8352,238,2023-11-25 00:36:00,User Login,2
8353,700,2026-07-18 06:40:00,Data Import,5
8354,1319,2026-08-06 16:48:00,User Login,1
8355,1067,2024-11-09 14:37:00,Settings Update,5
8356,394,2026-04-20 17:13:00,Report Export,5
8357,1065,2025-12-30 15:16:00,Report Export,2
8358,1280,2023-06-04 03:28:00,Data Import,0
8359,955,2026-05-25 11:17:00,User Login,10
8360,67,2024-10-14 20:04:00,User Login,15
8361,1649,2025-12-03 03:22:00,User Login,1
8362,878,2025-01-19 23:00:00,Team Invite,30
8363,1512,2025-03-18 17:00:00,Dashboard View,1
8364,39,2026-04-22 18:01:00,Settings Update,5
8365,250,2026-05-21 19:29:00,Team Invite,0
8366,630,2026-04-19 12:21:00,Settings Update,2
8367,1791,2026-09-29 09:57:00,Dashboard View,5
8368,1140,2026-05-05 10:56:00,Dashboard View,1
8369,1005,2024-04-03 02:58:00,Settings Update,1
8370,629,2025-04-05 17:50:00,Dashboard View,5
8371,612,2026-08-09 04:37:00,User Login,0
8372,1457,2024-10-15 13:10:00,Dashboard View,10
8373,1128,2026-04-13 07:54:00,Settings Update,2
8374,285,2026-06-11 03:23:00,User Login,1
8375,1997,2025-07-12 06:38:00,Team Invite,5
8376,1741,2026-07-14 04:40:00,Data Import,1
8377,500,2026-08-13 03:21:00,Data Import,5
8378,1874,2026-06-24 22:10:00,Team Invite,5
8379,730,2025-12-01 14:22:00,Data Import,1
8380,1725,2025-11-10 07:23:00,Dashboard View,2
8381,706,2026-09-02 08:04:00,Report Export,10
8382,1669,2025-06-06 15:40:00,Data Import,15
8383,509,2026-03-03 18:31:00,Settings Update,1
8384,1582,2024-02-01 05:57:00,Report Export,15
8385,253,2026-05-07 07:43:00,Team Invite,5
8386,1345,2024-01-19 21:14:00,Report Export,5
8387,1333,2025-04-17 16:32:00,Settings Update,5
8388,971,2026-04-10 21:11:00,Team Invite,10
8389,63,2025-01-31 20:22:00,Report Export,0
8390,1734,2026-04-30 00:48:00,Settings Update,2
8391,1800,2025-02-08 12:48:00,Settings Update,15
8392,1416,2026-03-12 15:43:00,Team Invite,5
8393,386,2025-07-21 07:35:00,User Login,1
8394,1311,2026-05-01 15:13:00,User Login,10
8395,298,2024-06-23 14:34:00,Data Import,10
8396,1789,2026-08-21 05:54:00,Report Export,5
8397,1362,2023-02-19 23:17:00,Team Invite,5
8398,812,2026-01-05 02:28:00,Team Invite,2
8399,1706,2024-02-08 23:13:00,Settings Update,15
8400,1554,2025-12-29 17:27:00,Settings Update,15
8401,1191,2024-05-25 16:03:00,Settings Update,15
8402,213,2026-08-29 15:19:00,Data Import,2
8403,269,2026-04-24 10:40:00,Report Export,5
8404,20,2023-11-22 08:59:00,Dashboard View,15
8405,355,2025-11-08 07:54:00,User Login,10
8406,1150,2026-01-02 09:05:00,Dashboard View,2
8407,1237,2026-01-09 15:30:00,Team Invite,0
8408,1938,2026-07-06 19:14:00,Team Invite,10
8409,1373,2024-11-06 22:42:00,User Login,5
8410,1192,2023-03-10 07:27:00,Team Invite,2
8411,155,2025-12-01 16:33:00,Settings Update,5
8412,1209,2025-10-16 02:38:00,Dashboard View,0
8413,1872,2024-06-22 17:22:00,Data Import,2
8414,768,2026-08-13 15:48:00,Data Import,2
8415,996,2025-09-22 07:57:00,Settings Update,0
8416,1837,2025-12-28 03:30:00,Data Import,5
8417,1231,2024-05-18 15:39:00,Report Export,1
8418,1078,2025-11-08 06:15:00,User Login,1
8419,300,2025-03-20 00:44:00,Data Import,10
8420,822,2026-06-27 22:03:00,Team Invite,10
8421,342,2026-04-28 13:52:00,Settings Update,1
8422,1804,2026-05-04 22:23:00,Settings Update,10
8423,355,2025-07-29 16:27:00,Report Export,2
8424,1232,2025-07-22 12:13:00,Settings Update,2
8425,1392,2026-08-23 15:18:00,Report Export,1
8426,418,2026-07-25 18:03:00,Settings Update,10
8427,1766,2026-02-19 08:09:00,User Login,10
8428,1198,2025-09-07 13:14:00,Data Import,2
8429,1149,2025-11-06 00:16:00,Dashboard View,15
8430,1735,2026-07-23 09:21:00,Team Invite,15
8431,1865,2026-05-25 00:04:00,Settings Update,1
8432,929,2026-07-21 05:35:00,User Login,30
8433,650,2025-10-30 12:47:00,Settings Update,30
8434,1617,2026-01-26 06:19:00,Data Import,5
8435,1526,2026-08-20 14:53:00,Dashboard View,0
8436,215,2025-07-30 16:01:00,User Login,30
8437,663,2026-06-04 01:11:00,User Login,2
8438,275,2024-05-13 06:04:00,Data Import,15
8439,1395,2026-06-16 04:02:00,Report Export,0
8440,914,2026-02-02 11:31:00,Settings Update,2
8441,809,2026-04-19 11:33:00,Dashboard View,5
8442,614,2025-06-27 09:44:00,Data Import,5
8443,1756,2026-09-02 23:24:00,Team Invite,1
8444,813,2026-04-07 12:26:00,Team Invite,1
8445,1126,2026-03-17 03:11:00,Dashboard View,10
8446,1964,2025-07-30 19:31:00,User Login,10
8447,987,2025-12-08 01:16:00,Settings Update,2
8448,1652,2025-10-25 12:50:00,Team Invite,5
8449,715,2023-09-29 23:38:00,Team Invite,15
8450,178,2026-07-16 21:23:00,User Login,2
8451,1629,2026-04-01 19:55:00,Report Export,5
8452,1137,2023-12-02 20:12:00,User Login,1
8453,1396,2023-12-17 22:17:00,User Login,5
8454,1883,2026-06-08 07:57:00,Report Export,5
8455,1195,2025-05-12 23:03:00,Report Export,5
8456,950,2025-09-19 12:42:00,Report Export,5
8457,790,2025-04-24 21:55:00,Dashboard View,2
8458,184,2025-12-04 10:47:00,Dashboard View,1
8459,1720,2026-08-07 14:33:00,Data Import,0
8460,1676,2026-06-02 05:01:00,Dashboard View,0
8461,1192,2023-03-17 12:31:00,User Login,1
8462,856,2026-08-08 10:11:00,Team Invite,1
8463,1909,2026-07-04 20:19:00,User Login,2
8464,237,2025-04-15 10:34:00,Team Invite,2
8465,1960,2026-01-28 06:32:00,Data Import,0
8466,1064,2024-08-11 02:53:00,Dashboard View,2
8467,290,2023-12-10 05:16:00,Dashboard View,5
8468,981,2025-05-26 23:26:00,User Login,5
8469,1437,2026-03-04 03:39:00,Settings Update,2
8470,781,2024-10-02 11:12:00,Report Export,5
8471,934,2024-08-31 06:07:00,Dashboard View,10
8472,1685,2026-03-05 09:28:00,User Login,0
8473,396,2024-07-29 01:30:00,User Login,5
8474,1322,2025-09-29 07:15:00,Settings Update,2
8475,163,2025-08-17 09:05:00,Report Export,5
8476,1562,2026-02-22 15:52:00,Settings Update,5
8477,29,2024-11-20 14:48:00,Report Export,0
8478,1248,2024-05-19 10:10:00,Data Import,0
8479,2,2026-09-10 19:33:00,User Login,30
8480,734,2026-03-03 09:59:00,Team Invite,2
8481,1783,2025-01-19 00:18:00,User Login,2
8482,1122,2026-01-10 01:52:00,Dashboard View,30
8483,1613,2026-07-21 16:01:00,Settings Update,5
8484,393,2026-04-04 03:59:00,Dashboard View,2
8485,1104,2026-03-15 02:02:00,Dashboard View,0
8486,410,2026-06-03 03:23:00,Report Export,2
8487,1909,2026-03-29 20:08:00,User Login,30
8488,45,2024-10-08 23:20:00,User Login,15
8489,1043,2026-08-31 13:12:00,Settings Update,30
8490,1640,2025-03-08 02:38:00,User Login,1
8491,1116,2026-06-24 03:51:00,Settings Update,2
8492,899,2025-11-30 12:39:00,Dashboard View,10
8493,1015,2026-09-15 05:15:00,Report Export,5
8494,130,2026-07-21 06:36:00,Data Import,5
8495,1443,2026-08-24 11:12:00,Settings Update,5
8496,389,2026-06-02 12:08:00,Team Invite,2
8497,1246,2025-03-28 02:29:00,Settings Update,2
8498,204,2026-05-17 20:37:00,Report Export,5
8499,779,2026-06-05 20:23:00,User Login,5
8500,1480,2026-09-18 18:24:00,Team Invite,5
8501,415,2026-04-10 22:38:00,Team Invite,10
8502,743,2026-07-28 17:33:00,Dashboard View,10
8503,1061,2025-10-15 23:44:00,Settings Update,5
8504,836,2025-11-24 11:09:00,Dashboard View,15
8505,1750,2025-01-29 22:40:00,Team Invite,2
8506,975,2026-06-14 12:47:00,Data Import,30
8507,1888,2026-08-14 16:01:00,Dashboard View,0
8508,1900,2023-10-16 20:05:00,Settings Update,2
8509,1896,2026-03-28 21:47:00,User Login,15
8510,254,2026-08-28 00:10:00,Report Export,10
8511,104,2025-08-06 17:15:00,Data Import,5
8512,662,2026-03-07 15:49:00,Settings Update,5
8513,1425,2026-08-07 07:22:00,Report Export,2
8514,355,2026-07-19 07:58:00,Team Invite,15
8515,370,2026-01-14 12:52:00,Dashboard View,2
8516,1423,2026-06-07 01:25:00,Report Export,2
8517,10,2026-09-16 02:55:00,Team Invite,5
8518,1340,2024-11-13 12:06:00,Dashboard View,5
8519,1449,2026-05-20 22:03:00,Settings Update,10
8520,1867,2026-03-10 22:03:00,User Login,5
8521,1249,2025-09-13 23:11:00,Report Export,1
8522,398,2026-01-21 15:44:00,Report Export,2
8523,697,2025-01-28 23:03:00,Dashboard View,10
8524,1500,2025-09-24 06:07:00,Dashboard View,0
8525,349,2026-02-27 23:09:00,User Login,1
8526,233,2026-05-03 07:04:00,User Login,2
8527,1387,2026-09-06 03:39:00,Settings Update,15
8528,1122,2026-08-21 04:42:00,User Login,1
8529,572,2025-04-24 19:45:00,Data Import,5
8530,501,2024-12-31 09:27:00,Settings Update,1
8531,1602,2026-03-26 12:49:00,User Login,1
8532,312,2026-03-06 23:37:00,Team Invite,2
8533,1825,2026-06-20 07:37:00,Dashboard View,15
8534,919,2025-05-06 04:42:00,User Login,2
8535,432,2026-06-28 20:39:00,Dashboard View,1
8536,1081,2023-03-14 00:11:00,Report Export,5
8537,113,2026-08-23 21:46:00,User Login,0
8538,1650,2026-08-13 06:04:00,Data Import,0
8539,1371,2024-12-28 22:55:00,Report Export,2
8540,328,2024-10-08 18:13:00,Report Export,5
8541,1123,2024-12-08 10:40:00,Data Import,5
8542,1842,2026-06-28 14:22:00,Dashboard View,5
8543,1396,2025-10-14 05:15:00,Settings Update,5
8544,1149,2026-05-12 14:09:00,Data Import,0
8545,1621,2026-04-03 14:45:00,Dashboard View,1
8546,273,2026-08-17 21:48:00,Report Export,5
8547,1899,2024-12-31 18:01:00,Report Export,1
8548,633,2026-08-19 09:18:00,Report Export,5
8549,1439,2025-06-19 10:43:00,Report Export,1
8550,1829,2026-07-09 17:14:00,Report Export,5
8551,1666,2026-09-03 13:23:00,Dashboard View,10
8552,27,2024-08-17 05:33:00,Dashboard View,5
8553,1336,2026-03-27 17:39:00,Report Export,5
8554,614,2025-10-13 19:55:00,Dashboard View,1
8555,1745,2025-06-15 01:24:00,User Login,15
8556,1926,2024-03-26 20:56:00,Report Export,2
8557,1145,2026-08-23 01:24:00,Team Invite,10
8558,787,2026-08-13 12:04:00,Report Export,1
8559,1865,2026-09-07 09:30:00,Report Export,30
8560,994,2025-11-15 06:19:00,Dashboard View,30
8561,1105,2026-08-10 22:28:00,User Login,1
8562,1587,2025-10-27 20:12:00,Settings Update,2
8563,1126,2026-09-05 22:31:00,Team Invite,0
8564,911,2026-07-02 23:19:00,Team Invite,30
8565,210,2026-04-18 00:46:00,Settings Update,5
8566,1808,2024-05-18 03:25:00,Settings Update,5
8567,1811,2024-12-19 23:31:00,Settings Update,15
8568,1214,2026-08-19 11:15:00,Team Invite,2
8569,1393,2026-07-29 00:21:00,User Login,2
8570,48,2026-03-21 07:58:00,Data Import,10
8571,352,2025-09-01 14:20:00,User Login,2
8572,362,2026-09-14 00:23:00,Report Export,5
8573,1902,2025-04-07 06:25:00,Dashboard View,0
8574,34,2025-08-19 20:27:00,Team Invite,15
8575,1692,2026-03-15 10:06:00,Dashboard View,15
8576,200,2026-09-02 22:39:00,Data Import,0
8577,1279,2026-04-14 23:30:00,Report Export,2
8578,1786,2026-08-20 04:28:00,Dashboard View,2
8579,934,2025-05-12 04:54:00,Dashboard View,2
8580,502,2025-08-04 08:05:00,Data Import,10
8581,1498,2025-08-23 07:37:00,User Login,2
8582,516,2026-07-09 09:09:00,Team Invite,2
8583,1205,2023-11-22 19:54:00,Settings Update,10
8584,1259,2026-09-07 09:27:00,Data Import,0
8585,1091,2026-07-06 13:43:00,Data Import,2
8586,1869,2023-11-06 12:01:00,Report Export,1
8587,1149,2026-06-25 17:32:00,Settings Update,15
8588,1375,2026-07-23 18:30:00,Settings Update,10
8589,1253,2026-01-31 03:44:00,User Login,1
8590,1567,2025-01-27 22:45:00,Data Import,1
8591,1129,2023-10-15 16:00:00,Team Invite,5
8592,330,2025-11-12 03:19:00,Report Export,30
8593,1787,2023-07-23 21:09:00,Data Import,1
8594,24,2024-05-26 18:48:00,Team Invite,10
8595,1278,2024-02-01 09:10:00,Team Invite,2
8596,1424,2026-09-05 01:34:00,User Login,5
8597,1813,2026-08-14 07:16:00,User Login,5
8598,1,2026-06-30 18:28:00,Team Invite,5
8599,675,2026-08-27 01:48:00,User Login,0
8600,138,2026-06-11 03:41:00,Report Export,15
8601,941,2026-07-01 17:42:00,Team Invite,10
8602,1471,2025-09-06 21:45:00,Team Invite,0
8603,1323,2025-08-04 12:27:00,User Login,5
8604,976,2024-10-05 04:10:00,Report Export,15
8605,1753,2026-04-17 16:59:00,Data Import,2
8606,639,2025-04-07 02:05:00,User Login,5
8607,1553,2026-05-30 09:38:00,Team Invite,2
8608,1526,2025-05-15 02:43:00,Dashboard View,2
8609,22,2025-01-30 19:16:00,Team Invite,10
8610,1332,2025-03-30 11:59:00,Report Export,2
8611,250,2025-10-05 10:54:00,Dashboard View,5
8612,1315,2026-09-22 17:56:00,Report Export,0
8613,1697,2025-03-14 04:06:00,Team Invite,5
8614,1433,2026-06-20 15:51:00,Dashboard View,2
8615,1195,2024-01-15 11:25:00,Dashboard View,0
8616,120,2025-09-27 04:27:00,Dashboard View,5
8617,780,2026-09-16 21:56:00,Data Import,0
8618,1797,2025-01-16 23:56:00,Dashboard View,5
8619,871,2025-01-31 01:56:00,Dashboard View,2
8620,1566,2026-07-19 22:18:00,Data Import,2
8621,1482,2024-12-09 16:56:00,Report Export,30
8622,1601,2025-01-04 19:16:00,Report Export,15
8623,1272,2026-06-21 02:07:00,User Login,15
8624,886,2026-02-08 19:30:00,Report Export,5
8625,1075,2025-07-10 04:20:00,Settings Update,2
8626,615,2026-05-03 11:39:00,Dashboard View,10
8627,1996,2026-05-31 06:58:00,User Login,2
8628,1185,2026-08-21 06:14:00,Data Import,2
8629,1131,2025-08-23 06:35:00,Settings Update,0
8630,1001,2024-04-14 12:37:00,Data Import,2
8631,900,2026-07-26 11:27:00,Settings Update,15
8632,1256,2024-08-30 19:40:00,Report Export,2
8633,1636,2025-04-29 13:33:00,Dashboard View,5
8634,676,2026-09-10 21:36:00,User Login,2
8635,1296,2024-11-24 06:05:00,Data Import,10
8636,857,2024-01-25 13:31:00,Team Invite,2
8637,310,2023-12-06 06:43:00,User Login,10
8638,888,2025-09-03 19:18:00,Team Invite,5
8639,1915,2025-07-30 14:40:00,Report Export,10
8640,277,2025-07-09 11:20:00,Team Invite,5
8641,1228,2026-09-04 18:34:00,User Login,2
8642,215,2026-01-16 09:33:00,Settings Update,15
8643,1382,2026-03-19 22:14:00,User Login,10
8644,1778,2025-06-23 19:36:00,User Login,30
8645,138,2026-06-27 08:31:00,Dashboard View,2
8646,1404,2026-09-14 18:43:00,User Login,5
8647,1694,2026-03-05 18:16:00,Team Invite,2
8648,1276,2025-09-21 22:39:00,User Login,0
8649,80,2026-02-20 14:52:00,Data Import,0
8650,1041,2025-10-16 03:53:00,Report Export,15
8651,517,2024-08-20 10:54:00,Report Export,30
8652,277,2025-01-05 05:08:00,User Login,2
8653,1434,2026-08-22 06:44:00,Team Invite,0
8654,1609,2026-03-01 05:07:00,Settings Update,2
8655,691,2026-09-30 07:08:00,Team Invite,2
8656,1694,2026-05-27 19:04:00,User Login,30
8657,528,2026-07-18 20:45:00,Settings Update,2
8658,1317,2024-10-05 05:28:00,Team Invite,30
8659,1629,2026-02-21 16:51:00,Dashboard View,2
8660,1610,2025-12-06 15:03:00,Dashboard View,10
8661,852,2026-09-11 16:31:00,Report Export,10
8662,10,2026-09-29 04:51:00,Settings Update,2
8663,265,2024-04-29 11:47:00,User Login,5
8664,477,2026-01-24 08:03:00,Settings Update,5
8665,301,2026-08-07 17:55:00,Report Export,2
8666,1897,2025-12-10 05:47:00,Settings Update,5
8667,1896,2026-09-02 13:15:00,Dashboard View,0
8668,1164,2026-08-28 17:29:00,Report Export,2
8669,614,2024-12-23 14:31:00,Team Invite,2
8670,1910,2026-07-16 23:48:00,Dashboard View,30
8671,1826,2026-07-12 16:09:00,Dashboard View,2
8672,335,2024-05-22 04:29:00,User Login,1
8673,1549,2026-06-12 14:18:00,Team Invite,15
8674,1656,2026-07-11 21:30:00,Settings Update,5
8675,1314,2026-06-30 08:12:00,User Login,5
8676,1144,2025-08-09 05:17:00,Report Export,5
8677,1027,2023-10-09 08:01:00,Team Invite,2
8678,1706,2023-05-18 23:21:00,Settings Update,0
8679,1477,2026-09-26 18:40:00,Data Import,1
8680,876,2025-04-13 14:03:00,Data Import,5
8681,1297,2024-12-27 17:50:00,Settings Update,15
8682,955,2026-03-15 06:44:00,Data Import,0
8683,1322,2024-11-23 05:34:00,Team Invite,2
8684,771,2026-09-11 16:43:00,Settings Update,1
8685,284,2025-12-19 02:40:00,User Login,0
8686,1952,2025-05-26 17:11:00,Report Export,15
8687,1709,2026-09-13 03:36:00,Data Import,0
8688,416,2026-02-16 18:44:00,User Login,5
8689,1307,2026-08-25 19:50:00,Report Export,1
8690,907,2026-02-16 07:22:00,Settings Update,5
8691,578,2025-05-03 08:37:00,Dashboard View,5
8692,840,2026-03-06 20:55:00,Settings Update,0
8693,1032,2023-12-29 07:44:00,Team Invite,1
8694,1443,2026-05-03 19:26:00,Team Invite,5
8695,1457,2025-02-07 21:17:00,User Login,2
8696,1068,2026-09-15 07:56:00,Report Export,2
8697,777,2026-04-20 16:33:00,Team Invite,15
8698,1567,2024-11-27 16:10:00,Report Export,2
8699,818,2026-08-06 15:31:00,User Login,5
8700,68,2026-06-21 09:11:00,Settings Update,10
8701,642,2026-06-26 14:53:00,User Login,0
8702,287,2024-03-26 13:34:00,Dashboard View,5
8703,1475,2026-09-09 08:55:00,User Login,10
8704,793,2026-04-23 07:09:00,Team Invite,0
8705,1816,2026-06-10 09:24:00,Dashboard View,1
8706,525,2026-05-18 02:46:00,Report Export,5
8707,1099,2025-07-24 21:28:00,Report Export,1
8708,1209,2025-11-25 23:07:00,Team Invite,5
8709,1789,2026-06-27 18:09:00,Team Invite,2
8710,1497,2025-12-25 10:43:00,Dashboard View,1
8711,679,2025-10-29 01:53:00,Report Export,0
8712,1330,2025-01-22 02:20:00,Team Invite,10
8713,341,2026-04-06 21:44:00,Team Invite,5
8714,27,2025-11-23 13:04:00,Report Export,2
8715,1253,2025-09-01 01:07:00,Settings Update,10
8716,1834,2026-06-18 23:14:00,Data Import,10
8717,1218,2026-08-03 07:00:00,Settings Update,5
8718,840,2025-09-15 15:09:00,User Login,15
8719,1065,2026-01-15 03:26:00,Team Invite,2
8720,629,2026-01-06 13:12:00,Report Export,5
8721,1708,2025-11-09 09:47:00,Dashboard View,10
8722,464,2026-05-27 00:25:00,Data Import,2
8723,206,2025-03-14 08:40:00,Dashboard View,10
8724,1067,2025-12-08 21:10:00,Dashboard View,5
8725,968,2025-11-06 20:54:00,Settings Update,2
8726,1902,2025-07-29 18:11:00,Report Export,10
8727,580,2026-05-30 15:06:00,Settings Update,2
8728,854,2024-09-15 21:28:00,Report Export,1
8729,610,2025-07-05 00:42:00,User Login,2
8730,1375,2026-02-19 14:54:00,Team Invite,2
8731,11,2026-09-25 00:06:00,Team Invite,5
8732,1918,2025-08-08 14:51:00,Team Invite,15
8733,874,2026-05-14 18:38:00,Team Invite,2
8734,706,2026-08-18 12:01:00,User Login,30
8735,299,2025-01-10 01:35:00,Data Import,5
8736,784,2026-03-16 22:09:00,Dashboard View,10
8737,711,2025-06-02 05:11:00,Team Invite,2
8738,930,2024-12-02 17:03:00,Report Export,30
8739,1607,2026-07-21 16:52:00,Dashboard View,10
8740,1721,2025-04-29 20:53:00,Report Export,5
8741,124,2025-12-23 22:56:00,Data Import,5
8742,384,2026-02-02 01:37:00,User Login,10
8743,1793,2024-06-04 23:29:00,Data Import,0
8744,1417,2026-05-31 18:29:00,Data Import,10
8745,1947,2025-01-01 05:52:00,Dashboard View,5
8746,19,2026-03-12 13:31:00,User Login,10
8747,1743,2026-07-18 02:32:00,Settings Update,30
8748,24,2024-01-25 12:12:00,Team Invite,5
8749,1609,2026-01-11 16:17:00,Report Export,15
8750,1881,2026-05-01 07:59:00,Report Export,2
8751,1121,2026-08-20 18:06:00,Report Export,2
8752,1837,2026-04-09 23:27:00,Data Import,5
8753,954,2025-12-30 17:31:00,Settings Update,1
8754,1485,2025-12-04 08:43:00,Dashboard View,10
8755,1752,2026-01-27 12:11:00,Team Invite,1
8756,76,2024-10-22 12:52:00,User Login,0
8757,1742,2026-05-22 09:26:00,Dashboard View,5
8758,947,2026-03-17 15:05:00,Team Invite,2
8759,1568,2026-06-01 02:33:00,Dashboard View,2
8760,861,2024-11-29 08:56:00,Team Invite,5
8761,1186,2023-07-31 04:37:00,Team Invite,15
8762,880,2025-02-01 04:09:00,Settings Update,0
8763,1510,2026-08-27 05:38:00,User Login,5
8764,1046,2023-02-03 02:13:00,Data Import,5
8765,1531,2026-01-24 18:27:00,User Login,15
8766,1103,2026-06-18 12:30:00,Data Import,0
8767,883,2025-11-02 06:28:00,User Login,30
8768,52,2024-08-10 19:55:00,Team Invite,15
8769,986,2024-10-01 19:38:00,Dashboard View,2
8770,1924,2026-06-27 07:39:00,User Login,5
8771,1677,2023-12-19 10:56:00,Report Export,0
8772,1893,2026-08-27 06:13:00,User Login,10
8773,1790,2025-12-16 03:18:00,User Login,30
8774,1708,2026-01-21 03:22:00,Dashboard View,0
8775,1303,2026-06-15 21:35:00,Settings Update,5
8776,1452,2025-08-06 15:03:00,Report Export,1
8777,1706,2024-01-03 09:46:00,Settings Update,5
8778,485,2026-08-02 01:19:00,Report Export,2
8779,706,2026-07-23 14:41:00,User Login,2
8780,1887,2026-06-15 07:36:00,Data Import,0
8781,175,2026-05-10 04:31:00,Data Import,30
8782,1611,2025-05-18 22:33:00,Report Export,5
8783,756,2026-05-25 09:57:00,User Login,5
8784,1740,2024-09-27 14:42:00,Dashboard View,0
8785,1211,2024-04-01 08:41:00,User Login,5
8786,1254,2026-01-22 15:53:00,Settings Update,5
8787,421,2024-12-25 15:07:00,Team Invite,0
8788,412,2026-05-18 03:55:00,User Login,0
8789,1132,2025-12-19 03:26:00,Data Import,0
8790,1652,2025-12-05 14:03:00,Report Export,10
8791,900,2026-01-17 02:13:00,Data Import,1
8792,313,2026-02-07 03:27:00,Settings Update,15
8793,675,2026-05-14 22:45:00,Settings Update,2
8794,704,2025-12-06 05:40:00,Team Invite,10
8795,952,2024-11-16 08:17:00,Team Invite,15
8796,709,2024-05-04 19:53:00,Team Invite,5
8797,1291,2025-11-30 18:44:00,Team Invite,1
8798,70,2025-06-25 09:56:00,Settings Update,1
8799,1837,2026-04-25 05:12:00,User Login,5
8800,1701,2024-07-07 11:43:00,Settings Update,10
8801,1382,2026-06-29 12:34:00,User Login,30
8802,659,2024-11-27 12:26:00,Dashboard View,1
8803,1894,2024-05-25 12:22:00,Data Import,5
8804,1928,2025-05-02 11:06:00,Dashboard View,2
8805,1872,2024-04-27 07:20:00,Data Import,2
8806,211,2026-01-11 21:03:00,Team Invite,30
8807,1380,2025-02-17 13:25:00,Team Invite,0
8808,868,2026-09-03 15:42:00,Report Export,5
8809,385,2025-10-06 00:02:00,Settings Update,10
8810,1502,2026-08-20 06:34:00,Dashboard View,15
8811,1853,2026-02-19 07:46:00,Settings Update,5
8812,480,2026-06-02 16:08:00,Report Export,2
8813,1438,2024-11-17 00:38:00,Team Invite,5
8814,1826,2026-08-24 21:33:00,User Login,1
8815,1794,2024-05-07 18:06:00,User Login,1
8816,14,2025-05-31 13:21:00,Dashboard View,2
8817,86,2026-04-02 08:52:00,User Login,1
8818,669,2025-08-31 10:30:00,Team Invite,0
8819,1256,2025-01-24 10:32:00,User Login,15
8820,993,2023-09-18 05:00:00,Dashboard View,5
8821,720,2025-07-07 21:23:00,Dashboard View,5
8822,223,2026-01-19 14:33:00,Settings Update,0
8823,117,2026-08-03 10:59:00,Report Export,5
8824,1569,2025-09-29 04:14:00,Report Export,2
8825,1360,2025-09-07 06:41:00,Report Export,2
8826,351,2025-01-14 05:41:00,Dashboard View,15
8827,1387,2024-11-11 06:50:00,Dashboard View,1
8828,1056,2024-07-24 07:44:00,Dashboard View,1
8829,1289,2025-08-29 07:08:00,Report Export,30
8830,1831,2026-02-09 23:37:00,Dashboard View,15
8831,1684,2026-07-23 20:16:00,Data Import,5
8832,1341,2026-07-01 07:00:00,Settings Update,5
8833,1052,2023-09-28 03:53:00,Dashboard View,10
8834,912,2023-10-24 23:53:00,Settings Update,5
8835,1690,2026-02-14 15:33:00,Data Import,2
8836,1900,2024-03-31 09:40:00,Team Invite,1
8837,497,2025-06-13 21:49:00,User Login,5
8838,449,2026-07-31 01:49:00,Dashboard View,5
8839,1040,2026-09-05 21:02:00,Report Export,1
8840,817,2023-09-14 06:25:00,Report Export,5
8841,669,2025-03-05 13:01:00,Data Import,0
8842,499,2026-03-28 11:06:00,Dashboard View,2
8843,1638,2026-04-17 21:49:00,User Login,5
8844,1840,2026-09-09 09:55:00,Data Import,5
8845,924,2025-11-07 07:26:00,Report Export,2
8846,1729,2025-12-19 00:15:00,Data Import,5
8847,258,2026-06-12 00:10:00,User Login,10
8848,383,2026-02-20 12:56:00,Settings Update,5
8849,1932,2026-08-30 04:40:00,Settings Update,5
8850,267,2024-10-19 19:19:00,Team Invite,0
8851,1204,2026-09-28 15:21:00,Dashboard View,10
8852,143,2026-06-20 05:36:00,Report Export,5
8853,1738,2025-04-21 00:36:00,Settings Update,2
8854,857,2025-08-21 17:36:00,Data Import,5
8855,563,2025-02-03 19:43:00,Settings Update,5
8856,1554,2026-07-04 14:04:00,Report Export,15
8857,78,2026-04-04 05:57:00,Settings Update,1
8858,1149,2025-12-18 09:11:00,Team Invite,1
8859,435,2026-07-17 09:47:00,Report Export,1
8860,192,2026-07-01 07:56:00,Report Export,10
8861,1811,2024-03-11 20:03:00,Data Import,10
8862,340,2026-01-11 10:24:00,Dashboard View,1
8863,1541,2024-07-20 19:12:00,Team Invite,0
8864,693,2026-02-22 15:41:00,Report Export,0
8865,49,2026-05-24 11:09:00,Dashboard View,0
8866,1424,2026-02-25 10:22:00,User Login,5
8867,172,2026-05-06 13:00:00,User Login,10
8868,457,2026-09-02 03:17:00,Report Export,5
8869,577,2025-03-17 07:31:00,Report Export,0
8870,467,2025-09-03 19:26:00,Report Export,15
8871,848,2025-09-26 00:02:00,Team Invite,5
8872,1965,2026-04-02 12:48:00,Report Export,15
8873,1300,2025-09-21 10:08:00,User Login,5
8874,1244,2025-10-27 12:31:00,Data Import,5
8875,182,2025-08-24 18:06:00,Data Import,1
8876,17,2024-09-13 15:23:00,User Login,5
8877,636,2024-01-19 09:15:00,Dashboard View,10
8878,60,2025-12-09 07:37:00,Settings Update,5
8879,1432,2026-09-25 09:10:00,Settings Update,2
8880,1455,2026-05-09 06:46:00,User Login,1
8881,1900,2026-06-04 08:56:00,Report Export,5
8882,578,2024-05-31 17:44:00,Team Invite,5
8883,1591,2026-05-31 11:26:00,Team Invite,1
8884,17,2024-07-26 21:34:00,Data Import,1
8885,312,2026-09-04 01:03:00,Data Import,5
8886,828,2024-10-18 17:56:00,Team Invite,2
8887,191,2025-10-29 11:36:00,User Login,2
8888,1881,2026-06-24 01:12:00,Report Export,15
8889,1061,2026-03-08 00:15:00,Settings Update,2
8890,84,2026-05-20 21:35:00,Settings Update,5
8891,573,2025-09-05 07:42:00,Data Import,5
8892,18,2026-06-03 23:51:00,Dashboard View,2
8893,1108,2026-01-05 13:35:00,Dashboard View,1
8894,1286,2026-07-19 06:43:00,Team Invite,30
8895,1763,2024-09-24 04:17:00,Team Invite,2
8896,1579,2024-05-07 13:21:00,Data Import,2
8897,748,2026-05-24 15:42:00,User Login,1
8898,1662,2025-07-17 10:42:00,Data Import,15
8899,1999,2025-10-14 04:29:00,Data Import,30
8900,1126,2025-11-03 14:59:00,Settings Update,5
8901,957,2024-01-11 11:37:00,Settings Update,2
8902,1795,2026-06-26 12:06:00,User Login,1
8903,464,2026-05-11 01:26:00,Team Invite,5
8904,1934,2025-05-05 15:46:00,Team Invite,0
8905,1482,2026-07-07 15:19:00,Dashboard View,5
8906,130,2025-06-21 12:01:00,Report Export,5
8907,933,2026-08-10 01:01:00,Team Invite,30
8908,917,2025-07-05 03:01:00,User Login,15
8909,1042,2025-03-27 04:49:00,Report Export,1
8910,731,2026-03-24 12:36:00,Settings Update,10
8911,1850,2026-05-31 00:03:00,Settings Update,5
8912,1729,2025-07-27 09:33:00,Data Import,5
8913,1238,2026-08-12 12:43:00,Data Import,2
8914,1433,2026-04-02 05:17:00,Team Invite,1
8915,296,2026-01-26 01:27:00,Settings Update,0
8916,1611,2026-03-03 05:50:00,Team Invite,1
8917,1458,2024-02-10 23:49:00,Settings Update,2
8918,296,2024-03-13 17:26:00,User Login,2
8919,1741,2026-01-11 06:51:00,Team Invite,5
8920,990,2024-11-23 13:46:00,User Login,2
8921,760,2026-07-03 09:43:00,Settings Update,2
8922,922,2026-09-12 15:52:00,Team Invite,5
8923,716,2026-02-13 18:46:00,User Login,15
8924,1828,2026-04-08 02:49:00,Settings Update,5
8925,986,2023-10-18 09:45:00,Settings Update,15
8926,1086,2026-01-06 00:59:00,User Login,1
8927,980,2026-09-19 17:53:00,User Login,2
8928,911,2026-06-25 22:26:00,User Login,10
8929,337,2026-06-07 12:47:00,Settings Update,1
8930,854,2024-09-06 10:42:00,Team Invite,5
8931,818,2025-01-26 01:30:00,Team Invite,2
8932,95,2026-01-11 20:52:00,Report Export,15
8933,1104,2024-09-20 22:01:00,User Login,2
8934,1203,2025-10-27 22:39:00,User Login,1
8935,1730,2026-05-24 02:41:00,Report Export,15
8936,293,2025-03-14 10:38:00,Team Invite,1
8937,265,2024-12-05 21:52:00,Dashboard View,2
8938,1400,2025-10-26 08:10:00,Dashboard View,10
8939,1067,2024-09-21 10:54:00,Data Import,30
8940,701,2026-02-27 21:51:00,Dashboard View,2
8941,627,2025-11-05 17:59:00,Report Export,2
8942,116,2026-02-25 23:24:00,Team Invite,5
8943,1569,2026-08-28 04:02:00,Data Import,0
8944,396,2025-01-14 22:49:00,Dashboard View,2
8945,622,2025-05-29 22:34:00,Report Export,2
8946,581,2025-10-02 16:15:00,Data Import,10
8947,1992,2026-06-29 14:03:00,User Login,0
8948,988,2024-05-12 08:38:00,User Login,2
8949,293,2025-01-24 12:39:00,Dashboard View,5
8950,1713,2026-06-22 01:15:00,Report Export,2
8951,374,2025-11-17 09:04:00,User Login,30
8952,937,2026-01-08 22:49:00,Report Export,10
8953,1531,2026-02-12 21:06:00,User Login,0
8954,748,2025-09-09 09:20:00,Settings Update,2
8955,1273,2024-02-29 03:10:00,User Login,15
8956,986,2024-01-06 01:36:00,Team Invite,5
8957,1858,2023-12-04 05:28:00,Dashboard View,5
8958,1178,2025-12-17 06:05:00,Data Import,1
8959,190,2026-07-20 03:30:00,Settings Update,10
8960,1477,2024-08-23 11:57:00,Team Invite,30
8961,1424,2026-01-14 11:26:00,Report Export,2
8962,1112,2025-09-13 08:42:00,User Login,5
8963,693,2023-06-03 09:48:00,Data Import,2
8964,793,2024-06-14 23:26:00,Report Export,5
8965,467,2025-10-08 20:42:00,Team Invite,5
8966,634,2025-10-05 05:35:00,Team Invite,10
8967,1083,2025-12-06 02:51:00,Dashboard View,10
8968,414,2025-07-23 07:22:00,Data Import,1
8969,241,2025-04-04 07:07:00,Dashboard View,5
8970,1407,2026-04-19 23:03:00,User Login,10
8971,586,2025-10-08 09:30:00,Settings Update,10
8972,420,2023-09-15 08:54:00,Settings Update,5
8973,1462,2026-06-12 00:15:00,Dashboard View,10
8974,463,2026-04-27 18:38:00,Dashboard View,2
8975,1993,2026-06-10 10:45:00,Dashboard View,1
8976,948,2026-07-29 14:03:00,User Login,2
8977,1735,2026-06-06 19:13:00,Dashboard View,10
8978,656,2026-09-25 14:27:00,Team Invite,5
8979,596,2026-06-07 12:37:00,Team Invite,1
8980,46,2024-02-09 11:18:00,Report Export,5
8981,441,2025-05-01 15:17:00,Dashboard View,10
8982,1032,2025-02-03 03:28:00,Data Import,2
8983,595,2025-04-19 07:48:00,Settings Update,15
8984,1718,2024-07-11 10:34:00,Team Invite,1
8985,503,2026-06-02 21:22:00,Data Import,1
8986,468,2026-08-29 06:15:00,Settings Update,10
8987,1738,2025-12-21 03:31:00,User Login,5
8988,1050,2026-08-23 01:18:00,Report Export,5
8989,178,2026-09-26 01:00:00,User Login,1
8990,6,2025-02-05 19:40:00,Team Invite,10
8991,721,2023-08-11 14:50:00,User Login,1
8992,10,2024-09-17 16:27:00,Settings Update,5
8993,1765,2026-03-31 13:38:00,Dashboard View,5
8994,1607,2025-01-05 07:35:00,Report Export,10
8995,117,2026-06-10 05:03:00,Dashboard View,5
8996,239,2026-04-29 19:46:00,Settings Update,5
8997,240,2026-08-22 12:35:00,Data Import,15
8998,1176,2026-09-25 16:53:00,Settings Update,2
8999,1275,2026-04-22 19:33:00,Team Invite,1
9000,789,2025-04-08 12:38:00,Dashboard View,5
9001,864,2026-02-26 03:00:00,Settings Update,2
9002,453,2024-05-05 16:46:00,Report Export,15
9003,1561,2024-05-14 21:54:00,Report Export,5
9004,1449,2024-04-16 05:15:00,Data Import,1
9005,649,2026-06-08 21:31:00,Report Export,5
9006,77,2025-11-14 19:08:00,Team Invite,2
9007,1333,2025-02-01 17:54:00,Team Invite,10
9008,910,2025-08-07 01:26:00,Settings Update,2
9009,1773,2026-06-27 14:31:00,User Login,5
9010,1491,2026-09-25 14:34:00,Settings Update,5
9011,389,2025-12-22 16:40:00,Data Import,10
9012,1030,2024-11-05 19:31:00,Report Export,0
9013,81,2026-03-10 22:27:00,Report Export,1
9014,686,2025-06-27 16:36:00,Settings Update,30
9015,725,2026-04-22 09:32:00,Settings Update,10
9016,1995,2025-02-22 12:29:00,Team Invite,0
9017,1535,2026-02-14 18:44:00,Team Invite,5
9018,734,2025-09-14 00:13:00,Settings Update,0
9019,1475,2026-03-05 20:03:00,Data Import,1
9020,1144,2025-10-20 00:05:00,Data Import,15
9021,144,2026-07-13 00:00:00,Data Import,5
9022,431,2026-07-17 21:12:00,Data Import,5
9023,658,2026-09-24 09:50:00,Report Export,2
9024,815,2026-01-02 08:58:00,Dashboard View,30
9025,905,2026-09-06 16:19:00,Report Export,15
9026,1769,2026-06-09 12:01:00,Dashboard View,10
9027,1525,2026-03-18 05:49:00,Data Import,5
9028,1169,2026-09-16 03:44:00,User Login,5
9029,1426,2025-03-01 20:52:00,Data Import,1
9030,1381,2026-01-09 18:12:00,Team Invite,2
9031,534,2026-01-31 10:36:00,Settings Update,0
9032,1518,2026-07-12 21:43:00,Team Invite,0
9033,1259,2025-04-13 18:50:00,Data Import,10
9034,1148,2026-08-18 02:45:00,Team Invite,5
9035,596,2026-07-06 22:11:00,Data Import,10
9036,630,2026-01-26 15:45:00,Data Import,10
9037,639,2026-08-31 05:20:00,Settings Update,2
9038,155,2025-03-04 04:35:00,User Login,10
9039,684,2025-08-10 18:48:00,Team Invite,1
9040,1512,2026-01-28 20:32:00,Report Export,1
9041,101,2025-07-20 04:34:00,User Login,5
9042,710,2024-07-26 03:43:00,Dashboard View,0
9043,937,2025-01-01 10:38:00,Dashboard View,0
9044,376,2025-09-16 14:01:00,Team Invite,10
9045,588,2023-12-12 08:32:00,Report Export,1
9046,1548,2026-01-20 00:11:00,Data Import,5
9047,1033,2025-07-08 17:23:00,Data Import,15
9048,428,2026-06-29 07:38:00,User Login,2
9049,1311,2026-02-03 00:34:00,Data Import,2
9050,278,2026-05-02 12:10:00,Data Import,10
9051,1202,2026-07-17 03:17:00,Team Invite,30
9052,1701,2024-11-02 10:13:00,Settings Update,10
9053,1940,2026-08-12 10:26:00,Settings Update,10
9054,953,2026-03-07 00:30:00,Dashboard View,1
9055,1439,2026-08-05 19:35:00,Settings Update,5
9056,417,2025-07-26 06:24:00,Report Export,15
9057,99,2024-03-03 11:57:00,Team Invite,1
9058,1879,2026-07-16 06:29:00,Data Import,10
9059,1623,2026-09-08 02:07:00,Settings Update,2
9060,1119,2026-08-12 17:37:00,Dashboard View,2
9061,1177,2024-12-13 17:54:00,Data Import,2
9062,1166,2024-06-27 01:54:00,Report Export,2
9063,659,2026-05-01 14:32:00,Report Export,2
9064,950,2024-09-14 03:13:00,Dashboard View,1
9065,1772,2023-09-18 07:28:00,Report Export,15
9066,709,2024-11-22 01:54:00,Data Import,5
9067,412,2026-04-14 00:51:00,Dashboard View,2
9068,1992,2026-09-20 17:46:00,Data Import,5
9069,1680,2025-10-07 01:39:00,Team Invite,1
9070,1023,2025-09-30 19:34:00,User Login,2
9071,1886,2024-11-21 02:01:00,Report Export,10
9072,1425,2024-01-01 23:18:00,User Login,2
9073,1102,2025-12-20 18:51:00,Team Invite,1
9074,1980,2026-03-31 00:50:00,User Login,15
9075,138,2026-07-08 05:43:00,Data Import,15
9076,164,2026-07-01 02:28:00,User Login,5
9077,1045,2026-01-20 18:20:00,Dashboard View,10
9078,613,2026-06-18 20:44:00,Dashboard View,0
9079,820,2024-12-24 04:20:00,Dashboard View,0
9080,925,2026-07-29 10:39:00,Dashboard View,5
9081,578,2026-08-19 17:41:00,Settings Update,0
9082,1230,2026-08-07 05:12:00,Settings Update,10
9083,453,2025-04-28 00:44:00,Data Import,5
9084,993,2023-06-26 14:46:00,Team Invite,0
9085,888,2025-07-16 23:22:00,User Login,5
9086,1835,2025-10-12 04:30:00,Report Export,5
9087,1616,2026-08-24 07:04:00,Team Invite,0
9088,1499,2025-11-03 18:32:00,Report Export,1
9089,1672,2025-04-21 16:45:00,Settings Update,5
9090,1620,2023-06-09 03:27:00,Report Export,5
9091,1402,2025-11-16 08:22:00,Dashboard View,2
9092,1931,2025-05-27 02:13:00,User Login,0
9093,536,2025-08-26 17:42:00,Data Import,5
9094,1067,2025-09-14 07:07:00,Data Import,10
9095,1640,2024-05-06 20:29:00,Team Invite,2
9096,1154,2026-01-07 19:45:00,Dashboard View,15
9097,208,2026-04-28 23:24:00,Data Import,2
9098,1212,2024-08-08 17:01:00,User Login,1
9099,1184,2024-11-18 04:47:00,User Login,5
9100,1025,2025-10-06 01:28:00,Report Export,2
9101,1723,2026-06-15 19:12:00,Report Export,5
9102,1364,2024-11-05 00:09:00,Dashboard View,10
9103,1578,2025-11-26 05:51:00,Report Export,0
9104,440,2026-07-25 09:21:00,Report Export,5
9105,424,2025-03-17 18:29:00,Settings Update,2
9106,1678,2026-02-04 10:55:00,Report Export,10
9107,1858,2025-01-31 04:24:00,User Login,0
9108,67,2024-09-22 17:09:00,Dashboard View,1
9109,846,2025-09-26 00:48:00,Data Import,10
9110,89,2026-04-23 04:23:00,Data Import,0
9111,97,2025-12-27 05:38:00,Data Import,1
9112,1616,2026-09-21 13:18:00,Team Invite,5
9113,1564,2025-05-30 00:30:00,Dashboard View,1
9114,692,2025-04-03 05:04:00,Data Import,2
9115,280,2025-08-06 08:09:00,Dashboard View,2
9116,1892,2024-12-24 18:56:00,Data Import,10
9117,728,2026-07-17 09:07:00,Team Invite,5
9118,32,2024-12-03 10:16:00,Settings Update,0
9119,660,2024-12-21 23:55:00,User Login,5
9120,1703,2025-02-25 19:09:00,Data Import,0
9121,1260,2026-03-19 16:24:00,User Login,2
9122,1901,2024-06-28 16:55:00,User Login,15
9123,1730,2026-03-17 14:17:00,Settings Update,10
9124,1136,2026-08-13 00:00:00,User Login,0
9125,81,2025-07-08 01:58:00,Report Export,1
9126,758,2026-06-03 14:29:00,Data Import,1
9127,1802,2025-03-05 06:23:00,Settings Update,10
9128,323,2026-09-21 08:46:00,Data Import,2
9129,1600,2026-06-04 00:28:00,User Login,30
9130,628,2025-07-16 16:57:00,Settings Update,5
9131,1634,2025-01-28 11:39:00,Report Export,5
9132,1198,2026-07-21 15:23:00,Team Invite,15
9133,241,2025-06-19 04:20:00,Team Invite,5
9134,1019,2026-08-20 09:09:00,Report Export,1
9135,3,2026-08-22 06:49:00,User Login,10
9136,1635,2026-01-01 00:00:00,Dashboard View,2
9137,383,2026-04-19 05:15:00,Report Export,10
9138,224,2026-07-08 09:08:00,Team Invite,15
9139,541,2026-05-07 15:37:00,Report Export,10
9140,672,2025-06-19 16:18:00,Report Export,0
9141,991,2024-04-12 22:32:00,Data Import,2
9142,24,2023-11-01 07:45:00,Data Import,1
9143,552,2026-01-26 01:41:00,Report Export,1
9144,477,2025-08-26 07:36:00,Report Export,15
9145,1515,2023-04-11 11:44:00,User Login,1
9146,1558,2025-12-12 21:28:00,Report Export,0
9147,740,2025-06-06 15:55:00,User Login,5
9148,1912,2025-02-16 16:54:00,User Login,2
9149,272,2025-09-03 07:01:00,Dashboard View,10
9150,1767,2024-03-15 16:03:00,Report Export,0
9151,1619,2024-07-15 16:28:00,Settings Update,10
9152,563,2023-12-27 12:13:00,Team Invite,15
9153,16,2026-03-13 09:48:00,User Login,2
9154,149,2025-09-12 21:25:00,Settings Update,5
9155,1920,2024-05-24 05:38:00,Settings Update,0
9156,1658,2026-08-03 02:10:00,Settings Update,15
9157,15,2024-04-27 18:05:00,User Login,5
9158,59,2025-12-02 18:53:00,Team Invite,5
9159,1715,2026-08-24 14:41:00,Dashboard View,5
9160,689,2025-09-08 15:33:00,Data Import,30
9161,1149,2026-03-03 12:27:00,Dashboard View,1
9162,1457,2025-04-03 15:45:00,Team Invite,10
9163,1490,2025-01-17 09:06:00,Data Import,10
9164,738,2026-01-30 09:13:00,User Login,15
9165,688,2026-09-27 05:18:00,Settings Update,0
9166,298,2024-06-23 16:00:00,Dashboard View,30
9167,1262,2025-12-11 11:22:00,Settings Update,2
9168,563,2024-11-17 14:59:00,Report Export,2
9169,800,2025-03-05 01:51:00,User Login,1
9170,1475,2026-03-08 20:59:00,Settings Update,0
9171,221,2025-11-03 08:27:00,Team Invite,2
9172,1021,2025-12-30 01:46:00,Data Import,2
9173,515,2026-06-10 08:50:00,Report Export,0
9174,365,2026-06-27 01:15:00,Settings Update,10
9175,865,2026-01-14 03:09:00,Settings Update,2
9176,380,2026-05-27 18:08:00,User Login,10
9177,400,2026-03-09 01:57:00,Team Invite,30
9178,69,2025-09-10 03:04:00,Report Export,10
9179,1243,2026-01-09 21:51:00,Report Export,10
9180,320,2026-05-19 23:27:00,Dashboard View,2
9181,522,2026-08-25 04:22:00,Team Invite,0
9182,1864,2026-06-04 15:44:00,Data Import,15
9183,323,2026-06-14 03:35:00,Data Import,5
9184,180,2026-08-24 06:10:00,Settings Update,5
9185,1006,2026-02-09 06:18:00,Dashboard View,5
9186,1750,2024-07-06 23:55:00,Settings Update,0
9187,1694,2026-06-30 11:19:00,Report Export,15
9188,298,2026-04-16 20:17:00,Settings Update,10
9189,1495,2024-09-23 17:29:00,Report Export,1
9190,1485,2026-03-15 10:08:00,Settings Update,5
9191,596,2026-06-26 16:16:00,Team Invite,15
9192,800,2025-12-24 10:07:00,Settings Update,1
9193,135,2025-09-10 22:59:00,Team Invite,10
9194,1406,2026-02-18 12:53:00,Settings Update,1
9195,1438,2026-07-22 09:10:00,Team Invite,5
9196,1699,2024-02-07 07:39:00,Dashboard View,2
9197,85,2026-02-08 16:05:00,Dashboard View,15
9198,1937,2025-07-26 15:02:00,Data Import,0
9199,1457,2026-07-02 15:34:00,Team Invite,5
9200,1642,2025-09-09 07:30:00,Data Import,5
9201,766,2024-09-14 03:46:00,Team Invite,5
9202,8,2026-06-24 01:31:00,Report Export,5
9203,990,2026-02-22 01:40:00,Dashboard View,2
9204,466,2024-01-05 13:08:00,Settings Update,2
9205,1936,2023-10-01 01:53:00,User Login,5
9206,1192,2025-04-16 21:58:00,User Login,2
9207,1780,2026-03-12 02:43:00,User Login,2
9208,1698,2025-08-15 12:17:00,Settings Update,2
9209,1126,2026-06-24 17:41:00,Data Import,10
9210,1641,2025-11-24 08:42:00,Report Export,2
9211,120,2025-02-20 23:39:00,Team Invite,5
9212,828,2024-12-07 11:14:00,Settings Update,2
9213,1532,2025-10-29 10:06:00,Report Export,2
9214,1812,2026-04-02 15:57:00,User Login,2
9215,1973,2026-06-13 07:06:00,Data Import,2
9216,648,2026-05-16 08:05:00,Team Invite,5
9217,1105,2025-09-02 05:05:00,Dashboard View,1
9218,1951,2026-08-07 03:35:00,User Login,5
9219,49,2026-03-22 06:19:00,Data Import,30
9220,1080,2026-05-01 13:47:00,Team Invite,5
9221,1882,2025-10-31 02:00:00,Data Import,2
9222,1989,2026-04-05 16:53:00,Team Invite,15
9223,376,2026-03-03 22:15:00,Data Import,1
9224,623,2024-11-19 06:23:00,Settings Update,1
9225,1792,2026-09-02 20:30:00,Dashboard View,15
9226,680,2023-11-24 11:05:00,Report Export,2
9227,976,2024-03-30 10:34:00,User Login,1
9228,377,2024-04-14 02:40:00,Data Import,0
9229,1124,2025-01-17 23:32:00,User Login,2
9230,846,2025-07-27 11:40:00,Data Import,5
9231,1643,2024-08-06 02:49:00,Team Invite,2
9232,258,2026-07-22 11:29:00,Team Invite,1
9233,1848,2025-10-06 01:01:00,User Login,0
9234,1773,2026-02-18 21:39:00,Report Export,2
9235,1249,2025-11-07 04:39:00,Team Invite,5
9236,962,2026-09-02 09:51:00,Settings Update,0
9237,1772,2024-08-17 07:40:00,Data Import,1
9238,654,2026-01-16 21:23:00,Settings Update,2
9239,1643,2025-09-07 06:42:00,Team Invite,5
9240,802,2025-07-02 14:18:00,Settings Update,30
9241,806,2026-07-07 03:20:00,Data Import,2
9242,209,2024-11-17 19:27:00,Team Invite,0
9243,1375,2025-12-06 15:41:00,Data Import,15
9244,239,2026-09-23 20:00:00,Data Import,1
9245,1623,2025-08-14 10:35:00,Data Import,2
9246,1061,2026-07-18 18:13:00,Report Export,1
9247,1637,2024-11-30 15:05:00,User Login,15
9248,1121,2026-06-06 22:23:00,Report Export,5
9249,1798,2026-07-02 08:37:00,Settings Update,10
9250,46,2025-05-18 23:28:00,User Login,30
9251,961,2026-03-24 14:09:00,Settings Update,0
9252,1787,2024-02-14 15:29:00,Team Invite,30
9253,609,2025-08-29 00:54:00,Team Invite,2
9254,772,2025-02-12 01:33:00,User Login,5
9255,206,2026-01-22 07:27:00,Dashboard View,5
9256,1996,2026-08-17 10:28:00,Team Invite,2
9257,555,2026-07-03 05:58:00,Dashboard View,2
9258,1842,2026-03-13 20:02:00,Team Invite,30
9259,192,2025-07-28 23:33:00,Dashboard View,5
9260,1585,2026-08-01 10:16:00,Team Invite,5
9261,1330,2025-08-27 04:05:00,Team Invite,15
9262,168,2026-05-14 04:07:00,Team Invite,2
9263,1817,2025-07-28 13:15:00,Report Export,1
9264,220,2026-01-12 18:42:00,Settings Update,2
9265,897,2026-04-03 18:58:00,Dashboard View,1
9266,957,2023-12-08 12:39:00,Team Invite,0
9267,1636,2024-12-20 07:58:00,Report Export,5
9268,1404,2024-02-26 19:40:00,Report Export,2
9269,1236,2026-09-27 22:26:00,Team Invite,2
9270,129,2026-08-12 08:40:00,Report Export,2
9271,881,2024-01-12 18:24:00,Team Invite,5
9272,114,2025-12-14 09:45:00,Data Import,1
9273,1207,2025-05-09 18:10:00,User Login,5
9274,383,2026-05-29 17:50:00,Data Import,0
9275,1638,2025-08-22 13:51:00,Dashboard View,5
9276,1347,2024-10-13 23:01:00,User Login,1
9277,1850,2025-10-06 13:03:00,Dashboard View,10
9278,1191,2026-07-07 22:16:00,Dashboard View,5
9279,1882,2025-10-04 13:33:00,Data Import,10
9280,553,2025-01-14 19:44:00,Report Export,2
9281,696,2026-04-10 07:16:00,Settings Update,15
9282,781,2026-04-24 10:19:00,User Login,5
9283,11,2026-03-01 05:00:00,Team Invite,5
9284,865,2025-12-22 12:23:00,Report Export,0
9285,1489,2026-03-15 21:23:00,Team Invite,15
9286,693,2026-06-29 13:08:00,Team Invite,5
9287,970,2026-06-01 04:52:00,Report Export,1
9288,1929,2024-07-01 04:34:00,Team Invite,1
9289,1683,2026-09-08 07:40:00,User Login,0
9290,945,2025-06-20 05:25:00,Settings Update,10
9291,1050,2025-07-31 15:22:00,Report Export,15
9292,133,2026-04-30 20:38:00,Dashboard View,1
9293,539,2026-08-17 17:50:00,Settings Update,1
9294,262,2026-02-08 12:25:00,Dashboard View,2
9295,446,2025-10-13 16:17:00,Settings Update,1
9296,247,2025-11-03 04:49:00,Report Export,2
9297,358,2026-06-16 10:30:00,Data Import,5
9298,1764,2026-02-20 06:11:00,Data Import,2
9299,107,2026-06-03 07:38:00,Settings Update,1
9300,1074,2023-02-12 16:21:00,Data Import,2
9301,72,2026-08-18 00:39:00,Team Invite,5
9302,512,2026-09-22 20:55:00,User Login,0
9303,1445,2026-03-30 17:36:00,Team Invite,2
9304,1572,2026-09-18 06:21:00,Dashboard View,2
9305,1813,2026-09-27 14:11:00,Report Export,15
9306,275,2023-10-17 14:22:00,Dashboard View,1
9307,615,2026-05-19 13:21:00,User Login,5
9308,1447,2026-06-23 03:00:00,Report Export,1
9309,282,2025-09-09 08:00:00,Dashboard View,5
9310,1391,2024-05-02 17:05:00,Data Import,5
9311,1792,2026-09-29 10:48:00,Team Invite,2
9312,1924,2023-10-18 04:16:00,Team Invite,2
9313,513,2025-08-09 22:00:00,Settings Update,2
9314,616,2025-08-04 14:35:00,Dashboard View,15
9315,144,2026-03-14 18:23:00,Settings Update,5
9316,1899,2025-08-01 13:57:00,Dashboard View,15
9317,845,2025-11-29 07:16:00,Dashboard View,2
9318,1654,2023-09-06 06:02:00,Dashboard View,2
9319,382,2025-12-04 18:23:00,Report Export,1
9320,2000,2026-08-14 03:32:00,Report Export,1
9321,1678,2025-08-23 13:31:00,Dashboard View,2
9322,281,2026-08-18 18:26:00,Team Invite,15
9323,1128,2025-09-03 21:29:00,Data Import,2
9324,1990,2025-03-05 09:18:00,Report Export,5
9325,505,2025-08-16 11:52:00,Report Export,5
9326,646,2026-05-30 01:09:00,Report Export,5
9327,345,2026-03-07 15:19:00,User Login,15
9328,1080,2026-07-11 18:08:00,User Login,0
9329,718,2025-03-07 23:04:00,Report Export,5
9330,428,2026-07-26 11:45:00,Team Invite,5
9331,1819,2026-04-15 14:55:00,Settings Update,30
9332,1861,2023-05-15 17:31:00,Settings Update,5
9333,594,2024-02-12 14:32:00,User Login,30
9334,966,2024-11-16 19:49:00,Report Export,2
9335,451,2025-06-19 23:47:00,Settings Update,5
9336,675,2026-07-17 05:01:00,Report Export,0
9337,1832,2025-06-17 05:07:00,Dashboard View,2
9338,1970,2024-12-29 03:53:00,Data Import,15
9339,1084,2026-09-21 02:15:00,Settings Update,10
9340,1631,2026-02-27 23:14:00,Report Export,0
9341,1073,2026-03-08 06:43:00,Team Invite,30
9342,1178,2025-07-31 06:50:00,Data Import,5
9343,1418,2023-11-08 23:17:00,Settings Update,1
9344,1532,2026-07-18 03:02:00,Data Import,0
9345,815,2026-03-03 17:58:00,Data Import,10
9346,1825,2026-04-11 00:15:00,Team Invite,0
9347,1610,2025-05-22 13:17:00,Dashboard View,10
9348,53,2025-12-07 19:44:00,User Login,10
9349,1347,2025-08-22 04:07:00,Dashboard View,5
9350,1139,2025-04-14 13:39:00,Dashboard View,2
9351,1726,2026-06-15 18:05:00,Dashboard View,2
9352,1050,2024-04-22 02:38:00,Settings Update,10
9353,348,2026-04-28 12:09:00,Data Import,15
9354,131,2026-08-24 10:48:00,Dashboard View,0
9355,1852,2026-08-05 13:46:00,Data Import,30
9356,162,2026-07-24 00:38:00,Settings Update,2
9357,1013,2026-02-25 12:33:00,Dashboard View,0
9358,469,2025-12-19 07:04:00,Data Import,1
9359,377,2025-09-11 07:53:00,Dashboard View,2
9360,476,2025-12-11 04:57:00,Team Invite,5
9361,317,2026-09-21 05:13:00,Data Import,10
9362,1741,2026-05-23 07:17:00,Team Invite,5
9363,1971,2025-04-11 13:10:00,Team Invite,2
9364,911,2026-06-19 19:48:00,Team Invite,1
9365,194,2026-04-11 10:57:00,Report Export,2
9366,1833,2026-07-21 23:59:00,Report Export,0
9367,974,2025-09-08 21:16:00,Dashboard View,1
9368,588,2026-06-01 01:00:00,Team Invite,1
9369,1957,2026-07-04 21:18:00,Dashboard View,2
9370,552,2026-06-24 20:42:00,User Login,5
9371,929,2026-06-16 11:04:00,User Login,1
9372,1523,2026-06-02 22:20:00,Report Export,1
9373,232,2026-03-01 06:40:00,User Login,2
9374,681,2026-02-03 09:16:00,Dashboard View,2
9375,402,2025-03-04 00:04:00,Team Invite,10
9376,1264,2024-12-11 06:59:00,Settings Update,1
9377,1944,2025-09-16 07:03:00,Settings Update,1
9378,1968,2026-08-28 16:14:00,Data Import,1
9379,557,2025-01-21 11:24:00,User Login,1
9380,1216,2025-05-01 12:27:00,Settings Update,2
9381,109,2026-06-23 09:49:00,Settings Update,2
9382,1892,2025-10-15 13:53:00,Data Import,2
9383,1743,2025-10-21 02:21:00,User Login,0
9384,1358,2026-05-27 04:44:00,Report Export,30
9385,26,2025-09-23 16:32:00,Report Export,15
9386,569,2026-02-19 17:17:00,Data Import,2
9387,1547,2026-04-11 15:19:00,Team Invite,10
9388,1675,2026-09-19 21:32:00,Report Export,15
9389,42,2025-11-06 22:31:00,Settings Update,5
9390,549,2026-04-10 01:00:00,Dashboard View,0
9391,674,2025-08-27 16:57:00,Settings Update,15
9392,971,2026-08-25 01:14:00,Team Invite,2
9393,528,2026-08-27 09:19:00,Report Export,30
9394,314,2025-03-13 12:37:00,User Login,10
9395,1072,2026-06-15 05:44:00,Settings Update,2
9396,997,2026-07-14 14:52:00,Settings Update,1
9397,601,2026-03-13 10:39:00,User Login,30
9398,385,2025-05-05 15:08:00,Report Export,10
9399,1364,2024-09-25 23:05:00,Data Import,1
9400,1974,2026-01-11 12:02:00,Data Import,5
9401,938,2026-01-17 17:04:00,Data Import,5
9402,1086,2024-03-13 00:02:00,Dashboard View,10
9403,629,2025-11-12 14:23:00,Dashboard View,1
9404,761,2025-11-01 07:30:00,Team Invite,5
9405,1108,2026-04-29 16:52:00,Dashboard View,10
9406,301,2026-08-20 00:51:00,Team Invite,1
9407,1751,2026-01-10 15:54:00,Team Invite,10
9408,905,2026-09-07 16:49:00,Settings Update,15
9409,1464,2026-02-27 15:33:00,Team Invite,15
9410,481,2025-11-19 21:56:00,Report Export,2
9411,119,2026-06-21 11:46:00,Data Import,5
9412,326,2024-12-20 04:11:00,Report Export,10
9413,823,2023-04-10 02:29:00,Data Import,2
9414,806,2026-07-16 16:49:00,Report Export,1
9415,1872,2025-12-17 18:52:00,Team Invite,0
9416,559,2026-05-28 06:19:00,Settings Update,1
9417,1272,2025-01-18 23:26:00,Dashboard View,10
9418,555,2026-06-16 12:44:00,Team Invite,5
9419,898,2026-07-31 11:30:00,Report Export,0
9420,1449,2024-07-16 21:47:00,Settings Update,10
9421,1142,2026-03-17 15:44:00,User Login,0
9422,807,2025-04-24 07:13:00,Team Invite,5
9423,1484,2026-06-05 19:09:00,Dashboard View,1
9424,907,2024-09-19 03:33:00,Report Export,10
9425,995,2026-07-24 00:58:00,Report Export,30
9426,895,2026-09-04 09:40:00,Team Invite,5
9427,550,2025-04-13 08:05:00,Settings Update,5
9428,1965,2025-11-21 20:28:00,Team Invite,2
9429,1384,2026-04-14 11:05:00,Data Import,15
9430,292,2026-01-23 16:25:00,Data Import,15
9431,1246,2026-06-08 04:05:00,Settings Update,2
9432,748,2025-07-31 15:26:00,Report Export,5
9433,182,2026-07-18 20:39:00,Dashboard View,5
9434,617,2026-04-18 20:50:00,Report Export,15
9435,399,2026-06-02 11:14:00,Data Import,2
9436,1209,2026-03-08 06:38:00,User Login,1
9437,1576,2025-11-23 13:01:00,Dashboard View,5
9438,1452,2025-11-26 04:00:00,Settings Update,1
9439,292,2026-06-08 18:31:00,Report Export,5
9440,850,2026-04-06 01:28:00,Dashboard View,0
9441,1447,2024-12-22 03:47:00,Dashboard View,10
9442,1293,2026-03-29 07:08:00,Report Export,1
9443,1365,2026-05-01 07:22:00,Team Invite,2
9444,408,2026-09-23 23:58:00,Data Import,2
9445,1677,2025-03-03 22:54:00,Data Import,2
9446,1620,2024-02-28 12:30:00,Team Invite,2
9447,205,2026-06-30 05:05:00,User Login,1
9448,1041,2025-08-17 08:20:00,Settings Update,15
9449,1884,2024-12-25 05:14:00,Settings Update,5
9450,294,2024-10-30 22:34:00,Data Import,1
9451,876,2023-11-22 19:57:00,Settings Update,2
9452,112,2025-11-03 18:12:00,Settings Update,15
9453,9,2025-11-12 03:22:00,Team Invite,0
9454,942,2024-10-11 20:55:00,Dashboard View,15
9455,1088,2025-10-23 13:48:00,Data Import,1
9456,1761,2026-08-10 18:45:00,Team Invite,5
9457,1498,2026-05-08 02:49:00,Data Import,5
9458,412,2026-02-23 01:45:00,Settings Update,1
9459,468,2026-08-07 07:17:00,Report Export,5
9460,1310,2026-05-14 10:00:00,Team Invite,0
9461,1955,2024-12-05 22:46:00,Team Invite,5
9462,30,2025-01-23 23:51:00,User Login,2
9463,1080,2026-06-05 03:40:00,Data Import,2
9464,936,2026-07-31 18:13:00,Team Invite,1
9465,826,2025-07-16 22:17:00,Settings Update,15
9466,1945,2025-07-01 18:27:00,Report Export,10
9467,1266,2026-02-04 18:36:00,User Login,5
9468,212,2024-12-16 22:26:00,User Login,5
9469,1256,2024-12-24 01:02:00,Data Import,2
9470,825,2025-03-15 05:47:00,Data Import,5
9471,629,2025-05-26 23:35:00,Report Export,10
9472,186,2026-08-31 06:09:00,Data Import,2
9473,1684,2025-08-24 12:25:00,Team Invite,30
9474,135,2025-09-06 20:34:00,Report Export,10
9475,322,2026-03-30 05:07:00,Report Export,2
9476,1415,2026-04-19 17:25:00,User Login,0
9477,265,2025-11-25 12:14:00,Dashboard View,2
9478,1731,2025-07-03 03:45:00,Report Export,2
9479,123,2025-10-18 21:00:00,Team Invite,5
9480,640,2025-07-11 15:26:00,Dashboard View,5
9481,1264,2026-04-23 03:12:00,User Login,5
9482,1727,2026-05-02 16:24:00,Data Import,0
9483,954,2025-11-01 08:52:00,Report Export,0
9484,1114,2026-05-07 12:46:00,Data Import,5
9485,1088,2026-04-16 06:23:00,Team Invite,5
9486,550,2025-04-28 00:44:00,Team Invite,0
9487,305,2024-03-31 12:38:00,Data Import,1
9488,500,2026-09-02 10:16:00,Report Export,1
9489,965,2025-04-07 20:41:00,Data Import,10
9490,1272,2026-06-26 05:57:00,Report Export,0
9491,833,2025-06-08 23:23:00,Settings Update,15
9492,356,2026-03-15 08:00:00,Team Invite,10
9493,1676,2026-09-25 09:40:00,Dashboard View,15
9494,1020,2024-11-02 18:12:00,Settings Update,1
9495,1819,2024-10-30 13:08:00,Report Export,10
9496,299,2025-04-16 20:48:00,Report Export,5
9497,566,2025-08-25 00:08:00,Settings Update,1
9498,403,2025-08-25 04:09:00,User Login,2
9499,42,2025-11-17 18:11:00,Dashboard View,5
9500,1897,2025-03-29 10:32:00,Dashboard View,2
9501,1924,2024-08-17 20:32:00,Data Import,10
9502,1517,2025-12-24 04:39:00,Settings Update,5
9503,827,2026-09-10 07:54:00,Dashboard View,5
9504,62,2026-04-26 16:15:00,Dashboard View,5
9505,801,2026-07-20 00:50:00,Team Invite,2
9506,770,2026-04-13 10:01:00,User Login,5
9507,1963,2024-04-09 17:52:00,Settings Update,2
9508,1273,2024-10-03 14:29:00,Data Import,1
9509,720,2025-02-14 20:02:00,Settings Update,30
9510,1654,2025-01-01 20:57:00,Team Invite,1
9511,1863,2025-12-01 05:41:00,Data Import,5
9512,1514,2026-03-02 06:54:00,Team Invite,2
9513,40,2025-11-14 18:48:00,Settings Update,10
9514,1770,2025-01-10 07:13:00,Team Invite,5
9515,42,2025-10-01 10:57:00,Data Import,5
9516,184,2025-10-12 15:34:00,Dashboard View,10
9517,807,2025-01-18 08:48:00,Data Import,5
9518,1316,2026-01-06 15:50:00,Settings Update,5
9519,772,2026-07-27 19:10:00,User Login,10
9520,1025,2025-07-20 22:20:00,Dashboard View,1
9521,1571,2026-09-18 01:47:00,Dashboard View,1
9522,1466,2024-03-09 13:03:00,User Login,30
9523,1976,2026-05-25 23:31:00,Dashboard View,10
9524,1341,2026-08-28 23:20:00,Data Import,2
9525,839,2026-05-24 10:06:00,Data Import,2
9526,183,2025-03-26 05:58:00,Report Export,5
9527,1103,2026-06-14 02:19:00,Data Import,0
9528,625,2026-04-14 07:40:00,Team Invite,5
9529,319,2026-08-01 11:49:00,Settings Update,0
9530,1457,2024-02-01 02:40:00,Dashboard View,30
9531,1375,2025-05-26 18:01:00,Data Import,0
9532,620,2026-05-25 09:46:00,Report Export,5
9533,209,2025-07-06 09:20:00,Settings Update,5
9534,2000,2025-02-17 20:47:00,Settings Update,1
9535,1297,2025-09-26 22:14:00,Data Import,2
9536,1186,2025-11-04 04:25:00,Report Export,2
9537,559,2026-07-20 10:26:00,Data Import,10
9538,325,2025-11-21 15:26:00,Settings Update,1
9539,1473,2026-05-12 10:59:00,Settings Update,15
9540,732,2026-04-19 04:09:00,Dashboard View,2
9541,248,2023-11-24 12:01:00,Dashboard View,30
9542,877,2025-11-27 09:43:00,Settings Update,2
9543,939,2026-01-20 13:47:00,Dashboard View,5
9544,98,2024-05-28 18:52:00,User Login,2
9545,901,2026-05-17 10:22:00,Data Import,5
9546,907,2026-05-09 09:46:00,Report Export,1
9547,1402,2026-05-10 06:54:00,User Login,30
9548,911,2026-09-26 02:05:00,User Login,1
9549,734,2025-12-22 10:11:00,Report Export,30
9550,1682,2024-05-03 17:25:00,Report Export,15
9551,1177,2026-06-28 02:34:00,User Login,5
9552,412,2026-08-02 10:38:00,Report Export,30
9553,930,2026-05-08 04:30:00,Data Import,30
9554,444,2025-07-19 10:33:00,Team Invite,2
9555,1768,2025-03-30 15:04:00,Report Export,15
9556,1172,2024-06-02 15:42:00,User Login,30
9557,1135,2025-12-22 09:40:00,Team Invite,0
9558,1199,2024-12-21 11:15:00,Settings Update,1
9559,174,2023-08-01 05:13:00,User Login,2
9560,833,2025-07-21 20:52:00,Settings Update,2
9561,769,2026-07-29 14:44:00,Report Export,10
9562,13,2025-08-01 08:29:00,Data Import,0
9563,698,2025-02-06 22:01:00,Report Export,5
9564,26,2025-09-10 23:26:00,Dashboard View,2
9565,1003,2026-09-09 01:17:00,User Login,5
9566,914,2025-02-27 04:14:00,User Login,10
9567,362,2026-09-22 15:45:00,Report Export,2
9568,821,2026-04-21 11:27:00,Data Import,1
9569,847,2026-06-02 06:48:00,Settings Update,15
9570,1341,2025-09-20 01:39:00,Data Import,2
9571,168,2025-12-07 22:28:00,Data Import,15
9572,198,2026-08-25 16:27:00,User Login,2
9573,569,2026-09-12 18:39:00,User Login,1
9574,1905,2026-02-04 03:42:00,Team Invite,2
9575,36,2026-02-05 00:16:00,Data Import,15
9576,745,2026-04-06 07:55:00,Data Import,10
9577,1559,2024-02-20 00:03:00,User Login,5
9578,965,2025-04-28 23:28:00,Team Invite,2
9579,505,2025-10-02 11:14:00,Dashboard View,0
9580,1657,2025-11-25 20:12:00,Data Import,0
9581,318,2026-02-10 08:48:00,Team Invite,1
9582,175,2025-02-24 17:07:00,Report Export,1
9583,122,2025-10-17 09:15:00,Settings Update,0
9584,1546,2026-08-18 01:34:00,User Login,15
9585,721,2024-07-05 14:19:00,Dashboard View,15
9586,357,2026-04-30 00:01:00,Report Export,30
9587,868,2026-07-19 08:21:00,Team Invite,10
9588,791,2023-07-25 16:36:00,Team Invite,5
9589,528,2026-06-25 00:24:00,Report Export,15
9590,603,2026-05-29 17:29:00,Settings Update,1
9591,1368,2026-09-20 00:53:00,Report Export,10
9592,294,2025-03-23 06:49:00,User Login,2
9593,652,2026-07-05 04:01:00,Data Import,1
9594,1103,2026-01-30 16:03:00,Report Export,0
9595,1954,2025-10-21 03:22:00,User Login,10
9596,802,2026-07-30 02:38:00,Data Import,10
9597,840,2026-02-03 04:12:00,Settings Update,0
9598,1345,2026-07-01 09:19:00,Dashboard View,5
9599,1408,2026-06-07 14:04:00,Dashboard View,1
9600,1991,2024-12-11 20:42:00,Data Import,0
9601,894,2024-06-01 11:18:00,User Login,2
9602,1098,2024-12-29 17:44:00,Team Invite,10
9603,1601,2025-07-10 09:49:00,Team Invite,10
9604,838,2024-11-09 00:27:00,Settings Update,10
9605,1448,2026-08-24 09:49:00,Settings Update,15
9606,1914,2026-01-02 06:29:00,Dashboard View,15
9607,379,2026-03-02 22:38:00,User Login,2
9608,248,2026-02-05 08:12:00,Report Export,10
9609,622,2025-04-04 15:10:00,Team Invite,1
9610,743,2026-05-21 09:22:00,Settings Update,10
9611,1042,2026-01-03 00:07:00,Settings Update,1
9612,1199,2025-11-03 00:39:00,Dashboard View,0
9613,224,2025-07-13 05:24:00,Report Export,15
9614,1194,2025-02-09 00:42:00,Dashboard View,5
9615,62,2026-05-28 23:14:00,Settings Update,15
9616,1149,2026-08-13 17:15:00,Data Import,0
9617,436,2026-02-04 01:27:00,Team Invite,0
9618,1345,2025-05-11 02:57:00,Settings Update,15
9619,946,2026-02-02 19:31:00,Dashboard View,1
9620,644,2025-06-23 21:23:00,Settings Update,15
9621,1567,2026-03-16 16:47:00,Report Export,5
9622,352,2025-04-05 08:58:00,User Login,5
9623,1208,2025-09-10 20:53:00,Report Export,5
9624,1557,2026-09-29 15:18:00,Report Export,1
9625,1005,2026-02-07 18:46:00,Settings Update,1
9626,634,2026-06-20 20:08:00,Dashboard View,2
9627,420,2026-06-11 05:59:00,Report Export,1
9628,186,2026-06-16 22:56:00,Dashboard View,0
9629,1216,2025-10-26 17:49:00,User Login,15
9630,1304,2026-05-19 05:08:00,User Login,5
9631,355,2025-12-25 10:26:00,Dashboard View,0
9632,1790,2026-04-24 06:26:00,Dashboard View,2
9633,1667,2025-06-02 12:08:00,Settings Update,2
9634,1113,2026-02-24 07:22:00,Data Import,15
9635,429,2025-05-23 17:59:00,Team Invite,10
9636,527,2026-06-14 09:45:00,User Login,5
9637,613,2026-06-30 16:12:00,Data Import,2
9638,1943,2024-08-15 15:06:00,User Login,5
9639,1080,2025-12-07 03:54:00,User Login,5
9640,119,2026-09-13 19:25:00,Data Import,2
9641,811,2026-07-31 00:03:00,Report Export,1
9642,825,2025-05-02 02:19:00,Dashboard View,5
9643,226,2026-08-05 08:54:00,Report Export,0
9644,47,2024-10-25 09:15:00,Data Import,10
9645,1671,2025-08-24 06:28:00,Dashboard View,5
9646,1454,2025-03-12 18:40:00,User Login,10
9647,1174,2024-08-16 04:39:00,Dashboard View,0
9648,1821,2024-03-06 14:28:00,Settings Update,15
9649,1823,2026-08-12 10:39:00,Team Invite,5
9650,1390,2026-06-19 05:32:00,Settings Update,5
9651,306,2024-05-08 14:27:00,Settings Update,10
9652,1635,2024-01-04 07:34:00,Report Export,2
9653,1979,2026-01-31 13:09:00,User Login,2
9654,1610,2025-06-04 23:25:00,Dashboard View,2
9655,1326,2025-05-16 02:34:00,User Login,0
9656,27,2024-12-17 10:02:00,Team Invite,10
9657,27,2026-02-19 15:34:00,User Login,0
9658,1731,2025-07-28 22:54:00,Data Import,0
9659,951,2025-11-04 14:01:00,Report Export,2
9660,1345,2025-04-30 00:02:00,Settings Update,1
9661,392,2026-07-19 09:43:00,User Login,10
9662,769,2026-03-24 04:42:00,Data Import,0
9663,917,2026-01-21 14:27:00,Report Export,0
9664,1122,2026-09-01 23:15:00,Team Invite,5
9665,444,2026-03-23 18:14:00,Dashboard View,0
9666,1039,2026-09-01 08:36:00,User Login,0
9667,136,2024-05-07 11:30:00,Data Import,1
9668,938,2025-06-18 08:18:00,Team Invite,0
9669,394,2026-04-29 05:34:00,User Login,2
9670,1295,2026-04-16 14:12:00,Team Invite,1
9671,218,2023-08-28 03:29:00,User Login,2
9672,1892,2025-03-15 14:39:00,Dashboard View,5
9673,849,2025-07-25 11:17:00,Dashboard View,15
9674,1052,2025-03-23 12:38:00,Dashboard View,0
9675,1209,2025-09-26 09:35:00,Dashboard View,0
9676,497,2024-07-21 09:40:00,Data Import,1
9677,1176,2026-03-26 03:40:00,User Login,2
9678,266,2025-10-24 02:27:00,Data Import,30
9679,1027,2023-11-10 02:23:00,Team Invite,10
9680,977,2026-04-19 02:12:00,User Login,10
9681,909,2026-06-11 16:41:00,Settings Update,2
9682,1695,2026-07-22 14:38:00,Report Export,30
9683,122,2025-03-07 07:39:00,User Login,5
9684,274,2024-07-14 16:04:00,User Login,10
9685,1304,2024-07-17 19:31:00,Dashboard View,1
9686,190,2025-08-21 23:32:00,Report Export,2
9687,1104,2025-06-28 06:17:00,Team Invite,1
9688,1765,2026-06-14 03:10:00,Dashboard View,5
9689,1765,2026-06-13 05:34:00,Settings Update,10
9690,345,2025-08-07 08:22:00,Data Import,15
9691,959,2024-10-03 20:42:00,Data Import,15
9692,579,2026-07-01 06:11:00,Dashboard View,1
9693,1207,2026-03-31 20:51:00,Data Import,1
9694,1868,2026-03-13 09:45:00,Report Export,10
9695,376,2024-09-16 01:29:00,Settings Update,30
9696,1313,2023-08-28 00:21:00,Team Invite,15
9697,1718,2025-04-24 23:47:00,Dashboard View,10
9698,1409,2026-09-23 02:25:00,Team Invite,30
9699,330,2025-12-12 06:25:00,Settings Update,1
9700,205,2026-03-03 01:29:00,Report Export,5
9701,129,2025-10-22 06:18:00,Team Invite,1
9702,869,2026-04-17 18:18:00,Dashboard View,2
9703,1830,2026-09-14 00:56:00,Settings Update,2
9704,196,2025-11-19 08:23:00,Data Import,2
9705,1626,2026-02-08 17:48:00,Dashboard View,1
9706,993,2023-12-06 22:20:00,Dashboard View,1
9707,1783,2024-12-01 00:25:00,Report Export,2
9708,1213,2026-01-08 03:11:00,Team Invite,15
9709,1941,2026-09-04 05:24:00,Report Export,5
9710,1618,2024-07-09 12:07:00,Settings Update,10
9711,750,2026-08-23 18:29:00,User Login,2
9712,589,2025-08-06 06:29:00,Settings Update,10
9713,648,2024-02-15 14:58:00,Settings Update,10
9714,1313,2026-08-05 09:29:00,Data Import,2
9715,404,2023-09-23 07:53:00,Report Export,5
9716,641,2025-03-28 03:11:00,Report Export,1
9717,12,2026-07-17 01:50:00,Dashboard View,10
9718,1445,2024-06-06 08:39:00,Report Export,2
9719,1291,2025-02-03 21:32:00,Report Export,1
9720,1774,2026-03-13 02:48:00,Data Import,0
9721,90,2026-07-17 17:56:00,Dashboard View,10
9722,1111,2026-08-17 10:59:00,Dashboard View,2
9723,1643,2025-03-01 19:50:00,Team Invite,10
9724,701,2025-03-16 03:45:00,Data Import,15
9725,50,2026-01-30 23:06:00,Data Import,5
9726,265,2026-01-21 17:25:00,Dashboard View,2
9727,1214,2026-03-21 02:30:00,Team Invite,2
9728,1008,2026-09-05 00:59:00,User Login,2
9729,1369,2026-09-21 10:11:00,Report Export,2
9730,1911,2026-08-30 08:42:00,Settings Update,5
9731,1187,2026-06-20 12:56:00,Report Export,5
9732,775,2023-10-01 01:28:00,User Login,5
9733,169,2026-08-06 13:20:00,Team Invite,5
9734,55,2025-04-29 11:08:00,Settings Update,2
9735,1551,2026-08-13 13:15:00,Data Import,2
9736,1300,2026-06-01 14:33:00,Team Invite,2
9737,54,2025-03-02 09:20:00,User Login,5
9738,1809,2026-07-10 20:37:00,Settings Update,15
9739,1396,2024-04-02 17:40:00,User Login,1
9740,279,2026-07-10 09:48:00,Team Invite,1
9741,408,2026-06-26 00:34:00,Team Invite,30
9742,184,2025-08-10 04:57:00,User Login,2
9743,1050,2024-01-16 12:09:00,User Login,10
9744,1279,2026-03-16 11:11:00,Dashboard View,2
9745,1364,2025-12-08 00:21:00,Team Invite,5
9746,1170,2026-09-13 23:12:00,Report Export,15
9747,1319,2026-04-24 18:29:00,Data Import,2
9748,808,2025-10-13 20:33:00,Report Export,2
9749,1227,2026-03-28 05:49:00,Settings Update,2
9750,806,2025-04-22 22:39:00,User Login,30
9751,847,2026-09-24 17:05:00,Report Export,5
9752,1771,2026-01-22 00:08:00,Team Invite,0
9753,1023,2026-08-27 09:02:00,Report Export,30
9754,1208,2026-07-12 07:53:00,User Login,2
9755,1484,2026-06-01 01:47:00,Team Invite,15
9756,2000,2025-09-25 02:39:00,Dashboard View,5
9757,936,2026-07-14 17:10:00,Data Import,5
9758,1773,2024-09-20 05:01:00,Settings Update,15
9759,773,2025-02-13 04:51:00,Dashboard View,5
9760,600,2026-07-23 12:03:00,Report Export,2
9761,834,2025-04-11 15:53:00,Settings Update,30
9762,184,2026-05-17 18:03:00,Team Invite,5
9763,305,2025-12-30 07:11:00,Team Invite,5
9764,764,2026-05-25 14:37:00,User Login,2
9765,1908,2024-09-24 23:54:00,Dashboard View,5
9766,338,2025-04-17 16:26:00,Dashboard View,30
9767,1082,2025-06-15 14:09:00,User Login,10
9768,1699,2023-11-04 12:21:00,User Login,2
9769,327,2026-08-06 22:39:00,Settings Update,10
9770,964,2026-05-04 16:11:00,Data Import,1
9771,1944,2026-09-20 22:59:00,Settings Update,5
9772,1493,2025-10-12 16:59:00,Dashboard View,2
9773,1079,2026-07-28 15:32:00,Team Invite,5
9774,671,2026-07-11 16:25:00,User Login,5
9775,1421,2026-01-28 03:57:00,Settings Update,2
9776,1902,2025-07-03 20:23:00,User Login,0
9777,894,2023-12-27 12:36:00,User Login,5
9778,360,2026-06-19 18:08:00,Data Import,5
9779,1622,2025-03-28 10:54:00,Data Import,15
9780,540,2026-08-01 11:38:00,Settings Update,5
9781,134,2024-10-07 06:03:00,Settings Update,15
9782,1982,2025-03-04 07:10:00,Dashboard View,5
9783,1790,2026-03-29 03:55:00,Team Invite,30
9784,1406,2024-07-02 01:20:00,Team Invite,5
9785,1898,2026-03-27 11:16:00,Settings Update,1
9786,474,2026-06-29 17:02:00,User Login,5
9787,1237,2025-12-29 15:18:00,Report Export,2
9788,169,2026-06-21 21:27:00,Settings Update,5
9789,673,2026-02-08 12:42:00,User Login,1
9790,1812,2026-09-02 14:41:00,Data Import,15
9791,257,2024-12-05 21:02:00,Settings Update,5
9792,719,2025-09-02 12:06:00,Report Export,5
9793,1599,2026-09-01 18:14:00,Data Import,15
9794,533,2026-06-22 21:37:00,Data Import,10
9795,88,2023-06-13 09:19:00,Dashboard View,5
9796,734,2026-07-30 01:00:00,Team Invite,10
9797,75,2025-07-06 00:31:00,Team Invite,10
9798,1064,2025-02-28 07:48:00,User Login,1
9799,567,2026-07-15 12:05:00,Data Import,10
9800,656,2026-09-23 19:51:00,Report Export,2
9801,64,2026-08-15 20:16:00,Settings Update,2
9802,1895,2026-08-21 07:34:00,Team Invite,2
9803,410,2026-09-30 15:01:00,User Login,5
9804,59,2026-02-16 21:12:00,Dashboard View,10
9805,180,2026-05-09 02:07:00,Settings Update,1
9806,794,2026-01-24 01:27:00,Team Invite,0
9807,796,2026-03-03 05:59:00,Team Invite,10
9808,971,2026-08-31 14:57:00,User Login,2
9809,1919,2025-06-25 15:01:00,Data Import,15
9810,1634,2024-12-22 05:00:00,Data Import,0
9811,126,2026-07-21 01:56:00,Dashboard View,30
9812,129,2026-02-07 20:09:00,User Login,15
9813,1412,2025-05-04 05:03:00,Dashboard View,1
9814,1236,2023-11-08 12:53:00,Settings Update,5
9815,1809,2026-04-14 23:46:00,Settings Update,0
9816,111,2026-01-24 05:15:00,Report Export,30
9817,1507,2026-02-05 07:45:00,Data Import,2
9818,633,2026-08-12 01:40:00,Team Invite,2
9819,69,2026-06-03 18:43:00,Data Import,10
9820,1320,2025-06-23 19:09:00,Report Export,0
9821,129,2026-09-15 07:39:00,Team Invite,10
9822,1605,2025-04-26 00:30:00,User Login,15
9823,1950,2026-04-14 10:36:00,Report Export,1
9824,861,2025-02-09 20:32:00,Report Export,5
9825,963,2025-04-25 03:50:00,Data Import,5
9826,1664,2026-07-13 09:19:00,Dashboard View,5
9827,1875,2026-07-09 04:07:00,Data Import,10
9828,1489,2026-04-18 16:19:00,Team Invite,5
9829,1681,2026-08-06 20:57:00,Data Import,5
9830,163,2026-01-24 20:48:00,Team Invite,5
9831,458,2026-03-03 23:06:00,User Login,5
9832,770,2026-03-29 21:53:00,Team Invite,2
9833,1734,2026-04-17 08:42:00,Dashboard View,15
9834,673,2025-01-13 02:40:00,Data Import,2
9835,933,2024-11-09 00:18:00,Team Invite,0
9836,193,2026-04-05 06:41:00,Report Export,5
9837,1200,2025-08-09 03:40:00,Report Export,5
9838,862,2023-10-04 07:07:00,Settings Update,5
9839,1251,2025-08-26 10:28:00,Dashboard View,0
9840,59,2025-12-10 13:05:00,Team Invite,5
9841,1526,2026-02-01 23:23:00,Settings Update,2
9842,347,2025-07-18 22:15:00,Data Import,10
9843,1786,2026-08-13 07:28:00,Dashboard View,5
9844,319,2024-06-02 22:24:00,Data Import,5
9845,1199,2025-11-20 10:41:00,Team Invite,2
9846,563,2023-02-15 17:00:00,Team Invite,5
9847,650,2026-07-15 19:09:00,Team Invite,5
9848,287,2023-09-10 20:21:00,Data Import,15
9849,1187,2026-06-12 06:00:00,Settings Update,1
9850,1427,2025-11-25 15:30:00,Report Export,5
9851,695,2024-05-14 17:58:00,Settings Update,1
9852,1149,2026-06-10 18:21:00,Report Export,2
9853,1201,2025-08-19 01:11:00,User Login,1
9854,1118,2026-08-24 13:18:00,Settings Update,1
9855,604,2026-03-13 18:39:00,Team Invite,5
9856,917,2026-04-12 10:18:00,Data Import,1
9857,1120,2024-10-26 04:15:00,Team Invite,10
9858,62,2026-06-27 03:28:00,Dashboard View,10
9859,1422,2026-03-17 10:57:00,User Login,30
9860,626,2026-07-02 16:09:00,User Login,5
9861,307,2026-06-20 05:28:00,Data Import,5
9862,1064,2025-07-27 12:33:00,Dashboard View,5
9863,1136,2025-02-08 01:53:00,Data Import,1
9864,474,2025-05-21 09:27:00,Settings Update,10
9865,1191,2025-02-28 06:40:00,Settings Update,2
9866,1381,2025-06-28 08:22:00,Settings Update,5
9867,460,2025-05-26 07:41:00,User Login,1
9868,679,2025-10-26 09:57:00,Team Invite,10
9869,1116,2026-02-22 03:52:00,Team Invite,2
9870,763,2026-02-16 11:33:00,Team Invite,5
9871,1834,2026-08-14 17:33:00,Dashboard View,2
9872,1419,2026-04-21 09:20:00,Dashboard View,1
9873,365,2026-04-16 14:52:00,Dashboard View,30
9874,1517,2026-07-05 23:05:00,Dashboard View,5
9875,50,2026-09-02 06:00:00,Dashboard View,1
9876,1352,2024-12-21 21:30:00,Data Import,30
9877,950,2025-12-05 05:33:00,User Login,1
9878,573,2026-04-28 09:51:00,Settings Update,5
9879,1595,2026-05-31 07:27:00,Dashboard View,10
9880,86,2026-05-02 19:32:00,Data Import,10
9881,1433,2026-06-18 20:22:00,Team Invite,5
9882,1652,2026-06-25 02:18:00,User Login,5
9883,954,2026-01-10 15:01:00,Dashboard View,5
9884,240,2025-04-21 16:35:00,User Login,10
9885,257,2024-05-28 15:43:00,Report Export,5
9886,503,2025-05-16 00:27:00,Settings Update,2
9887,1739,2026-04-08 16:48:00,Data Import,10
9888,1118,2026-06-23 18:18:00,Settings Update,1
9889,926,2025-03-24 06:59:00,Report Export,1
9890,836,2025-03-02 08:45:00,Settings Update,0
9891,329,2025-09-18 09:13:00,Data Import,10
9892,1390,2025-01-16 12:36:00,Report Export,15
9893,1599,2025-08-11 16:31:00,Team Invite,15
9894,544,2026-07-28 07:57:00,Data Import,1
9895,107,2026-05-10 00:10:00,Data Import,0
9896,1195,2023-06-27 11:02:00,Settings Update,5
9897,1456,2025-08-20 11:03:00,Report Export,15
9898,926,2025-05-03 11:00:00,Settings Update,1
9899,1803,2026-09-26 12:58:00,Settings Update,1
9900,1429,2026-09-20 05:27:00,Dashboard View,5
9901,172,2025-12-09 08:05:00,Settings Update,15
9902,1333,2025-04-15 22:11:00,Team Invite,5
9903,66,2023-10-01 04:04:00,Report Export,2
9904,1334,2024-03-27 06:38:00,Settings Update,5
9905,349,2026-04-16 04:59:00,Report Export,5
9906,1034,2026-09-08 22:17:00,Team Invite,5
9907,673,2025-03-21 05:09:00,User Login,2
9908,1407,2026-07-15 00:55:00,User Login,10
9909,859,2025-08-11 00:28:00,Team Invite,2
9910,592,2026-05-02 21:08:00,Dashboard View,15
9911,77,2026-02-04 15:06:00,Report Export,15
9912,760,2026-06-21 19:09:00,Team Invite,1
9913,506,2025-07-29 05:35:00,Settings Update,5
9914,648,2024-05-07 02:32:00,Team Invite,2
9915,1388,2026-03-14 11:17:00,Report Export,1
9916,155,2025-01-05 20:10:00,User Login,15
9917,724,2026-08-30 14:17:00,Settings Update,30
9918,1826,2026-05-04 12:25:00,Team Invite,5
9919,792,2025-11-24 10:01:00,Data Import,5
9920,1346,2024-03-28 18:17:00,Report Export,2
9921,689,2024-12-20 16:09:00,Team Invite,2
9922,19,2026-05-14 11:47:00,Dashboard View,0
9923,628,2026-06-26 18:58:00,Data Import,5
9924,1701,2025-08-08 23:57:00,Dashboard View,5
9925,867,2025-08-10 06:16:00,Report Export,2
9926,1340,2024-10-13 04:48:00,Settings Update,5
9927,1340,2025-03-17 22:09:00,User Login,0
9928,1167,2025-11-08 20:47:00,Team Invite,10
9929,1851,2026-05-21 17:01:00,Data Import,5
9930,869,2026-09-27 17:28:00,Team Invite,10
9931,1902,2025-09-27 11:10:00,Dashboard View,0
9932,1128,2026-06-06 14:25:00,Dashboard View,0
9933,1402,2026-05-11 14:53:00,User Login,30
9934,80,2024-07-04 16:57:00,User Login,2
9935,1474,2026-08-26 20:22:00,Report Export,2
9936,1440,2026-09-11 02:35:00,Settings Update,10
9937,726,2026-08-31 14:39:00,Dashboard View,5
9938,325,2025-04-20 08:33:00,User Login,5
9939,338,2026-07-28 07:35:00,Team Invite,10
9940,707,2025-09-02 21:22:00,Dashboard View,0
9941,1371,2024-12-27 08:25:00,User Login,2
9942,101,2025-12-12 17:00:00,Data Import,5
9943,9,2024-06-02 05:46:00,User Login,10
9944,263,2026-08-01 22:17:00,User Login,0
9945,165,2026-09-14 03:05:00,Data Import,2
9946,1875,2026-07-07 07:40:00,Dashboard View,30
9947,1633,2026-02-14 00:46:00,Settings Update,2
9948,759,2025-08-10 14:44:00,Settings Update,5
9949,394,2026-09-23 19:43:00,Report Export,10
9950,1061,2025-03-02 04:16:00,Dashboard View,1
9951,586,2026-04-01 12:24:00,Settings Update,30
9952,566,2026-04-28 08:27:00,Dashboard View,10
9953,1260,2025-02-07 00:07:00,Data Import,2
9954,1883,2026-05-21 14:41:00,Dashboard View,5
9955,416,2025-10-12 08:12:00,Team Invite,15
9956,1904,2026-06-08 02:12:00,Settings Update,15
9957,1798,2024-12-15 00:58:00,Settings Update,1
9958,1304,2023-07-07 23:26:00,Team Invite,15
9959,215,2025-08-23 07:21:00,Team Invite,2
9960,1869,2026-09-12 19:31:00,Dashboard View,15
9961,978,2026-04-21 05:55:00,Dashboard View,2
9962,592,2025-07-04 02:51:00,User Login,30
9963,657,2026-03-22 06:16:00,Data Import,2
9964,1254,2026-09-02 15:08:00,Settings Update,15
9965,1385,2024-12-21 16:53:00,Settings Update,10
9966,399,2026-08-31 04:20:00,Settings Update,2
9967,1672,2026-04-08 03:25:00,Team Invite,5
9968,1934,2026-02-07 06:54:00,User Login,5
9969,36,2024-11-01 09:35:00,Dashboard View,10
9970,95,2026-08-19 05:31:00,Dashboard View,10
9971,490,2025-12-11 08:45:00,User Login,2
9972,1437,2025-04-19 12:04:00,Team Invite,5
9973,89,2025-06-07 04:52:00,User Login,1
9974,1400,2026-05-27 11:19:00,Report Export,15
9975,627,2026-03-15 15:35:00,Team Invite,0
9976,654,2025-10-25 13:52:00,Team Invite,0
9977,608,2025-06-22 12:36:00,Team Invite,5
9978,690,2026-07-26 16:12:00,Settings Update,5
9979,1131,2025-11-12 14:38:00,Dashboard View,30
9980,1458,2025-06-26 12:20:00,Settings Update,5
9981,581,2025-12-18 08:22:00,Dashboard View,15
9982,464,2026-01-17 22:12:00,Dashboard View,1
9983,1300,2026-08-19 20:56:00,Team Invite,5
9984,231,2026-09-15 08:52:00,Report Export,5
9985,263,2026-05-09 16:36:00,Dashboard View,2
9986,1232,2025-09-05 10:19:00,Data Import,15
9987,1111,2026-06-25 15:13:00,User Login,10
9988,48,2025-02-08 03:27:00,Settings Update,10
9989,411,2026-05-13 05:17:00,Dashboard View,5
9990,656,2026-05-29 09:33:00,Settings Update,15
9991,24,2025-11-11 00:25:00,User Login,0
9992,1077,2026-02-26 15:25:00,Report Export,2
9993,1042,2025-06-11 17:13:00,Report Export,5
9994,108,2025-12-22 21:36:00,Report Export,5
9995,474,2026-07-17 10:09:00,Settings Update,15
9996,1721,2025-01-04 10:31:00,Dashboard View,10
9997,1461,2026-01-18 21:31:00,Report Export,0
9998,344,2025-12-23 15:57:00,Dashboard View,10
9999,927,2026-07-25 07:46:00,Dashboard View,30
10000,674,2024-07-28 12:14:00,Settings Update,2
10001,1578,2025-06-10 20:38:00,Dashboard View,1
10002,239,2026-09-13 16:55:00,Data Import,1
10003,1482,2025-09-16 17:10:00,Report Export,10
10004,1056,2024-06-24 06:26:00,Settings Update,0
10005,689,2025-11-22 03:30:00,Settings Update,15
10006,426,2023-02-13 01:44:00,Report Export,0
10007,754,2025-11-25 09:16:00,Dashboard View,2
10008,1218,2026-07-25 17:37:00,Team Invite,5
10009,628,2025-09-20 04:42:00,Settings Update,5
10010,1854,2026-05-25 23:13:00,Team Invite,5
10011,1547,2026-04-25 17:56:00,Team Invite,1
10012,1267,2026-01-26 23:47:00,Report Export,15
10013,178,2026-07-13 22:31:00,Report Export,10
10014,1894,2024-10-13 00:34:00,Report Export,10
10015,1879,2024-05-22 23:24:00,Team Invite,1
10016,1031,2025-10-13 18:18:00,User Login,1
10017,179,2024-03-25 00:37:00,Settings Update,10
10018,121,2025-12-03 16:53:00,Dashboard View,2
10019,131,2026-07-12 07:27:00,Report Export,5
10020,1406,2025-03-06 15:50:00,Team Invite,0
10021,764,2026-09-07 23:56:00,Settings Update,30
10022,835,2025-06-26 03:36:00,User Login,2
10023,1320,2025-09-15 20:15:00,Team Invite,0
10024,1374,2026-09-25 13:57:00,User Login,5
10025,95,2026-04-16 06:08:00,Team Invite,5
10026,1475,2026-01-19 18:47:00,Team Invite,15
10027,1554,2025-04-25 13:24:00,Report Export,5
10028,1183,2023-06-30 06:29:00,Data Import,0
10029,326,2025-12-31 06:46:00,Settings Update,15
10030,147,2026-05-13 14:22:00,Team Invite,10
10031,995,2026-07-11 10:02:00,Team Invite,5
10032,267,2026-03-25 00:53:00,Team Invite,2
10033,1348,2025-01-13 00:06:00,Settings Update,1
10034,1180,2025-05-15 14:17:00,Settings Update,30
10035,362,2026-05-03 03:55:00,Settings Update,30
10036,1313,2024-04-03 11:26:00,User Login,1
10037,971,2026-09-15 21:04:00,Team Invite,5
10038,224,2025-10-31 22:30:00,Report Export,10
10039,1519,2023-12-31 14:11:00,Report Export,0
10040,1169,2026-08-11 17:43:00,Dashboard View,5
10041,1345,2024-04-27 11:50:00,Dashboard View,5
10042,581,2026-06-21 17:50:00,Settings Update,5
10043,272,2024-11-23 00:26:00,Settings Update,15
10044,985,2025-08-19 13:17:00,Report Export,5
10045,1222,2025-07-24 02:49:00,Data Import,1
10046,733,2026-08-10 05:41:00,Dashboard View,15
10047,1740,2024-01-07 02:25:00,Team Invite,10
10048,755,2023-10-04 11:04:00,User Login,2
10049,904,2024-10-21 07:42:00,Data Import,1
10050,1402,2026-02-14 12:40:00,User Login,2
10051,1274,2026-06-03 21:50:00,Team Invite,2
10052,884,2025-10-03 20:00:00,Report Export,1
10053,40,2025-07-07 12:32:00,Team Invite,0
10054,1711,2025-05-05 10:44:00,Report Export,2
10055,1970,2025-11-11 11:02:00,Settings Update,10
10056,69,2025-02-12 01:29:00,Data Import,15
10057,1027,2025-03-29 13:38:00,Team Invite,10
10058,414,2026-09-29 20:26:00,Report Export,15
10059,271,2024-08-06 18:39:00,Dashboard View,5
10060,1479,2026-08-30 10:44:00,User Login,15
10061,483,2024-09-09 06:55:00,Report Export,5
10062,1584,2026-05-14 02:11:00,Report Export,2
10063,77,2026-01-06 03:38:00,Report Export,15
10064,912,2026-05-10 20:03:00,User Login,1
10065,1035,2026-08-29 15:55:00,Settings Update,10
10066,1919,2023-09-11 17:29:00,Team Invite,0
10067,1804,2025-07-04 20:37:00,Settings Update,30
10068,547,2026-05-24 01:21:00,Data Import,2
10069,1566,2026-06-15 05:16:00,Report Export,30
10070,1661,2025-05-18 04:02:00,Team Invite,5
10071,1798,2026-05-05 16:57:00,Data Import,1
10072,947,2024-08-21 14:59:00,Team Invite,0
10073,900,2026-09-04 10:56:00,User Login,10
10074,1141,2026-03-19 14:47:00,Dashboard View,2
10075,454,2026-08-21 08:59:00,Settings Update,5
10076,474,2026-02-18 02:29:00,Data Import,15
10077,1225,2023-04-01 16:32:00,Team Invite,30
10078,1413,2023-12-20 01:55:00,Report Export,2
10079,1896,2026-07-06 17:59:00,Report Export,5
10080,1773,2025-06-06 01:10:00,Data Import,15
10081,483,2024-09-23 09:04:00,Dashboard View,30
10082,352,2025-01-17 01:04:00,Report Export,5
10083,147,2025-09-04 00:40:00,Settings Update,15
10084,305,2026-06-24 19:59:00,Report Export,5
10085,1519,2026-07-24 23:39:00,User Login,15
10086,1908,2025-03-11 07:15:00,Report Export,5
10087,1874,2026-09-30 07:42:00,Dashboard View,15
10088,25,2025-06-22 06:10:00,Settings Update,5
10089,334,2023-09-22 04:17:00,Dashboard View,0
10090,1719,2025-09-04 04:17:00,Dashboard View,5
10091,622,2026-07-03 12:02:00,Dashboard View,2
10092,1639,2026-09-26 23:10:00,Data Import,5
10093,890,2026-06-10 00:40:00,Report Export,5
10094,1771,2026-02-21 14:25:00,Settings Update,10
10095,1191,2024-01-21 08:57:00,Data Import,0
10096,1987,2026-08-25 05:01:00,Team Invite,15
10097,1585,2025-08-15 23:55:00,Settings Update,1
10098,1129,2023-12-11 21:39:00,User Login,1
10099,1505,2025-11-08 06:36:00,Settings Update,1
10100,1846,2026-06-04 09:20:00,Report Export,2
10101,108,2026-01-14 23:11:00,User Login,5
10102,1543,2026-08-31 01:58:00,Settings Update,2
10103,600,2026-05-01 04:41:00,Dashboard View,2
10104,1919,2025-02-07 19:14:00,Dashboard View,1
10105,540,2026-08-12 07:48:00,Settings Update,15
10106,363,2026-05-18 19:03:00,User Login,5
10107,648,2026-09-29 09:21:00,User Login,1
10108,1376,2025-12-12 23:21:00,Data Import,1
10109,1720,2025-12-09 07:27:00,User Login,15
10110,148,2026-05-10 05:53:00,Data Import,1
10111,66,2026-07-15 02:38:00,Team Invite,5
10112,1403,2025-07-22 22:40:00,Data Import,5
10113,683,2024-08-19 00:16:00,Data Import,10
10114,574,2026-01-03 20:03:00,Data Import,1
10115,1399,2026-02-11 06:33:00,Team Invite,10
10116,1252,2025-12-09 20:28:00,User Login,10
10117,510,2026-02-26 20:44:00,Settings Update,10
10118,1437,2025-01-14 07:42:00,Team Invite,10
10119,693,2024-12-12 22:02:00,Dashboard View,10
10120,1845,2024-07-25 04:00:00,Team Invite,1
10121,1452,2026-04-19 14:35:00,Settings Update,10
10122,1199,2025-04-02 03:10:00,User Login,10
10123,1783,2024-11-24 10:31:00,Dashboard View,10
10124,990,2024-07-11 20:01:00,Team Invite,30
10125,1064,2026-09-12 05:58:00,Dashboard View,0
10126,1373,2023-10-22 06:37:00,Dashboard View,10
10127,225,2024-01-14 17:03:00,Dashboard View,5
10128,356,2026-09-25 05:07:00,Dashboard View,1
10129,1965,2026-05-27 16:30:00,Settings Update,1
10130,235,2026-05-13 03:29:00,Settings Update,5
10131,329,2025-08-17 11:18:00,Dashboard View,10
10132,1788,2025-10-19 05:47:00,Data Import,15
10133,1218,2026-07-19 21:57:00,Data Import,2
10134,455,2025-10-17 15:03:00,Settings Update,5
10135,1191,2024-06-07 10:42:00,Data Import,1
10136,1935,2025-09-06 22:47:00,Dashboard View,2
10137,1356,2026-04-29 04:45:00,Settings Update,1
10138,129,2026-05-04 11:59:00,Settings Update,15
10139,675,2026-06-01 08:50:00,Settings Update,2
10140,372,2025-09-28 04:18:00,User Login,2
10141,640,2026-08-12 05:38:00,Data Import,5
10142,315,2025-03-24 00:53:00,Settings Update,0
10143,219,2025-07-31 07:50:00,Dashboard View,30
10144,1973,2025-05-23 13:41:00,Dashboard View,5
10145,1490,2024-05-24 23:27:00,User Login,5
10146,522,2026-07-26 07:00:00,Report Export,2
10147,1944,2026-07-22 06:59:00,Data Import,0
10148,1445,2023-08-06 11:17:00,Report Export,1
10149,1587,2025-11-19 15:18:00,Dashboard View,2
10150,1961,2026-04-10 03:48:00,Report Export,15
10151,513,2025-11-03 21:34:00,Team Invite,5
10152,742,2025-04-25 21:17:00,User Login,10
10153,494,2025-09-03 23:56:00,Settings Update,0
10154,458,2026-04-16 18:58:00,Team Invite,10
10155,1186,2026-04-13 03:45:00,Data Import,5
10156,686,2025-11-11 04:35:00,Team Invite,5
10157,1127,2026-02-05 20:53:00,Dashboard View,5
10158,210,2026-02-18 04:46:00,Settings Update,1
10159,236,2026-05-15 22:12:00,User Login,1
10160,480,2026-07-08 09:42:00,Dashboard View,5
10161,949,2026-06-19 20:12:00,Team Invite,10
10162,655,2026-05-03 07:09:00,Settings Update,2
10163,626,2026-07-16 23:59:00,Team Invite,0
10164,1492,2025-11-23 08:49:00,Team Invite,2
10165,1405,2024-10-25 02:35:00,Report Export,2
10166,21,2026-07-08 23:55:00,Report Export,2
10167,1717,2025-03-16 03:53:00,Dashboard View,5
10168,1595,2025-04-05 09:55:00,User Login,2
10169,78,2026-08-19 15:38:00,Settings Update,10
10170,1988,2025-09-24 18:24:00,Team Invite,15
10171,1067,2026-03-19 15:18:00,Report Export,1
10172,1695,2026-05-15 19:41:00,Settings Update,10
10173,1843,2025-10-23 10:52:00,Report Export,2
10174,1632,2026-07-08 16:03:00,Data Import,5
10175,816,2026-09-04 05:22:00,Report Export,2
10176,1483,2025-09-19 17:01:00,Report Export,10
10177,1607,2025-06-30 07:38:00,Team Invite,2
10178,441,2024-07-16 23:12:00,Dashboard View,1
10179,1735,2026-06-22 02:19:00,Team Invite,5
10180,1356,2026-07-10 10:04:00,User Login,2
10181,1577,2025-11-11 19:52:00,Report Export,15
10182,1291,2025-04-01 04:05:00,Settings Update,15
10183,1585,2024-07-29 03:19:00,Data Import,5
10184,876,2025-09-03 09:11:00,Data Import,15
10185,1348,2026-03-06 23:25:00,Dashboard View,10
10186,1168,2025-02-14 12:57:00,Team Invite,1
10187,868,2025-04-26 17:07:00,Dashboard View,5
10188,1366,2025-06-26 05:22:00,Data Import,5
10189,1118,2026-05-31 03:41:00,Team Invite,30
10190,1964,2025-07-06 01:59:00,Settings Update,2
10191,228,2026-04-21 01:55:00,Team Invite,10
10192,1102,2025-11-06 06:00:00,User Login,5
10193,711,2024-12-08 15:05:00,Dashboard View,30
10194,949,2026-04-12 14:03:00,Report Export,5
10195,215,2024-11-13 03:05:00,Settings Update,2
10196,274,2025-08-17 02:02:00,Dashboard View,1
10197,1678,2026-01-04 13:58:00,Dashboard View,2
10198,312,2026-02-07 22:47:00,User Login,5
10199,1142,2025-11-21 11:37:00,Data Import,10
10200,1375,2026-01-01 13:47:00,Dashboard View,2
10201,1301,2026-07-04 10:41:00,Team Invite,5
10202,1662,2025-03-15 10:11:00,Data Import,1
10203,1418,2024-11-09 21:03:00,Settings Update,0
10204,771,2025-06-18 10:12:00,Team Invite,5
10205,1853,2026-01-15 08:17:00,Report Export,10
10206,781,2024-01-19 07:00:00,Dashboard View,10
10207,14,2025-03-10 09:43:00,Data Import,10
10208,350,2023-08-26 16:48:00,Report Export,1
10209,7,2026-09-13 19:24:00,Settings Update,5
10210,1534,2026-05-20 21:58:00,Settings Update,10
10211,1753,2026-04-17 02:05:00,Data Import,5
10212,406,2026-04-10 13:31:00,User Login,5
10213,1867,2026-09-26 08:17:00,Dashboard View,5
10214,1898,2025-08-03 03:55:00,Settings Update,10
10215,990,2026-02-19 01:24:00,Report Export,15
10216,1282,2025-03-11 15:34:00,Settings Update,2
10217,1854,2025-09-14 23:00:00,Report Export,1
10218,15,2025-02-15 21:36:00,Dashboard View,1
10219,1788,2024-03-24 10:19:00,Report Export,2
10220,638,2026-03-12 04:32:00,Report Export,10
10221,1431,2026-03-27 03:07:00,Report Export,1
10222,687,2026-07-27 15:55:00,Dashboard View,15
10223,176,2024-08-23 21:16:00,Team Invite,2
10224,311,2024-02-26 12:00:00,Team Invite,1
10225,851,2025-11-09 07:57:00,Report Export,5
10226,1222,2025-02-27 14:06:00,Report Export,1
10227,383,2026-01-12 19:46:00,Data Import,10
10228,1812,2026-05-05 00:39:00,Report Export,2
10229,1844,2025-02-28 22:32:00,Team Invite,10
10230,854,2026-02-07 03:17:00,Settings Update,0
10231,57,2025-10-05 13:23:00,User Login,5
10232,408,2026-01-24 23:01:00,Team Invite,5
10233,80,2024-12-24 16:43:00,User Login,2
10234,679,2025-04-30 14:24:00,Dashboard View,1
10235,373,2025-08-13 07:12:00,Data Import,10
10236,554,2026-04-30 00:44:00,Data Import,5
10237,631,2025-10-09 15:08:00,Team Invite,10
10238,711,2023-09-25 23:52:00,Report Export,5
10239,731,2024-12-21 03:18:00,Settings Update,15
10240,1551,2025-07-15 03:41:00,Team Invite,0
10241,307,2026-06-04 08:09:00,Data Import,15
10242,1638,2025-05-29 20:05:00,Settings Update,2
10243,355,2025-12-20 04:40:00,User Login,10
10244,857,2023-10-24 11:05:00,Report Export,5
10245,293,2025-09-29 12:42:00,Settings Update,0
10246,741,2025-04-22 19:00:00,Settings Update,2
10247,1060,2026-04-27 03:00:00,Report Export,15
10248,635,2025-12-27 19:17:00,Report Export,0
10249,923,2024-10-27 19:32:00,Team Invite,5
10250,97,2026-06-13 20:25:00,Settings Update,0
10251,298,2026-06-14 16:32:00,Settings Update,10
10252,1712,2024-04-22 02:41:00,Report Export,1
10253,1806,2026-07-28 18:22:00,Dashboard View,15
10254,1246,2023-07-31 13:10:00,Settings Update,10
10255,620,2025-07-29 00:23:00,Report Export,15
10256,1679,2025-08-21 01:27:00,Team Invite,2
10257,997,2025-11-10 04:35:00,User Login,2
10258,425,2024-08-02 21:56:00,Data Import,5
10259,1333,2026-06-23 00:04:00,Report Export,30
10260,1639,2026-02-09 09:52:00,Settings Update,2
10261,530,2024-05-14 03:17:00,Report Export,2
10262,1514,2026-07-28 05:29:00,Dashboard View,5
10263,1204,2026-04-17 00:18:00,Data Import,5
10264,808,2025-09-15 05:36:00,User Login,1
10265,1761,2026-09-07 22:55:00,Data Import,10
10266,1915,2026-08-14 00:30:00,Team Invite,1
10267,963,2026-05-27 19:59:00,Team Invite,5
10268,1204,2026-09-06 18:23:00,Settings Update,0
10269,463,2025-09-19 08:17:00,Report Export,10
10270,178,2026-08-23 19:29:00,Data Import,10
10271,806,2025-09-29 20:53:00,Settings Update,2
10272,103,2026-01-21 00:56:00,Dashboard View,5
10273,1910,2025-11-09 01:29:00,Report Export,1
10274,1942,2025-10-16 06:20:00,Dashboard View,10
10275,1597,2025-09-20 00:57:00,Settings Update,1
10276,431,2026-06-11 16:26:00,Team Invite,5
10277,493,2026-08-17 16:43:00,Data Import,5
10278,1776,2026-06-03 22:24:00,Settings Update,1
10279,805,2026-01-15 23:45:00,User Login,1
10280,138,2026-09-29 17:36:00,Dashboard View,0
10281,241,2026-01-03 22:00:00,User Login,1
10282,329,2026-08-03 03:33:00,Settings Update,30
10283,1281,2025-11-29 03:17:00,Team Invite,15
10284,1257,2025-10-10 22:13:00,Data Import,15
10285,1077,2025-04-09 01:28:00,Team Invite,15
10286,932,2026-09-29 15:20:00,Data Import,2
10287,1607,2023-10-06 15:40:00,Team Invite,15
10288,1909,2026-05-05 12:32:00,Team Invite,2
10289,55,2025-12-12 15:31:00,Team Invite,30
10290,1173,2024-12-20 22:03:00,Dashboard View,10
10291,1291,2024-08-18 17:50:00,Team Invite,5
10292,1181,2026-07-06 21:34:00,User Login,15
10293,1185,2025-09-06 07:39:00,Report Export,0
10294,1992,2026-09-27 01:47:00,Data Import,5
10295,602,2025-05-18 12:37:00,User Login,1
10296,1666,2025-07-14 21:30:00,Settings Update,10
10297,1371,2024-09-24 16:37:00,Report Export,2
10298,547,2026-09-13 02:14:00,Team Invite,1
10299,766,2024-08-31 18:42:00,Data Import,10
10300,1681,2026-01-03 20:03:00,Team Invite,5
10301,716,2025-12-30 10:14:00,Dashboard View,2
10302,1808,2023-11-04 09:46:00,Team Invite,1
10303,175,2026-09-08 13:47:00,User Login,2
10304,1144,2025-12-13 18:49:00,Settings Update,2
10305,406,2025-08-25 21:56:00,Team Invite,2
10306,286,2026-09-30 17:52:00,Dashboard View,2
10307,999,2026-06-07 20:13:00,Report Export,1
10308,324,2026-01-29 00:01:00,Report Export,5
10309,1106,2025-02-25 16:39:00,Data Import,5
10310,1159,2023-10-31 10:23:00,Dashboard View,2
10311,355,2025-08-02 18:33:00,Report Export,2
10312,291,2024-11-25 22:01:00,Settings Update,0
10313,1298,2026-05-24 04:45:00,User Login,0
10314,1929,2026-07-06 13:05:00,Report Export,2
10315,103,2025-02-05 08:04:00,Data Import,2
10316,1408,2026-06-20 23:41:00,Dashboard View,10
10317,317,2026-04-23 21:56:00,Settings Update,5
10318,1301,2026-09-01 09:36:00,Team Invite,5
10319,1759,2023-09-26 03:45:00,Settings Update,5
10320,1068,2026-08-04 05:24:00,User Login,1
10321,1874,2026-09-04 18:14:00,Team Invite,30
10322,781,2025-08-26 08:03:00,Settings Update,5
10323,754,2025-12-26 23:02:00,Dashboard View,10
10324,1778,2025-05-23 18:21:00,Team Invite,15
10325,1006,2026-02-09 07:19:00,Settings Update,15
10326,393,2026-04-22 23:23:00,Report Export,2
10327,973,2026-01-24 01:30:00,Settings Update,15
10328,1069,2026-05-25 12:30:00,Settings Update,5
10329,1819,2025-10-12 23:35:00,Settings Update,1
10330,1229,2026-02-14 05:02:00,Settings Update,10
10331,632,2026-01-05 22:58:00,Report Export,15
10332,1008,2025-11-24 14:16:00,Dashboard View,2
10333,614,2026-01-19 06:40:00,Report Export,2
10334,610,2025-03-03 19:02:00,Dashboard View,1
10335,58,2026-04-10 18:04:00,Data Import,1
10336,1179,2024-08-26 04:49:00,Dashboard View,15
10337,530,2026-06-14 01:04:00,Data Import,2
10338,938,2025-09-16 01:22:00,User Login,2
10339,351,2026-05-30 02:38:00,Report Export,10
10340,1290,2026-06-29 00:29:00,Data Import,30
10341,1340,2024-03-25 18:24:00,User Login,0
10342,484,2025-05-23 16:33:00,Team Invite,15
10343,19,2026-03-20 18:51:00,User Login,15
10344,1587,2025-01-13 16:08:00,Settings Update,5
10345,1408,2026-08-20 20:46:00,Settings Update,5
10346,1404,2025-12-10 04:12:00,Data Import,30
10347,1144,2026-05-15 17:06:00,Data Import,15
10348,197,2025-03-13 13:38:00,Settings Update,1
10349,1022,2025-01-30 22:01:00,Dashboard View,1
10350,1731,2026-07-17 18:50:00,User Login,15
10351,1710,2023-05-12 08:14:00,Dashboard View,1
10352,727,2025-04-19 02:26:00,Report Export,5
10353,1958,2026-09-16 07:11:00,Settings Update,5
10354,1249,2025-12-27 21:50:00,Team Invite,1
10355,759,2025-12-13 10:16:00,Team Invite,5
10356,1660,2025-02-02 03:04:00,Settings Update,0
10357,1145,2026-03-11 13:27:00,Team Invite,15
10358,1483,2024-07-09 22:07:00,Report Export,5
10359,614,2026-03-16 03:17:00,Report Export,5
10360,607,2025-09-10 03:50:00,Dashboard View,2
10361,1294,2026-06-01 00:58:00,Team Invite,15
10362,1574,2026-01-24 06:59:00,Data Import,5
10363,870,2026-09-09 01:03:00,User Login,0
10364,643,2026-07-24 00:39:00,User Login,15
10365,1496,2026-03-14 14:05:00,Settings Update,2
10366,1059,2026-06-22 17:56:00,Report Export,0
10367,911,2026-08-08 13:11:00,User Login,0
10368,1379,2026-04-14 23:39:00,Report Export,15
10369,1866,2026-04-21 21:19:00,Data Import,1
10370,1229,2026-02-21 20:25:00,Settings Update,10
10371,1127,2025-09-18 12:51:00,Team Invite,0
10372,825,2024-06-11 17:52:00,Dashboard View,2
10373,921,2026-05-16 20:23:00,Settings Update,5
10374,1492,2025-08-11 01:15:00,Report Export,2
10375,56,2024-04-19 14:24:00,User Login,0
10376,369,2026-06-10 10:20:00,Dashboard View,1
10377,1787,2024-11-29 21:28:00,Dashboard View,0
10378,860,2025-11-26 20:53:00,Settings Update,15
10379,397,2026-09-21 02:29:00,Report Export,2
10380,1709,2025-08-03 07:44:00,Dashboard View,0
10381,1379,2026-02-05 22:01:00,Settings Update,2
10382,724,2026-02-06 14:22:00,Team Invite,1
10383,63,2025-03-24 05:00:00,User Login,1
10384,1716,2026-01-19 02:24:00,Report Export,30
10385,1026,2024-06-30 02:01:00,Data Import,0
10386,1581,2025-11-22 05:52:00,Data Import,5
10387,1631,2025-10-16 05:27:00,Dashboard View,15
10388,652,2026-08-23 22:19:00,Report Export,15
10389,231,2026-09-07 05:31:00,Report Export,15
10390,1150,2025-12-23 17:42:00,Report Export,2
10391,611,2025-06-29 04:09:00,Settings Update,15
10392,15,2025-10-19 14:24:00,Report Export,5
10393,433,2025-04-15 05:15:00,Settings Update,0
10394,1467,2024-04-11 07:47:00,Data Import,10
10395,293,2025-04-14 17:55:00,Team Invite,10
10396,1875,2026-06-18 10:50:00,Report Export,2
10397,801,2026-05-09 14:44:00,Team Invite,0
10398,1098,2023-09-01 12:44:00,Report Export,2
10399,1718,2026-06-28 04:50:00,Settings Update,5
10400,1286,2026-08-15 17:09:00,Dashboard View,10
10401,625,2026-04-06 07:29:00,Team Invite,10
10402,1120,2024-11-03 19:06:00,Report Export,2
10403,819,2026-01-06 07:07:00,Team Invite,2
10404,685,2026-08-06 20:35:00,Dashboard View,0
10405,841,2026-09-07 08:04:00,Team Invite,0
10406,1777,2026-05-11 01:55:00,Report Export,5
10407,1766,2025-12-11 05:09:00,Dashboard View,10
10408,728,2026-05-21 09:50:00,User Login,10
10409,485,2026-09-09 14:51:00,Data Import,5
10410,1819,2025-05-29 16:36:00,Team Invite,15
10411,1561,2025-10-07 13:36:00,Settings Update,0
10412,264,2025-05-07 10:02:00,Settings Update,1
10413,766,2026-07-25 22:42:00,Settings Update,10
10414,441,2025-09-04 22:17:00,Report Export,10
10415,218,2025-02-05 02:20:00,User Login,0
10416,1238,2026-08-28 04:55:00,Dashboard View,0
10417,545,2026-04-22 00:21:00,Settings Update,5
10418,1160,2024-04-07 12:07:00,Dashboard View,0
10419,611,2026-05-06 09:46:00,User Login,10
10420,845,2025-10-31 22:51:00,Dashboard View,10
10421,586,2026-06-24 08:12:00,Data Import,0
10422,128,2025-07-20 07:52:00,User Login,15
10423,207,2026-08-18 09:54:00,Team Invite,10
10424,1355,2026-02-26 14:51:00,Data Import,10
10425,1440,2026-02-25 05:14:00,Data Import,2
10426,1050,2026-02-06 04:37:00,Data Import,2
10427,718,2026-06-27 11:09:00,Data Import,0
10428,7,2025-09-24 15:41:00,Dashboard View,2
10429,22,2026-06-19 19:36:00,Report Export,1
10430,1910,2025-08-07 09:26:00,User Login,1
10431,923,2024-02-19 11:46:00,Data Import,5
10432,723,2026-03-05 11:45:00,Settings Update,5
10433,931,2024-06-08 13:13:00,Data Import,5
10434,768,2025-06-07 21:00:00,Dashboard View,1
10435,1401,2026-05-10 19:46:00,Team Invite,5
10436,325,2026-09-29 12:43:00,User Login,10
10437,1796,2025-09-25 17:25:00,User Login,0
10438,1039,2025-10-05 16:20:00,Settings Update,0
10439,85,2026-07-02 04:03:00,Settings Update,5
10440,1766,2026-03-01 09:07:00,Dashboard View,15
10441,1694,2026-04-14 22:59:00,Dashboard View,1
10442,1358,2024-04-06 01:47:00,Dashboard View,10
10443,501,2023-12-26 12:15:00,Report Export,5
10444,1132,2025-09-16 16:19:00,Settings Update,2
10445,854,2025-12-26 12:30:00,Report Export,30
10446,565,2026-05-05 03:55:00,Data Import,5
10447,1848,2025-06-28 05:10:00,Dashboard View,5
10448,521,2026-06-12 22:58:00,Team Invite,15
10449,67,2025-04-29 13:36:00,Dashboard View,2
10450,487,2026-01-28 22:19:00,Team Invite,10
10451,527,2026-09-17 12:48:00,Settings Update,2
10452,282,2025-06-01 22:04:00,Dashboard View,2
10453,30,2026-08-22 19:40:00,Dashboard View,30
10454,428,2026-07-09 01:14:00,Report Export,2
10455,1820,2026-07-30 02:55:00,Data Import,0
10456,1961,2026-04-13 14:06:00,Dashboard View,2
10457,1386,2026-03-07 08:59:00,User Login,2
10458,1554,2026-09-13 12:14:00,Settings Update,5
10459,1187,2026-01-22 04:33:00,Data Import,0
10460,135,2025-03-10 23:16:00,Team Invite,5
10461,1759,2026-02-22 18:02:00,Team Invite,5
10462,1348,2025-09-12 20:31:00,Team Invite,1
10463,1038,2024-12-03 10:17:00,Dashboard View,2
10464,215,2025-09-22 19:45:00,Report Export,15
10465,909,2026-01-04 01:48:00,Dashboard View,2
10466,1382,2026-06-20 05:06:00,Data Import,1
10467,1341,2024-02-18 21:58:00,Dashboard View,30
10468,1883,2025-08-13 22:26:00,Team Invite,5
10469,1450,2025-04-28 16:59:00,Team Invite,15
10470,254,2026-09-14 14:39:00,Settings Update,10
10471,113,2025-06-08 21:40:00,Report Export,15
10472,1801,2025-10-11 18:15:00,User Login,2
10473,1313,2025-11-27 03:49:00,Report Export,10
10474,1414,2026-07-10 04:05:00,User Login,0
10475,1200,2026-06-19 09:18:00,Settings Update,2
10476,948,2026-06-16 17:04:00,Report Export,2
10477,126,2024-08-06 19:01:00,User Login,1
10478,796,2026-05-23 03:53:00,Team Invite,5
10479,1889,2026-03-20 06:26:00,Dashboard View,0
10480,1023,2025-09-09 14:25:00,Settings Update,2
10481,14,2025-08-16 10:45:00,Settings Update,5
10482,1736,2024-06-08 15:51:00,Dashboard View,5
10483,497,2024-05-14 12:34:00,Team Invite,2
10484,1951,2026-09-03 15:34:00,Dashboard View,0
10485,706,2026-09-08 04:32:00,Settings Update,2
10486,839,2026-07-17 21:44:00,Settings Update,10
10487,1634,2024-08-11 02:32:00,Data Import,2
10488,1357,2025-04-15 13:29:00,User Login,10
10489,1106,2025-06-10 19:42:00,Dashboard View,2
10490,1518,2025-10-28 03:58:00,Dashboard View,2
10491,1534,2026-03-13 19:57:00,Dashboard View,0
10492,733,2025-09-23 09:01:00,Team Invite,30
10493,649,2026-03-08 09:08:00,User Login,30
10494,1233,2025-09-22 21:37:00,User Login,5
10495,1841,2026-04-13 13:33:00,User Login,5
10496,1169,2026-05-11 01:29:00,Settings Update,1
10497,1651,2025-11-03 12:52:00,Dashboard View,2
10498,1564,2024-09-18 15:37:00,Team Invite,5
10499,555,2026-01-19 09:58:00,Settings Update,30
10500,1682,2025-10-05 01:13:00,Settings Update,1
10501,195,2025-01-23 07:04:00,Dashboard View,0
10502,730,2026-02-21 20:55:00,User Login,0
10503,1104,2025-02-06 00:59:00,Team Invite,5
10504,1040,2026-01-15 19:58:00,Dashboard View,5
10505,1537,2026-01-09 11:24:00,Dashboard View,5
10506,1445,2025-02-22 07:58:00,Report Export,0
10507,1928,2024-10-07 01:09:00,Report Export,1
10508,1575,2026-07-06 07:41:00,Data Import,2
10509,506,2026-05-17 14:05:00,Report Export,15
10510,1567,2026-01-04 08:58:00,Data Import,5
10511,1283,2026-07-28 17:04:00,Report Export,10
10512,1221,2025-10-18 20:45:00,Data Import,30
10513,1703,2026-09-17 15:14:00,Data Import,15
10514,660,2024-11-24 18:24:00,Dashboard View,5
10515,888,2025-07-21 14:45:00,User Login,2
10516,994,2025-09-30 04:17:00,Report Export,2
10517,1511,2026-02-28 20:52:00,Settings Update,1
10518,1080,2026-04-24 09:37:00,User Login,2
10519,1406,2024-12-12 15:38:00,Settings Update,10
10520,51,2025-11-23 16:14:00,Report Export,2
10521,1197,2026-05-17 20:15:00,User Login,0
10522,1958,2026-07-08 23:57:00,Dashboard View,0
10523,1714,2026-02-20 16:40:00,Report Export,10
10524,186,2026-05-02 19:21:00,Settings Update,1
10525,1135,2025-11-04 22:47:00,Report Export,1
10526,681,2026-08-16 23:44:00,User Login,10
10527,471,2026-08-19 08:20:00,Dashboard View,0
10528,1731,2026-05-31 02:44:00,Dashboard View,30
10529,787,2026-08-13 02:20:00,Team Invite,0
10530,1056,2024-04-06 05:10:00,User Login,1
10531,1579,2024-06-03 12:48:00,Data Import,5
10532,470,2026-05-23 23:56:00,Settings Update,15
10533,792,2025-02-12 10:09:00,Dashboard View,10
10534,620,2026-02-21 17:09:00,Data Import,1
10535,1677,2025-11-12 14:43:00,Settings Update,0
10536,395,2025-12-12 16:23:00,Dashboard View,2
10537,822,2026-07-31 01:39:00,Data Import,10
10538,1778,2026-03-12 02:33:00,Settings Update,10
10539,1220,2026-07-29 02:40:00,User Login,5
10540,1841,2026-09-24 15:56:00,User Login,2
10541,1899,2025-12-21 08:22:00,Team Invite,5
10542,17,2025-11-24 20:27:00,Dashboard View,15
10543,904,2024-03-16 00:05:00,Report Export,2
10544,141,2024-11-05 05:00:00,Dashboard View,2
10545,740,2025-08-12 12:38:00,Dashboard View,1
10546,635,2026-04-27 14:11:00,Team Invite,10
10547,1215,2026-07-31 11:24:00,Settings Update,2
10548,1662,2025-03-08 22:10:00,Report Export,5
10549,1958,2026-09-22 10:13:00,Data Import,10
10550,1676,2026-06-10 08:15:00,Dashboard View,0
10551,1882,2026-05-06 08:11:00,User Login,15
10552,945,2025-03-02 12:12:00,Report Export,2
10553,1648,2026-07-07 03:22:00,Report Export,0
10554,1927,2026-09-16 08:41:00,Report Export,0
10555,58,2026-06-07 10:14:00,Dashboard View,0
10556,75,2025-06-12 10:39:00,Dashboard View,2
10557,762,2026-02-11 22:50:00,User Login,2
10558,180,2026-06-26 03:14:00,Data Import,5
10559,139,2026-04-12 16:17:00,User Login,10
10560,1423,2026-03-09 15:09:00,Settings Update,2
10561,1686,2025-03-29 04:28:00,Dashboard View,5
10562,1232,2024-05-25 15:10:00,Data Import,0
10563,1691,2026-03-05 22:31:00,Settings Update,10
10564,1665,2025-11-01 07:13:00,Dashboard View,2
10565,708,2026-06-03 19:59:00,User Login,10
10566,143,2026-07-20 11:21:00,Report Export,10
10567,10,2024-02-07 04:58:00,User Login,5
10568,204,2026-07-15 15:29:00,Team Invite,0
10569,179,2026-05-01 05:34:00,Dashboard View,5
10570,1596,2026-07-10 22:04:00,User Login,1
10571,1210,2024-08-05 17:35:00,Team Invite,5
10572,507,2024-08-19 22:44:00,Dashboard View,0
10573,1046,2026-04-10 13:35:00,Report Export,2
10574,70,2026-04-07 04:43:00,Data Import,5
10575,1610,2025-11-26 00:47:00,User Login,0
10576,700,2026-03-13 09:57:00,Report Export,15
10577,1798,2025-10-01 00:03:00,Settings Update,5
10578,690,2023-09-27 18:04:00,Data Import,5
10579,366,2026-09-08 10:00:00,User Login,10
10580,1855,2026-06-11 13:10:00,Report Export,5
10581,1847,2025-10-27 05:21:00,Dashboard View,2
10582,1043,2026-07-26 10:55:00,Report Export,0
10583,401,2025-06-22 17:17:00,Settings Update,5
10584,316,2025-07-04 18:16:00,Dashboard View,5
10585,606,2025-12-01 13:45:00,Report Export,30
10586,91,2025-07-10 05:19:00,Data Import,30
10587,1024,2026-08-15 18:29:00,Report Export,2
10588,1573,2024-09-01 07:57:00,Team Invite,15
10589,1942,2024-11-17 22:05:00,Dashboard View,5
10590,69,2026-08-06 20:48:00,Report Export,5
10591,455,2025-11-19 01:29:00,Data Import,1
10592,1876,2025-10-12 20:29:00,Report Export,5
10593,477,2025-09-15 02:42:00,User Login,2
10594,1995,2024-06-21 10:56:00,Data Import,2
10595,1744,2025-11-23 07:47:00,Report Export,2
10596,150,2025-04-24 14:08:00,User Login,5
10597,1497,2025-08-28 22:44:00,User Login,10
10598,1291,2025-01-08 20:47:00,Settings Update,30
10599,482,2025-12-21 09:26:00,Dashboard View,2
10600,976,2023-06-16 11:01:00,Report Export,5
10601,195,2026-09-25 04:21:00,Dashboard View,10
10602,758,2026-07-13 21:49:00,Report Export,2
10603,1068,2026-04-22 10:49:00,Dashboard View,5
10604,99,2024-06-17 08:58:00,Team Invite,15
10605,1849,2025-03-26 20:46:00,Data Import,5
10606,1631,2024-12-04 12:56:00,User Login,15
10607,892,2026-08-26 21:58:00,Report Export,30
10608,623,2024-11-26 05:48:00,Report Export,30
10609,1129,2024-02-04 14:53:00,Report Export,10
10610,1904,2024-11-01 00:11:00,Team Invite,5
10611,382,2025-08-16 00:19:00,Data Import,5
10612,20,2023-11-23 00:17:00,Data Import,1
10613,592,2025-10-22 12:52:00,Report Export,10
10614,1024,2026-09-07 19:53:00,Report Export,5
10615,1011,2026-02-04 15:11:00,Data Import,10
10616,405,2026-05-18 14:28:00,Report Export,5
10617,544,2026-05-02 22:16:00,Data Import,1
10618,1688,2026-04-20 12:58:00,Report Export,5
10619,1676,2026-06-22 10:43:00,Data Import,5
10620,630,2026-08-14 09:35:00,Report Export,10
10621,1968,2026-08-05 11:36:00,User Login,2
10622,1220,2026-03-29 15:27:00,Team Invite,10
10623,1567,2026-05-05 18:16:00,Dashboard View,30
10624,1918,2024-10-30 00:32:00,Team Invite,10
10625,899,2025-05-21 01:27:00,Report Export,1
10626,1573,2026-02-16 20:07:00,User Login,5
10627,1567,2024-09-28 16:11:00,Team Invite,15
10628,1525,2026-09-02 08:53:00,User Login,5
10629,1190,2025-07-05 12:56:00,Team Invite,2
10630,1360,2025-11-16 12:44:00,User Login,0
10631,1361,2025-04-14 15:27:00,Team Invite,1
10632,1637,2024-10-08 02:57:00,Report Export,10
10633,1192,2025-05-11 03:54:00,Report Export,5
10634,463,2026-01-23 22:33:00,Data Import,10
10635,1650,2026-06-30 21:19:00,Settings Update,2
10636,1574,2026-07-25 09:44:00,Data Import,1
10637,657,2026-01-14 18:40:00,Data Import,1
10638,1914,2023-07-07 11:30:00,Data Import,2
10639,606,2025-05-17 10:32:00,User Login,2
10640,1222,2025-02-27 10:42:00,Dashboard View,1
10641,322,2025-07-08 02:47:00,Settings Update,10
10642,1357,2026-08-30 19:28:00,User Login,5
10643,154,2026-07-20 22:20:00,Data Import,0
10644,1842,2026-07-27 16:38:00,Dashboard View,2
10645,127,2026-07-30 14:27:00,Settings Update,5
10646,1661,2025-12-04 14:17:00,Settings Update,10
10647,62,2026-02-18 09:46:00,Settings Update,5
10648,873,2026-08-31 18:02:00,Settings Update,5
10649,1772,2024-05-29 12:52:00,User Login,10
10650,296,2024-08-31 08:36:00,Dashboard View,10
10651,1234,2024-07-12 09:08:00,User Login,2
10652,1234,2025-09-19 16:18:00,User Login,2
10653,337,2025-07-04 02:23:00,Data Import,0
10654,832,2025-03-23 20:19:00,Settings Update,5
10655,1515,2025-10-27 04:37:00,Settings Update,2
10656,1864,2026-09-06 22:53:00,Team Invite,1
10657,559,2026-06-11 01:06:00,User Login,0
10658,286,2026-07-08 07:47:00,User Login,2
10659,1229,2026-07-08 23:30:00,Team Invite,10
10660,1996,2026-08-29 16:19:00,User Login,5
10661,1861,2025-04-23 16:51:00,Data Import,5
10662,1972,2024-11-22 11:01:00,Team Invite,30
10663,1618,2025-01-18 15:23:00,Settings Update,10
10664,1179,2025-11-05 11:45:00,Report Export,10
10665,335,2024-05-04 17:33:00,Team Invite,15
10666,1361,2025-07-04 19:16:00,Dashboard View,2
10667,1026,2025-04-06 13:46:00,Data Import,15
10668,1189,2025-11-04 22:53:00,Settings Update,5
10669,400,2025-12-08 16:03:00,Data Import,5
10670,405,2026-01-29 14:24:00,Settings Update,1
10671,1681,2025-08-14 10:16:00,Report Export,2
10672,290,2024-12-28 08:08:00,Team Invite,1
10673,991,2026-02-03 07:48:00,Settings Update,2
10674,789,2024-09-09 23:28:00,Data Import,1
10675,1640,2025-11-15 17:52:00,Team Invite,2
10676,745,2023-06-13 14:01:00,Dashboard View,1
10677,1435,2026-06-22 04:51:00,Report Export,1
10678,1487,2025-07-15 23:01:00,Data Import,2
10679,1427,2026-01-12 00:23:00,User Login,10
10680,227,2025-12-22 21:27:00,Report Export,0
10681,1810,2026-05-09 04:00:00,Dashboard View,5
10682,1827,2026-01-23 08:05:00,Report Export,30
10683,1045,2026-03-27 13:44:00,Dashboard View,2
10684,1342,2025-09-05 00:08:00,Team Invite,1
10685,91,2026-07-07 05:43:00,Dashboard View,1
10686,1262,2025-07-16 16:20:00,Data Import,1
10687,175,2026-02-16 04:33:00,Team Invite,1
10688,83,2024-05-24 22:24:00,Dashboard View,1
10689,1156,2025-04-23 14:37:00,User Login,15
10690,1903,2023-05-30 08:02:00,Report Export,5
10691,1092,2026-07-23 06:49:00,Dashboard View,10
10692,23,2023-05-03 16:42:00,Data Import,30
10693,1707,2025-12-25 04:21:00,Data Import,0
10694,18,2026-06-23 11:42:00,Dashboard View,10
10695,1496,2026-04-15 16:41:00,Settings Update,1
10696,1531,2026-06-13 15:24:00,Data Import,5
10697,907,2026-01-09 21:37:00,User Login,5
10698,792,2026-08-11 20:04:00,Dashboard View,2
10699,1592,2025-05-31 13:44:00,Team Invite,2
10700,783,2026-06-04 21:40:00,Report Export,1
10701,882,2024-06-30 21:45:00,Team Invite,0
10702,1112,2024-12-17 19:28:00,Settings Update,10
10703,1764,2026-09-26 14:24:00,Settings Update,5
10704,307,2026-02-03 11:33:00,Team Invite,2
10705,1728,2025-02-20 02:25:00,User Login,15
10706,1918,2025-12-15 07:21:00,User Login,10
10707,607,2026-08-14 16:48:00,Data Import,2
10708,614,2024-12-07 11:17:00,Dashboard View,2
10709,1097,2025-09-05 06:07:00,Data Import,1
10710,1372,2026-02-13 14:11:00,Team Invite,1
10711,1061,2024-12-22 06:10:00,User Login,0
10712,668,2025-11-14 09:17:00,Dashboard View,1
10713,1937,2025-11-03 02:57:00,Report Export,2
10714,320,2025-03-01 23:21:00,Settings Update,5
10715,327,2025-07-24 23:47:00,User Login,5
10716,32,2024-12-24 20:09:00,User Login,15
10717,1746,2026-04-22 13:06:00,Team Invite,10
10718,777,2026-08-11 13:12:00,Data Import,5
10719,1069,2026-03-20 04:56:00,Settings Update,2
10720,1958,2026-06-16 19:20:00,Settings Update,0
10721,1427,2025-11-15 03:59:00,Report Export,0
10722,465,2026-03-22 05:47:00,User Login,10
10723,815,2026-08-17 10:23:00,Settings Update,10
10724,660,2024-03-01 02:47:00,Dashboard View,5
10725,1004,2026-08-27 23:35:00,Dashboard View,0
10726,1026,2024-06-26 01:20:00,Settings Update,30
10727,435,2026-08-17 00:51:00,Report Export,0
10728,639,2023-09-18 12:31:00,Team Invite,10
10729,338,2025-01-07 09:36:00,Report Export,10
10730,1283,2025-06-01 14:32:00,Report Export,2
10731,206,2023-07-06 14:29:00,Team Invite,1
10732,1386,2025-05-12 04:07:00,Dashboard View,5
10733,1909,2025-04-19 18:13:00,Dashboard View,5
10734,1410,2026-02-21 16:17:00,Report Export,5
10735,303,2026-08-02 02:15:00,Data Import,15
10736,1605,2026-08-11 08:54:00,Dashboard View,5
10737,1855,2025-09-03 16:53:00,User Login,1
10738,557,2024-09-14 19:12:00,Report Export,10
10739,953,2026-04-23 13:52:00,Dashboard View,1
10740,406,2024-01-25 03:23:00,Settings Update,15
10741,1327,2026-06-27 11:40:00,Data Import,15
10742,1856,2025-06-23 23:59:00,User Login,5
10743,1944,2026-06-16 17:21:00,Data Import,5
10744,484,2025-07-19 03:47:00,Team Invite,2
10745,765,2025-01-21 03:57:00,User Login,2
10746,1327,2024-01-17 22:13:00,User Login,1
10747,446,2026-09-23 01:46:00,Data Import,2
10748,1886,2025-12-08 14:57:00,Data Import,0
10749,258,2026-06-07 00:46:00,Team Invite,10
10750,973,2026-07-30 18:48:00,Dashboard View,15
10751,531,2025-03-27 10:50:00,Report Export,15
10752,976,2023-05-23 04:31:00,User Login,15
10753,354,2025-02-20 20:54:00,Team Invite,10
10754,938,2026-09-08 17:41:00,User Login,10
10755,1106,2026-05-24 14:32:00,Report Export,10
10756,697,2023-09-11 01:54:00,Team Invite,1
10757,1521,2024-09-25 06:23:00,Data Import,5
10758,1531,2026-05-01 13:26:00,Report Export,2
10759,1266,2025-04-30 15:07:00,Settings Update,30
10760,1969,2025-04-02 06:37:00,Data Import,1
10761,303,2025-10-25 10:21:00,Settings Update,2
10762,320,2025-09-29 18:55:00,Team Invite,10
10763,1921,2026-03-04 10:38:00,Team Invite,30
10764,1405,2024-08-24 01:22:00,Team Invite,0
10765,1493,2025-05-27 01:41:00,User Login,30
10766,1162,2026-04-28 04:10:00,Settings Update,15
10767,102,2026-08-29 18:07:00,Settings Update,5
10768,910,2025-05-26 16:38:00,Settings Update,2
10769,86,2026-04-07 07:33:00,Settings Update,10
10770,1254,2025-10-04 03:47:00,Report Export,1
10771,65,2025-08-24 12:01:00,Settings Update,2
10772,392,2025-10-30 15:17:00,Settings Update,30
10773,1765,2024-08-06 05:25:00,Settings Update,10
10774,923,2023-12-25 23:32:00,Dashboard View,15
10775,1237,2026-03-13 22:18:00,Data Import,10
10776,880,2026-03-24 12:38:00,Dashboard View,5
10777,232,2026-02-08 05:13:00,Dashboard View,5
10778,494,2025-04-29 18:46:00,Team Invite,10
10779,1382,2026-06-05 01:17:00,Data Import,15
10780,5,2025-11-12 15:36:00,Dashboard View,15
10781,1868,2026-03-01 18:10:00,Report Export,2
10782,1418,2023-12-29 01:11:00,User Login,15
10783,1944,2026-08-17 01:50:00,Data Import,15
10784,1183,2026-04-16 15:33:00,Dashboard View,2
10785,1575,2025-09-05 03:19:00,Data Import,1
10786,202,2025-02-04 02:40:00,User Login,5
10787,1616,2026-07-01 03:08:00,Team Invite,0
10788,972,2024-11-19 07:20:00,Report Export,2
10789,1391,2025-01-30 21:56:00,Report Export,10
10790,875,2026-01-07 21:13:00,User Login,2
10791,1091,2026-07-02 19:06:00,Report Export,5
10792,368,2025-12-08 09:11:00,Data Import,5
10793,551,2026-07-22 16:21:00,Settings Update,2
10794,1039,2026-06-07 09:53:00,User Login,2
10795,1617,2026-02-16 10:16:00,Team Invite,2
10796,457,2026-07-24 17:59:00,Settings Update,1
10797,32,2023-12-27 13:07:00,Report Export,30
10798,1911,2026-08-27 04:19:00,Report Export,2
10799,1871,2026-09-04 02:04:00,Data Import,10
10800,41,2025-07-28 03:26:00,Settings Update,5
10801,260,2026-06-24 04:49:00,Dashboard View,15
10802,229,2025-11-23 08:24:00,User Login,30
10803,429,2025-04-14 02:20:00,User Login,0
10804,728,2025-11-15 23:02:00,Dashboard View,2
10805,1687,2026-04-20 00:09:00,User Login,10
10806,802,2026-01-18 20:39:00,Team Invite,15
10807,256,2026-08-16 04:17:00,Data Import,0
10808,1977,2025-03-04 23:34:00,Report Export,1
10809,347,2024-08-23 01:38:00,Data Import,2
10810,80,2026-06-10 09:08:00,Settings Update,5
10811,1416,2026-01-26 15:25:00,Data Import,1
10812,511,2026-02-08 07:45:00,Report Export,30
10813,415,2025-11-03 11:26:00,Report Export,0
10814,355,2026-08-06 08:05:00,Team Invite,5
10815,28,2026-06-06 11:06:00,User Login,15
10816,1584,2025-05-01 23:38:00,User Login,5
10817,1620,2024-03-28 19:04:00,User Login,1
10818,1562,2026-09-11 13:37:00,Report Export,15
10819,572,2026-06-09 02:29:00,Data Import,2
10820,1122,2025-12-24 20:45:00,Settings Update,1
10821,968,2026-07-08 18:54:00,Data Import,10
10822,1744,2025-01-14 01:31:00,Data Import,5
10823,545,2026-04-02 08:34:00,Team Invite,1
10824,1813,2026-09-21 02:57:00,Data Import,1
10825,124,2025-09-18 15:26:00,Report Export,5
10826,998,2026-01-16 16:06:00,Team Invite,30
10827,939,2024-09-12 07:06:00,Report Export,1
10828,1109,2025-08-02 14:09:00,Data Import,5
10829,857,2025-07-24 07:18:00,Team Invite,5
10830,1778,2025-06-04 20:06:00,User Login,10
10831,603,2026-08-19 02:52:00,User Login,5
10832,513,2026-03-29 23:21:00,Team Invite,2
10833,1718,2024-05-28 10:29:00,Team Invite,5
10834,567,2025-05-10 11:29:00,Settings Update,2
10835,1357,2024-12-21 04:35:00,Report Export,1
10836,282,2025-09-15 01:39:00,User Login,5
10837,866,2024-12-02 04:15:00,Team Invite,2
10838,472,2025-10-08 23:11:00,Report Export,1
10839,1847,2025-10-06 22:35:00,User Login,15
10840,1011,2026-09-13 21:57:00,User Login,1
10841,672,2026-06-11 17:40:00,Settings Update,30
10842,106,2026-05-26 18:50:00,Team Invite,30
10843,1780,2026-09-03 09:31:00,Data Import,5
10844,1270,2026-07-19 19:15:00,Data Import,2
10845,312,2026-08-12 16:02:00,Dashboard View,5
10846,1381,2024-12-03 19:18:00,Data Import,0
10847,930,2026-03-26 00:44:00,Dashboard View,5
10848,711,2024-11-12 16:37:00,Data Import,5
10849,1499,2025-10-28 01:23:00,Report Export,5
10850,1720,2026-04-16 04:59:00,Report Export,2
10851,29,2025-08-20 13:35:00,Report Export,15
10852,467,2025-12-07 09:44:00,Dashboard View,2
10853,1722,2025-09-10 18:27:00,Data Import,2
10854,1637,2023-10-16 02:21:00,User Login,15
10855,591,2026-03-26 19:21:00,User Login,10
10856,667,2025-02-01 13:18:00,Report Export,5
10857,1045,2026-05-26 18:30:00,Team Invite,5
10858,9,2026-05-18 00:55:00,Dashboard View,2
10859,839,2025-12-25 01:46:00,Team Invite,2
10860,336,2024-10-09 22:59:00,User Login,10
10861,1703,2025-02-14 09:31:00,Dashboard View,1
10862,1805,2025-10-22 10:10:00,Dashboard View,2
10863,1454,2024-07-14 23:36:00,Dashboard View,5
10864,163,2026-02-18 23:56:00,Dashboard View,2
10865,1153,2025-11-22 10:18:00,Settings Update,5
10866,1443,2026-09-22 00:55:00,Report Export,10
10867,179,2026-06-07 03:16:00,Team Invite,0
10868,1208,2025-02-19 10:20:00,Settings Update,1
10869,1003,2026-04-20 16:13:00,Report Export,5
10870,1199,2025-07-09 00:53:00,Data Import,5
10871,1060,2026-04-21 10:26:00,Report Export,1
10872,964,2026-04-09 06:25:00,Dashboard View,10
10873,1198,2025-11-11 04:32:00,Settings Update,10
10874,1318,2026-05-27 10:56:00,Report Export,2
10875,875,2026-07-04 15:22:00,Team Invite,1
10876,545,2025-11-15 14:59:00,Settings Update,5
10877,1887,2026-06-07 18:31:00,Team Invite,2
10878,689,2025-02-14 04:06:00,User Login,0
10879,1686,2026-09-11 03:26:00,Settings Update,2
10880,1240,2026-07-19 10:36:00,Settings Update,15
10881,1751,2026-09-01 12:13:00,Data Import,5
10882,602,2026-02-12 10:52:00,Settings Update,15
10883,87,2024-11-12 22:13:00,User Login,2
10884,1595,2025-02-06 18:38:00,Dashboard View,2
10885,1295,2026-03-12 22:07:00,Dashboard View,10
10886,231,2026-06-11 02:00:00,Settings Update,5
10887,1095,2025-10-01 20:10:00,User Login,5
10888,36,2025-07-10 19:50:00,Data Import,2
10889,411,2026-09-06 06:37:00,Report Export,15
10890,1690,2026-07-24 12:27:00,Settings Update,2
10891,1963,2026-07-07 02:41:00,Settings Update,1
10892,968,2026-08-07 00:12:00,Settings Update,2
10893,1513,2024-11-16 22:06:00,Report Export,10
10894,1282,2025-10-21 08:39:00,User Login,0
10895,719,2024-06-27 09:36:00,Team Invite,10
10896,859,2025-12-24 09:03:00,Dashboard View,15
10897,1092,2026-02-27 15:16:00,Team Invite,0
10898,1625,2024-01-13 14:15:00,Dashboard View,5
10899,1784,2026-08-05 11:02:00,Data Import,15
10900,976,2026-03-28 17:08:00,Data Import,2
10901,1407,2026-03-15 03:11:00,Settings Update,5
10902,341,2026-09-22 09:03:00,Settings Update,1
10903,1628,2026-05-20 23:48:00,Report Export,2
10904,1560,2024-11-13 01:24:00,Data Import,5
10905,1670,2026-01-10 17:33:00,User Login,0
10906,596,2026-08-18 02:41:00,User Login,5
10907,988,2025-01-05 00:51:00,Report Export,5
10908,1873,2025-09-26 20:34:00,User Login,5
10909,1821,2025-01-05 04:47:00,Dashboard View,2
10910,63,2025-01-11 19:50:00,Team Invite,2
10911,446,2025-02-16 10:38:00,User Login,10
10912,1668,2026-08-05 10:17:00,Data Import,2
10913,1399,2025-04-05 05:13:00,Report Export,15
10914,18,2026-08-14 22:37:00,Data Import,1
10915,610,2026-01-26 04:37:00,Team Invite,2
10916,1409,2026-08-14 07:10:00,Dashboard View,15
10917,266,2026-06-01 22:37:00,Data Import,5
10918,812,2024-07-18 23:51:00,User Login,5
10919,1929,2026-08-31 16:22:00,Data Import,5
10920,1457,2024-04-22 17:32:00,Report Export,2
10921,1237,2026-09-24 00:59:00,Team Invite,5
10922,173,2024-05-02 11:56:00,Data Import,5
10923,611,2025-03-18 06:13:00,Dashboard View,10
10924,620,2025-11-07 17:44:00,Team Invite,2
10925,9,2025-06-12 06:02:00,Settings Update,5
10926,608,2024-09-01 20:47:00,User Login,15
10927,861,2025-08-06 15:55:00,Team Invite,0
10928,635,2026-05-18 15:06:00,Settings Update,5
10929,242,2024-07-17 22:55:00,Team Invite,5
10930,1688,2025-09-05 13:38:00,Data Import,5
10931,105,2026-06-15 03:14:00,Dashboard View,10
10932,60,2026-01-05 21:41:00,Settings Update,5
10933,656,2026-07-04 15:44:00,Report Export,10
10934,637,2025-01-09 13:36:00,Data Import,1
10935,760,2025-01-26 15:05:00,User Login,1
10936,248,2026-07-10 16:08:00,Report Export,0
10937,508,2025-08-03 14:09:00,Report Export,2
10938,144,2026-04-28 04:56:00,Team Invite,10
10939,1116,2026-02-04 00:02:00,Dashboard View,5
10940,1246,2024-12-20 00:33:00,Team Invite,5
10941,971,2026-05-29 19:22:00,Dashboard View,1
10942,521,2026-08-07 14:01:00,Data Import,5
10943,920,2024-06-27 12:42:00,Data Import,1
10944,580,2025-06-03 05:11:00,User Login,5
10945,870,2026-02-12 23:00:00,Settings Update,2
10946,1044,2026-07-01 22:41:00,User Login,0
10947,1494,2026-08-18 01:09:00,Settings Update,5
10948,1637,2024-03-27 18:32:00,Settings Update,10
10949,396,2025-08-31 15:54:00,Report Export,30
10950,151,2026-08-05 06:40:00,Team Invite,0
10951,1991,2025-10-01 02:44:00,User Login,2
10952,494,2024-03-06 19:41:00,User Login,1
10953,1404,2023-07-25 08:32:00,Team Invite,10
10954,1616,2026-08-19 03:35:00,Report Export,0
10955,576,2026-07-02 02:08:00,Settings Update,10
10956,285,2026-07-23 01:26:00,Settings Update,5
10957,1741,2026-02-28 05:04:00,Data Import,10
10958,1426,2025-05-31 11:42:00,Team Invite,2
10959,1713,2026-06-15 17:41:00,User Login,15
10960,169,2026-04-30 13:35:00,User Login,30
10961,13,2024-11-26 23:55:00,Dashboard View,10
10962,745,2023-12-08 13:45:00,User Login,5
10963,643,2026-07-23 19:08:00,Dashboard View,5
10964,1735,2026-09-02 03:43:00,Report Export,30
10965,1704,2026-08-03 08:42:00,Settings Update,30
10966,1139,2025-05-12 14:34:00,Settings Update,5
10967,103,2026-03-02 01:50:00,User Login,5
10968,45,2026-04-06 17:59:00,Report Export,5
10969,1901,2024-11-17 05:33:00,Report Export,1
10970,1960,2023-06-08 04:07:00,Data Import,15
10971,402,2025-11-30 21:52:00,Settings Update,2
10972,251,2026-06-28 22:45:00,Dashboard View,5
10973,257,2026-07-23 05:21:00,User Login,30
10974,900,2026-02-15 19:05:00,Settings Update,2
10975,819,2026-01-29 03:38:00,User Login,5
10976,462,2025-01-07 00:13:00,User Login,0
10977,983,2024-10-30 09:37:00,Team Invite,30
10978,930,2024-09-04 06:28:00,Settings Update,10
10979,1592,2025-12-20 11:30:00,Team Invite,10
10980,1834,2026-08-13 21:29:00,User Login,5
10981,243,2025-04-11 03:44:00,Report Export,5
10982,1460,2026-04-27 05:39:00,Settings Update,10
10983,382,2025-10-08 23:14:00,Settings Update,2
10984,1009,2026-09-15 17:02:00,Dashboard View,0
10985,62,2026-09-25 13:28:00,Dashboard View,2
10986,770,2026-07-27 06:24:00,Settings Update,5
10987,882,2026-02-22 16:42:00,Dashboard View,10
10988,73,2026-08-05 20:54:00,Settings Update,10
10989,1226,2026-06-07 06:16:00,Settings Update,5
10990,1269,2023-05-24 08:23:00,Dashboard View,15
10991,1009,2026-01-26 04:47:00,User Login,5
10992,407,2025-10-23 11:26:00,Report Export,5
10993,1536,2026-09-10 14:09:00,Report Export,15
10994,418,2026-09-11 00:37:00,Dashboard View,30
10995,637,2025-05-21 21:41:00,Settings Update,5
10996,1995,2025-09-03 17:57:00,Report Export,0
10997,1402,2026-08-03 13:00:00,Data Import,5
10998,1557,2026-06-20 01:39:00,Dashboard View,1
10999,18,2026-09-03 14:10:00,User Login,10
11000,1220,2023-12-21 16:29:00,Data Import,0
11001,606,2026-02-23 07:50:00,Team Invite,10
11002,1405,2024-11-01 22:33:00,Report Export,10
11003,620,2026-08-23 17:23:00,Team Invite,10
11004,1884,2024-04-13 04:45:00,Data Import,5
11005,1278,2026-01-06 16:37:00,Report Export,5
11006,977,2025-02-23 11:06:00,Dashboard View,5
11007,863,2026-01-08 09:05:00,User Login,1
11008,1428,2026-05-22 10:43:00,Data Import,15
11009,1909,2025-11-05 18:23:00,Team Invite,2
11010,1225,2024-10-04 11:12:00,Data Import,2
11011,425,2026-04-17 16:47:00,Data Import,1
11012,601,2025-12-11 03:04:00,Team Invite,0
11013,1992,2026-08-28 11:38:00,Team Invite,5
11014,1165,2026-07-12 22:17:00,Report Export,1
11015,1946,2025-07-22 08:06:00,Report Export,1
11016,331,2026-01-18 22:58:00,Report Export,5
11017,1504,2025-01-09 12:20:00,Dashboard View,5
11018,845,2024-11-10 22:17:00,Data Import,5
11019,835,2024-03-07 07:22:00,User Login,2
11020,1273,2025-06-23 06:36:00,Team Invite,5
11021,1655,2025-11-07 02:30:00,User Login,5
11022,1501,2026-02-27 10:29:00,Dashboard View,5
11023,1975,2026-07-15 08:37:00,Dashboard View,1
11024,103,2024-06-07 04:23:00,Settings Update,5
11025,771,2025-09-19 15:01:00,Report Export,0
11026,1576,2026-07-27 22:33:00,User Login,0
11027,134,2024-02-08 22:27:00,User Login,5
11028,225,2026-05-08 06:35:00,Report Export,1
11029,965,2026-08-09 03:13:00,Dashboard View,10
11030,1633,2026-04-03 20:30:00,Dashboard View,5
11031,181,2026-04-01 06:09:00,User Login,5
11032,190,2026-07-18 20:12:00,User Login,1
11033,769,2026-04-07 15:49:00,Data Import,1
11034,1106,2026-04-15 12:03:00,Dashboard View,1
11035,1276,2024-04-20 04:43:00,Data Import,10
11036,159,2025-11-27 20:18:00,Data Import,30
11037,934,2025-09-07 16:34:00,Report Export,2
11038,1230,2024-09-02 04:12:00,Team Invite,0
11039,2000,2025-10-06 17:45:00,Data Import,5
11040,964,2026-09-28 08:07:00,Data Import,1
11041,27,2026-06-25 06:06:00,Data Import,5
11042,1995,2025-07-08 21:33:00,Team Invite,5
11043,1628,2026-03-07 02:30:00,Data Import,5
11044,1054,2025-06-24 23:25:00,User Login,5
11045,1000,2025-11-26 16:51:00,Report Export,15
11046,576,2025-09-04 19:33:00,Data Import,2
11047,603,2026-04-22 04:22:00,Data Import,1
11048,1674,2026-04-04 13:20:00,Team Invite,10
11049,1757,2025-07-07 10:25:00,Dashboard View,10
11050,1203,2025-06-01 06:12:00,Settings Update,30
11051,1508,2025-05-06 10:06:00,User Login,15
11052,1197,2024-06-01 07:45:00,Team Invite,10
11053,52,2025-08-01 17:14:00,Dashboard View,10
11054,1295,2025-12-23 19:08:00,Settings Update,2
11055,489,2025-09-23 02:12:00,Data Import,5
11056,1024,2026-09-12 01:55:00,User Login,5
11057,730,2025-08-01 10:10:00,Data Import,10
11058,1441,2025-12-25 17:46:00,User Login,1
11059,1778,2026-04-05 01:00:00,Settings Update,5
11060,1579,2026-02-28 02:12:00,Team Invite,1
11061,1200,2026-09-27 02:06:00,Dashboard View,10
11062,1594,2026-08-18 22:11:00,Team Invite,10
11063,1241,2026-03-01 22:19:00,Dashboard View,2
11064,1969,2026-03-31 04:31:00,Report Export,2
11065,752,2026-07-06 19:57:00,Settings Update,2
11066,1452,2026-08-14 18:34:00,Team Invite,10
11067,1501,2025-12-06 05:43:00,Dashboard View,5
11068,1074,2024-02-06 08:48:00,Data Import,10
11069,1860,2023-11-16 06:40:00,Dashboard View,2
11070,485,2026-05-09 15:46:00,Report Export,1
11071,1217,2026-09-06 17:20:00,User Login,15
11072,1728,2025-04-17 02:08:00,Team Invite,10
11073,1475,2026-03-31 06:31:00,User Login,5
11074,1802,2025-06-21 09:33:00,Report Export,15
11075,1127,2025-08-28 21:16:00,Dashboard View,10
11076,1426,2025-05-26 04:01:00,Team Invite,2
11077,1705,2026-04-05 01:05:00,Team Invite,5
11078,858,2024-11-24 07:37:00,Dashboard View,5
11079,85,2026-07-30 11:44:00,Team Invite,5
11080,782,2025-06-24 09:39:00,Report Export,5
11081,300,2026-04-11 06:12:00,Dashboard View,5
11082,1024,2026-05-24 05:57:00,Report Export,1
11083,1239,2024-07-14 02:49:00,Team Invite,0
11084,1176,2026-08-20 17:34:00,Dashboard View,2
11085,612,2026-03-15 01:26:00,Report Export,15
11086,284,2024-09-17 21:13:00,User Login,2
11087,1458,2023-11-18 23:23:00,Settings Update,1
11088,1152,2026-03-05 05:17:00,Settings Update,2
11089,1069,2025-12-07 11:51:00,User Login,5
11090,195,2026-03-24 19:38:00,Dashboard View,5
11091,652,2026-08-02 21:18:00,Dashboard View,1
11092,66,2026-04-29 03:23:00,Team Invite,0
11093,1329,2024-12-10 00:02:00,Dashboard View,0
11094,1522,2025-06-28 17:40:00,Settings Update,10
11095,1517,2026-01-18 03:54:00,Data Import,10
11096,1618,2024-06-24 09:48:00,Team Invite,10
11097,282,2025-12-08 18:42:00,Data Import,0
11098,691,2025-12-05 03:12:00,Data Import,15
11099,1689,2025-07-27 12:12:00,Settings Update,0
11100,400,2026-05-08 14:21:00,User Login,2
11101,858,2024-08-13 18:04:00,Dashboard View,10
11102,1243,2026-04-27 20:40:00,Team Invite,5
11103,607,2026-09-12 01:04:00,Report Export,5
11104,1965,2025-09-26 21:07:00,Settings Update,30
11105,1778,2026-04-10 11:01:00,Report Export,5
11106,1814,2026-01-20 14:12:00,Report Export,5
11107,911,2026-07-09 11:19:00,Settings Update,5
11108,1435,2026-07-05 13:11:00,User Login,2
11109,972,2025-08-27 21:29:00,Settings Update,10
11110,403,2025-08-04 02:40:00,Team Invite,15
11111,1524,2025-06-29 14:56:00,Report Export,1
11112,910,2025-08-05 12:20:00,User Login,5
11113,411,2026-08-16 05:55:00,Dashboard View,0
11114,645,2025-11-27 12:49:00,Data Import,2
11115,1972,2026-07-11 02:20:00,Dashboard View,5
11116,1391,2026-06-22 23:09:00,User Login,1
11117,1416,2026-08-16 10:03:00,Report Export,1
11118,336,2024-09-05 15:08:00,Dashboard View,5
11119,1070,2026-07-07 04:14:00,Team Invite,10
11120,281,2026-01-01 08:08:00,Settings Update,1
11121,601,2025-07-07 23:51:00,Report Export,5
11122,117,2025-12-27 03:11:00,Report Export,30
11123,489,2025-05-31 05:49:00,Data Import,1
11124,25,2025-01-20 15:09:00,Report Export,10
11125,584,2026-06-06 20:17:00,Data Import,15
11126,570,2024-06-20 10:06:00,Report Export,5
11127,918,2024-10-15 20:34:00,Settings Update,2
11128,733,2026-02-03 08:50:00,Settings Update,0
11129,733,2026-06-17 23:11:00,Data Import,10
11130,1674,2025-10-29 20:54:00,Data Import,2
11131,471,2024-04-10 18:44:00,Settings Update,5
11132,332,2024-03-18 06:53:00,Team Invite,1
11133,180,2026-05-27 06:58:00,Team Invite,1
11134,1783,2025-05-29 06:15:00,Report Export,10
11135,173,2026-02-20 13:45:00,Dashboard View,30
11136,1545,2026-09-09 12:10:00,User Login,5
11137,720,2025-11-05 01:37:00,Settings Update,0
11138,1068,2026-06-30 04:41:00,Dashboard View,15
11139,458,2026-07-17 09:31:00,Team Invite,10
11140,629,2025-02-25 05:52:00,Report Export,5
11141,1823,2025-09-28 00:43:00,Dashboard View,10
11142,1410,2026-04-20 16:42:00,Report Export,10
11143,1264,2025-12-22 11:14:00,User Login,5
11144,164,2025-10-15 23:51:00,User Login,5
11145,483,2025-10-25 01:14:00,Settings Update,10
11146,694,2026-05-16 14:08:00,Team Invite,30
11147,8,2026-07-14 06:12:00,User Login,15
11148,56,2025-06-19 06:22:00,Settings Update,5
11149,1214,2026-07-14 00:50:00,User Login,2
11150,1760,2024-09-25 04:14:00,Team Invite,1
11151,937,2026-07-12 10:02:00,Settings Update,0
11152,657,2025-12-12 10:08:00,Dashboard View,2
11153,1968,2026-06-25 04:36:00,User Login,2
11154,323,2026-05-10 03:36:00,Settings Update,10
11155,640,2026-01-05 15:05:00,Report Export,30
11156,569,2026-01-29 16:06:00,Report Export,5
11157,1435,2026-07-11 17:25:00,Dashboard View,30
11158,371,2024-12-12 06:26:00,Team Invite,0
11159,423,2024-06-20 16:17:00,Settings Update,5
11160,1636,2026-05-15 12:31:00,User Login,5
11161,153,2023-09-08 18:55:00,Dashboard View,5
11162,497,2024-08-05 20:47:00,Report Export,0
11163,1896,2026-06-16 20:25:00,Report Export,2
11164,987,2025-10-29 02:24:00,Settings Update,2
11165,1914,2024-02-18 17:20:00,Settings Update,5
11166,172,2026-01-18 19:04:00,Data Import,5
11167,309,2026-04-05 19:05:00,Dashboard View,15
11168,483,2025-08-30 13:29:00,Data Import,15
11169,84,2026-02-15 17:11:00,User Login,1
11170,1003,2026-06-26 19:39:00,User Login,10
11171,1914,2026-09-30 23:13:00,Dashboard View,10
11172,1818,2026-06-30 19:46:00,Report Export,2
11173,968,2025-12-28 20:33:00,Data Import,5
11174,1068,2026-06-04 17:56:00,User Login,10
11175,1342,2025-02-04 11:30:00,Data Import,15
11176,472,2025-08-13 17:51:00,User Login,5
11177,318,2024-06-26 08:48:00,Dashboard View,10
11178,302,2026-07-30 06:36:00,Settings Update,5
11179,1616,2026-05-01 02:36:00,Team Invite,2
11180,1599,2026-08-27 16:45:00,User Login,1
11181,232,2026-02-20 07:31:00,Data Import,5
11182,578,2025-10-13 17:28:00,Team Invite,1
11183,773,2025-11-28 19:56:00,User Login,5
11184,409,2026-06-25 09:09:00,Settings Update,10
11185,1052,2024-02-21 12:43:00,Settings Update,5
11186,1378,2024-10-06 18:01:00,Dashboard View,0
11187,1519,2023-05-17 07:58:00,Settings Update,15
11188,205,2024-08-08 03:51:00,Settings Update,1
11189,527,2026-09-09 09:25:00,Team Invite,1
11190,121,2025-07-28 18:28:00,Report Export,10
11191,1627,2026-04-12 10:37:00,Settings Update,5
11192,315,2026-01-31 23:19:00,Dashboard View,15
11193,466,2026-09-18 05:49:00,Dashboard View,1
11194,1080,2026-02-22 19:55:00,Team Invite,15
11195,1569,2025-02-15 13:44:00,Team Invite,10
11196,1089,2026-04-17 01:03:00,Data Import,0
11197,789,2024-12-22 18:14:00,Data Import,1
11198,485,2026-04-28 07:38:00,Settings Update,2
11199,1167,2024-11-24 23:02:00,Team Invite,30
11200,389,2026-03-23 20:03:00,Report Export,10
11201,635,2025-08-16 05:34:00,Settings Update,5
11202,1437,2026-08-17 03:35:00,Team Invite,10
11203,1688,2026-01-08 07:08:00,Data Import,15
11204,1976,2026-07-05 10:00:00,Team Invite,5
11205,1439,2026-01-21 13:44:00,Team Invite,2
11206,1799,2025-11-10 11:26:00,Settings Update,5
11207,15,2025-02-20 06:25:00,Data Import,2
11208,503,2024-08-04 20:21:00,User Login,2
11209,616,2026-03-22 18:30:00,Data Import,2
11210,1303,2026-01-15 04:30:00,Report Export,1
11211,1667,2026-02-19 19:38:00,User Login,0
11212,1758,2025-03-07 05:03:00,Team Invite,2
11213,1628,2025-05-15 04:07:00,User Login,10
11214,555,2026-04-17 15:36:00,User Login,10
11215,53,2026-05-25 09:12:00,Report Export,10
11216,1918,2025-02-16 08:06:00,Team Invite,10
11217,630,2026-09-15 01:39:00,User Login,5
11218,992,2025-11-26 19:34:00,Dashboard View,15
11219,1408,2026-06-17 21:26:00,Data Import,1
11220,1341,2026-02-02 23:51:00,User Login,2
11221,463,2026-04-23 10:43:00,Dashboard View,5
11222,1654,2025-11-24 15:32:00,Data Import,15
11223,272,2025-07-25 03:02:00,Team Invite,5
11224,887,2025-08-11 20:32:00,Settings Update,5
11225,911,2026-06-15 02:36:00,User Login,15
11226,1677,2025-04-20 08:42:00,User Login,15
11227,930,2025-07-12 06:56:00,Dashboard View,2
11228,1360,2026-04-02 19:30:00,Dashboard View,2
11229,778,2026-05-11 18:39:00,Settings Update,10
11230,719,2024-06-16 10:50:00,Data Import,0
11231,1622,2024-02-19 17:39:00,Report Export,15
11232,307,2026-02-03 14:21:00,Report Export,10
11233,1933,2026-07-24 12:35:00,Team Invite,30
11234,334,2026-03-05 19:19:00,User Login,1
11235,590,2026-06-19 10:17:00,Data Import,15
11236,1767,2024-05-25 23:31:00,Data Import,2
11237,1192,2025-02-18 16:13:00,Settings Update,5
11238,1081,2023-11-24 02:22:00,User Login,0
11239,1854,2025-05-31 20:26:00,Data Import,2
11240,283,2026-07-03 11:25:00,User Login,1
11241,7,2025-09-11 10:20:00,Data Import,5
11242,604,2026-02-21 23:26:00,Data Import,30
11243,1195,2024-09-21 15:19:00,User Login,5
11244,1420,2026-09-27 16:57:00,User Login,10
11245,1907,2026-05-11 17:35:00,Report Export,5
11246,1969,2026-09-21 23:17:00,Settings Update,0
11247,1190,2025-12-20 03:47:00,Data Import,2
11248,1739,2026-01-26 23:44:00,Report Export,15
11249,1209,2026-01-07 17:01:00,User Login,10
11250,1469,2025-09-02 10:46:00,Team Invite,0
11251,1876,2026-04-16 13:09:00,Team Invite,2
11252,530,2026-04-08 15:52:00,Settings Update,15
11253,109,2025-12-26 06:45:00,User Login,10
11254,783,2026-06-16 03:29:00,User Login,1
11255,1289,2026-06-14 00:10:00,Report Export,5
11256,1782,2024-05-19 19:15:00,Settings Update,0
11257,102,2025-11-28 02:50:00,Data Import,2
11258,160,2026-04-18 04:18:00,Data Import,10
11259,632,2025-06-27 00:39:00,Dashboard View,1
11260,262,2025-02-11 09:29:00,Report Export,2
11261,1667,2025-05-08 07:03:00,Data Import,2
11262,1202,2026-04-08 21:42:00,Dashboard View,2
11263,1103,2025-06-14 17:09:00,Report Export,15
11264,60,2026-05-10 14:36:00,Settings Update,1
11265,1030,2025-04-07 12:12:00,Settings Update,15
11266,1903,2025-04-09 10:24:00,Data Import,10
11267,297,2025-06-15 00:54:00,Team Invite,5
11268,1910,2026-04-23 11:38:00,User Login,10
11269,1976,2026-04-27 21:51:00,Dashboard View,30
11270,9,2026-09-26 01:53:00,Data Import,30
11271,1229,2026-08-24 09:37:00,Team Invite,0
11272,179,2025-02-04 16:18:00,Settings Update,15
11273,1039,2025-10-01 11:32:00,Team Invite,0
11274,379,2026-08-18 23:03:00,Team Invite,5
11275,383,2026-08-13 05:20:00,Settings Update,15
11276,1319,2026-04-26 08:06:00,User Login,5
11277,697,2023-11-08 12:22:00,User Login,30
11278,1783,2025-03-13 07:11:00,Settings Update,2
11279,674,2025-04-29 04:36:00,User Login,2
11280,270,2026-01-07 12:26:00,User Login,5
11281,1320,2026-03-08 01:11:00,Report Export,30
11282,1736,2025-11-01 17:09:00,Settings Update,10
11283,915,2026-08-16 23:50:00,Dashboard View,5
11284,1941,2026-09-01 14:01:00,User Login,5
11285,634,2025-06-11 05:58:00,Dashboard View,2
11286,1913,2026-04-16 18:05:00,Team Invite,5
11287,722,2026-08-04 01:34:00,User Login,1
11288,1270,2025-07-13 15:29:00,Team Invite,2
11289,1621,2026-08-12 17:16:00,Team Invite,1
11290,223,2023-12-07 09:40:00,Dashboard View,5
11291,1470,2026-06-08 23:54:00,User Login,10
11292,1375,2025-01-27 20:16:00,Report Export,2
11293,1086,2026-09-09 10:31:00,Dashboard View,2
11294,216,2026-04-22 11:14:00,Data Import,2
11295,258,2025-11-14 02:53:00,User Login,15
11296,527,2026-05-16 22:49:00,Dashboard View,5
11297,893,2025-10-18 09:25:00,Team Invite,10
11298,1550,2025-03-11 21:42:00,Settings Update,10
11299,655,2026-05-06 16:25:00,Dashboard View,2
11300,1604,2026-01-03 07:34:00,Dashboard View,1
11301,73,2026-03-26 15:45:00,Team Invite,15
11302,1939,2025-05-31 12:35:00,Report Export,5
11303,1548,2026-09-12 22:17:00,Settings Update,1
11304,1616,2026-06-28 02:25:00,Dashboard View,2
11305,135,2026-02-16 20:18:00,Dashboard View,15
11306,1348,2024-12-27 10:05:00,Settings Update,5
11307,924,2024-09-20 01:00:00,Settings Update,5
11308,844,2026-04-29 04:17:00,Settings Update,1
11309,1109,2025-08-14 21:05:00,Dashboard View,15
11310,760,2024-11-29 12:19:00,Data Import,1
11311,614,2026-07-07 23:58:00,Data Import,2
11312,312,2025-04-27 00:06:00,Report Export,5
11313,1983,2026-09-28 22:21:00,Settings Update,10
11314,1146,2025-04-18 08:26:00,Settings Update,15
11315,587,2026-04-19 00:44:00,Settings Update,10
11316,735,2023-12-15 04:34:00,Report Export,2
11317,985,2025-10-08 20:50:00,Report Export,1
11318,845,2026-05-29 05:41:00,Settings Update,5
11319,339,2026-02-05 19:39:00,Data Import,5
11320,173,2023-11-06 08:45:00,Dashboard View,2
11321,1486,2026-02-01 01:00:00,Team Invite,0
11322,971,2026-08-25 09:29:00,Team Invite,15
11323,196,2026-08-09 19:04:00,Report Export,0
11324,1360,2025-03-30 02:48:00,Dashboard View,15
11325,1406,2023-12-05 16:11:00,Team Invite,0
11326,714,2026-03-31 23:25:00,Data Import,1
11327,1217,2026-09-02 20:00:00,Team Invite,10
11328,475,2026-06-24 20:52:00,Team Invite,5
11329,20,2026-06-10 23:54:00,Dashboard View,30
11330,1253,2025-08-18 05:06:00,Dashboard View,15
11331,1906,2026-09-27 10:26:00,Dashboard View,5
11332,206,2026-09-29 21:40:00,Settings Update,5
11333,1422,2025-08-07 05:23:00,Data Import,5
11334,125,2025-04-23 17:34:00,Report Export,2
11335,1855,2026-05-04 09:17:00,User Login,1
11336,763,2025-01-14 04:44:00,Dashboard View,15
11337,42,2026-06-10 20:50:00,Data Import,10
11338,657,2025-04-11 18:36:00,Dashboard View,5
11339,214,2026-06-25 09:13:00,Dashboard View,2
11340,1938,2026-07-03 09:28:00,Dashboard View,2
11341,1813,2026-08-05 08:07:00,Data Import,1
11342,472,2026-01-30 03:51:00,Team Invite,1
11343,630,2025-02-23 06:27:00,Dashboard View,1
11344,383,2026-08-14 20:54:00,Settings Update,1
11345,12,2026-03-23 03:31:00,User Login,0
11346,1879,2025-03-27 00:08:00,Team Invite,2
11347,1976,2026-09-22 10:49:00,User Login,5
11348,1114,2026-05-26 18:59:00,Data Import,2
11349,1176,2026-07-06 03:02:00,Dashboard View,10
11350,280,2026-06-18 19:04:00,User Login,5
11351,881,2025-09-11 01:34:00,Report Export,1
11352,472,2026-07-07 14:35:00,Report Export,10
11353,14,2026-08-22 06:43:00,Data Import,0
11354,1637,2023-04-13 02:54:00,User Login,0
11355,919,2025-09-10 09:02:00,Dashboard View,1
11356,1333,2026-06-23 02:24:00,Dashboard View,2
11357,395,2024-12-04 13:05:00,Report Export,2
11358,399,2026-06-23 14:19:00,Settings Update,15
11359,709,2025-07-22 16:32:00,Settings Update,2
11360,1037,2024-05-30 15:55:00,Report Export,30
11361,521,2026-08-25 01:28:00,Report Export,15
11362,577,2025-12-11 05:21:00,Settings Update,5
11363,1008,2026-04-16 16:36:00,User Login,5
11364,861,2025-02-18 01:21:00,Team Invite,2
11365,775,2026-04-18 04:32:00,Report Export,1
11366,17,2025-07-09 07:21:00,Report Export,1
11367,433,2025-11-14 02:38:00,Settings Update,10
11368,1637,2025-11-29 13:08:00,Team Invite,5
11369,984,2026-08-31 15:49:00,Team Invite,15
11370,283,2026-05-12 15:16:00,Settings Update,10
11371,1641,2026-04-13 22:11:00,Settings Update,10
11372,498,2026-03-29 03:50:00,Report Export,0
11373,1383,2026-09-04 14:56:00,Settings Update,5
11374,1626,2025-01-01 04:15:00,Dashboard View,2
11375,718,2026-03-12 11:55:00,Report Export,1
11376,216,2025-12-04 09:37:00,User Login,5
11377,1702,2026-08-11 17:19:00,Team Invite,2
11378,215,2026-05-16 19:18:00,User Login,15
11379,623,2025-01-03 21:42:00,Settings Update,2
11380,1351,2026-03-07 03:41:00,User Login,1
11381,1580,2024-01-25 10:15:00,Settings Update,2
11382,923,2024-01-22 20:12:00,Dashboard View,1
11383,1941,2026-02-26 12:06:00,Data Import,30
11384,594,2025-05-02 13:57:00,Data Import,5
11385,1857,2025-09-23 15:04:00,Team Invite,30
11386,698,2024-08-03 18:23:00,Team Invite,5
11387,462,2026-08-14 00:13:00,Report Export,2
11388,1979,2024-10-17 12:00:00,Data Import,15
11389,792,2025-06-15 18:03:00,Team Invite,5
11390,1238,2026-08-20 01:04:00,Data Import,1
11391,648,2025-01-15 20:46:00,Report Export,2
11392,751,2026-07-08 01:49:00,Data Import,5
11393,60,2025-11-29 23:47:00,Report Export,2
11394,350,2024-11-09 19:14:00,Settings Update,5
11395,1517,2026-04-10 22:55:00,Data Import,5
11396,762,2026-06-25 13:44:00,Settings Update,5
11397,1699,2025-06-10 18:35:00,Report Export,2
11398,536,2026-03-07 02:25:00,Dashboard View,5
11399,442,2025-09-15 15:55:00,Dashboard View,15
11400,1629,2026-09-09 03:05:00,Settings Update,2
11401,493,2025-01-13 13:36:00,Dashboard View,2
11402,1714,2026-05-22 13:41:00,Dashboard View,1
11403,371,2023-10-08 04:55:00,Settings Update,5
11404,1061,2026-03-02 08:26:00,Team Invite,2
11405,1062,2024-09-24 10:06:00,Team Invite,2
11406,274,2024-02-20 09:52:00,User Login,10
11407,160,2024-08-19 12:13:00,Report Export,5
11408,394,2026-02-24 18:02:00,User Login,15
11409,712,2026-07-19 20:09:00,Report Export,5
11410,1759,2023-06-13 00:36:00,Data Import,2
11411,620,2026-08-28 16:05:00,Settings Update,2
11412,1194,2026-01-02 10:37:00,Team Invite,5
11413,1907,2025-11-17 13:43:00,Settings Update,5
11414,1297,2023-12-19 08:46:00,Settings Update,0
11415,1125,2026-04-07 19:39:00,Report Export,0
11416,1725,2024-06-14 06:47:00,Team Invite,0
11417,1444,2024-06-17 21:29:00,Report Export,10
11418,880,2025-02-02 20:24:00,Data Import,2
11419,1304,2025-08-05 12:37:00,User Login,2
11420,527,2026-05-17 01:37:00,Data Import,5
11421,315,2025-03-02 14:41:00,Data Import,0
11422,1319,2026-06-24 09:26:00,Data Import,10
11423,1824,2026-05-04 14:02:00,Dashboard View,5
11424,1586,2024-07-22 21:38:00,Settings Update,15
11425,1031,2026-06-16 22:49:00,Data Import,15
11426,624,2026-06-27 21:04:00,User Login,30
11427,733,2026-08-12 09:37:00,Dashboard View,15
11428,595,2025-05-28 12:33:00,User Login,0
11429,372,2025-11-13 14:14:00,Team Invite,5
11430,1239,2026-05-02 23:32:00,Data Import,0
11431,84,2025-10-20 06:32:00,Settings Update,1
11432,552,2026-09-06 22:37:00,Team Invite,30
11433,1669,2025-06-21 00:38:00,Dashboard View,15
11434,1776,2026-06-03 05:10:00,Dashboard View,30
11435,1648,2025-10-24 06:44:00,Report Export,1
11436,1922,2025-11-30 15:17:00,Settings Update,5
11437,1740,2025-10-02 06:17:00,Team Invite,15
11438,15,2024-08-18 01:53:00,Team Invite,30
11439,1330,2025-06-29 18:40:00,Dashboard View,1
11440,1318,2026-01-24 15:12:00,Team Invite,5
11441,1191,2026-07-01 20:10:00,Settings Update,10
11442,619,2026-02-08 13:28:00,Data Import,2
11443,605,2026-09-16 07:08:00,Data Import,1
11444,637,2026-08-08 19:32:00,User Login,2
11445,1012,2025-03-17 02:44:00,Settings Update,5
11446,1515,2023-12-16 07:55:00,Settings Update,10
11447,1025,2025-05-30 16:29:00,Settings Update,15
11448,101,2025-05-11 13:26:00,Data Import,2
11449,544,2026-04-24 17:23:00,Report Export,0
11450,581,2026-02-20 17:54:00,User Login,10
11451,921,2025-03-22 00:16:00,Dashboard View,15
11452,16,2025-05-08 19:23:00,Report Export,2
11453,1686,2026-03-23 15:12:00,User Login,1
11454,1626,2025-03-31 13:32:00,User Login,2
11455,1472,2025-09-22 16:49:00,Settings Update,2
11456,225,2025-06-09 04:23:00,Report Export,5
11457,861,2024-10-25 05:58:00,Settings Update,15
11458,1234,2023-04-30 22:35:00,Settings Update,5
11459,648,2026-09-29 15:34:00,User Login,1
11460,766,2025-06-17 09:26:00,Report Export,30
11461,357,2026-06-12 21:23:00,Report Export,2
11462,633,2026-08-23 04:03:00,User Login,15
11463,699,2025-12-03 15:14:00,Data Import,10
11464,1330,2025-12-31 10:22:00,Report Export,5
11465,1044,2026-05-01 01:05:00,User Login,10
11466,1192,2025-04-05 12:55:00,User Login,5
11467,1453,2026-01-22 10:26:00,Team Invite,5
11468,1824,2025-10-30 20:47:00,User Login,15
11469,748,2026-04-07 04:21:00,User Login,15
11470,940,2026-07-25 20:58:00,User Login,2
11471,1149,2025-08-15 01:50:00,Dashboard View,1
11472,426,2023-08-05 07:29:00,Report Export,10
11473,1544,2025-06-27 02:08:00,Data Import,2
11474,698,2025-05-18 19:37:00,Report Export,15
11475,1874,2026-06-14 07:16:00,Team Invite,0
11476,1689,2023-11-21 03:38:00,Settings Update,15
11477,124,2026-04-19 09:13:00,User Login,5
11478,1793,2025-08-01 14:47:00,Settings Update,2
11479,1726,2026-03-07 21:29:00,Data Import,10
11480,333,2026-09-28 01:55:00,Data Import,0
11481,211,2026-01-28 05:30:00,Report Export,2
11482,1548,2026-09-08 21:59:00,Report Export,1
11483,1516,2025-08-15 22:27:00,Team Invite,10
11484,1461,2026-05-27 02:50:00,Dashboard View,5
11485,808,2025-12-24 14:38:00,Report Export,15
11486,1455,2026-03-28 01:08:00,Settings Update,1
11487,288,2026-08-06 17:06:00,Team Invite,5
11488,1191,2025-12-04 21:11:00,User Login,10
11489,888,2026-09-23 18:00:00,Team Invite,1
11490,1299,2023-07-01 09:22:00,Dashboard View,1
11491,1740,2026-04-05 19:43:00,Settings Update,1
11492,1823,2026-05-09 23:29:00,Dashboard View,2
11493,505,2026-05-11 01:06:00,Settings Update,5
11494,1755,2025-03-21 03:01:00,Team Invite,2
11495,1735,2026-07-20 11:55:00,Report Export,10
11496,1053,2026-02-07 11:45:00,Dashboard View,1
11497,1499,2025-02-07 00:23:00,Team Invite,10
11498,1374,2026-04-07 22:34:00,Report Export,2
11499,1259,2026-06-05 21:29:00,Settings Update,5
11500,1246,2024-10-25 03:22:00,User Login,5
11501,909,2026-06-20 23:43:00,Settings Update,0
11502,890,2026-02-06 09:29:00,User Login,1
11503,1426,2026-02-13 14:10:00,Report Export,1
11504,1998,2026-04-17 20:04:00,Team Invite,5
11505,1167,2024-10-12 15:30:00,Dashboard View,0
11506,1391,2024-04-25 01:13:00,User Login,5
11507,530,2024-04-03 03:34:00,Settings Update,5
11508,928,2024-11-28 15:04:00,User Login,5
11509,409,2026-05-20 16:25:00,Settings Update,2
11510,997,2026-06-21 13:48:00,Report Export,5
11511,553,2025-10-12 19:34:00,User Login,0
11512,842,2026-03-15 11:48:00,Data Import,0
11513,1927,2026-07-16 02:10:00,User Login,5
11514,961,2025-08-31 02:21:00,Report Export,10
11515,1699,2024-04-15 11:38:00,Dashboard View,2
11516,393,2026-05-07 20:06:00,Team Invite,15
11517,1216,2025-07-02 22:20:00,Team Invite,1
11518,793,2025-01-11 19:57:00,Team Invite,2
11519,176,2024-07-03 17:21:00,Team Invite,5
11520,153,2024-08-08 00:32:00,Settings Update,5
11521,170,2026-08-26 15:39:00,Dashboard View,10
11522,1741,2026-04-15 19:42:00,Settings Update,2
11523,1656,2026-07-23 16:47:00,Report Export,2
11524,1955,2024-08-07 22:40:00,User Login,5
11525,608,2024-02-28 12:59:00,User Login,1
11526,483,2026-08-03 16:35:00,Settings Update,1
11527,439,2026-09-18 19:24:00,Settings Update,5
11528,1049,2026-09-03 19:31:00,Report Export,10
11529,403,2026-07-07 15:08:00,Data Import,5
11530,1970,2026-08-31 06:27:00,Team Invite,5
11531,690,2024-05-23 06:46:00,Team Invite,2
11532,1640,2025-11-23 07:29:00,Dashboard View,0
11533,1300,2026-08-20 21:36:00,User Login,1
11534,1685,2025-05-15 23:26:00,Dashboard View,10
11535,1302,2026-06-29 00:34:00,Data Import,1
11536,1019,2024-10-06 18:23:00,Report Export,2
11537,431,2026-06-05 23:56:00,User Login,2
11538,267,2026-08-04 03:32:00,User Login,1
11539,1358,2024-04-06 09:20:00,Team Invite,10
11540,1676,2026-09-23 08:32:00,Report Export,5
11541,1642,2025-09-13 09:07:00,Report Export,2
11542,251,2024-08-26 06:43:00,Data Import,2
11543,1227,2026-04-28 23:36:00,User Login,15
11544,1708,2026-08-16 07:28:00,Dashboard View,15
11545,270,2024-09-02 15:07:00,Dashboard View,10
11546,1717,2024-04-13 01:14:00,Settings Update,1
11547,1695,2025-09-02 07:05:00,Dashboard View,1
11548,1986,2025-12-31 19:29:00,Team Invite,2
11549,523,2025-01-14 05:31:00,Team Invite,30
11550,1367,2026-04-08 12:43:00,Report Export,5
11551,623,2024-10-16 16:11:00,Report Export,5
11552,824,2024-05-29 14:32:00,Settings Update,10
11553,182,2025-08-15 01:52:00,User Login,2
11554,211,2024-11-26 20:13:00,Team Invite,5
11555,840,2026-05-13 18:16:00,Report Export,1
11556,393,2026-08-06 22:27:00,Team Invite,10
11557,1704,2026-07-17 21:22:00,Team Invite,2
11558,1716,2026-01-19 04:28:00,Report Export,5
11559,741,2024-10-01 17:53:00,Team Invite,5
11560,850,2025-11-22 03:17:00,Settings Update,5
11561,975,2023-11-24 00:32:00,Team Invite,10
11562,1983,2025-09-30 23:39:00,User Login,5
11563,1310,2025-09-22 19:08:00,Data Import,5
11564,713,2026-09-10 01:37:00,Data Import,5
11565,221,2026-04-06 22:22:00,User Login,1
11566,1746,2026-06-28 22:21:00,Report Export,2
11567,1044,2026-08-26 16:23:00,Team Invite,30
11568,267,2024-06-18 04:42:00,Data Import,0
11569,1710,2024-06-18 16:07:00,Data Import,0
11570,1362,2024-06-06 19:54:00,Team Invite,0
11571,1097,2026-06-07 07:05:00,Report Export,1
11572,1359,2026-08-31 04:42:00,Data Import,30
11573,849,2026-07-19 22:35:00,Dashboard View,5
11574,493,2025-09-15 16:38:00,Report Export,2
11575,698,2025-09-04 09:23:00,Team Invite,10
11576,715,2025-11-26 00:05:00,Team Invite,10
11577,946,2026-01-27 15:32:00,Data Import,1
11578,1650,2026-06-17 23:56:00,Settings Update,10
11579,954,2026-02-28 23:50:00,Data Import,5
11580,1020,2024-08-10 13:17:00,Dashboard View,2
11581,285,2026-09-13 12:18:00,Team Invite,0
11582,1145,2026-09-02 02:01:00,Dashboard View,5
11583,1195,2023-08-11 01:11:00,Team Invite,5
11584,1978,2025-10-07 00:28:00,Settings Update,2
11585,1874,2026-06-29 12:25:00,Settings Update,0
11586,274,2023-02-04 10:06:00,Dashboard View,30
11587,1232,2024-08-24 05:46:00,Settings Update,10
11588,214,2025-04-01 22:22:00,Report Export,5
11589,735,2024-03-14 23:56:00,Dashboard View,15
11590,266,2026-09-15 18:32:00,Dashboard View,10
11591,687,2024-01-02 17:41:00,Report Export,1
11592,1088,2025-11-22 17:47:00,Data Import,2
11593,1441,2026-03-08 20:31:00,Settings Update,10
11594,979,2026-04-04 22:12:00,Team Invite,0
11595,1922,2026-03-25 11:36:00,Settings Update,15
11596,1389,2025-10-25 00:03:00,Dashboard View,0
11597,574,2026-09-26 12:59:00,Settings Update,1
11598,1986,2025-02-22 22:19:00,Dashboard View,5
11599,113,2026-02-24 13:22:00,Report Export,5
11600,1515,2024-04-08 23:12:00,Data Import,5
11601,1474,2025-02-27 18:06:00,User Login,2
11602,1154,2025-09-20 19:33:00,Team Invite,0
11603,1708,2026-05-07 11:59:00,Dashboard View,2
11604,918,2023-05-24 03:41:00,Report Export,5
11605,566,2024-10-15 23:07:00,Report Export,15
11606,1898,2026-05-11 20:49:00,User Login,30
11607,856,2026-07-04 04:17:00,Settings Update,10
11608,649,2026-05-26 15:26:00,User Login,0
11609,310,2024-02-13 09:29:00,Settings Update,10
11610,310,2024-04-11 03:46:00,Team Invite,1
11611,286,2026-06-03 17:33:00,Dashboard View,10
11612,829,2024-02-28 21:08:00,Settings Update,10
11613,1786,2026-08-28 00:27:00,Team Invite,2
11614,1873,2025-05-08 20:24:00,User Login,1
11615,1563,2025-02-16 03:50:00,Report Export,1
11616,947,2025-12-26 04:32:00,Dashboard View,2
11617,1709,2026-08-21 01:09:00,Report Export,10
11618,1278,2025-01-07 23:47:00,Data Import,10
11619,952,2025-03-30 14:19:00,Data Import,1
11620,261,2026-06-14 09:01:00,Data Import,1
11621,531,2025-04-28 22:33:00,Team Invite,10
11622,1056,2024-09-27 07:53:00,Data Import,10
11623,1364,2024-01-20 02:22:00,Settings Update,5
11624,351,2026-07-10 23:00:00,Report Export,2
11625,1799,2025-11-14 05:33:00,Data Import,5
11626,359,2025-04-17 09:18:00,User Login,10
11627,1450,2025-02-13 05:05:00,Dashboard View,0
11628,1559,2024-12-18 15:02:00,Dashboard View,15
11629,145,2025-12-19 04:42:00,Report Export,15
11630,783,2026-03-09 20:05:00,Team Invite,15
11631,1336,2024-01-29 21:42:00,Dashboard View,5
11632,1423,2026-07-24 01:29:00,Team Invite,2
11633,481,2026-05-13 16:23:00,Data Import,2
11634,226,2024-09-19 06:41:00,Team Invite,0
11635,893,2026-02-25 09:59:00,Report Export,30
11636,314,2025-03-02 04:01:00,User Login,2
11637,349,2026-08-30 13:28:00,Report Export,5
11638,1957,2026-08-16 19:18:00,Settings Update,1
11639,316,2026-05-22 09:44:00,User Login,2
11640,257,2025-03-06 13:15:00,Dashboard View,2
11641,844,2026-09-21 20:14:00,Report Export,5
11642,480,2026-03-24 02:30:00,User Login,5
11643,474,2026-04-17 23:18:00,Settings Update,5
11644,1774,2026-04-18 06:20:00,Team Invite,10
11645,809,2026-07-25 02:30:00,Team Invite,10
11646,1691,2026-07-01 10:30:00,Settings Update,2
11647,1022,2026-08-18 17:03:00,User Login,2
11648,1341,2025-02-13 12:48:00,Dashboard View,5
11649,798,2025-10-28 17:46:00,Data Import,15
11650,53,2026-04-17 11:24:00,User Login,1
11651,803,2026-01-24 07:12:00,Settings Update,5
11652,156,2024-11-04 21:04:00,User Login,5
11653,713,2026-07-09 00:44:00,Data Import,5
11654,1942,2025-06-17 13:42:00,User Login,0
11655,648,2025-03-20 22:11:00,Report Export,5
11656,52,2024-02-11 10:49:00,Data Import,2
11657,1954,2026-05-13 02:30:00,Settings Update,2
11658,828,2024-05-20 04:42:00,Settings Update,2
11659,1897,2024-11-14 21:26:00,User Login,2
11660,1875,2026-04-06 20:09:00,Report Export,5
11661,1945,2026-07-22 12:56:00,Team Invite,15
11662,1270,2025-03-29 08:11:00,Data Import,2
11663,1329,2026-08-13 12:08:00,Team Invite,30
11664,623,2026-06-19 02:27:00,Team Invite,5
11665,557,2025-10-31 14:17:00,Settings Update,10
11666,1271,2026-05-07 17:14:00,Settings Update,2
11667,1614,2026-04-08 16:12:00,Team Invite,30
11668,1051,2024-07-19 02:53:00,Dashboard View,5
11669,250,2025-10-26 16:57:00,Data Import,0
11670,868,2025-08-11 17:28:00,Settings Update,5
11671,510,2026-04-01 21:56:00,Data Import,0
11672,1446,2024-04-04 23:54:00,Settings Update,5
11673,636,2026-05-02 21:37:00,Report Export,5
11674,337,2025-10-24 15:34:00,Report Export,10
11675,1283,2025-06-30 14:36:00,Report Export,5
11676,1468,2026-08-17 06:46:00,Team Invite,5
11677,1221,2026-09-13 01:47:00,Settings Update,2
11678,1539,2026-03-11 07:10:00,User Login,5
11679,956,2026-04-07 01:22:00,Data Import,5
11680,103,2024-07-18 14:05:00,Settings Update,0
11681,1385,2026-08-26 19:24:00,Report Export,2
11682,1424,2026-07-29 13:26:00,Team Invite,2
11683,1209,2025-03-11 10:55:00,Report Export,2
11684,1220,2025-11-04 11:59:00,User Login,2
11685,671,2025-11-01 01:06:00,Team Invite,5
11686,1167,2026-01-27 08:21:00,Data Import,2
11687,685,2026-09-11 13:08:00,Report Export,1
11688,143,2026-08-17 18:06:00,Data Import,5
11689,1384,2024-03-07 03:53:00,Settings Update,5
11690,527,2026-05-19 22:22:00,Team Invite,5
11691,833,2025-04-04 15:00:00,Report Export,5
11692,967,2024-08-04 15:59:00,Report Export,0
11693,1956,2026-02-25 18:16:00,Data Import,15
11694,1397,2025-05-24 13:36:00,Team Invite,5
11695,883,2025-01-12 08:09:00,Data Import,2
11696,433,2025-12-09 08:06:00,Team Invite,5
11697,1830,2026-06-16 05:13:00,Dashboard View,5
11698,807,2024-03-06 21:08:00,Team Invite,2
11699,1203,2025-09-17 08:24:00,Data Import,15
11700,742,2025-05-04 14:47:00,Report Export,5
11701,511,2024-11-17 04:43:00,Report Export,30
11702,302,2025-06-25 17:39:00,Report Export,2
11703,699,2026-06-26 08:27:00,User Login,10
11704,1470,2025-06-20 15:45:00,User Login,10
11705,1615,2024-05-23 16:30:00,Data Import,15
11706,1966,2026-02-17 04:40:00,Data Import,15
11707,574,2026-01-30 15:58:00,Report Export,10
11708,1164,2026-06-15 17:04:00,Data Import,30
11709,1038,2024-10-02 16:49:00,Data Import,5
11710,1387,2026-09-19 18:55:00,Data Import,5
11711,1288,2025-02-02 20:10:00,User Login,1
11712,954,2025-12-22 08:35:00,Settings Update,2
11713,655,2026-06-22 04:11:00,Dashboard View,10
11714,837,2026-07-05 07:14:00,User Login,2
11715,1966,2026-02-09 06:25:00,Dashboard View,2
11716,352,2025-08-28 19:47:00,Settings Update,2
11717,961,2026-07-26 13:32:00,Settings Update,15
11718,1403,2025-06-13 09:03:00,Settings Update,10
11719,182,2026-09-08 08:40:00,Dashboard View,30
11720,1761,2026-07-18 18:20:00,Team Invite,2
11721,929,2025-11-22 07:16:00,Team Invite,5
11722,1684,2025-09-27 02:37:00,Report Export,2
11723,633,2026-09-16 19:45:00,Report Export,5
11724,1174,2026-07-06 16:10:00,Dashboard View,5
11725,1600,2026-04-30 19:16:00,Data Import,5
11726,1041,2026-07-17 12:30:00,Report Export,15
11727,257,2026-02-28 03:06:00,Report Export,1
11728,802,2025-07-05 16:29:00,Report Export,10
11729,1891,2026-06-08 00:03:00,Dashboard View,0
11730,1228,2026-07-14 14:07:00,Settings Update,1
11731,1970,2026-08-27 19:00:00,Settings Update,10
11732,541,2026-07-18 23:31:00,Data Import,0
11733,998,2026-04-17 00:54:00,Data Import,2
11734,147,2026-07-06 04:59:00,Team Invite,1
11735,1009,2025-12-04 08:05:00,Dashboard View,2
11736,420,2025-12-28 22:19:00,Data Import,0
11737,1023,2026-04-04 02:19:00,User Login,10
11738,226,2024-07-06 14:49:00,User Login,2
11739,1492,2026-08-07 12:37:00,Report Export,5
11740,231,2026-06-13 19:35:00,Team Invite,10
11741,1417,2025-10-07 06:44:00,Team Invite,5
11742,930,2026-08-14 06:36:00,Data Import,1
11743,446,2026-02-11 13:30:00,Data Import,0
11744,94,2026-08-16 08:49:00,Data Import,0
11745,536,2026-03-31 08:47:00,Data Import,1
11746,1786,2026-07-31 06:33:00,Report Export,15
11747,1624,2026-06-20 07:37:00,Dashboard View,10
11748,1466,2023-02-14 15:07:00,Team Invite,1
11749,1422,2025-07-05 21:37:00,Dashboard View,5
11750,1966,2024-06-23 13:06:00,Settings Update,1
11751,1604,2025-10-23 08:38:00,User Login,15
11752,1446,2024-11-18 08:29:00,Dashboard View,0
11753,1744,2026-06-09 19:45:00,Team Invite,10
11754,1672,2025-09-28 11:38:00,Data Import,2
11755,105,2026-05-28 05:21:00,Team Invite,2
11756,1460,2025-08-26 14:54:00,Dashboard View,1
11757,1390,2026-02-21 19:11:00,Team Invite,5
11758,298,2024-06-16 09:29:00,User Login,1
11759,1061,2026-08-17 21:33:00,Settings Update,30
11760,384,2025-10-24 05:35:00,Dashboard View,1
11761,204,2026-07-08 01:55:00,Team Invite,10
11762,1050,2025-02-05 13:07:00,User Login,2
11763,1894,2024-11-30 13:57:00,Data Import,5
11764,445,2026-04-30 20:40:00,Team Invite,2
11765,1882,2025-12-25 17:51:00,Settings Update,15
11766,1148,2026-09-22 20:44:00,Team Invite,1
11767,244,2026-08-09 17:37:00,User Login,2
11768,1834,2026-04-03 14:07:00,Settings Update,15
11769,668,2025-01-03 21:58:00,Settings Update,10
11770,637,2026-02-15 07:59:00,Data Import,10
11771,1105,2025-03-25 17:54:00,Dashboard View,2
11772,979,2025-05-21 13:13:00,Report Export,5
11773,1937,2025-09-05 20:40:00,Settings Update,1
11774,1075,2025-02-02 02:33:00,User Login,1
11775,1453,2026-03-06 17:01:00,Team Invite,15
11776,196,2023-11-30 22:32:00,Dashboard View,10
11777,1478,2025-02-23 23:33:00,Team Invite,2
11778,94,2025-03-11 01:24:00,Team Invite,10
11779,777,2026-07-10 20:21:00,Team Invite,2
11780,1017,2026-03-17 03:35:00,Data Import,10
11781,272,2025-02-06 16:49:00,Team Invite,10
11782,629,2026-09-24 00:00:00,User Login,2
11783,847,2026-05-06 22:08:00,Report Export,2
11784,225,2026-02-20 00:48:00,Report Export,15
11785,425,2026-05-23 15:45:00,User Login,5
11786,1192,2024-07-20 11:03:00,Data Import,10
11787,1845,2026-01-10 18:22:00,Report Export,10
11788,270,2024-07-09 20:58:00,Team Invite,10
11789,1129,2025-03-11 14:58:00,Settings Update,5
11790,328,2024-07-05 00:23:00,Team Invite,5
11791,1157,2026-05-09 15:30:00,Data Import,15
11792,1684,2025-07-15 07:00:00,Team Invite,5
11793,494,2025-12-22 15:14:00,Report Export,30
11794,1158,2026-01-19 05:36:00,Dashboard View,10
11795,613,2026-03-06 05:42:00,Report Export,2
11796,1039,2025-08-12 17:07:00,Data Import,10
11797,1536,2026-03-17 10:21:00,Dashboard View,15
11798,1332,2026-04-01 13:40:00,Team Invite,2
11799,96,2026-06-03 15:37:00,Dashboard View,1
11800,1346,2026-06-22 00:21:00,User Login,5
11801,247,2024-07-25 05:55:00,User Login,5
11802,1385,2025-05-09 07:20:00,User Login,15
11803,337,2025-11-11 10:29:00,Settings Update,1
11804,1512,2024-03-25 23:24:00,Settings Update,2
11805,715,2025-06-19 10:20:00,Report Export,0
11806,201,2024-10-25 06:10:00,Dashboard View,2
11807,1578,2026-08-14 23:13:00,User Login,1
11808,1431,2026-05-05 08:02:00,Report Export,10
11809,1793,2025-09-24 03:11:00,User Login,10
11810,965,2026-08-15 03:39:00,Dashboard View,0
11811,877,2025-03-01 20:24:00,Dashboard View,5
11812,1694,2026-08-23 21:34:00,Report Export,30
11813,229,2026-09-21 19:10:00,User Login,1
11814,802,2025-11-28 21:52:00,User Login,2
11815,1546,2026-07-02 05:39:00,Report Export,5
11816,1697,2024-12-01 15:27:00,User Login,1
11817,1291,2024-03-17 05:11:00,Settings Update,1
11818,1,2026-06-21 09:34:00,Data Import,10
11819,1400,2025-10-29 02:25:00,Dashboard View,30
11820,1516,2026-03-17 12:41:00,Report Export,10
11821,237,2025-11-05 09:39:00,Data Import,10
11822,40,2025-03-02 14:53:00,Settings Update,0
11823,1414,2026-07-26 05:20:00,Report Export,2
11824,1099,2025-03-07 06:06:00,User Login,15
11825,875,2026-07-13 04:56:00,Dashboard View,2
11826,1416,2026-09-17 22:21:00,User Login,5
11827,1342,2024-10-27 18:08:00,Dashboard View,0
11828,534,2026-07-12 09:54:00,Data Import,1
11829,131,2026-09-09 11:18:00,Data Import,15
11830,1553,2026-03-25 18:24:00,Dashboard View,5
11831,56,2025-11-01 22:34:00,Report Export,0
11832,318,2024-10-04 08:36:00,Settings Update,10
11833,1625,2024-12-17 21:41:00,Team Invite,10
11834,1003,2026-09-02 04:26:00,Settings Update,5
11835,203,2026-09-16 21:53:00,Dashboard View,15
11836,383,2025-12-24 10:33:00,Data Import,1
11837,1744,2025-12-30 08:50:00,Settings Update,2
11838,102,2026-03-31 16:11:00,Team Invite,5
11839,1310,2025-12-02 04:12:00,Team Invite,1
11840,1185,2025-11-04 18:00:00,Settings Update,1
11841,1482,2025-11-13 05:01:00,Dashboard View,5
11842,89,2026-02-28 02:08:00,Data Import,5
11843,1018,2026-09-11 17:10:00,Dashboard View,0
11844,831,2025-08-31 23:50:00,Team Invite,1
11845,1942,2025-11-11 01:26:00,User Login,2
11846,733,2026-04-20 23:30:00,Dashboard View,2
11847,1710,2025-05-11 06:18:00,Report Export,2
11848,743,2026-08-01 10:03:00,Report Export,10
11849,991,2024-04-23 10:15:00,Team Invite,2
11850,644,2025-11-13 15:50:00,Team Invite,2
11851,604,2026-03-11 18:39:00,Report Export,5
11852,138,2026-04-20 21:32:00,Report Export,5
11853,128,2026-03-08 14:36:00,Team Invite,15
11854,1718,2024-01-05 08:04:00,Team Invite,10
11855,840,2025-10-31 13:29:00,Report Export,5
11856,746,2026-08-24 13:53:00,Team Invite,2
11857,1364,2026-07-13 17:03:00,Team Invite,0
11858,242,2024-01-25 10:46:00,Report Export,5
11859,1955,2024-07-19 10:56:00,Report Export,1
11860,1772,2024-02-27 11:45:00,Settings Update,10
11861,401,2025-10-02 00:50:00,Data Import,0
11862,1462,2026-06-17 09:22:00,Team Invite,10
11863,1720,2026-06-04 02:37:00,Data Import,5
11864,1946,2025-10-03 04:32:00,Report Export,10
11865,160,2025-09-18 07:56:00,Report Export,5
11866,843,2024-06-10 03:42:00,Dashboard View,2
11867,1126,2025-05-12 05:28:00,Team Invite,2
11868,566,2026-05-16 22:48:00,Data Import,10
11869,1371,2026-04-29 11:26:00,User Login,15
11870,1465,2026-09-26 21:19:00,Team Invite,1
11871,1974,2024-09-23 05:58:00,Report Export,10
11872,1445,2023-08-23 07:09:00,Team Invite,15
11873,1957,2026-07-15 14:30:00,Settings Update,15
11874,255,2026-03-29 20:42:00,Team Invite,10
11875,1448,2023-09-21 04:52:00,User Login,2
11876,167,2024-06-06 09:05:00,Settings Update,5
11877,1686,2025-10-30 23:54:00,Team Invite,5
11878,933,2026-02-15 16:19:00,Report Export,2
11879,1189,2026-05-18 19:33:00,Data Import,1
11880,1587,2024-11-28 01:04:00,User Login,15
11881,201,2026-02-26 03:04:00,Data Import,1
11882,118,2026-08-07 02:35:00,Report Export,10
11883,1589,2025-12-23 04:54:00,User Login,0
11884,1343,2024-04-25 23:19:00,User Login,10
11885,1920,2026-02-23 03:28:00,Settings Update,5
11886,372,2025-09-19 12:53:00,User Login,1
11887,1212,2025-05-29 07:27:00,Settings Update,5
11888,1246,2023-12-24 23:28:00,Settings Update,2
11889,75,2025-01-06 03:56:00,User Login,10
11890,682,2025-07-12 17:45:00,Settings Update,1
11891,311,2023-07-27 19:30:00,Data Import,0
11892,1043,2026-05-24 07:04:00,User Login,15
11893,508,2025-06-17 07:22:00,Team Invite,5
11894,160,2024-04-08 16:04:00,Dashboard View,1
11895,255,2023-09-20 11:03:00,Report Export,2
11896,509,2026-02-01 05:43:00,Team Invite,0
11897,629,2025-10-20 13:40:00,Settings Update,2
11898,1932,2026-07-12 20:21:00,Settings Update,1
11899,814,2026-01-23 10:16:00,Data Import,2
11900,1597,2024-07-25 02:53:00,Settings Update,5
11901,1673,2023-02-22 17:45:00,Data Import,15
11902,695,2025-05-22 08:33:00,User Login,1
11903,1111,2026-08-06 02:32:00,Report Export,1
11904,681,2024-12-20 12:42:00,Dashboard View,15
11905,1440,2025-06-08 01:39:00,Settings Update,5
11906,1676,2026-08-06 05:57:00,Team Invite,5
11907,180,2026-07-31 23:45:00,Settings Update,10
11908,1099,2023-04-16 05:16:00,Report Export,15
11909,547,2026-06-25 08:05:00,Team Invite,5
11910,544,2025-10-06 08:13:00,Data Import,10
11911,1625,2025-04-24 16:07:00,Data Import,5
11912,476,2025-12-05 21:25:00,Settings Update,1
11913,1125,2026-01-01 18:10:00,Data Import,5
11914,493,2025-10-10 14:14:00,User Login,1
11915,1598,2025-11-13 14:12:00,Dashboard View,2
11916,1129,2025-02-10 11:40:00,Team Invite,2
11917,1376,2026-01-11 01:34:00,Dashboard View,2
11918,1295,2026-02-24 05:45:00,Data Import,5
11919,1741,2026-09-04 15:28:00,Report Export,2
11920,703,2026-06-21 13:09:00,Report Export,5
11921,1894,2026-09-20 16:10:00,Data Import,5
11922,1668,2024-05-12 17:08:00,Data Import,2
11923,1947,2025-08-12 07:45:00,User Login,1
11924,1583,2026-03-11 01:03:00,Settings Update,1
11925,1402,2026-07-08 19:38:00,User Login,5
11926,1349,2025-11-18 11:09:00,Settings Update,0
11927,1948,2023-08-16 15:46:00,Team Invite,10
11928,142,2026-08-09 16:05:00,Data Import,5
11929,1113,2026-03-04 04:29:00,Settings Update,5
11930,741,2025-07-14 04:21:00,Data Import,5
11931,863,2025-11-15 09:12:00,Data Import,5
11932,1827,2026-07-24 14:59:00,Dashboard View,5
11933,1355,2026-04-29 07:32:00,Settings Update,1
11934,1175,2023-08-12 21:05:00,Report Export,10
11935,189,2025-05-22 00:07:00,Settings Update,10
11936,1663,2024-04-09 07:54:00,Team Invite,5
11937,1328,2025-09-04 11:41:00,Report Export,0
11938,397,2026-07-27 15:08:00,Team Invite,15
11939,507,2025-01-14 08:02:00,Data Import,15
11940,1100,2026-04-21 00:11:00,Dashboard View,5
11941,1601,2025-11-12 05:03:00,User Login,2
11942,614,2026-03-15 04:54:00,Team Invite,10
11943,287,2025-09-13 13:41:00,Data Import,1
11944,135,2024-08-21 15:11:00,Report Export,5
11945,1571,2026-05-06 14:20:00,Dashboard View,5
11946,1095,2023-11-26 20:51:00,Team Invite,15
11947,1045,2026-01-29 00:49:00,Data Import,5
11948,1225,2025-02-17 19:12:00,Settings Update,5
11949,1130,2026-07-29 04:58:00,User Login,1
11950,1741,2026-06-08 18:59:00,User Login,10
11951,151,2026-06-09 16:57:00,User Login,10
11952,1796,2025-12-30 08:50:00,Team Invite,1
11953,1057,2026-05-07 23:50:00,User Login,2
11954,1214,2026-06-03 20:16:00,Settings Update,10
11955,1280,2025-11-19 23:39:00,Dashboard View,2
11956,240,2026-01-26 02:49:00,Dashboard View,1
11957,1893,2026-05-23 13:51:00,Team Invite,1
11958,1558,2025-11-23 18:51:00,Dashboard View,1
11959,1597,2026-06-22 20:49:00,Data Import,5
11960,1496,2025-07-11 09:22:00,Report Export,1
11961,169,2026-07-10 03:12:00,Data Import,5
11962,1492,2026-05-13 10:52:00,User Login,2
11963,1735,2026-08-07 12:24:00,Data Import,15
11964,615,2024-01-23 01:56:00,Settings Update,5
11965,774,2026-05-29 09:22:00,Dashboard View,2
11966,1014,2024-09-12 03:32:00,Dashboard View,2
11967,1477,2024-08-02 02:01:00,Report Export,5
11968,1206,2025-11-04 20:05:00,User Login,5
11969,1665,2026-09-15 09:13:00,User Login,5
11970,1267,2026-05-12 10:12:00,Settings Update,2
11971,1546,2026-05-02 09:00:00,User Login,5
11972,1137,2026-05-16 18:41:00,Report Export,5
11973,1984,2026-07-25 23:05:00,Team Invite,1
11974,1889,2025-12-11 08:25:00,Report Export,5
11975,901,2026-09-10 01:11:00,Dashboard View,5
11976,1679,2026-06-17 14:03:00,Report Export,2
11977,1801,2025-09-21 17:50:00,Team Invite,1
11978,875,2026-08-10 15:49:00,User Login,5
11979,1737,2024-04-21 19:38:00,Report Export,5
11980,1965,2025-04-01 00:35:00,Settings Update,2
11981,747,2025-05-28 23:10:00,Team Invite,2
11982,967,2025-03-02 19:06:00,Data Import,2
11983,1169,2026-06-21 11:12:00,Team Invite,2
11984,20,2025-08-17 17:46:00,Team Invite,0
11985,1803,2026-08-26 10:08:00,Report Export,10
11986,222,2025-09-28 15:48:00,User Login,2
11987,611,2024-07-13 08:22:00,Settings Update,10
11988,304,2026-09-25 11:50:00,Report Export,10
11989,1094,2026-01-05 17:58:00,User Login,5
11990,1657,2024-06-10 06:07:00,Dashboard View,2
11991,765,2026-08-26 19:13:00,Settings Update,5
11992,1446,2026-01-28 01:49:00,Team Invite,15
11993,980,2023-07-14 16:50:00,Report Export,5
11994,1722,2025-06-01 00:27:00,Report Export,2
11995,769,2026-01-20 19:32:00,Data Import,10
11996,1304,2024-11-28 11:44:00,Data Import,15
11997,388,2025-11-04 23:12:00,Settings Update,2
11998,1505,2026-02-10 10:44:00,Data Import,0
11999,1098,2024-02-06 04:04:00,Settings Update,2
12000,997,2026-04-05 12:31:00,Report Export,10
12001,1167,2024-08-06 09:36:00,Dashboard View,2
12002,1828,2026-07-29 05:19:00,Report Export,1
12003,1982,2026-07-04 03:58:00,User Login,0
12004,871,2024-08-03 01:11:00,Data Import,5
12005,488,2025-10-07 23:45:00,User Login,10
12006,1909,2024-10-08 21:18:00,Dashboard View,2
12007,1567,2025-01-10 23:33:00,Team Invite,1
12008,586,2026-02-02 13:04:00,Dashboard View,5
12009,1891,2025-11-10 11:14:00,Settings Update,15
12010,828,2025-11-20 18:33:00,Settings Update,5
12011,841,2025-06-15 09:13:00,Report Export,0
12012,341,2026-05-31 08:31:00,Team Invite,2
12013,37,2026-08-30 00:01:00,User Login,5
12014,1394,2026-02-06 12:10:00,Report Export,2
12015,630,2025-04-05 19:34:00,Team Invite,1
12016,112,2024-02-04 10:01:00,User Login,10
12017,1609,2025-05-30 06:28:00,Report Export,10
12018,1591,2025-08-30 10:00:00,Report Export,10
12019,885,2026-01-19 23:47:00,Team Invite,1
12020,413,2026-09-13 17:50:00,Report Export,15
12021,1084,2026-05-09 08:26:00,Settings Update,2
12022,1001,2025-01-11 15:05:00,Data Import,5
12023,502,2025-12-13 09:35:00,Settings Update,10
12024,969,2025-12-16 22:52:00,Team Invite,30
12025,1394,2026-05-06 15:45:00,Report Export,5
12026,1729,2025-09-23 18:17:00,User Login,2
12027,1839,2026-07-31 13:59:00,Team Invite,0
12028,1669,2025-07-30 08:37:00,Dashboard View,30
12029,1835,2025-09-29 13:36:00,Dashboard View,1
12030,1231,2026-03-04 12:49:00,Settings Update,0
12031,872,2025-08-02 00:05:00,User Login,2
12032,1202,2025-10-06 18:44:00,Dashboard View,1
12033,449,2026-04-12 21:11:00,Settings Update,5
12034,1805,2026-06-28 07:58:00,Report Export,1
12035,126,2025-12-14 20:42:00,User Login,10
12036,178,2026-07-11 13:55:00,Team Invite,5
12037,1734,2026-04-16 06:48:00,Dashboard View,1
12038,841,2024-03-25 21:15:00,Team Invite,1
12039,574,2026-07-01 23:21:00,Report Export,30
12040,372,2026-05-06 16:19:00,Report Export,10
12041,875,2025-07-11 05:54:00,Report Export,15
12042,1963,2024-01-22 15:03:00,Team Invite,2
12043,1889,2025-10-25 14:21:00,User Login,10
12044,17,2024-10-20 15:52:00,Settings Update,5
12045,1212,2024-07-19 02:10:00,User Login,2
12046,1141,2026-07-03 14:36:00,User Login,0
12047,1514,2026-02-24 04:26:00,Settings Update,10
12048,789,2026-02-24 14:38:00,Dashboard View,1
12049,1058,2026-08-15 12:44:00,Dashboard View,5
12050,1446,2024-11-25 14:57:00,User Login,10
12051,278,2025-08-22 02:16:00,User Login,5
12052,211,2026-07-28 18:22:00,Report Export,2
12053,813,2025-01-09 06:12:00,Dashboard View,2
12054,902,2026-05-28 07:39:00,Team Invite,2
12055,583,2026-04-20 15:47:00,Data Import,2
12056,867,2026-06-04 21:08:00,Data Import,15
12057,532,2025-06-30 14:42:00,User Login,15
12058,256,2026-02-16 20:20:00,Dashboard View,2
12059,1375,2026-05-15 15:02:00,Dashboard View,0
12060,1140,2025-09-14 17:17:00,Data Import,2
12061,1923,2026-05-13 16:44:00,Dashboard View,1
12062,827,2026-07-05 23:27:00,Dashboard View,0
12063,854,2025-04-18 01:20:00,Settings Update,5
12064,637,2025-06-10 05:44:00,Report Export,2
12065,388,2026-07-10 12:59:00,Dashboard View,30
12066,1086,2024-03-22 14:49:00,Report Export,1
12067,1851,2026-04-19 01:39:00,Dashboard View,10
12068,103,2025-08-12 16:04:00,Settings Update,1
12069,1236,2024-06-23 04:16:00,Settings Update,5
12070,943,2026-04-17 03:42:00,Report Export,10
12071,440,2026-06-13 22:09:00,Data Import,5
12072,1550,2025-04-03 04:19:00,Report Export,1
12073,13,2025-04-12 01:44:00,Data Import,5
12074,204,2025-12-17 17:03:00,Team Invite,15
12075,1952,2025-06-13 20:35:00,Dashboard View,1
12076,969,2026-03-31 14:43:00,Team Invite,10
12077,1926,2025-06-05 20:50:00,Dashboard View,15
12078,522,2025-10-24 04:42:00,User Login,30
12079,1801,2025-11-19 08:35:00,Settings Update,2
12080,1743,2024-01-14 03:00:00,Report Export,0
12081,1333,2025-03-23 07:42:00,Report Export,2
12082,84,2025-08-11 16:04:00,Data Import,15
12083,880,2026-06-01 12:15:00,Report Export,15
12084,644,2026-03-12 06:56:00,Data Import,5
12085,657,2026-04-14 21:15:00,Data Import,5
12086,1824,2026-09-02 15:34:00,User Login,5
12087,1495,2026-01-23 18:27:00,Report Export,1
12088,481,2026-05-29 13:27:00,Data Import,1
12089,1984,2026-05-21 21:56:00,Data Import,5
12090,1936,2024-04-02 08:19:00,Dashboard View,15
12091,1478,2025-11-05 11:13:00,Team Invite,30
12092,1524,2026-01-31 22:51:00,User Login,15
12093,956,2026-02-09 07:26:00,Report Export,15
12094,1540,2023-02-05 04:58:00,User Login,1
12095,687,2026-05-07 23:04:00,Dashboard View,2
12096,1420,2025-05-06 04:18:00,User Login,15
12097,838,2026-07-15 20:50:00,Dashboard View,15
12098,961,2026-08-04 21:30:00,Dashboard View,1
12099,140,2026-04-08 15:58:00,Data Import,10
12100,1742,2025-08-10 01:57:00,Dashboard View,5
12101,1519,2026-04-25 20:49:00,Report Export,1
12102,564,2026-08-10 14:48:00,Settings Update,5
12103,252,2026-09-29 08:21:00,Team Invite,5
12104,665,2026-01-16 06:05:00,User Login,0
12105,880,2025-12-01 17:12:00,User Login,5
12106,1909,2025-07-17 00:43:00,User Login,5
12107,1065,2026-08-12 18:39:00,Team Invite,10
12108,258,2026-09-06 12:15:00,Team Invite,0
12109,351,2025-08-30 07:41:00,Settings Update,10
12110,73,2025-10-22 11:17:00,Report Export,0
12111,1679,2026-07-05 20:28:00,Team Invite,15
12112,552,2024-07-15 08:54:00,Settings Update,1
12113,1777,2025-12-28 08:03:00,Team Invite,10
12114,1805,2026-05-22 13:45:00,User Login,0
12115,1793,2026-08-27 12:16:00,Dashboard View,30
12116,541,2026-07-19 05:29:00,Settings Update,5
12117,1545,2026-07-20 13:26:00,Report Export,5
12118,10,2024-05-19 06:06:00,Report Export,15
12119,1553,2026-08-17 11:33:00,Team Invite,5
12120,98,2025-04-30 14:24:00,User Login,2
12121,721,2026-06-24 07:07:00,Report Export,5
12122,1302,2025-09-09 04:37:00,User Login,5
12123,1953,2025-01-06 04:36:00,User Login,30
12124,1076,2024-12-30 18:35:00,Settings Update,10
12125,1428,2025-08-07 03:55:00,Team Invite,1
12126,420,2025-08-07 10:17:00,Report Export,2
12127,666,2025-03-02 21:43:00,Dashboard View,2
12128,1352,2025-02-12 10:23:00,Team Invite,5
12129,1614,2026-08-27 16:55:00,Dashboard View,30
12130,1015,2026-08-27 12:38:00,User Login,5
12131,1384,2024-07-24 17:34:00,User Login,10
12132,885,2023-07-14 11:06:00,Dashboard View,0
12133,411,2026-06-27 06:22:00,Settings Update,15
12134,1938,2026-07-22 19:20:00,Report Export,2
12135,126,2023-11-10 00:58:00,Settings Update,2
12136,175,2026-03-25 01:49:00,Dashboard View,5
12137,1482,2026-05-06 12:15:00,Report Export,10
12138,1891,2025-03-31 12:51:00,Data Import,5
12139,1997,2025-12-19 06:51:00,Data Import,0
12140,67,2024-09-22 16:02:00,Dashboard View,2
12141,1415,2026-09-13 10:32:00,Team Invite,5
12142,15,2024-08-21 19:11:00,Data Import,5
12143,1786,2026-07-13 17:39:00,Report Export,1
12144,1092,2025-10-31 04:11:00,Data Import,5
12145,714,2026-02-12 22:07:00,Data Import,0
12146,1815,2024-03-14 16:55:00,Data Import,2
12147,1562,2026-06-09 11:39:00,Settings Update,2
12148,192,2025-07-17 19:58:00,User Login,5
12149,1247,2023-08-23 04:07:00,Report Export,5
12150,1112,2025-09-10 02:40:00,Team Invite,1
12151,1885,2026-05-24 22:34:00,Report Export,5
12152,1481,2026-08-05 15:49:00,Data Import,1
12153,1005,2023-11-27 04:37:00,Team Invite,30
12154,1843,2024-05-16 08:10:00,Data Import,0
12155,1703,2025-03-26 15:18:00,User Login,1
12156,1084,2026-05-14 13:52:00,Data Import,2
12157,423,2026-08-03 06:01:00,Settings Update,0
12158,1210,2023-04-04 12:11:00,Settings Update,5
12159,1486,2025-10-27 23:14:00,Settings Update,0
12160,205,2024-02-20 20:57:00,Data Import,15
12161,1871,2025-05-19 12:14:00,Report Export,1
12162,956,2026-09-28 12:31:00,Report Export,0
12163,1477,2025-11-06 03:25:00,Data Import,15
12164,153,2023-12-08 10:35:00,Team Invite,2
12165,1825,2026-03-25 16:39:00,User Login,15
12166,1669,2026-01-15 08:25:00,Report Export,0
12167,1945,2026-02-05 18:18:00,Data Import,10
12168,1675,2024-05-15 23:27:00,Report Export,30
12169,1245,2026-06-07 06:26:00,Dashboard View,10
12170,1913,2026-06-06 08:14:00,Settings Update,2
12171,247,2023-12-29 13:14:00,Report Export,5
12172,1326,2026-05-26 05:14:00,User Login,5
12173,1573,2026-07-06 13:13:00,Data Import,2
12174,1154,2026-06-05 05:53:00,User Login,1
12175,759,2026-05-30 22:56:00,Team Invite,1
12176,1626,2025-02-01 22:53:00,Team Invite,10
12177,937,2026-05-06 14:16:00,Settings Update,15
12178,993,2025-10-08 12:26:00,Dashboard View,15
12179,1576,2026-07-28 13:20:00,Data Import,2
12180,1499,2026-09-09 18:10:00,Team Invite,15
12181,652,2026-07-20 09:36:00,Data Import,10
12182,142,2026-07-22 13:19:00,Report Export,15
12183,1539,2026-07-13 07:11:00,User Login,1
12184,527,2026-08-15 17:51:00,User Login,2
12185,14,2025-04-06 21:58:00,Data Import,5
12186,1714,2025-12-11 04:56:00,User Login,15
12187,1565,2026-01-17 19:02:00,Settings Update,5
12188,229,2026-01-27 02:47:00,Settings Update,5
12189,1858,2026-09-10 11:32:00,Dashboard View,1
12190,1643,2024-02-14 16:10:00,Dashboard View,15
12191,1419,2026-08-02 21:25:00,Data Import,2
12192,48,2024-05-21 16:57:00,Settings Update,5
12193,402,2026-04-22 16:23:00,User Login,5
12194,78,2026-01-26 11:52:00,Settings Update,0
12195,501,2026-09-08 06:48:00,Settings Update,10
12196,1092,2026-05-12 21:56:00,Dashboard View,5
12197,1047,2026-08-06 18:26:00,User Login,2
12198,11,2026-04-14 09:26:00,Data Import,5
12199,429,2025-05-03 15:31:00,Report Export,15
12200,1934,2025-11-02 21:32:00,Dashboard View,15
12201,384,2026-07-22 05:44:00,User Login,10
12202,1161,2026-07-04 01:37:00,Settings Update,15
12203,1096,2026-08-15 21:36:00,Data Import,1
12204,938,2026-02-10 14:45:00,User Login,5
12205,53,2026-01-07 22:21:00,Dashboard View,0
12206,743,2026-09-05 22:13:00,User Login,5
12207,636,2026-07-29 13:02:00,Dashboard View,15
12208,1792,2026-07-07 04:23:00,Dashboard View,5
12209,892,2026-05-18 19:03:00,Team Invite,2
12210,36,2025-12-01 15:32:00,Settings Update,2
12211,1189,2026-07-13 11:41:00,Team Invite,0
12212,1508,2026-08-28 03:34:00,Dashboard View,2
12213,1499,2026-05-30 21:13:00,Data Import,30
12214,1718,2024-09-30 13:49:00,Data Import,1
12215,1086,2026-03-19 18:58:00,Dashboard View,15
12216,1256,2026-06-01 07:00:00,Team Invite,5
12217,1428,2025-10-27 23:28:00,User Login,30
12218,226,2024-05-16 17:47:00,Settings Update,1
12219,83,2025-01-29 14:21:00,Data Import,1
12220,20,2024-11-19 03:26:00,Settings Update,5
12221,799,2025-04-04 02:59:00,Team Invite,10
12222,419,2026-04-19 05:12:00,Settings Update,15
12223,824,2025-03-17 02:16:00,Report Export,5
12224,435,2025-12-26 19:17:00,Report Export,5
12225,313,2026-01-09 22:49:00,Data Import,30
12226,872,2025-07-14 10:13:00,Report Export,5
12227,738,2024-06-20 09:28:00,Team Invite,30
12228,1560,2025-10-09 20:48:00,Data Import,1
12229,951,2024-07-24 10:59:00,User Login,1
12230,1114,2026-01-03 16:23:00,Report Export,1
12231,285,2026-06-20 03:39:00,Data Import,1
12232,202,2025-09-23 08:51:00,Team Invite,5
12233,903,2026-09-05 21:38:00,User Login,0
12234,911,2026-07-15 12:31:00,Data Import,0
12235,1270,2025-02-25 21:24:00,Dashboard View,30
12236,444,2026-03-21 12:43:00,Team Invite,1
12237,132,2024-08-11 17:09:00,Report Export,1
12238,1791,2026-06-09 03:07:00,Data Import,0
12239,383,2026-05-17 21:41:00,Settings Update,2
12240,184,2025-07-24 09:05:00,User Login,1
12241,687,2025-03-10 15:32:00,Settings Update,2
12242,179,2024-11-03 11:52:00,Team Invite,30
12243,587,2026-03-07 07:22:00,Data Import,5
12244,936,2026-06-30 20:41:00,Data Import,5
12245,982,2026-06-18 02:24:00,Report Export,2
12246,1723,2024-10-15 15:29:00,Settings Update,5
12247,482,2026-01-15 02:49:00,Dashboard View,5
12248,1808,2025-03-03 14:56:00,Data Import,1
12249,1939,2025-10-22 10:12:00,User Login,10
12250,1714,2025-11-01 08:58:00,Team Invite,5
12251,202,2025-05-26 02:16:00,Report Export,15
12252,844,2025-09-23 13:05:00,Settings Update,5
12253,1078,2024-09-23 21:42:00,User Login,5
12254,1807,2026-06-28 07:02:00,User Login,5
12255,93,2026-05-13 14:21:00,User Login,10
12256,1599,2026-03-23 20:28:00,Data Import,5
12257,1722,2024-07-22 08:54:00,Dashboard View,5
12258,1831,2025-11-01 00:06:00,Team Invite,10
12259,1353,2026-02-21 21:06:00,Team Invite,30
12260,1229,2026-02-13 19:54:00,Report Export,0
12261,1126,2026-01-19 15:57:00,Team Invite,0
12262,1486,2026-04-30 10:52:00,Dashboard View,2
12263,517,2025-10-22 17:20:00,Settings Update,5
12264,1490,2025-01-13 06:39:00,User Login,10
12265,776,2024-07-12 02:47:00,Team Invite,15
12266,1054,2026-05-26 22:50:00,Team Invite,5
12267,536,2026-05-21 11:47:00,Team Invite,2
12268,1984,2025-07-29 01:32:00,Team Invite,30
12269,611,2026-01-26 23:55:00,Settings Update,5
12270,480,2026-09-22 18:44:00,Team Invite,10
12271,684,2025-07-24 19:00:00,Data Import,5
12272,252,2026-09-06 13:44:00,User Login,1
12273,1069,2026-03-18 23:40:00,User Login,1
12274,367,2025-09-30 19:40:00,Report Export,2
12275,1932,2026-07-13 02:15:00,Data Import,5
12276,171,2026-09-02 08:38:00,Team Invite,5
12277,210,2025-10-29 20:44:00,User Login,2
12278,263,2026-05-05 23:57:00,Data Import,1
12279,1208,2025-11-07 00:33:00,Dashboard View,5
12280,817,2024-09-30 17:30:00,Team Invite,10
12281,414,2026-08-08 15:40:00,Settings Update,10
12282,644,2025-07-17 14:36:00,Report Export,15
12283,1321,2025-02-14 22:08:00,Data Import,1
12284,943,2026-05-10 09:43:00,User Login,0
12285,1934,2025-04-25 12:21:00,User Login,0
12286,937,2025-01-02 20:28:00,User Login,5
12287,1388,2026-03-31 11:51:00,User Login,10
12288,1316,2026-01-24 05:36:00,Team Invite,1
12289,801,2024-12-03 17:50:00,Settings Update,10
12290,1599,2025-07-18 19:11:00,Dashboard View,5
12291,389,2026-09-01 05:37:00,User Login,1
12292,767,2026-05-14 22:56:00,Report Export,1
12293,1734,2026-06-25 16:31:00,Settings Update,15
12294,1894,2026-09-14 00:57:00,Team Invite,1
12295,138,2026-05-15 20:16:00,Data Import,10
12296,1738,2025-07-26 03:47:00,User Login,10
12297,1348,2025-12-06 12:39:00,Team Invite,5
12298,693,2026-07-05 09:32:00,Report Export,10
12299,61,2025-11-19 08:05:00,Report Export,5
12300,1712,2024-08-20 22:18:00,Team Invite,2
12301,1425,2024-05-03 04:32:00,Settings Update,5
12302,432,2025-10-21 15:25:00,Report Export,5
12303,200,2023-11-30 21:28:00,Dashboard View,10
12304,487,2025-12-14 01:58:00,Settings Update,1
12305,1060,2026-03-18 02:27:00,User Login,10
12306,1451,2025-08-15 22:52:00,Data Import,0
12307,1877,2025-03-02 11:25:00,User Login,1
12308,1041,2026-09-16 21:43:00,User Login,5
12309,25,2025-12-17 13:04:00,Dashboard View,30
12310,338,2025-02-19 14:43:00,Data Import,2
12311,875,2026-08-30 04:13:00,Report Export,10
12312,449,2026-06-08 02:09:00,Data Import,15
12313,1493,2026-03-26 12:53:00,User Login,15
12314,1499,2025-06-21 14:36:00,Settings Update,5
12315,1212,2023-02-20 00:42:00,Settings Update,2
12316,1323,2025-08-30 16:58:00,Data Import,5
12317,241,2025-08-21 22:38:00,User Login,5
12318,1620,2026-06-25 03:13:00,Report Export,1
12319,132,2025-01-05 09:36:00,Data Import,2
12320,1902,2025-08-15 18:36:00,Dashboard View,1
12321,685,2024-12-06 13:06:00,Data Import,2
12322,1724,2025-12-20 21:00:00,Data Import,0
12323,659,2026-04-19 18:21:00,Team Invite,10
12324,919,2025-12-02 16:50:00,Report Export,10
12325,127,2026-03-31 22:26:00,User Login,2
12326,587,2026-01-20 20:47:00,Report Export,5
12327,1439,2026-09-19 05:14:00,Report Export,2
12328,1099,2023-06-15 17:24:00,User Login,1
12329,169,2026-05-12 05:40:00,User Login,0
12330,909,2026-02-17 13:29:00,Data Import,2
12331,799,2025-04-17 22:48:00,Dashboard View,15
12332,689,2025-09-20 22:24:00,Dashboard View,5
12333,560,2025-08-07 19:31:00,Settings Update,5
12334,1640,2025-07-08 01:03:00,Data Import,15
12335,975,2025-09-01 04:26:00,Report Export,2
12336,1082,2026-06-20 13:07:00,Team Invite,2
12337,1140,2025-05-07 18:25:00,Settings Update,5
12338,1819,2026-06-18 23:35:00,Dashboard View,30
12339,1840,2024-09-24 17:04:00,Dashboard View,5
12340,1766,2026-01-02 15:40:00,User Login,5
12341,316,2025-08-29 11:25:00,Data Import,5
12342,776,2026-09-27 00:10:00,Report Export,15
12343,468,2026-07-14 15:55:00,Dashboard View,15
12344,562,2025-04-09 23:05:00,Team Invite,1
12345,497,2023-12-06 21:31:00,User Login,2
12346,1861,2025-06-13 00:06:00,Settings Update,1
12347,1624,2025-07-03 17:17:00,Dashboard View,10
12348,940,2025-12-06 23:55:00,Settings Update,5
12349,142,2026-06-03 11:00:00,User Login,15
12350,737,2026-04-09 00:18:00,User Login,10
12351,654,2026-08-29 10:23:00,Data Import,15
12352,777,2026-07-26 13:25:00,Data Import,5
12353,672,2025-11-09 14:00:00,Settings Update,5
12354,1265,2026-05-21 14:52:00,Settings Update,5
12355,573,2025-12-07 20:04:00,User Login,2
12356,1370,2026-03-29 16:35:00,Team Invite,0
12357,1077,2026-02-12 00:16:00,Team Invite,0
12358,26,2026-04-09 12:49:00,Report Export,5
12359,1762,2026-07-01 18:19:00,Data Import,10
12360,455,2024-10-13 20:10:00,Dashboard View,30
12361,1715,2025-05-12 02:21:00,Dashboard View,5
12362,825,2025-12-10 03:48:00,User Login,10
12363,744,2026-07-11 06:54:00,Dashboard View,5
12364,839,2026-06-07 08:12:00,Team Invite,5
12365,1833,2026-07-09 23:11:00,Dashboard View,5
12366,1901,2026-08-24 12:16:00,Dashboard View,1
12367,1980,2026-05-03 04:29:00,Team Invite,1
12368,1427,2025-09-25 11:50:00,Dashboard View,2
12369,1477,2024-07-17 03:54:00,Data Import,2
12370,902,2024-03-24 13:33:00,Settings Update,10
12371,1397,2025-08-01 11:09:00,Dashboard View,5
12372,366,2026-05-13 14:24:00,User Login,5
12373,552,2024-10-09 02:28:00,Dashboard View,0
12374,107,2026-01-09 17:50:00,Settings Update,15
12375,1861,2024-10-24 14:45:00,Data Import,5
12376,1149,2026-02-10 05:04:00,Settings Update,15
12377,1344,2026-03-17 16:06:00,Team Invite,2
12378,1550,2026-04-08 01:10:00,Dashboard View,5
12379,839,2025-07-29 17:27:00,Settings Update,5
12380,877,2024-08-05 08:52:00,Data Import,0
12381,1590,2026-05-27 21:38:00,Settings Update,30
12382,1727,2026-09-23 11:53:00,User Login,15
12383,128,2026-01-17 03:57:00,Settings Update,2
12384,776,2026-07-07 16:40:00,User Login,1
12385,631,2025-10-29 20:28:00,Settings Update,5
12386,185,2025-04-30 16:06:00,Data Import,0
12387,40,2026-04-12 22:35:00,Report Export,30
12388,1542,2025-10-29 04:47:00,Data Import,2
12389,1347,2025-10-08 19:02:00,User Login,5
12390,350,2024-07-09 18:47:00,Data Import,2
12391,1741,2026-07-28 21:03:00,Team Invite,30
12392,525,2026-03-22 15:13:00,Data Import,0
12393,1724,2025-08-04 02:29:00,Settings Update,10
12394,1685,2025-05-14 14:21:00,Team Invite,1
12395,1207,2025-12-20 12:12:00,Data Import,1
12396,756,2025-03-27 00:52:00,Settings Update,5
12397,746,2026-09-03 16:03:00,Team Invite,15
12398,1990,2026-07-27 17:08:00,Data Import,0
12399,859,2024-02-22 17:05:00,User Login,5
12400,1334,2024-10-13 23:42:00,User Login,5
12401,771,2026-04-16 08:04:00,Dashboard View,10
12402,102,2025-12-23 04:32:00,Report Export,10
12403,557,2025-12-13 05:03:00,Team Invite,5
12404,479,2025-03-17 00:32:00,Report Export,5
12405,1751,2024-08-18 23:34:00,Settings Update,15
12406,694,2025-09-09 15:31:00,Settings Update,30
12407,1441,2025-06-27 10:04:00,Settings Update,15
12408,735,2024-01-16 17:18:00,Data Import,2
12409,1887,2025-07-10 12:17:00,Team Invite,10
12410,1254,2026-04-21 14:27:00,Settings Update,5
12411,1208,2026-06-30 01:13:00,Report Export,10
12412,1910,2026-07-12 09:35:00,Dashboard View,5
12413,1785,2026-05-27 00:00:00,Dashboard View,10
12414,1430,2026-09-16 23:44:00,User Login,5
12415,425,2025-11-15 11:17:00,Dashboard View,5
12416,1171,2024-12-08 05:58:00,Dashboard View,15
12417,1142,2026-08-10 19:15:00,User Login,10
12418,1211,2025-03-29 10:10:00,Report Export,2
12419,353,2026-02-11 22:16:00,Report Export,2
12420,1433,2026-07-09 02:20:00,User Login,5
12421,1097,2026-09-22 07:31:00,Team Invite,0
12422,1734,2026-08-14 15:08:00,User Login,1
12423,254,2026-04-09 16:33:00,Report Export,5
12424,424,2026-05-24 23:04:00,Data Import,2
12425,1898,2026-06-06 23:44:00,Team Invite,30
12426,639,2025-08-25 12:38:00,Team Invite,15
12427,1729,2025-09-08 10:47:00,User Login,1
12428,101,2024-09-11 09:49:00,Settings Update,10
12429,1280,2024-02-18 11:43:00,Report Export,10
12430,260,2026-09-15 01:14:00,Settings Update,10
12431,72,2026-09-09 17:35:00,Dashboard View,1
12432,1322,2025-01-01 11:09:00,Report Export,30
12433,1903,2026-06-26 09:28:00,Team Invite,0
12434,534,2026-04-01 18:30:00,User Login,5
12435,1287,2025-12-15 13:32:00,Data Import,2
12436,1984,2026-02-16 23:52:00,Dashboard View,15
12437,1411,2025-11-08 16:17:00,Report Export,15
12438,614,2025-09-04 07:41:00,Data Import,1
12439,858,2025-01-08 11:10:00,Report Export,0
12440,1255,2026-04-02 17:02:00,Data Import,15
12441,510,2026-08-15 23:15:00,Dashboard View,5
12442,1617,2026-02-18 11:18:00,Report Export,10
12443,1098,2024-06-24 20:27:00,Team Invite,1
12444,1614,2026-07-16 18:19:00,Data Import,5
12445,1684,2025-09-25 17:49:00,Team Invite,5
12446,683,2026-08-30 05:05:00,Data Import,5
12447,936,2026-09-24 21:48:00,Settings Update,2
12448,1752,2025-12-22 15:25:00,Dashboard View,15
12449,1577,2026-03-04 09:03:00,Dashboard View,1
12450,1559,2025-02-28 06:11:00,Dashboard View,2
12451,556,2026-09-04 16:00:00,Report Export,15
12452,337,2024-05-21 15:51:00,Settings Update,5
12453,898,2026-09-18 09:19:00,Dashboard View,10
12454,1679,2026-05-15 01:23:00,User Login,5
12455,1555,2025-11-20 17:58:00,User Login,15
12456,1930,2025-09-04 15:16:00,Settings Update,2
12457,384,2026-08-13 16:24:00,User Login,10
12458,684,2025-10-23 04:10:00,Team Invite,5
12459,1741,2026-08-16 05:19:00,User Login,10
12460,1930,2026-07-01 20:43:00,Dashboard View,5
12461,187,2025-12-15 05:31:00,Data Import,5
12462,1565,2025-08-25 11:32:00,Settings Update,1
12463,1985,2025-06-16 05:21:00,Settings Update,2
12464,1576,2025-08-17 14:18:00,Dashboard View,15
12465,174,2023-08-04 05:06:00,Report Export,5
12466,1751,2024-11-25 03:25:00,User Login,1
12467,536,2026-07-18 19:31:00,User Login,15
12468,362,2026-03-09 01:11:00,Dashboard View,2
12469,1595,2025-04-18 04:15:00,Settings Update,5
12470,480,2026-07-10 08:43:00,User Login,2
12471,556,2026-07-25 14:17:00,Dashboard View,1
12472,999,2026-09-14 17:55:00,Dashboard View,2
12473,260,2026-05-08 19:50:00,Report Export,1
12474,690,2024-03-31 11:35:00,Settings Update,2
12475,1931,2026-09-23 11:09:00,Report Export,0
12476,724,2026-05-17 20:50:00,Dashboard View,5
12477,331,2025-11-21 12:36:00,User Login,1
12478,197,2024-10-08 18:52:00,Settings Update,15
12479,821,2024-12-02 02:10:00,Data Import,5
12480,748,2026-01-02 17:34:00,Team Invite,10
12481,1221,2024-11-18 03:06:00,Report Export,5
12482,1211,2025-12-05 08:55:00,Report Export,2
12483,554,2026-03-30 02:49:00,Dashboard View,5
12484,280,2024-10-26 08:41:00,User Login,2
12485,478,2026-06-11 00:36:00,Dashboard View,1
12486,1738,2024-05-20 15:06:00,Settings Update,30
12487,185,2026-07-12 01:14:00,User Login,10
12488,1650,2025-10-05 07:45:00,Data Import,2
12489,314,2025-03-04 18:02:00,Report Export,10
12490,1531,2026-09-24 21:31:00,Team Invite,1
12491,1739,2025-08-17 16:20:00,User Login,0
12492,1918,2026-01-30 03:17:00,Settings Update,15
12493,1769,2026-09-05 23:33:00,Dashboard View,2
12494,1928,2026-03-10 07:11:00,Dashboard View,10
12495,61,2026-07-05 15:43:00,Report Export,10
12496,1381,2025-11-25 11:32:00,Report Export,15
12497,158,2025-01-03 13:09:00,Dashboard View,1
12498,1673,2025-11-27 19:42:00,Dashboard View,2
12499,1211,2025-01-30 01:16:00,Settings Update,30
12500,493,2026-02-25 10:50:00,Team Invite,0
12501,1440,2026-07-16 05:39:00,Dashboard View,1
12502,1998,2025-11-30 17:26:00,Dashboard View,15
12503,1237,2025-12-07 18:41:00,Dashboard View,2
12504,1885,2025-06-11 13:21:00,Team Invite,5
12505,1725,2025-12-10 11:25:00,Report Export,2
12506,1961,2025-12-22 10:12:00,Settings Update,15
12507,180,2026-08-20 01:39:00,Dashboard View,2
12508,1165,2025-11-10 11:25:00,Data Import,5
12509,194,2026-01-11 15:55:00,Settings Update,5
12510,330,2026-08-21 10:53:00,Data Import,10
12511,1075,2025-01-21 09:14:00,Dashboard View,15
12512,299,2024-07-28 23:55:00,Data Import,2
12513,1716,2026-04-29 18:56:00,Report Export,5
12514,1577,2026-05-03 21:54:00,Team Invite,2
12515,1368,2025-07-26 13:51:00,Team Invite,5
12516,650,2025-05-20 10:48:00,User Login,10
12517,12,2025-11-05 16:30:00,Settings Update,15
12518,237,2025-12-14 12:13:00,Settings Update,0
12519,1238,2026-09-01 08:02:00,Settings Update,1
12520,1044,2026-06-30 18:23:00,Team Invite,10
12521,1571,2026-06-20 20:02:00,User Login,2
12522,1600,2026-05-25 19:52:00,Settings Update,2
12523,191,2026-09-15 15:40:00,Dashboard View,5
12524,1866,2026-04-18 19:33:00,Settings Update,30
12525,1325,2026-02-27 06:56:00,Data Import,1
12526,895,2026-04-11 18:23:00,Settings Update,2
12527,125,2025-01-02 21:01:00,Data Import,30
12528,1034,2026-06-11 09:42:00,User Login,5
12529,1394,2025-08-03 04:11:00,Data Import,1
12530,978,2026-01-07 06:32:00,Dashboard View,15
12531,237,2025-06-07 17:44:00,Settings Update,2
12532,127,2026-01-10 16:37:00,Dashboard View,10
12533,527,2026-04-26 23:49:00,Dashboard View,30
12534,1748,2025-09-21 19:29:00,Settings Update,5
12535,1365,2026-05-04 18:12:00,Team Invite,2
12536,326,2025-05-14 17:19:00,Dashboard View,10
12537,36,2026-08-22 18:12:00,Report Export,15
12538,421,2026-09-07 05:24:00,Dashboard View,5
12539,1483,2023-12-22 16:11:00,Settings Update,2
12540,371,2024-04-04 17:35:00,Data Import,2
12541,1395,2026-07-04 12:26:00,Data Import,2
12542,1087,2025-07-24 23:08:00,Dashboard View,1
12543,1345,2025-02-02 06:56:00,User Login,10
12544,689,2026-04-29 01:00:00,Dashboard View,5
12545,518,2026-09-05 21:38:00,Dashboard View,2
12546,1739,2026-01-05 17:42:00,Team Invite,2
12547,1925,2026-03-16 11:56:00,Team Invite,15
12548,169,2026-05-31 21:12:00,Settings Update,10
12549,413,2025-11-26 18:29:00,Report Export,15
12550,464,2025-11-11 21:45:00,Team Invite,5
12551,1044,2026-09-25 07:39:00,User Login,5
12552,1419,2025-09-25 09:52:00,Report Export,2
12553,1807,2026-03-31 03:36:00,Settings Update,2
12554,1197,2024-01-11 07:01:00,User Login,15
12555,1856,2026-04-15 13:39:00,Data Import,5
12556,1229,2026-04-24 09:52:00,Team Invite,15
12557,640,2026-02-28 03:33:00,User Login,1
12558,746,2025-08-11 11:55:00,Settings Update,2
12559,582,2025-11-21 09:21:00,Settings Update,1
12560,316,2025-08-19 07:18:00,Settings Update,1
12561,355,2026-01-29 13:13:00,Report Export,5
12562,488,2024-08-09 16:03:00,Report Export,5
12563,958,2024-09-21 10:14:00,Team Invite,5
12564,252,2025-07-18 14:15:00,User Login,10
12565,945,2026-01-15 09:23:00,Settings Update,5
12566,704,2026-04-14 12:41:00,Report Export,10
12567,1139,2026-02-23 15:17:00,Report Export,1
12568,1610,2025-07-02 13:17:00,User Login,5
12569,818,2023-09-21 01:21:00,Report Export,10
12570,1782,2023-11-15 23:31:00,Data Import,10
12571,1865,2025-12-20 18:34:00,Settings Update,10
12572,1788,2026-08-02 23:02:00,Settings Update,0
12573,707,2025-06-20 09:49:00,Report Export,10
12574,199,2026-05-25 23:36:00,Settings Update,5
12575,1869,2026-01-13 15:00:00,Data Import,2
12576,1833,2026-08-13 02:21:00,Settings Update,1
12577,437,2026-05-17 16:32:00,Team Invite,10
12578,449,2026-04-17 03:42:00,Dashboard View,30
12579,1499,2026-01-29 23:00:00,User Login,2
12580,788,2026-01-19 16:50:00,Dashboard View,5
12581,505,2025-12-21 23:46:00,User Login,5
12582,1916,2024-05-05 02:07:00,Settings Update,10
12583,1611,2026-04-06 05:46:00,Dashboard View,5
12584,1989,2025-11-08 22:26:00,Dashboard View,5
12585,955,2026-02-23 11:51:00,Report Export,2
12586,1071,2026-03-23 14:35:00,User Login,1
12587,694,2026-08-11 09:48:00,User Login,5
12588,285,2026-08-10 14:37:00,Data Import,15
12589,445,2025-10-14 11:59:00,Settings Update,5
12590,1977,2024-11-22 20:21:00,Report Export,1
12591,653,2025-05-09 15:22:00,Settings Update,30
12592,1361,2026-01-30 17:54:00,Team Invite,10
12593,995,2026-08-26 19:28:00,Dashboard View,2
12594,367,2025-03-24 05:19:00,Data Import,10
12595,1358,2026-02-04 19:03:00,Report Export,10
12596,1464,2026-06-15 01:45:00,Report Export,30
12597,552,2024-06-25 04:16:00,Team Invite,30
12598,1758,2026-09-06 15:36:00,Settings Update,5
12599,666,2026-01-25 04:57:00,Settings Update,30
12600,1494,2026-05-24 17:56:00,User Login,5
12601,1403,2025-05-04 08:59:00,Settings Update,0
12602,884,2026-01-31 17:44:00,Dashboard View,0
12603,1342,2026-05-24 18:35:00,Settings Update,2
12604,7,2024-06-22 20:06:00,Settings Update,30
12605,556,2026-09-23 04:23:00,Team Invite,1
12606,570,2024-05-09 10:53:00,Dashboard View,5
12607,682,2026-05-31 18:08:00,Dashboard View,5
12608,1293,2026-07-27 11:37:00,Data Import,1
12609,221,2026-03-06 12:09:00,Dashboard View,5
12610,1714,2025-05-26 20:48:00,Settings Update,1
12611,1616,2026-07-26 15:26:00,User Login,2
12612,1411,2025-09-20 01:28:00,Report Export,0
12613,1966,2024-10-15 22:48:00,Report Export,2
12614,1593,2026-04-19 22:23:00,User Login,15
12615,316,2025-10-10 16:20:00,Team Invite,5
12616,211,2024-11-25 03:21:00,User Login,5
12617,762,2025-06-08 20:19:00,Settings Update,2
12618,108,2026-05-04 19:34:00,User Login,10
12619,1443,2026-07-04 00:38:00,Data Import,1
12620,222,2025-12-13 22:37:00,Report Export,0
12621,967,2025-10-01 14:52:00,Settings Update,2
12622,171,2026-09-13 10:38:00,Report Export,0
12623,1386,2025-05-27 12:07:00,Team Invite,5
12624,1099,2026-08-27 08:19:00,Data Import,2
12625,1739,2025-08-20 21:55:00,Team Invite,5
12626,1932,2026-01-30 07:03:00,Report Export,2
12627,1471,2025-08-27 15:14:00,Report Export,10
12628,156,2025-01-06 10:35:00,Data Import,1
12629,1454,2024-08-01 03:14:00,Dashboard View,1
12630,1133,2026-09-14 09:11:00,Report Export,30
12631,558,2026-06-21 18:57:00,Settings Update,10
12632,671,2025-12-06 09:45:00,Dashboard View,2
12633,1207,2026-09-16 08:01:00,Dashboard View,0
12634,1896,2026-08-12 17:33:00,Dashboard View,5
12635,551,2025-11-07 16:03:00,Dashboard View,5
12636,1865,2026-08-05 13:14:00,User Login,30
12637,1290,2026-06-05 12:11:00,Settings Update,10
12638,321,2026-08-14 10:01:00,Team Invite,5
12639,1257,2024-09-13 04:17:00,Team Invite,5
12640,143,2026-07-29 11:11:00,Settings Update,15
12641,1751,2026-03-04 18:43:00,Team Invite,30
12642,172,2025-08-16 06:00:00,Dashboard View,2
12643,64,2025-03-29 06:54:00,Settings Update,10
12644,853,2026-06-17 09:28:00,Data Import,5
12645,179,2025-06-27 12:21:00,User Login,1
12646,45,2025-03-04 10:17:00,Team Invite,2
12647,1661,2026-02-10 00:01:00,Data Import,30
12648,377,2025-01-04 17:48:00,Settings Update,15
12649,963,2026-01-13 17:50:00,User Login,30
12650,1012,2025-04-28 05:04:00,Dashboard View,2
12651,1851,2026-09-20 06:23:00,User Login,5
12652,1205,2025-10-23 17:13:00,Team Invite,2
12653,381,2025-10-26 01:33:00,Team Invite,1
12654,725,2026-05-31 06:00:00,User Login,1
12655,120,2024-10-24 10:46:00,Team Invite,15
12656,1378,2026-07-02 12:21:00,User Login,5
12657,1150,2026-02-07 07:43:00,Report Export,15
12658,149,2026-01-09 23:49:00,Team Invite,1
12659,1826,2025-12-16 11:02:00,Data Import,10
12660,1847,2026-05-24 11:28:00,Settings Update,2
12661,804,2026-05-04 04:49:00,User Login,1
12662,131,2026-07-05 22:18:00,Dashboard View,1
12663,1670,2026-03-21 12:22:00,Report Export,2
12664,1903,2024-08-26 18:54:00,User Login,5
12665,105,2025-10-30 14:57:00,Data Import,1
12666,500,2026-07-24 11:51:00,Team Invite,2
12667,1250,2026-04-13 05:02:00,Settings Update,2
12668,1451,2026-03-06 01:07:00,Settings Update,1
12669,1308,2026-07-08 09:19:00,Report Export,5
12670,759,2026-08-02 18:07:00,Data Import,1
12671,1018,2026-05-24 06:40:00,Settings Update,2
12672,1399,2026-03-08 11:58:00,Dashboard View,2
12673,276,2025-10-12 15:49:00,Dashboard View,2
12674,1031,2025-06-02 11:06:00,Report Export,1
12675,1515,2024-04-27 16:16:00,Report Export,30
12676,1948,2025-09-15 12:04:00,Dashboard View,1
12677,1416,2026-03-19 22:48:00,Team Invite,5
12678,561,2025-04-03 15:58:00,User Login,5
12679,656,2026-05-31 05:40:00,Settings Update,5
12680,720,2026-09-26 19:00:00,Dashboard View,0
12681,151,2026-08-18 03:36:00,Data Import,10
12682,742,2025-07-24 17:21:00,Settings Update,15
12683,469,2025-05-19 17:09:00,Dashboard View,0
12684,1180,2025-06-27 21:02:00,Settings Update,15
12685,1827,2026-09-06 18:53:00,Settings Update,15
12686,1148,2026-08-08 09:21:00,User Login,1
12687,961,2026-04-02 20:54:00,Report Export,2
12688,1513,2025-10-20 07:03:00,Dashboard View,5
12689,1545,2025-08-10 13:13:00,Report Export,5
12690,1862,2026-04-02 03:27:00,Dashboard View,1
12691,301,2026-05-22 08:42:00,Report Export,5
12692,181,2026-08-11 17:57:00,Team Invite,1
12693,959,2025-11-15 02:53:00,Dashboard View,10
12694,1424,2025-12-12 21:05:00,Team Invite,5
12695,1589,2024-09-29 05:22:00,Team Invite,2
12696,312,2024-10-10 06:45:00,Team Invite,5
12697,1987,2026-04-17 16:15:00,Report Export,5
12698,398,2025-10-02 09:27:00,Report Export,1
12699,1782,2025-02-28 04:16:00,Dashboard View,10
12700,1551,2026-04-19 03:52:00,User Login,2
12701,347,2025-08-02 19:06:00,Data Import,5
12702,1991,2026-07-08 07:35:00,Report Export,10
12703,1814,2026-08-03 06:25:00,User Login,15
12704,913,2026-05-18 05:46:00,Team Invite,5
12705,1397,2026-09-20 19:43:00,Settings Update,2
12706,835,2024-03-19 10:08:00,Data Import,30
12707,640,2025-04-13 17:40:00,Data Import,5
12708,1563,2026-02-19 22:06:00,Dashboard View,0
12709,911,2026-07-19 23:31:00,Settings Update,5
12710,1894,2026-03-28 17:30:00,Team Invite,5
12711,246,2024-09-24 13:17:00,Settings Update,0
12712,1959,2026-03-14 17:12:00,Team Invite,5
12713,1165,2025-08-29 12:21:00,Report Export,5
12714,1847,2026-08-26 12:13:00,Dashboard View,2
12715,1463,2026-09-08 14:08:00,User Login,10
12716,728,2025-11-29 20:13:00,Dashboard View,10
12717,1141,2025-07-16 21:47:00,Settings Update,1
12718,1565,2025-09-26 02:50:00,Report Export,1
12719,777,2026-01-14 14:36:00,Report Export,10
12720,1000,2026-02-22 12:47:00,Report Export,1
12721,1990,2025-05-17 04:20:00,Data Import,2
12722,1848,2025-12-09 19:25:00,Team Invite,1
12723,1966,2026-03-14 19:44:00,Report Export,2
12724,1158,2025-01-06 19:30:00,User Login,15
12725,806,2025-08-08 06:00:00,Report Export,10
12726,189,2025-12-23 22:39:00,Settings Update,2
12727,554,2026-07-29 13:29:00,Team Invite,5
12728,1095,2024-11-22 14:06:00,Team Invite,10
12729,1019,2025-08-04 23:24:00,Settings Update,5
12730,1565,2026-03-05 11:40:00,User Login,2
12731,1149,2025-11-26 23:01:00,Settings Update,10
12732,1032,2026-07-26 01:35:00,Dashboard View,2
12733,107,2026-06-04 23:18:00,Dashboard View,10
12734,441,2026-03-18 23:53:00,Data Import,5
12735,1397,2025-01-16 13:59:00,Data Import,5
12736,98,2025-07-12 11:44:00,Settings Update,2
12737,654,2025-08-02 09:48:00,Settings Update,2
12738,284,2026-04-15 21:10:00,Settings Update,1
12739,71,2026-04-23 10:39:00,User Login,0
12740,286,2026-06-22 14:05:00,User Login,5
12741,939,2026-05-18 23:51:00,Dashboard View,5
12742,799,2026-02-05 23:56:00,Team Invite,10
12743,250,2025-10-29 17:05:00,Report Export,2
12744,1002,2026-08-02 11:56:00,User Login,0
12745,1374,2025-08-03 22:09:00,Dashboard View,2
12746,689,2023-10-10 10:28:00,Report Export,10
12747,369,2026-01-24 20:43:00,Dashboard View,15
12748,1536,2026-09-25 00:22:00,Report Export,2
12749,886,2025-11-17 18:50:00,User Login,1
12750,667,2026-05-08 13:38:00,Dashboard View,2
12751,433,2025-04-07 04:22:00,User Login,5
12752,758,2026-03-18 16:58:00,Dashboard View,5
12753,1892,2024-11-04 03:50:00,Team Invite,1
12754,101,2025-10-06 17:57:00,Report Export,5
12755,1923,2025-08-20 15:26:00,Data Import,1
12756,1535,2026-08-22 01:25:00,User Login,2
12757,541,2026-08-08 22:44:00,Data Import,0
12758,1617,2026-04-18 02:11:00,Settings Update,2
12759,1703,2025-03-18 11:34:00,Team Invite,5
12760,220,2025-05-21 04:41:00,Report Export,30
12761,1053,2026-05-29 11:16:00,Report Export,5
12762,1796,2026-04-30 00:01:00,Data Import,2
12763,621,2023-06-30 16:09:00,Team Invite,5
12764,1361,2025-10-14 01:20:00,Dashboard View,2
12765,1107,2025-01-14 18:04:00,User Login,15
12766,1782,2024-01-02 00:35:00,User Login,10
12767,1388,2026-07-15 17:29:00,Settings Update,5
12768,109,2025-02-27 03:48:00,Data Import,5
12769,1938,2026-03-20 19:36:00,Data Import,30
12770,303,2025-10-27 11:45:00,Settings Update,2
12771,1851,2026-09-24 04:36:00,Report Export,10
12772,434,2025-03-31 20:56:00,User Login,1
12773,1723,2025-10-10 07:56:00,User Login,15
12774,992,2024-10-09 09:35:00,Data Import,10
12775,1922,2026-06-30 15:21:00,Settings Update,2
12776,1913,2026-08-26 18:38:00,Dashboard View,5
12777,1455,2026-01-16 18:30:00,Data Import,5
12778,450,2026-07-15 11:28:00,Settings Update,1
12779,1809,2026-04-27 22:32:00,Data Import,2
12780,1510,2026-06-13 12:25:00,Data Import,0
12781,1849,2024-11-19 09:53:00,Data Import,5
12782,821,2025-11-02 23:57:00,Dashboard View,5
12783,912,2026-04-28 02:26:00,Report Export,1
12784,376,2025-04-23 16:09:00,Settings Update,10
12785,1630,2024-02-17 06:44:00,Report Export,0
12786,1467,2025-05-14 04:57:00,Team Invite,15
12787,732,2026-03-12 10:10:00,Report Export,2
12788,363,2026-03-09 10:18:00,Settings Update,1
12789,649,2026-03-22 22:08:00,Settings Update,1
12790,1787,2023-12-17 03:31:00,Settings Update,2
12791,1577,2026-04-13 03:54:00,Data Import,2
12792,124,2026-09-16 11:16:00,Settings Update,5
12793,287,2024-09-01 23:35:00,User Login,2
12794,1833,2026-04-12 22:03:00,Dashboard View,2
12795,819,2025-11-19 03:17:00,Report Export,5
12796,38,2025-07-25 09:13:00,Settings Update,30
12797,325,2025-02-11 23:19:00,Data Import,2
12798,653,2026-06-27 10:08:00,Dashboard View,10
12799,184,2025-06-07 03:31:00,Settings Update,10
12800,1758,2024-10-10 01:29:00,User Login,0
12801,1727,2026-09-19 15:57:00,Team Invite,30
12802,1273,2025-05-30 11:12:00,Report Export,1
12803,1313,2024-11-24 13:23:00,User Login,1
12804,313,2026-03-17 09:24:00,Dashboard View,1
12805,307,2026-09-16 16:53:00,Settings Update,5
12806,534,2026-04-22 05:48:00,Settings Update,2
12807,1192,2026-08-18 07:14:00,Settings Update,5
12808,1022,2025-04-24 13:37:00,Team Invite,5
12809,971,2026-09-24 05:49:00,User Login,5
12810,1119,2026-08-02 07:13:00,Team Invite,15
12811,385,2026-04-25 20:05:00,Team Invite,2
12812,977,2026-08-13 11:03:00,User Login,5
12813,1419,2026-05-20 16:26:00,Team Invite,2
12814,713,2026-08-03 19:39:00,Dashboard View,5
12815,1726,2025-06-20 09:25:00,Team Invite,2
12816,705,2026-06-21 04:33:00,Settings Update,5
12817,701,2026-08-22 07:45:00,Report Export,5
12818,1361,2026-05-04 17:35:00,User Login,0
12819,97,2024-09-15 10:25:00,Team Invite,5
12820,1216,2026-09-06 05:39:00,Settings Update,10
12821,1417,2025-06-05 23:36:00,Settings Update,10
12822,1587,2024-06-03 09:27:00,Settings Update,15
12823,1096,2026-04-18 20:12:00,Report Export,30
12824,948,2026-07-21 08:01:00,Data Import,2
12825,1830,2025-10-26 17:40:00,Report Export,10
12826,1896,2026-07-11 08:00:00,Report Export,2
12827,261,2025-08-24 19:39:00,Data Import,2
12828,637,2025-09-01 15:36:00,Report Export,5
12829,1226,2026-05-28 00:36:00,Report Export,30
12830,1518,2025-12-20 16:36:00,Settings Update,15
12831,293,2026-04-09 02:06:00,Team Invite,5
12832,1148,2026-09-13 10:14:00,Report Export,5
12833,1885,2026-04-20 05:53:00,Settings Update,2
12834,1408,2026-08-11 23:24:00,Team Invite,2
12835,37,2026-09-05 11:42:00,Team Invite,1
12836,1843,2025-06-14 06:03:00,Settings Update,0
12837,1860,2023-12-29 01:15:00,Team Invite,5
12838,225,2023-11-01 14:17:00,Dashboard View,1
12839,1336,2026-02-16 01:00:00,Settings Update,0
12840,458,2025-03-12 04:33:00,Dashboard View,2
12841,1284,2025-05-21 19:45:00,Settings Update,5
12842,622,2025-10-24 14:16:00,User Login,30
12843,331,2025-09-19 12:50:00,Settings Update,2
12844,73,2026-06-25 12:15:00,Settings Update,2
12845,1290,2025-11-04 16:25:00,Report Export,2
12846,1472,2026-05-12 10:49:00,Data Import,10
12847,25,2026-03-18 01:40:00,User Login,5
12848,750,2026-07-21 00:28:00,Dashboard View,15
12849,1212,2025-12-16 19:38:00,User Login,5
12850,224,2025-07-26 15:45:00,User Login,1
12851,1844,2024-12-06 16:32:00,User Login,1
12852,566,2025-09-07 21:02:00,Team Invite,15
12853,1519,2024-08-10 03:23:00,Report Export,1
12854,747,2024-06-16 21:45:00,Data Import,1
12855,372,2025-07-30 01:35:00,Team Invite,5
12856,380,2026-09-17 15:58:00,Team Invite,2
12857,1219,2024-08-13 19:05:00,Settings Update,0
12858,15,2024-06-25 02:08:00,Settings Update,2
12859,111,2025-06-23 23:31:00,Report Export,15
12860,534,2026-03-11 12:46:00,User Login,5
12861,1896,2026-08-19 20:49:00,Settings Update,5
12862,336,2026-07-17 12:35:00,Settings Update,15
12863,1877,2023-04-10 17:57:00,Report Export,30
12864,827,2026-07-23 02:51:00,Data Import,2
12865,487,2024-10-08 18:05:00,Settings Update,2
12866,1879,2026-09-06 17:02:00,Team Invite,2
12867,1780,2025-12-07 19:35:00,Team Invite,30
12868,991,2026-05-24 00:41:00,Dashboard View,1
12869,1905,2026-03-15 19:07:00,Settings Update,10
12870,918,2023-04-05 14:19:00,Team Invite,2
12871,1947,2026-05-12 21:16:00,User Login,5
12872,1039,2025-10-07 02:52:00,User Login,5
12873,443,2026-07-21 18:07:00,Data Import,2
12874,20,2025-09-26 13:41:00,Team Invite,2
12875,1908,2025-12-08 21:40:00,Report Export,0
12876,573,2025-10-28 13:19:00,Report Export,5
12877,1850,2025-12-10 18:52:00,Data Import,1
12878,697,2024-07-27 21:36:00,Report Export,30
12879,587,2025-03-21 22:03:00,Team Invite,15
12880,24,2025-04-25 04:42:00,Team Invite,2
12881,1457,2026-04-27 09:14:00,Report Export,5
12882,1169,2026-06-01 06:46:00,User Login,15
12883,77,2026-01-28 15:08:00,Report Export,2
12884,224,2026-09-28 08:48:00,User Login,15
12885,386,2025-09-04 14:33:00,Settings Update,15
12886,1933,2026-06-21 10:50:00,Settings Update,1
12887,670,2025-11-16 13:39:00,Team Invite,5
12888,999,2025-12-01 16:45:00,Data Import,1
12889,714,2026-07-29 05:17:00,Settings Update,1
12890,762,2026-09-15 15:26:00,Data Import,30
12891,1557,2024-09-26 22:25:00,Settings Update,2
12892,894,2026-06-23 00:07:00,User Login,2
12893,1363,2026-03-01 23:15:00,Team Invite,5
12894,163,2026-09-08 09:04:00,Data Import,15
12895,749,2024-02-19 23:02:00,Data Import,10
12896,227,2026-07-09 15:21:00,User Login,15
12897,1055,2025-11-17 02:41:00,Report Export,1
12898,763,2026-07-27 21:32:00,User Login,2
12899,326,2025-07-29 19:03:00,Settings Update,0
12900,1794,2025-11-20 13:15:00,Report Export,1
12901,1581,2025-01-15 11:12:00,User Login,5
12902,436,2024-07-06 14:03:00,Dashboard View,5
12903,432,2025-06-06 21:48:00,User Login,10
12904,1134,2025-11-25 16:03:00,Report Export,1
12905,1471,2026-05-06 04:14:00,Dashboard View,2
12906,1171,2025-04-17 17:25:00,Data Import,15
12907,1176,2026-02-25 15:02:00,Data Import,5
12908,31,2025-12-21 01:30:00,Dashboard View,10
12909,1794,2026-08-12 13:02:00,Dashboard View,0
12910,1258,2025-07-15 16:30:00,Report Export,2
12911,130,2025-04-11 20:05:00,Report Export,15
12912,989,2025-02-15 00:58:00,Report Export,10
12913,159,2024-12-12 11:54:00,Dashboard View,10
12914,790,2026-03-30 02:49:00,Data Import,10
12915,880,2026-08-26 18:44:00,Dashboard View,0
12916,1884,2026-01-31 08:15:00,Team Invite,1
12917,1721,2025-02-02 03:18:00,Report Export,2
12918,1840,2025-11-05 04:40:00,Report Export,2
12919,566,2025-04-23 18:59:00,Data Import,1
12920,1992,2026-08-29 07:34:00,Data Import,0
12921,1598,2025-02-06 09:01:00,Settings Update,5
12922,377,2026-01-13 12:01:00,Team Invite,2
12923,1986,2025-10-10 22:17:00,Team Invite,15
12924,253,2026-04-26 07:40:00,Team Invite,10
12925,1276,2025-12-24 07:28:00,User Login,2
12926,1576,2026-09-28 02:38:00,Data Import,1
12927,330,2026-09-09 11:08:00,Report Export,0
12928,1609,2024-09-27 07:45:00,Dashboard View,5
12929,795,2024-01-18 07:03:00,Data Import,0
12930,552,2025-08-18 17:08:00,User Login,5
12931,629,2025-12-20 14:44:00,Report Export,10
12932,581,2026-02-19 21:20:00,Report Export,10
12933,985,2025-10-27 19:38:00,Settings Update,5
12934,1874,2026-09-13 10:46:00,Team Invite,0
12935,1231,2024-08-31 14:28:00,Report Export,5
12936,883,2025-12-04 00:27:00,Report Export,2
12937,420,2026-03-01 15:10:00,Data Import,2
12938,1670,2026-05-11 08:56:00,Dashboard View,10
12939,717,2025-08-23 19:24:00,User Login,15
12940,1080,2026-06-05 01:50:00,Data Import,5
12941,1179,2024-08-17 00:40:00,Dashboard View,5
12942,181,2026-05-11 18:27:00,Settings Update,5
12943,1954,2025-12-01 17:53:00,Team Invite,10
12944,608,2024-11-12 12:05:00,Settings Update,5
12945,1835,2025-01-22 23:53:00,Report Export,2
12946,1493,2024-08-18 22:05:00,Team Invite,2
12947,965,2026-04-06 10:44:00,Dashboard View,5
12948,1828,2026-02-20 21:06:00,Dashboard View,5
12949,1085,2026-07-11 16:11:00,Settings Update,2
12950,393,2026-05-20 19:59:00,User Login,1
12951,1540,2025-04-17 15:33:00,Settings Update,5
12952,1143,2024-12-27 03:37:00,User Login,15
12953,354,2025-06-08 03:16:00,Report Export,30
12954,211,2024-10-13 21:53:00,Report Export,15
12955,496,2026-03-26 00:17:00,Data Import,2
12956,602,2024-04-15 14:56:00,Report Export,10
12957,1731,2025-07-16 23:07:00,Report Export,2
12958,775,2025-10-23 14:55:00,Settings Update,10
12959,723,2026-05-14 03:07:00,Report Export,5
12960,1464,2026-05-10 07:02:00,Dashboard View,5
12961,1613,2026-01-28 06:13:00,Settings Update,2
12962,998,2026-04-14 15:30:00,Settings Update,5
12963,991,2026-04-10 21:31:00,Team Invite,15
12964,209,2024-10-22 14:53:00,User Login,2
12965,1919,2024-09-06 22:38:00,Report Export,2
12966,1665,2026-08-22 03:00:00,Dashboard View,10
12967,840,2026-07-03 01:01:00,Data Import,0
12968,1994,2024-09-14 20:15:00,User Login,2
12969,296,2023-12-18 13:24:00,User Login,0
12970,1734,2026-05-14 01:05:00,Dashboard View,10
12971,559,2026-07-22 03:43:00,Team Invite,5
12972,1088,2026-07-10 07:16:00,User Login,5
12973,145,2024-09-28 03:05:00,Team Invite,0
12974,105,2025-02-20 07:00:00,Team Invite,30
12975,683,2025-11-12 15:14:00,User Login,0
12976,236,2024-08-05 08:20:00,Data Import,2
12977,1187,2026-05-12 02:14:00,Team Invite,1
12978,1323,2025-06-13 13:27:00,Data Import,0
12979,1828,2025-07-02 00:07:00,User Login,5
12980,1475,2025-10-31 20:44:00,Data Import,2
12981,1891,2026-03-18 09:38:00,Team Invite,10
12982,576,2024-11-11 14:51:00,Settings Update,10
12983,563,2025-11-11 03:16:00,Team Invite,1
12984,150,2025-09-01 00:02:00,Data Import,15
12985,706,2026-09-05 03:20:00,Settings Update,1
12986,1121,2025-02-06 07:52:00,User Login,2
12987,1980,2026-09-21 23:23:00,Team Invite,5
12988,796,2026-09-07 15:52:00,Team Invite,2
12989,1589,2024-09-25 00:09:00,User Login,5
12990,1946,2025-02-19 02:29:00,Team Invite,15
12991,681,2026-02-05 03:40:00,Settings Update,2
12992,338,2024-11-07 11:16:00,Dashboard View,2
12993,406,2025-03-03 11:40:00,Team Invite,5
12994,1909,2026-06-21 17:08:00,Data Import,2
12995,458,2025-06-18 02:18:00,Team Invite,2
12996,1938,2026-06-17 15:35:00,Dashboard View,15
12997,1723,2026-02-05 09:13:00,Settings Update,5
12998,1262,2026-05-31 11:53:00,Team Invite,2
12999,1122,2024-11-25 14:26:00,Data Import,0
13000,610,2026-03-24 12:31:00,Data Import,10
13001,1336,2024-12-21 06:05:00,Report Export,15
13002,1025,2025-11-21 15:33:00,Report Export,1
13003,365,2026-09-24 21:31:00,Team Invite,5
13004,557,2026-04-03 04:40:00,Report Export,10
13005,1356,2026-05-23 01:20:00,Team Invite,0
13006,1445,2023-12-03 14:23:00,User Login,30
13007,1746,2025-09-07 05:09:00,Settings Update,1
13008,226,2024-10-16 16:07:00,Data Import,1
13009,1391,2023-09-26 04:34:00,User Login,5
13010,498,2026-01-03 09:46:00,Dashboard View,15
13011,837,2025-05-25 15:40:00,Data Import,2
13012,1186,2025-01-10 04:08:00,Team Invite,10
13013,603,2025-10-31 19:14:00,Report Export,2
13014,529,2025-12-06 04:54:00,Team Invite,0
13015,273,2025-05-20 21:51:00,Dashboard View,5
13016,1217,2026-06-23 23:06:00,User Login,10
13017,447,2025-09-21 03:27:00,Dashboard View,15
13018,1457,2026-05-08 04:18:00,Team Invite,0
13019,389,2026-07-23 01:12:00,User Login,0
13020,289,2026-07-27 16:07:00,Data Import,10
13021,910,2026-05-22 11:44:00,Settings Update,2
13022,1151,2026-08-02 11:45:00,Data Import,10
13023,1661,2024-09-26 16:53:00,Dashboard View,10
13024,1347,2026-09-02 06:06:00,Settings Update,5
13025,463,2026-05-16 18:25:00,Report Export,2
13026,382,2025-12-02 02:14:00,Report Export,15
13027,680,2026-01-13 23:26:00,Report Export,2
13028,1686,2025-12-21 00:14:00,Settings Update,2
13029,1569,2025-01-12 08:17:00,Settings Update,2
13030,101,2023-09-15 01:05:00,User Login,5
13031,303,2026-08-03 01:00:00,Dashboard View,2
13032,1569,2025-06-20 03:39:00,Settings Update,5
13033,1285,2026-03-21 06:58:00,Settings Update,2
13034,1523,2025-02-16 15:12:00,Report Export,1
13035,754,2026-01-05 22:47:00,User Login,0
13036,542,2026-05-14 01:24:00,Report Export,1
13037,1575,2025-08-31 04:17:00,Settings Update,5
13038,1061,2026-05-31 18:15:00,Team Invite,2
13039,258,2025-07-12 15:52:00,Dashboard View,5
13040,657,2025-08-13 04:12:00,Dashboard View,1
13041,1334,2025-05-22 02:51:00,Data Import,5
13042,1673,2024-02-14 14:30:00,User Login,2
13043,1387,2025-03-07 18:52:00,Report Export,15
13044,737,2024-07-14 04:52:00,Data Import,1
13045,1765,2026-09-09 08:44:00,User Login,2
13046,663,2025-05-17 12:11:00,Data Import,10
13047,364,2026-05-06 17:39:00,User Login,5
13048,1069,2026-05-08 10:10:00,Settings Update,5
13049,1803,2026-01-28 16:07:00,User Login,0
13050,1864,2026-04-06 04:17:00,Data Import,5
13051,263,2026-02-06 09:52:00,Team Invite,1
13052,886,2026-07-26 04:03:00,Settings Update,1
13053,1136,2026-05-12 16:19:00,Team Invite,5
13054,880,2024-10-10 21:01:00,Settings Update,2
13055,1807,2024-12-04 13:51:00,Team Invite,10
13056,1248,2023-09-21 19:18:00,Dashboard View,10
13057,852,2026-07-10 19:53:00,Data Import,1
13058,1827,2026-01-13 11:21:00,User Login,5
13059,1187,2026-06-23 10:23:00,Settings Update,1
13060,416,2026-07-18 08:07:00,Settings Update,5
13061,340,2024-08-09 19:32:00,Data Import,10
13062,1514,2026-09-12 03:21:00,Data Import,5
13063,1498,2026-05-26 06:35:00,Settings Update,2
13064,885,2026-08-03 20:28:00,Data Import,10
13065,489,2026-02-07 09:29:00,Report Export,2
13066,699,2026-07-04 05:31:00,Team Invite,2
13067,1931,2023-06-15 03:58:00,Team Invite,1
13068,1473,2025-05-04 12:48:00,Dashboard View,10
13069,1520,2026-06-20 22:32:00,Team Invite,2
13070,1508,2024-12-18 08:45:00,Settings Update,15
13071,118,2026-08-05 14:10:00,Settings Update,5
13072,88,2023-11-10 00:27:00,User Login,10
13073,803,2026-03-16 20:42:00,Data Import,5
13074,69,2025-09-29 13:02:00,Report Export,15
13075,1915,2026-09-15 02:33:00,User Login,1
13076,1829,2026-08-04 10:47:00,User Login,2
13077,1142,2026-09-04 01:40:00,Team Invite,5
13078,718,2026-05-12 20:15:00,Settings Update,0
13079,1377,2024-12-13 08:26:00,Data Import,0
13080,1574,2026-01-24 04:18:00,Team Invite,0
13081,1749,2024-12-24 00:30:00,Dashboard View,10
13082,89,2025-12-23 16:51:00,Team Invite,2
13083,561,2024-04-14 07:55:00,Team Invite,2
13084,1061,2026-07-26 16:13:00,User Login,15
13085,1586,2026-01-23 07:32:00,Settings Update,2
13086,856,2026-06-06 16:39:00,User Login,5
13087,386,2026-04-11 10:18:00,User Login,2
13088,847,2026-09-13 01:05:00,Team Invite,0
13089,68,2026-07-05 08:56:00,Report Export,5
13090,1449,2026-08-18 01:54:00,Dashboard View,2
13091,1672,2025-10-05 11:33:00,User Login,2
13092,525,2025-11-03 00:03:00,Report Export,2
13093,40,2024-10-20 19:48:00,Data Import,10
13094,1301,2026-08-18 20:18:00,Dashboard View,1
13095,1474,2025-08-05 09:39:00,Settings Update,10
13096,1487,2025-10-20 23:51:00,Team Invite,15
13097,7,2024-08-07 14:29:00,Data Import,30
13098,735,2023-04-19 06:20:00,Data Import,2
13099,1418,2023-10-20 10:58:00,Report Export,10
13100,649,2026-09-16 23:54:00,Team Invite,0
13101,666,2025-06-13 03:58:00,Report Export,15
13102,849,2026-07-24 21:17:00,Dashboard View,0
13103,1223,2025-08-21 17:42:00,User Login,2
13104,1277,2026-04-17 17:40:00,User Login,15
13105,1727,2026-02-12 12:43:00,User Login,2
13106,565,2024-07-28 00:27:00,User Login,1
13107,995,2026-08-06 01:09:00,User Login,10
13108,1119,2026-06-16 20:53:00,Report Export,15
13109,335,2024-05-29 17:18:00,Settings Update,0
13110,939,2024-09-21 10:20:00,Settings Update,2
13111,1146,2026-02-23 18:07:00,Dashboard View,2
13112,215,2025-08-25 07:41:00,Data Import,10
13113,1010,2024-10-08 05:11:00,Dashboard View,5
13114,144,2026-06-10 06:06:00,Data Import,15
13115,3,2026-07-26 18:28:00,Dashboard View,15
13116,987,2025-07-13 20:47:00,Dashboard View,1
13117,81,2025-07-11 20:49:00,Report Export,2
13118,366,2026-08-05 01:39:00,Team Invite,2
13119,1125,2025-10-22 00:14:00,Settings Update,15
13120,356,2026-09-19 18:35:00,Dashboard View,15
13121,1150,2026-05-03 23:39:00,Settings Update,10
13122,327,2026-04-13 08:54:00,Dashboard View,10
13123,1676,2026-09-10 16:54:00,Report Export,2
13124,1362,2026-08-08 19:13:00,Dashboard View,5
13125,350,2024-11-08 03:58:00,Settings Update,10
13126,122,2025-11-16 01:43:00,Report Export,1
13127,707,2025-08-09 13:14:00,Report Export,10
13128,1950,2026-04-20 10:13:00,Team Invite,30
13129,376,2024-05-08 00:23:00,Data Import,5
13130,1812,2026-07-19 03:04:00,Settings Update,5
13131,251,2024-03-02 07:03:00,Team Invite,5
13132,306,2026-03-24 00:12:00,Data Import,2
13133,144,2026-06-03 09:49:00,Dashboard View,10
13134,431,2026-08-04 22:00:00,User Login,15
13135,1813,2026-08-24 11:57:00,Data Import,30
13136,1594,2025-03-25 10:48:00,Team Invite,10
13137,1951,2026-09-02 11:42:00,Team Invite,2
13138,769,2026-06-10 08:20:00,Report Export,2
13139,802,2025-12-04 00:30:00,Report Export,10
13140,424,2024-10-05 21:15:00,Data Import,1
13141,202,2026-08-23 13:09:00,Settings Update,5
13142,562,2026-06-17 07:23:00,User Login,10
13143,451,2024-02-23 09:35:00,Dashboard View,5
13144,104,2024-06-11 12:08:00,Report Export,15
13145,472,2025-07-29 04:39:00,User Login,30
13146,1216,2025-11-21 00:00:00,Report Export,0
13147,1256,2023-12-13 12:54:00,Data Import,2
13148,1740,2025-07-27 22:33:00,Dashboard View,0
13149,1115,2023-10-25 23:57:00,User Login,2
13150,145,2026-08-20 02:29:00,Dashboard View,10
13151,322,2025-01-08 00:45:00,Settings Update,10
13152,1222,2025-08-23 12:25:00,User Login,1
13153,1052,2023-07-30 18:53:00,Settings Update,5
13154,1063,2024-12-29 11:32:00,Team Invite,10
13155,393,2026-04-04 20:05:00,User Login,2
13156,704,2025-08-07 07:27:00,Dashboard View,1
13157,165,2026-08-26 06:01:00,Data Import,5
13158,317,2026-04-14 02:38:00,Settings Update,0
13159,1905,2026-08-06 08:50:00,Data Import,10
13160,834,2025-07-07 04:19:00,Team Invite,10
13161,1147,2024-06-14 13:22:00,Report Export,1
13162,438,2025-04-30 09:02:00,User Login,15
13163,261,2025-01-26 23:43:00,Report Export,5
13164,788,2026-08-17 02:00:00,Report Export,2
13165,585,2023-09-25 11:18:00,Data Import,5
13166,1463,2026-09-25 10:52:00,Settings Update,0
13167,1112,2025-06-22 22:57:00,Dashboard View,1
13168,41,2025-12-30 06:32:00,Settings Update,15
13169,201,2024-06-16 13:57:00,Report Export,2
13170,32,2024-03-07 12:49:00,Data Import,2
13171,1074,2024-06-03 21:40:00,Team Invite,5
13172,271,2024-10-24 20:26:00,Report Export,30
13173,972,2025-05-28 20:46:00,Dashboard View,5
13174,446,2024-01-25 03:19:00,Team Invite,0
13175,196,2023-08-24 19:18:00,Team Invite,15
13176,1029,2026-03-06 19:00:00,Team Invite,2
13177,969,2026-06-03 23:58:00,Settings Update,30
13178,1033,2026-07-10 13:16:00,Team Invite,5
13179,1021,2026-06-05 12:07:00,Settings Update,2
13180,1489,2025-07-30 08:11:00,Team Invite,0
13181,189,2026-04-08 22:13:00,Report Export,2
13182,121,2025-06-10 13:25:00,Report Export,1
13183,198,2026-07-06 19:13:00,Report Export,10
13184,398,2026-01-06 02:31:00,Settings Update,5
13185,537,2026-02-20 17:37:00,Settings Update,15
13186,1663,2024-12-03 11:34:00,User Login,2
13187,551,2025-11-04 10:12:00,Dashboard View,15
13188,549,2026-04-19 15:55:00,Team Invite,2
13189,1543,2023-10-30 21:26:00,Data Import,15
13190,1990,2026-06-27 20:43:00,Settings Update,10
13191,1547,2026-07-28 20:01:00,Data Import,2
13192,1588,2025-07-06 23:01:00,Dashboard View,1
13193,1511,2025-12-24 18:05:00,Report Export,1
13194,103,2026-07-21 20:17:00,User Login,15
13195,1738,2024-10-01 12:08:00,Dashboard View,15
13196,1692,2024-10-22 02:21:00,User Login,5
13197,863,2025-07-13 11:29:00,Data Import,30
13198,1642,2024-04-21 11:20:00,Team Invite,1
13199,460,2025-05-20 08:50:00,Settings Update,1
13200,34,2025-02-28 12:51:00,Settings Update,5
13201,1536,2026-05-20 04:36:00,Team Invite,15
13202,881,2025-06-19 20:10:00,Data Import,5
13203,594,2026-04-21 01:05:00,Data Import,5
13204,922,2026-09-20 03:03:00,Report Export,10
13205,1264,2026-05-05 09:56:00,Team Invite,10
13206,1039,2026-06-08 00:24:00,User Login,30
13207,67,2025-01-27 13:15:00,Team Invite,2
13208,426,2023-05-28 08:17:00,Team Invite,5
13209,958,2025-12-11 20:39:00,User Login,15
13210,936,2026-08-29 03:56:00,Data Import,2
13211,94,2025-10-06 15:50:00,Team Invite,0
13212,1542,2026-05-30 02:11:00,Team Invite,5
13213,45,2025-01-16 09:12:00,Dashboard View,30
13214,1140,2025-03-04 01:00:00,Settings Update,5
13215,330,2026-04-15 22:56:00,Report Export,1
13216,451,2026-01-08 10:58:00,Settings Update,10
13217,917,2025-05-12 05:35:00,Dashboard View,5
13218,377,2025-11-15 07:24:00,Data Import,10
13219,1487,2025-08-18 13:29:00,Team Invite,5
13220,1737,2025-08-06 02:17:00,Team Invite,5
13221,1603,2025-09-09 16:48:00,Team Invite,2
13222,550,2025-08-11 10:10:00,Settings Update,5
13223,1583,2026-03-14 10:48:00,Dashboard View,15
13224,1597,2026-08-12 07:55:00,Report Export,30
13225,1283,2026-05-17 14:33:00,Dashboard View,5
13226,1921,2026-03-16 05:54:00,User Login,15
13227,744,2026-04-14 17:29:00,Settings Update,5
13228,300,2026-05-25 16:52:00,Settings Update,5
13229,309,2026-06-24 13:37:00,Report Export,10
13230,1440,2026-06-26 09:26:00,Settings Update,5
13231,503,2025-11-13 22:32:00,Data Import,5
13232,744,2026-03-16 06:31:00,Report Export,5
13233,1079,2026-05-07 18:15:00,Team Invite,0
13234,440,2025-05-31 00:15:00,Team Invite,30
13235,816,2026-06-13 15:42:00,Report Export,5
13236,945,2024-09-26 10:59:00,Dashboard View,2
13237,497,2026-06-12 01:49:00,User Login,15
13238,554,2026-07-31 01:03:00,Report Export,30
13239,1074,2026-08-11 00:31:00,Report Export,1
13240,468,2026-05-17 09:03:00,Data Import,5
13241,623,2026-06-11 02:27:00,Dashboard View,1
13242,835,2025-03-15 05:34:00,Settings Update,1
13243,1256,2024-12-27 07:54:00,Team Invite,2
13244,654,2026-08-04 08:57:00,Data Import,2
13245,1105,2025-07-12 11:41:00,Team Invite,5
13246,550,2024-11-20 07:31:00,User Login,1
13247,534,2026-02-26 18:13:00,Data Import,30
13248,428,2026-02-01 07:39:00,Team Invite,2
13249,1184,2024-09-01 12:59:00,Settings Update,5
13250,1836,2026-06-08 22:07:00,Report Export,5
13251,1913,2026-03-20 07:43:00,Team Invite,5
13252,750,2026-07-10 06:12:00,User Login,2
13253,1890,2025-12-14 20:46:00,Dashboard View,5
13254,505,2025-06-28 23:58:00,Dashboard View,5
13255,886,2026-08-01 20:11:00,Dashboard View,2
13256,641,2026-05-22 17:59:00,Data Import,2
13257,1096,2025-11-28 06:19:00,User Login,2
13258,724,2024-07-02 17:57:00,Dashboard View,5
13259,879,2023-09-27 01:20:00,Team Invite,5
13260,851,2026-04-26 22:20:00,Report Export,5
13261,1397,2026-08-23 08:25:00,Team Invite,0
13262,1194,2026-02-09 10:19:00,Report Export,5
13263,1515,2023-03-12 11:05:00,Dashboard View,2
13264,854,2026-04-25 16:34:00,User Login,15
13265,1869,2025-09-10 07:33:00,Team Invite,1
13266,792,2025-12-02 11:58:00,Team Invite,10
13267,1581,2026-03-07 19:51:00,Team Invite,10
13268,1248,2024-06-16 06:52:00,Dashboard View,10
13269,1255,2026-09-21 07:07:00,Team Invite,2
13270,502,2023-10-10 21:01:00,Data Import,15
13271,870,2026-06-13 20:22:00,Report Export,10
13272,1904,2025-02-11 07:04:00,Settings Update,2
13273,696,2026-08-03 09:57:00,Settings Update,5
13274,1460,2026-01-22 02:26:00,Data Import,5
13275,623,2026-09-09 12:59:00,Report Export,2
13276,1817,2025-01-21 22:51:00,Dashboard View,2
13277,409,2025-11-01 13:00:00,Report Export,2
13278,144,2026-06-03 13:11:00,Data Import,15
13279,1175,2024-12-09 08:06:00,Report Export,10
13280,55,2025-11-23 19:12:00,Dashboard View,2
13281,1543,2025-01-07 06:17:00,Dashboard View,5
13282,1215,2025-03-22 13:29:00,Data Import,5
13283,1906,2026-01-08 03:05:00,Data Import,2
13284,755,2024-05-10 07:37:00,Data Import,5
13285,732,2026-01-19 08:49:00,User Login,0
13286,1690,2026-03-29 16:01:00,Settings Update,1
13287,380,2025-07-07 13:59:00,Team Invite,2
13288,1514,2025-10-28 15:46:00,Report Export,10
13289,358,2025-11-09 18:56:00,Data Import,2
13290,300,2024-11-07 10:28:00,Report Export,15
13291,478,2024-01-29 08:35:00,Settings Update,5
13292,908,2026-03-03 10:23:00,Data Import,5
13293,1037,2024-09-04 03:12:00,Settings Update,5
13294,266,2026-05-08 17:35:00,User Login,2
13295,1847,2025-05-15 17:47:00,Data Import,10
13296,1452,2026-03-07 19:53:00,Report Export,0
13297,315,2026-03-16 20:48:00,Report Export,2
13298,1568,2026-07-29 14:24:00,Team Invite,5
13299,674,2025-05-12 13:30:00,Report Export,5
13300,758,2026-09-13 17:46:00,Data Import,1
13301,205,2026-06-21 08:51:00,User Login,5
13302,781,2026-04-03 10:05:00,Settings Update,15
13303,1458,2026-07-25 00:29:00,User Login,10
13304,246,2025-06-11 04:01:00,Report Export,2
13305,1040,2025-12-02 12:33:00,User Login,0
13306,969,2025-12-29 08:19:00,Settings Update,10
13307,536,2025-09-23 03:51:00,Report Export,2
13308,1796,2026-08-06 16:40:00,Team Invite,10
13309,344,2026-05-05 21:00:00,Dashboard View,5
13310,1222,2026-05-20 04:05:00,Settings Update,1
13311,120,2024-10-19 09:20:00,Dashboard View,2
13312,369,2026-02-14 17:25:00,Data Import,2
13313,1570,2026-08-04 03:54:00,Data Import,5
13314,1884,2025-11-07 03:40:00,User Login,5
13315,504,2025-10-06 01:09:00,Dashboard View,5
13316,1647,2025-05-21 05:01:00,User Login,15
13317,1834,2026-06-03 16:13:00,Report Export,1
13318,1769,2026-07-10 13:12:00,Data Import,15
13319,750,2026-06-13 03:13:00,Settings Update,10
13320,983,2026-04-16 09:06:00,Team Invite,2
13321,234,2024-12-27 09:32:00,Data Import,10
13322,17,2026-04-05 14:04:00,Report Export,30
13323,513,2026-01-22 12:33:00,Data Import,2
13324,776,2024-02-24 13:52:00,Report Export,15
13325,1739,2026-03-21 08:49:00,Report Export,10
13326,1824,2026-07-30 16:57:00,Settings Update,10
13327,1492,2025-08-25 22:02:00,Team Invite,10
13328,1656,2026-07-22 09:36:00,Team Invite,5
13329,1684,2026-08-31 22:39:00,Data Import,10
13330,231,2026-09-26 04:13:00,Team Invite,5
13331,1390,2026-07-06 21:25:00,User Login,1
13332,1216,2026-07-03 19:24:00,Dashboard View,0
13333,856,2026-08-31 00:41:00,User Login,5
13334,595,2026-09-11 18:02:00,Report Export,1
13335,1509,2026-02-26 06:06:00,Report Export,10
13336,1370,2026-08-17 10:41:00,Dashboard View,10
13337,1559,2026-03-02 14:27:00,Settings Update,5
13338,1373,2025-11-15 15:42:00,Dashboard View,15
13339,491,2026-05-26 00:57:00,Settings Update,5
13340,1753,2026-08-07 01:33:00,Data Import,2
13341,566,2024-11-26 03:55:00,Report Export,10
13342,354,2026-03-20 06:05:00,Data Import,2
13343,180,2026-09-30 04:22:00,Settings Update,5
13344,105,2026-04-09 10:57:00,User Login,10
13345,371,2024-08-01 08:46:00,Data Import,1
13346,1978,2026-06-20 16:07:00,Data Import,5
13347,1132,2025-07-01 09:34:00,Dashboard View,5
13348,1405,2024-06-15 01:57:00,Team Invite,5
13349,1061,2025-10-29 02:27:00,Settings Update,2
13350,652,2026-07-03 18:15:00,Data Import,30
13351,256,2025-04-02 14:57:00,Report Export,2
13352,307,2025-10-04 16:53:00,Settings Update,1
13353,729,2026-06-07 08:24:00,Data Import,5
13354,569,2026-04-25 16:02:00,User Login,1
13355,1342,2025-04-25 09:47:00,User Login,5
13356,334,2024-05-21 09:01:00,User Login,0
13357,842,2026-07-09 14:46:00,Report Export,10
13358,880,2024-08-23 03:32:00,Settings Update,10
13359,1700,2025-09-21 16:54:00,Dashboard View,2
13360,1269,2023-03-14 19:58:00,User Login,0
13361,1290,2026-06-17 04:18:00,Team Invite,10
13362,1417,2024-06-20 09:36:00,Data Import,2
13363,150,2025-07-04 12:48:00,Team Invite,2
13364,1573,2025-08-01 08:40:00,Settings Update,15
13365,1339,2026-04-14 18:42:00,User Login,30
13366,85,2026-07-01 22:19:00,Settings Update,2
13367,532,2026-02-06 19:03:00,Dashboard View,10
13368,1333,2026-04-29 00:31:00,Report Export,2
13369,1813,2026-06-18 10:41:00,Report Export,2
13370,582,2025-10-01 18:50:00,Team Invite,30
13371,1144,2024-06-21 09:35:00,Settings Update,5
13372,463,2026-06-23 00:39:00,Dashboard View,5
13373,948,2026-06-22 14:02:00,Report Export,5
13374,363,2026-06-20 01:52:00,Team Invite,1
13375,1673,2024-06-16 04:30:00,Settings Update,0
13376,235,2026-03-22 18:51:00,Dashboard View,15
13377,1048,2026-06-30 06:29:00,User Login,10
13378,418,2026-08-09 13:58:00,Team Invite,5
13379,1280,2025-01-09 19:51:00,Team Invite,2
13380,692,2025-05-03 17:11:00,Dashboard View,10
13381,2,2025-12-06 19:03:00,Settings Update,5
13382,1814,2026-06-14 00:12:00,Settings Update,5
13383,654,2025-12-01 21:23:00,Settings Update,2
13384,313,2025-02-08 21:20:00,Data Import,2
13385,1538,2026-01-16 07:49:00,Settings Update,1
13386,1020,2025-09-05 04:47:00,Settings Update,2
13387,589,2025-05-01 10:28:00,Settings Update,1
13388,938,2026-04-29 00:51:00,Report Export,5
13389,766,2026-01-02 22:09:00,Settings Update,10
13390,1756,2026-09-19 00:02:00,Report Export,15
13391,1669,2025-09-29 12:04:00,Data Import,0
13392,262,2025-09-13 17:00:00,Data Import,15
13393,1041,2026-08-26 08:53:00,Settings Update,2
13394,233,2025-07-21 00:23:00,Data Import,5
13395,1652,2026-06-16 23:51:00,Report Export,10
13396,980,2026-03-09 08:04:00,Settings Update,15
13397,742,2026-03-04 14:50:00,Team Invite,10
13398,1054,2025-12-12 23:13:00,Report Export,10
13399,794,2024-10-06 06:37:00,Report Export,2
13400,1320,2025-11-13 05:48:00,Data Import,30
13401,525,2025-06-15 21:12:00,Settings Update,0
13402,912,2025-04-26 08:11:00,Dashboard View,2
13403,682,2025-01-31 09:43:00,User Login,5
13404,1682,2025-09-04 21:52:00,User Login,2
13405,1331,2024-03-21 11:53:00,Dashboard View,5
13406,994,2026-06-27 21:21:00,Settings Update,2
13407,296,2026-03-17 12:08:00,Data Import,10
13408,1627,2026-02-20 15:45:00,Dashboard View,2
13409,1411,2026-01-27 08:57:00,Data Import,1
13410,1297,2024-12-15 19:35:00,User Login,5
13411,854,2025-02-28 10:31:00,Settings Update,2
13412,131,2026-07-01 06:33:00,Data Import,2
13413,181,2026-03-18 00:56:00,Team Invite,1
13414,1373,2023-10-02 07:01:00,Report Export,10
13415,1429,2026-03-31 04:01:00,Settings Update,2
13416,1788,2024-06-20 11:51:00,Dashboard View,15
13417,1020,2026-08-16 11:40:00,Report Export,1
13418,1164,2026-09-16 08:53:00,Report Export,15
13419,129,2025-06-06 13:42:00,User Login,2
13420,958,2025-12-10 07:28:00,User Login,0
13421,1986,2026-01-20 12:49:00,Dashboard View,2
13422,1260,2025-08-17 04:03:00,Team Invite,1
13423,1514,2026-01-28 20:55:00,Data Import,10
13424,1077,2025-03-16 04:40:00,Report Export,30
13425,564,2026-03-26 12:45:00,Data Import,5
13426,919,2026-03-08 17:41:00,Data Import,5
13427,526,2026-03-09 03:35:00,Dashboard View,5
13428,1067,2024-07-14 07:01:00,Team Invite,10
13429,1966,2026-07-15 00:14:00,Data Import,2
13430,175,2025-06-29 19:55:00,Team Invite,5
13431,1303,2026-08-25 08:46:00,Settings Update,1
13432,1910,2026-03-04 03:07:00,Team Invite,2
13433,995,2026-07-23 14:59:00,User Login,1
13434,456,2025-08-30 08:45:00,Dashboard View,1
13435,1626,2024-11-11 04:52:00,User Login,1
13436,1479,2026-09-12 07:21:00,Team Invite,2
13437,969,2024-05-25 04:49:00,Team Invite,5
13438,814,2026-06-29 15:04:00,User Login,5
13439,642,2026-09-24 01:11:00,Data Import,5
13440,1229,2026-06-12 03:09:00,Dashboard View,10
13441,1374,2025-09-02 21:21:00,Data Import,15
13442,1059,2025-11-05 16:13:00,User Login,10
13443,956,2026-02-05 05:46:00,Report Export,15
13444,1770,2025-04-11 12:22:00,Data Import,0
13445,648,2026-08-16 03:36:00,Report Export,5
13446,676,2026-06-05 03:52:00,Dashboard View,2
13447,730,2026-03-08 11:33:00,Settings Update,10
13448,563,2025-03-27 04:20:00,Team Invite,5
13449,599,2026-06-24 18:49:00,Dashboard View,0
13450,1568,2026-07-02 16:57:00,Settings Update,0
13451,1581,2026-01-02 03:11:00,Data Import,5
13452,549,2026-05-16 11:03:00,Data Import,5
13453,616,2025-09-25 04:27:00,Team Invite,1
13454,559,2026-08-24 02:46:00,Data Import,15
13455,1157,2026-04-04 16:02:00,Data Import,10
13456,621,2025-08-31 18:23:00,Report Export,2
13457,1731,2025-10-08 01:24:00,User Login,2
13458,83,2024-10-24 10:49:00,Report Export,10
13459,474,2026-04-04 23:46:00,Settings Update,1
13460,1860,2024-09-12 05:02:00,Data Import,0
13461,723,2026-07-17 01:09:00,Settings Update,10
13462,537,2025-07-18 23:48:00,Settings Update,30
13463,1839,2026-04-04 10:14:00,User Login,10
13464,1092,2026-06-17 09:53:00,Dashboard View,5
13465,1714,2026-09-07 13:27:00,Settings Update,1
13466,1096,2026-04-11 08:44:00,Settings Update,10
13467,1940,2026-07-21 08:42:00,User Login,2
13468,1165,2026-08-08 06:23:00,Report Export,15
13469,1070,2025-08-18 15:45:00,Dashboard View,15
13470,251,2024-10-17 05:42:00,User Login,15
13471,241,2024-11-19 18:08:00,Team Invite,5
13472,1542,2025-11-07 14:15:00,User Login,5
13473,1503,2024-10-02 19:14:00,Report Export,2
13474,1394,2025-06-30 02:53:00,Settings Update,1
13475,974,2025-07-29 18:27:00,Team Invite,5
13476,1775,2025-04-29 07:07:00,Dashboard View,2
13477,414,2026-01-10 03:49:00,Settings Update,0
13478,1213,2026-05-01 04:01:00,Data Import,15
13479,508,2026-05-05 06:29:00,Team Invite,15
13480,688,2026-04-22 02:09:00,Settings Update,2
13481,916,2026-05-06 08:15:00,Report Export,0
13482,1535,2026-03-25 02:25:00,User Login,2
13483,520,2026-04-26 10:47:00,Dashboard View,5
13484,1380,2025-09-16 05:55:00,Dashboard View,5
13485,1022,2026-04-06 23:14:00,Dashboard View,0
13486,1863,2026-04-23 11:10:00,Data Import,5
13487,1900,2026-01-03 06:24:00,Data Import,5
13488,1634,2024-01-21 17:45:00,Settings Update,30
13489,1678,2026-01-13 17:04:00,Dashboard View,15
13490,1341,2024-09-14 00:01:00,User Login,10
13491,1393,2026-03-31 03:35:00,Report Export,10
13492,1413,2025-10-28 07:46:00,Data Import,15
13493,467,2026-03-17 05:07:00,Settings Update,1
13494,1114,2026-07-17 13:48:00,Data Import,30
13495,1265,2026-07-16 21:51:00,Report Export,1
13496,1689,2024-11-22 14:18:00,Settings Update,1
13497,1487,2025-08-05 08:36:00,Data Import,1
13498,1253,2026-08-16 23:23:00,Settings Update,30
13499,1494,2026-07-13 21:56:00,Team Invite,5
13500,1344,2026-08-09 16:30:00,Settings Update,2
13501,43,2026-08-06 14:57:00,Dashboard View,5
13502,1270,2025-09-13 11:17:00,Team Invite,1
13503,1854,2025-10-07 04:38:00,Report Export,0
13504,1887,2026-09-04 20:30:00,Dashboard View,5
13505,1959,2025-09-16 07:42:00,Dashboard View,5
13506,1273,2026-02-11 13:27:00,Settings Update,2
13507,871,2024-07-06 01:15:00,Dashboard View,2
13508,1190,2024-12-14 10:54:00,User Login,1
13509,640,2025-10-12 00:22:00,Settings Update,2
13510,791,2023-04-04 11:01:00,Data Import,5
13511,506,2026-04-05 02:48:00,Settings Update,10
13512,417,2025-09-01 22:25:00,Dashboard View,2
13513,1561,2024-01-02 00:35:00,Dashboard View,5
13514,1140,2025-04-27 05:41:00,Report Export,5
13515,498,2024-06-27 17:40:00,Team Invite,5
13516,23,2025-04-29 10:22:00,User Login,2
13517,561,2025-01-12 16:04:00,Settings Update,5
13518,1782,2025-01-28 18:25:00,Dashboard View,10
13519,596,2026-06-27 21:49:00,Report Export,5
13520,359,2025-11-25 03:25:00,User Login,1
13521,813,2025-05-18 01:23:00,Report Export,5
13522,1716,2026-04-14 08:16:00,Data Import,1
13523,1983,2025-12-06 19:41:00,Dashboard View,5
13524,1764,2026-01-22 23:49:00,Dashboard View,1
13525,418,2026-09-04 02:22:00,Report Export,2
13526,1747,2025-12-18 19:21:00,Report Export,5
13527,612,2026-04-18 20:23:00,Settings Update,10
13528,1121,2025-12-27 03:46:00,Data Import,5
13529,1939,2025-04-10 10:19:00,User Login,10
13530,493,2026-01-23 11:12:00,Dashboard View,5
13531,402,2026-04-15 12:21:00,Report Export,5
13532,491,2024-12-14 08:25:00,Dashboard View,1
13533,22,2025-04-06 20:19:00,Report Export,5
13534,206,2024-07-21 04:10:00,Data Import,5
13535,868,2025-05-27 01:06:00,Dashboard View,1
13536,1398,2026-01-30 09:30:00,Settings Update,30
13537,877,2025-03-23 07:29:00,Data Import,5
13538,1867,2025-10-10 21:25:00,Report Export,1
13539,1635,2025-12-25 22:06:00,Settings Update,10
13540,1260,2024-12-29 16:53:00,Team Invite,15
13541,808,2025-10-04 11:49:00,Settings Update,10
13542,151,2026-01-28 08:28:00,Dashboard View,2
13543,394,2026-03-11 20:09:00,Data Import,10
13544,66,2024-03-04 20:04:00,Data Import,0
13545,1193,2025-01-14 22:18:00,Settings Update,10
13546,313,2024-10-25 08:05:00,User Login,1
13547,1452,2025-04-21 19:05:00,Data Import,2
13548,337,2026-08-02 04:49:00,Data Import,10
13549,1495,2024-08-08 13:16:00,Report Export,0
13550,1750,2026-03-30 06:13:00,Team Invite,1
13551,1388,2026-03-29 22:11:00,User Login,5
13552,1201,2026-03-03 01:01:00,User Login,1
13553,551,2025-12-14 10:12:00,Settings Update,5
13554,19,2025-10-11 07:57:00,User Login,0
13555,175,2026-09-01 11:57:00,Dashboard View,15
13556,1530,2025-09-07 09:28:00,Data Import,2
13557,1383,2026-05-30 03:12:00,Settings Update,30
13558,148,2025-11-18 01:30:00,User Login,10
13559,1295,2026-02-02 14:14:00,Data Import,0
13560,492,2025-10-31 03:51:00,Team Invite,5
13561,73,2026-05-06 03:17:00,Team Invite,10
13562,1458,2026-03-18 20:47:00,Data Import,30
13563,557,2025-06-08 01:52:00,Dashboard View,5
13564,1988,2024-06-12 16:18:00,User Login,10
13565,15,2025-01-31 04:50:00,Dashboard View,10
13566,1863,2026-04-13 15:47:00,Report Export,2
13567,1513,2024-07-05 10:27:00,Settings Update,2
13568,469,2025-12-10 03:41:00,Data Import,15
13569,829,2026-07-24 22:17:00,User Login,1
13570,1604,2026-05-13 17:14:00,Data Import,5
13571,1900,2025-07-02 20:55:00,Report Export,5
13572,148,2026-07-04 17:18:00,Data Import,2
13573,1414,2026-09-23 00:44:00,Report Export,2
13574,316,2026-02-01 07:07:00,Report Export,10
13575,1158,2025-10-08 08:14:00,Dashboard View,1
13576,1745,2025-05-31 07:23:00,Report Export,10
13577,1934,2025-05-26 14:11:00,Team Invite,10
13578,1179,2023-04-23 00:48:00,User Login,30
13579,379,2026-06-14 21:10:00,Data Import,1
13580,590,2026-05-22 05:56:00,Report Export,1
13581,1568,2026-04-14 20:05:00,Report Export,1
13582,1835,2026-03-27 06:17:00,Report Export,1
13583,900,2026-02-06 23:59:00,Settings Update,5
13584,1157,2026-07-27 01:55:00,Settings Update,5
13585,1139,2025-12-23 11:10:00,Report Export,0
13586,1174,2026-03-15 15:49:00,Settings Update,5
13587,1403,2026-07-05 08:42:00,Team Invite,10
13588,641,2026-01-13 05:44:00,User Login,10
13589,8,2026-08-19 16:07:00,User Login,15
13590,1475,2026-08-22 00:32:00,Dashboard View,5
13591,1652,2026-02-03 05:57:00,Settings Update,1
13592,1173,2025-09-25 14:11:00,User Login,2
13593,879,2026-04-12 15:49:00,Settings Update,5
13594,952,2025-08-19 01:21:00,Settings Update,0
13595,277,2026-04-22 18:51:00,User Login,15
13596,1026,2024-08-30 08:50:00,User Login,1
13597,1139,2026-03-13 22:49:00,Settings Update,1
13598,147,2024-09-08 19:35:00,Data Import,30
13599,794,2025-03-14 15:24:00,Settings Update,0
13600,1019,2026-01-16 04:52:00,Settings Update,5
13601,352,2025-09-28 16:34:00,Team Invite,10
13602,1067,2025-12-16 02:22:00,Data Import,5
13603,1204,2025-10-31 10:51:00,User Login,5
13604,1144,2024-07-02 13:41:00,Settings Update,1
13605,957,2024-08-19 06:07:00,Data Import,10
13606,543,2024-02-25 10:15:00,Data Import,2
13607,1064,2024-07-31 06:30:00,Dashboard View,1
13608,1863,2026-09-22 16:55:00,Settings Update,10
13609,367,2025-04-10 00:55:00,Data Import,5
13610,104,2024-11-26 11:28:00,Data Import,15
13611,584,2023-09-24 16:06:00,Data Import,15
13612,1796,2026-05-06 21:49:00,Data Import,5
13613,94,2025-12-15 23:04:00,Team Invite,2
13614,1615,2025-08-15 16:03:00,Team Invite,2
13615,720,2026-03-26 04:04:00,Dashboard View,5
13616,1648,2026-08-30 04:32:00,Team Invite,10
13617,533,2025-03-07 10:39:00,User Login,5
13618,1806,2026-09-11 01:12:00,Data Import,2
13619,225,2024-02-01 13:54:00,Settings Update,5
13620,865,2025-08-05 15:51:00,User Login,5
13621,1686,2025-11-03 00:14:00,Dashboard View,5
13622,1882,2023-04-15 11:45:00,Settings Update,5
13623,1834,2026-05-21 05:59:00,Data Import,10
13624,1039,2026-07-06 11:33:00,Dashboard View,2
13625,287,2025-02-28 14:09:00,User Login,5
13626,795,2026-03-21 04:47:00,Data Import,10
13627,1669,2025-10-10 14:17:00,User Login,5
13628,669,2026-05-03 13:36:00,Report Export,2
13629,1331,2025-06-29 16:58:00,Data Import,0
13630,1537,2026-04-02 04:26:00,Report Export,0
13631,350,2023-09-23 09:00:00,User Login,5
13632,547,2026-07-02 15:07:00,Dashboard View,0
13633,473,2025-12-03 10:14:00,Settings Update,0
13634,118,2026-03-07 01:46:00,Settings Update,0
13635,410,2026-09-05 14:25:00,Report Export,0
13636,1033,2025-03-21 19:57:00,Dashboard View,30
13637,1802,2025-01-14 02:15:00,Report Export,5
13638,244,2026-09-24 02:15:00,User Login,1
13639,1399,2025-06-01 09:35:00,Team Invite,1
13640,1047,2026-07-24 23:15:00,User Login,0
13641,1803,2025-12-21 04:56:00,User Login,5
13642,1282,2026-03-31 00:28:00,Settings Update,2
13643,567,2025-06-03 16:11:00,Data Import,5
13644,495,2025-02-26 09:17:00,Team Invite,2
13645,377,2025-12-08 21:58:00,Team Invite,30
13646,1857,2024-10-26 08:54:00,Dashboard View,0
13647,1685,2025-12-09 00:42:00,User Login,5
13648,1922,2026-09-29 16:00:00,Team Invite,10
13649,1306,2025-02-25 11:39:00,Data Import,1
13650,518,2026-07-26 18:54:00,Data Import,5
13651,791,2024-12-25 02:54:00,Report Export,5
13652,105,2025-05-27 06:06:00,Report Export,1
13653,60,2026-06-23 20:00:00,Team Invite,15
13654,1982,2024-09-06 09:29:00,Report Export,15
13655,1418,2023-10-02 04:40:00,Report Export,15
13656,616,2026-01-13 07:52:00,Settings Update,10
13657,1081,2024-07-08 02:35:00,Data Import,5
13658,894,2026-07-10 07:20:00,Dashboard View,1
13659,1746,2026-09-14 21:23:00,Dashboard View,1
13660,893,2026-03-11 19:29:00,User Login,15
13661,720,2024-10-26 21:26:00,Team Invite,10
13662,870,2026-05-28 13:51:00,Team Invite,5
13663,131,2026-08-13 20:02:00,Report Export,15
13664,1749,2025-09-17 11:47:00,Settings Update,0
13665,179,2024-02-09 14:44:00,Report Export,10
13666,526,2026-09-20 16:13:00,Data Import,1
13667,1459,2026-05-19 23:26:00,User Login,10
13668,216,2023-07-23 07:43:00,User Login,5
13669,1900,2025-06-26 11:33:00,User Login,5
13670,1458,2025-01-06 18:59:00,Team Invite,2
13671,983,2026-06-15 06:59:00,Settings Update,10
13672,1322,2025-08-06 05:47:00,Report Export,1
13673,928,2025-05-05 12:51:00,Data Import,10
13674,1679,2026-02-20 01:29:00,Dashboard View,5
13675,1768,2025-05-08 13:17:00,Data Import,5
13676,111,2025-04-24 04:17:00,User Login,1
13677,1195,2025-07-06 21:54:00,Team Invite,2
13678,1037,2026-05-31 00:23:00,Dashboard View,0
13679,1687,2026-03-22 18:19:00,User Login,1
13680,1350,2026-08-04 23:18:00,Settings Update,2
13681,990,2026-01-08 12:07:00,Report Export,2
13682,1915,2026-04-09 10:14:00,Dashboard View,2
13683,1440,2025-02-22 22:49:00,Dashboard View,0
13684,477,2026-08-23 15:52:00,User Login,5
13685,889,2024-12-19 11:05:00,User Login,0
13686,1748,2026-03-15 09:17:00,Data Import,5
13687,1893,2026-01-10 07:27:00,Data Import,10
13688,1236,2026-07-18 23:37:00,Settings Update,2
13689,257,2024-12-02 12:04:00,Team Invite,15
13690,1530,2025-05-07 11:38:00,Data Import,10
13691,1221,2025-03-23 07:04:00,Settings Update,10
13692,1706,2023-09-08 22:47:00,Team Invite,15
13693,1654,2024-03-20 11:24:00,Dashboard View,1
13694,199,2026-08-27 17:13:00,User Login,10
13695,418,2026-07-13 19:06:00,Settings Update,30
13696,1333,2026-05-20 13:01:00,User Login,0
13697,673,2024-12-31 08:33:00,Data Import,2
13698,982,2025-10-27 06:37:00,Dashboard View,30
13699,63,2025-05-17 23:52:00,Dashboard View,5
13700,1415,2026-09-15 03:16:00,Dashboard View,10
13701,855,2025-11-27 12:24:00,Data Import,1
13702,1153,2025-12-20 02:34:00,Report Export,15
13703,976,2025-01-25 09:44:00,Report Export,15
13704,1976,2026-07-26 22:07:00,Data Import,5
13705,917,2026-03-08 15:40:00,Dashboard View,10
13706,945,2025-04-14 18:37:00,Team Invite,2
13707,543,2026-01-15 05:58:00,Report Export,30
13708,890,2025-03-22 02:46:00,Dashboard View,5
13709,148,2026-02-25 15:00:00,Report Export,10
13710,1249,2026-04-28 21:16:00,Team Invite,30
13711,128,2025-10-18 18:33:00,Team Invite,10
13712,147,2024-10-18 03:28:00,Report Export,2
13713,922,2026-09-09 19:07:00,Data Import,5
13714,718,2024-11-10 23:17:00,User Login,0
13715,1279,2026-07-08 05:16:00,Dashboard View,30
13716,188,2026-02-15 04:03:00,Report Export,5
13717,1200,2026-05-15 11:22:00,Team Invite,2
13718,1076,2024-06-16 14:11:00,User Login,5
13719,1946,2025-07-02 02:42:00,Report Export,15
13720,423,2025-07-10 01:16:00,User Login,1
13721,149,2026-01-30 08:23:00,Team Invite,30
13722,1918,2025-12-13 01:09:00,Team Invite,2
13723,968,2025-09-08 09:02:00,User Login,1
13724,1479,2026-09-26 19:24:00,Team Invite,1
13725,1918,2025-12-31 21:56:00,Settings Update,2
13726,1131,2026-05-20 03:56:00,Data Import,1
13727,892,2025-10-12 20:41:00,Team Invite,0
13728,1595,2023-08-06 18:53:00,Settings Update,2
13729,1100,2023-02-24 21:01:00,Dashboard View,30
13730,1604,2025-07-09 06:02:00,Report Export,2
13731,1258,2023-09-01 05:22:00,User Login,2
13732,180,2026-03-14 22:35:00,Team Invite,10
13733,1199,2026-07-09 20:13:00,Settings Update,30
13734,1887,2025-07-05 03:42:00,Data Import,2
13735,48,2025-06-09 12:10:00,User Login,5
13736,671,2026-07-22 11:06:00,Settings Update,5
13737,421,2025-12-26 17:36:00,Data Import,30
13738,1872,2025-07-02 13:38:00,Team Invite,15
13739,1183,2024-08-11 02:21:00,Settings Update,2
13740,458,2025-04-13 18:23:00,Settings Update,0
13741,700,2026-06-24 22:37:00,Dashboard View,2
13742,1358,2024-01-19 08:35:00,Dashboard View,1
13743,1179,2023-12-13 18:48:00,Team Invite,2
13744,381,2026-03-27 15:08:00,User Login,2
13745,142,2026-09-23 03:47:00,Data Import,0
13746,1721,2024-08-18 00:47:00,User Login,5
13747,1422,2025-02-23 03:40:00,Dashboard View,2
13748,747,2024-06-11 12:30:00,User Login,2
13749,877,2025-02-15 18:57:00,Dashboard View,5
13750,149,2024-11-05 09:43:00,Report Export,2
13751,1753,2026-03-06 01:45:00,User Login,30
13752,1035,2025-06-01 22:16:00,User Login,5
13753,366,2026-06-24 02:30:00,Team Invite,10
13754,788,2025-03-11 23:56:00,Team Invite,0
13755,903,2026-07-20 16:08:00,Data Import,15
13756,1109,2025-05-13 10:51:00,User Login,2
13757,817,2024-11-21 06:39:00,Team Invite,2
13758,556,2026-08-13 19:06:00,Data Import,1
13759,151,2026-05-30 02:15:00,Dashboard View,10
13760,1472,2026-07-29 22:04:00,Team Invite,5
13761,684,2026-09-08 03:16:00,User Login,1
13762,1909,2024-05-26 23:54:00,Dashboard View,10
13763,1652,2026-08-28 06:31:00,Dashboard View,10
13764,1752,2026-09-28 19:51:00,Report Export,1
13765,957,2026-01-06 13:23:00,Report Export,10
13766,1031,2025-06-23 07:00:00,User Login,30
13767,606,2026-01-03 01:06:00,Team Invite,2
13768,390,2025-11-09 13:42:00,Data Import,10
13769,1497,2026-08-24 13:36:00,Dashboard View,1
13770,1291,2025-04-19 12:26:00,Team Invite,2
13771,728,2023-08-16 04:36:00,Settings Update,5
13772,1512,2025-06-17 18:14:00,Report Export,1
13773,534,2026-06-10 20:49:00,Report Export,1
13774,681,2025-05-02 23:16:00,Settings Update,5
13775,96,2025-06-26 20:06:00,Settings Update,5
13776,1702,2026-08-13 07:05:00,Data Import,1
13777,130,2026-07-08 10:04:00,User Login,5
13778,318,2024-01-18 04:19:00,Report Export,5
13779,1300,2026-08-31 03:22:00,Settings Update,5
13780,1324,2026-04-27 04:17:00,Settings Update,5
13781,1313,2024-02-04 21:07:00,Settings Update,0
13782,1212,2024-06-24 05:36:00,User Login,5
13783,582,2026-01-20 15:08:00,Settings Update,5
13784,1562,2026-03-31 05:47:00,User Login,0
13785,222,2026-02-19 15:52:00,Team Invite,0
13786,1221,2025-12-11 10:08:00,Settings Update,15
13787,133,2026-01-25 04:39:00,Dashboard View,5
13788,1468,2026-09-02 14:07:00,Report Export,2
13789,1310,2025-10-25 17:34:00,Data Import,5
13790,653,2026-05-18 06:43:00,Data Import,1
13791,1966,2025-11-20 09:38:00,User Login,5
13792,360,2026-09-29 23:58:00,User Login,5
13793,188,2024-09-09 09:22:00,Dashboard View,5
13794,1694,2026-07-07 07:09:00,User Login,0
13795,979,2026-03-27 08:21:00,User Login,5
13796,982,2026-06-10 19:55:00,Data Import,30
13797,816,2026-08-17 11:28:00,User Login,5
13798,1434,2026-02-18 23:46:00,Report Export,2
13799,723,2026-07-15 04:48:00,Team Invite,5
13800,73,2026-08-21 20:51:00,User Login,0
13801,1739,2025-12-08 20:27:00,Settings Update,1
13802,312,2025-11-04 06:43:00,Data Import,5
13803,584,2026-02-21 02:19:00,Team Invite,2
13804,691,2025-07-07 20:19:00,Team Invite,0
13805,98,2025-08-24 18:35:00,Team Invite,2
13806,852,2026-04-10 14:36:00,Settings Update,30
13807,1358,2023-03-27 14:45:00,Report Export,5
13808,1422,2025-11-12 23:43:00,Data Import,10
13809,560,2026-04-08 14:22:00,Team Invite,15
13810,44,2026-02-28 05:56:00,Settings Update,15
13811,107,2026-09-25 13:20:00,Data Import,5
13812,587,2025-05-01 23:04:00,Team Invite,2
13813,1051,2025-08-10 02:56:00,User Login,1
13814,1008,2026-01-16 04:00:00,Settings Update,5
13815,1784,2024-03-31 20:57:00,Settings Update,5
13816,839,2025-07-05 13:19:00,Data Import,5
13817,1226,2025-09-06 19:34:00,Team Invite,1
13818,809,2025-04-04 03:58:00,Settings Update,5
13819,1065,2026-09-12 05:17:00,Report Export,5
13820,903,2026-08-18 23:04:00,Team Invite,0
13821,505,2025-03-01 01:48:00,Dashboard View,5
13822,737,2024-06-29 15:55:00,Dashboard View,30
13823,1675,2024-11-04 05:10:00,User Login,2
13824,1704,2026-06-19 23:15:00,User Login,1
13825,1817,2025-05-13 08:14:00,Report Export,10
13826,265,2026-07-17 14:34:00,Settings Update,2
13827,992,2025-01-09 21:48:00,Settings Update,1
13828,782,2024-09-23 15:29:00,Team Invite,2
13829,37,2026-09-15 04:12:00,User Login,0
13830,211,2025-09-10 11:02:00,Settings Update,10
13831,1793,2025-05-24 11:04:00,User Login,1
13832,1182,2026-09-27 22:08:00,Team Invite,0
13833,1864,2026-02-07 02:43:00,User Login,30
13834,957,2024-04-08 16:35:00,Settings Update,15
13835,936,2026-02-08 19:16:00,Data Import,15
13836,363,2026-01-18 03:59:00,Settings Update,30
13837,137,2025-10-31 01:41:00,Team Invite,5
13838,497,2024-01-10 19:06:00,Team Invite,5
13839,1208,2026-02-18 11:48:00,User Login,10
13840,452,2024-07-29 12:52:00,User Login,0
13841,1974,2025-02-09 23:58:00,User Login,5
13842,1148,2026-06-17 13:13:00,Data Import,5
13843,1725,2025-06-26 10:16:00,User Login,10
13844,1752,2026-07-16 04:08:00,Report Export,15
13845,394,2026-02-22 16:21:00,Settings Update,1
13846,1827,2026-09-09 01:22:00,User Login,5
13847,1054,2024-12-21 05:51:00,Dashboard View,1
13848,909,2026-06-16 05:51:00,Report Export,1
13849,278,2025-08-19 14:56:00,Settings Update,0
13850,1802,2024-04-02 00:35:00,Settings Update,5
13851,1614,2026-05-29 22:03:00,Report Export,2
13852,637,2026-05-26 20:59:00,Dashboard View,15
13853,951,2026-01-31 06:48:00,Settings Update,15
13854,464,2026-03-15 11:12:00,User Login,2
13855,455,2025-04-01 18:25:00,Settings Update,10
13856,1448,2025-04-01 21:32:00,Team Invite,1
13857,1717,2025-08-20 00:22:00,Dashboard View,2
13858,1804,2025-08-02 16:26:00,User Login,10
13859,781,2025-03-10 13:17:00,Dashboard View,2
13860,23,2026-03-28 06:01:00,Report Export,5
13861,1808,2023-06-24 23:01:00,Team Invite,10
13862,1797,2025-11-04 20:14:00,Settings Update,1
13863,1229,2026-01-02 17:44:00,Data Import,0
13864,1954,2025-02-04 07:41:00,Report Export,5
13865,971,2026-09-11 14:17:00,Report Export,5
13866,1839,2026-06-04 05:50:00,Settings Update,10
13867,179,2025-04-13 20:31:00,Data Import,2
13868,816,2026-09-21 10:34:00,Settings Update,10
13869,840,2026-06-16 22:07:00,Settings Update,0
13870,675,2026-05-19 13:15:00,User Login,5
13871,124,2026-03-05 05:16:00,Data Import,5
13872,1247,2025-05-14 02:28:00,Dashboard View,2
13873,590,2026-08-12 11:09:00,Team Invite,5
13874,175,2025-11-01 11:22:00,Report Export,1
13875,1988,2024-10-05 20:42:00,User Login,2
13876,359,2025-11-13 22:50:00,Data Import,0
13877,1189,2026-09-07 14:27:00,Report Export,0
13878,1972,2025-03-05 12:26:00,Report Export,15
13879,4,2026-06-12 15:00:00,Data Import,5
13880,215,2026-05-23 23:49:00,User Login,5
13881,1000,2026-04-27 13:40:00,Report Export,2
13882,1122,2024-09-16 06:08:00,Report Export,10
13883,1392,2026-07-26 07:22:00,User Login,1
13884,1516,2026-06-23 06:30:00,Dashboard View,0
13885,170,2026-04-26 21:09:00,Dashboard View,30
13886,822,2026-05-20 09:22:00,Data Import,10
13887,1237,2026-06-15 20:54:00,Settings Update,1
13888,420,2023-12-10 02:49:00,Dashboard View,1
13889,1114,2025-12-29 13:23:00,Team Invite,2
13890,279,2026-05-18 20:28:00,Settings Update,10
13891,395,2025-04-23 16:47:00,Dashboard View,5
13892,1859,2025-12-17 15:06:00,Data Import,10
13893,819,2025-11-16 19:30:00,Dashboard View,5
13894,401,2025-07-08 21:22:00,Team Invite,1
13895,1165,2025-09-16 01:38:00,User Login,2
13896,172,2026-03-19 15:09:00,User Login,1
13897,1081,2024-03-11 05:37:00,Team Invite,5
13898,857,2026-07-02 03:07:00,Report Export,0
13899,1575,2026-05-15 07:14:00,User Login,2
13900,1135,2026-05-08 08:58:00,Report Export,15
13901,1043,2026-06-16 17:05:00,User Login,15
13902,620,2025-11-16 07:30:00,User Login,2
13903,525,2025-01-14 17:54:00,Team Invite,0
13904,1970,2025-05-24 15:19:00,Report Export,2
13905,1097,2026-07-12 02:06:00,User Login,15
13906,195,2025-11-29 22:08:00,Report Export,10
13907,751,2026-07-18 03:03:00,Settings Update,2
13908,1263,2026-04-21 10:26:00,Settings Update,2
13909,1464,2026-04-27 04:01:00,User Login,2
13910,1888,2024-06-20 05:17:00,Settings Update,2
13911,480,2026-04-14 16:50:00,Data Import,15
13912,302,2024-12-28 22:49:00,Team Invite,5
13913,1289,2026-06-27 13:56:00,Dashboard View,10
13914,1002,2026-06-19 08:44:00,Team Invite,5
13915,1075,2026-05-31 06:36:00,Report Export,5
13916,322,2026-07-24 02:05:00,Report Export,5
13917,1286,2026-07-23 05:37:00,Team Invite,1
13918,1680,2024-04-14 16:33:00,User Login,2
13919,1107,2026-09-05 06:07:00,Report Export,2
13920,28,2026-04-15 11:30:00,Data Import,1
13921,1914,2026-07-13 22:21:00,Dashboard View,30
13922,1331,2024-09-25 18:28:00,Settings Update,10
13923,1965,2026-01-06 07:00:00,Data Import,15
13924,948,2026-07-15 03:38:00,Settings Update,5
13925,1074,2025-04-22 12:15:00,Dashboard View,15
13926,1082,2025-09-04 12:30:00,Data Import,2
13927,413,2026-02-06 21:51:00,Team Invite,0
13928,600,2026-08-10 08:24:00,User Login,10
13929,85,2026-02-05 21:31:00,User Login,5
13930,1310,2026-02-06 15:02:00,Data Import,5
13931,402,2026-08-29 06:18:00,Team Invite,1
13932,1530,2023-07-03 13:39:00,Dashboard View,10
13933,649,2026-06-23 12:17:00,Team Invite,0
13934,922,2026-03-05 01:39:00,Dashboard View,2
13935,244,2026-06-22 05:06:00,Settings Update,5
13936,40,2025-05-14 21:09:00,User Login,1
13937,30,2025-02-24 07:51:00,Settings Update,5
13938,1148,2026-05-07 05:38:00,Team Invite,10
13939,773,2026-09-09 13:10:00,Settings Update,1
13940,241,2026-03-16 03:40:00,Report Export,1
13941,861,2026-01-02 11:23:00,Data Import,1
13942,1109,2025-08-17 15:41:00,Report Export,10
13943,659,2026-03-22 19:48:00,Team Invite,10
13944,1040,2026-04-21 21:55:00,Team Invite,1
13945,1798,2026-04-24 12:34:00,Team Invite,5
13946,1733,2024-07-08 19:06:00,Settings Update,10
13947,700,2025-06-22 03:57:00,Team Invite,2
13948,932,2026-07-05 10:38:00,Settings Update,1
13949,861,2026-06-01 06:35:00,Report Export,10
13950,74,2025-03-07 17:23:00,Team Invite,10
13951,932,2026-09-26 04:33:00,Settings Update,10
13952,1260,2026-09-03 08:50:00,Report Export,1
13953,1653,2026-03-19 23:21:00,Settings Update,2
13954,246,2025-12-22 15:56:00,Settings Update,0
13955,602,2026-09-04 17:47:00,Dashboard View,10
13956,1207,2025-04-08 04:37:00,Dashboard View,0
13957,1541,2024-04-11 17:05:00,Data Import,0
13958,1326,2025-08-10 18:17:00,Settings Update,15
13959,1812,2026-04-09 02:33:00,Dashboard View,0
13960,1814,2026-07-16 15:42:00,Dashboard View,15
13961,1859,2026-01-08 21:56:00,User Login,1
13962,984,2026-05-05 06:36:00,Team Invite,15
13963,1696,2025-10-30 03:17:00,Dashboard View,5
13964,809,2025-03-22 18:33:00,Data Import,1
13965,1511,2026-09-08 22:11:00,Report Export,15
13966,407,2025-12-14 11:19:00,Data Import,0
13967,1676,2026-06-14 07:31:00,Report Export,10
13968,1450,2025-11-05 13:47:00,Report Export,0
13969,197,2026-07-31 10:04:00,Report Export,2
13970,807,2025-01-05 03:50:00,Team Invite,10
13971,47,2025-06-18 15:38:00,Dashboard View,10
13972,466,2026-06-09 08:14:00,Team Invite,2
13973,810,2026-02-27 21:04:00,Settings Update,10
13974,908,2025-06-29 03:59:00,Report Export,2
13975,800,2026-05-10 04:38:00,Team Invite,1
13976,1036,2025-10-14 10:43:00,Data Import,0
13977,554,2026-07-03 21:55:00,User Login,15
13978,986,2026-05-08 07:56:00,Report Export,15
13979,1568,2026-04-05 16:52:00,Report Export,5
13980,624,2025-10-08 16:40:00,Settings Update,15
13981,568,2026-09-17 13:37:00,Data Import,5
13982,1364,2025-02-12 15:07:00,Report Export,15
13983,827,2026-08-29 16:26:00,Data Import,10
13984,391,2025-07-23 17:07:00,Report Export,5
13985,1517,2026-01-02 15:13:00,Team Invite,0
13986,6,2025-02-11 05:43:00,Team Invite,10
13987,675,2026-06-27 05:31:00,Settings Update,10
13988,145,2024-12-06 07:51:00,Data Import,1
13989,1399,2026-07-09 19:10:00,User Login,2
13990,981,2025-03-08 20:38:00,User Login,2
13991,105,2025-10-27 00:04:00,Settings Update,2
13992,923,2025-12-18 06:01:00,Settings Update,2
13993,1368,2026-04-11 23:31:00,User Login,5
13994,542,2026-05-30 20:59:00,Team Invite,15
13995,887,2024-03-30 14:04:00,Data Import,5
13996,176,2024-04-30 01:18:00,User Login,2
13997,603,2026-03-23 04:30:00,Data Import,0
13998,1906,2026-08-01 19:31:00,Data Import,2
13999,832,2026-06-04 18:50:00,Report Export,2
14000,888,2026-07-22 09:38:00,Dashboard View,10
14001,1409,2026-05-04 10:10:00,Dashboard View,5
14002,353,2025-07-27 17:41:00,User Login,1
14003,1357,2023-11-22 07:17:00,Report Export,1
14004,1308,2025-12-06 02:12:00,Report Export,0
14005,219,2026-05-11 00:30:00,User Login,1
14006,696,2025-12-28 13:19:00,Team Invite,0
14007,1826,2026-07-08 17:19:00,Dashboard View,10
14008,1633,2026-08-30 05:10:00,Data Import,5
14009,383,2026-04-21 20:04:00,Report Export,1
14010,923,2024-04-09 12:49:00,Data Import,1
14011,1973,2026-07-29 05:20:00,Dashboard View,2
14012,1579,2026-08-27 13:16:00,User Login,5
14013,173,2025-07-27 10:13:00,Data Import,2
14014,1638,2024-12-16 13:38:00,Settings Update,5
14015,1466,2025-12-22 00:20:00,User Login,0
14016,1054,2025-01-19 17:31:00,Settings Update,15
14017,1714,2025-10-17 14:02:00,Settings Update,5
14018,395,2025-01-19 19:46:00,Report Export,1
14019,393,2026-02-27 06:22:00,Dashboard View,15
14020,1595,2024-06-16 23:14:00,Team Invite,10
14021,658,2026-01-05 09:44:00,Report Export,1
14022,23,2025-12-25 22:25:00,Report Export,1
14023,411,2026-02-16 13:35:00,Report Export,30
14024,784,2026-09-26 16:47:00,Report Export,5
14025,5,2026-07-30 13:58:00,Team Invite,10
14026,749,2024-01-01 23:10:00,Dashboard View,10
14027,450,2026-07-06 01:32:00,Dashboard View,15
14028,93,2026-07-29 07:52:00,Team Invite,0
14029,1444,2025-04-21 08:40:00,Team Invite,1
14030,993,2024-11-01 09:33:00,Settings Update,5
14031,1107,2024-07-24 12:47:00,Team Invite,5
14032,1130,2025-03-22 20:19:00,Settings Update,15
14033,600,2026-04-24 13:11:00,Team Invite,2
14034,42,2026-02-13 02:07:00,Settings Update,30
14035,1654,2025-04-08 12:22:00,User Login,2
14036,1935,2025-06-20 17:57:00,Report Export,5
14037,1060,2026-05-12 08:27:00,Settings Update,0
14038,2,2025-11-18 19:22:00,Data Import,2
14039,1345,2025-02-07 23:49:00,Report Export,10
14040,656,2026-07-03 10:58:00,Report Export,2
14041,650,2026-08-20 17:47:00,Report Export,2
14042,1889,2025-11-19 22:03:00,Data Import,5
14043,1858,2026-03-22 04:21:00,Dashboard View,2
14044,1123,2023-09-23 06:40:00,User Login,15
14045,345,2026-06-26 10:07:00,Team Invite,15
14046,469,2026-02-23 20:13:00,User Login,1
14047,1866,2025-10-25 06:51:00,Data Import,1
14048,1245,2026-06-13 00:00:00,Team Invite,2
14049,860,2025-04-01 19:41:00,Data Import,30
14050,1234,2024-01-28 13:32:00,Dashboard View,5
14051,1664,2026-06-11 07:02:00,Team Invite,5
14052,1175,2026-08-05 10:10:00,Report Export,15
14053,783,2026-02-19 03:16:00,Data Import,2
14054,846,2025-06-28 11:11:00,Report Export,10
14055,766,2025-10-02 03:54:00,Settings Update,5
14056,1019,2025-06-07 15:31:00,User Login,0
14057,547,2026-09-07 01:49:00,Data Import,1
14058,1831,2026-09-18 03:49:00,Dashboard View,0
14059,1571,2024-04-07 13:55:00,Report Export,1
14060,1846,2026-07-04 05:13:00,Data Import,5
14061,418,2026-08-21 07:46:00,Settings Update,2
14062,1176,2026-03-30 02:41:00,Data Import,10
14063,1657,2026-09-13 01:19:00,Data Import,5
14064,696,2026-03-16 13:24:00,User Login,10
14065,752,2026-02-18 01:42:00,Report Export,15
14066,1623,2025-12-31 21:54:00,Settings Update,1
14067,637,2026-05-14 21:00:00,Data Import,0
14068,539,2026-07-13 04:31:00,Report Export,1
14069,1975,2026-03-20 01:45:00,Team Invite,2
14070,784,2025-09-22 11:13:00,Team Invite,5
14071,1733,2025-11-07 13:11:00,Report Export,2
14072,315,2026-03-04 16:09:00,Team Invite,5
14073,1338,2025-08-12 14:07:00,Report Export,2
14074,967,2025-09-25 13:38:00,Team Invite,5
14075,504,2025-11-15 12:38:00,Data Import,15
14076,1413,2024-06-18 07:37:00,Data Import,5
14077,659,2026-07-20 09:14:00,Data Import,5
14078,925,2026-05-21 17:30:00,Team Invite,1
14079,138,2026-09-26 11:11:00,Team Invite,5
14080,456,2025-03-21 20:47:00,Dashboard View,10
14081,877,2024-11-03 15:28:00,Report Export,30
14082,944,2026-05-09 02:40:00,Report Export,2
14083,819,2025-12-30 15:44:00,Team Invite,0
14084,888,2026-02-23 07:26:00,Data Import,0
14085,1520,2025-11-18 07:07:00,Team Invite,2
14086,57,2026-03-24 08:38:00,Dashboard View,0
14087,1035,2024-12-30 21:10:00,User Login,1
14088,1879,2024-10-27 21:06:00,Team Invite,15
14089,453,2023-02-27 18:00:00,Settings Update,2
14090,325,2025-02-13 16:34:00,Data Import,5
14091,127,2026-05-19 10:25:00,Team Invite,15
14092,472,2026-01-07 06:58:00,User Login,5
14093,749,2024-11-18 01:41:00,Report Export,5
14094,158,2026-06-14 13:50:00,Data Import,5
14095,449,2026-07-25 09:53:00,Dashboard View,1
14096,1484,2026-07-18 15:20:00,Dashboard View,5
14097,1887,2026-04-11 23:06:00,Settings Update,5
14098,680,2024-12-03 10:41:00,Data Import,5
14099,1548,2026-08-20 00:18:00,User Login,2
14100,1301,2026-07-28 07:37:00,Dashboard View,30
14101,1413,2026-05-02 11:08:00,Settings Update,2
14102,1930,2025-11-08 12:12:00,Data Import,5
14103,570,2024-11-11 08:08:00,Dashboard View,5
14104,912,2026-05-19 12:24:00,Dashboard View,1
14105,462,2024-09-13 13:41:00,Dashboard View,1
14106,652,2026-08-04 14:31:00,Report Export,0
14107,1092,2026-05-12 08:09:00,Report Export,2
14108,1102,2026-08-30 06:03:00,User Login,5
14109,1383,2026-01-22 19:01:00,Team Invite,2
14110,1531,2026-07-13 09:42:00,Report Export,5
14111,322,2025-09-03 22:34:00,Report Export,5
14112,433,2026-08-14 17:02:00,Dashboard View,1
14113,635,2025-07-20 22:10:00,User Login,15
14114,1690,2025-08-20 06:21:00,Data Import,1
14115,1309,2026-07-27 22:35:00,Data Import,15
14116,1784,2025-06-02 16:50:00,Dashboard View,10
14117,146,2025-05-24 04:24:00,Data Import,2
14118,442,2026-08-03 18:35:00,Data Import,5
14119,1280,2026-01-03 20:18:00,Settings Update,10
14120,1861,2025-07-31 20:44:00,Data Import,1
14121,1923,2025-08-15 05:44:00,Team Invite,5
14122,756,2025-10-12 05:28:00,Settings Update,15
14123,1760,2026-05-20 06:24:00,User Login,1
14124,620,2026-01-30 20:42:00,Team Invite,0
14125,1291,2026-01-10 01:14:00,Team Invite,0
14126,936,2026-09-18 08:41:00,Settings Update,15
14127,60,2026-03-12 02:50:00,Settings Update,5
14128,1873,2025-12-14 17:54:00,User Login,30
14129,1616,2026-04-08 14:32:00,Dashboard View,5
14130,784,2026-02-28 18:29:00,Report Export,1
14131,1085,2025-11-21 09:42:00,Report Export,2
14132,1983,2026-06-10 23:38:00,User Login,1
14133,1427,2025-12-14 06:22:00,Team Invite,0
14134,701,2025-02-13 04:16:00,Dashboard View,2
14135,988,2026-06-11 19:10:00,Team Invite,2
14136,1287,2026-09-12 10:13:00,Dashboard View,15
14137,1685,2026-09-06 04:10:00,User Login,15
14138,777,2026-06-19 20:33:00,Report Export,10
14139,1296,2026-07-08 07:57:00,Team Invite,15
14140,1032,2023-11-02 08:18:00,Settings Update,1
14141,1133,2026-07-09 10:28:00,Settings Update,1
14142,1381,2025-01-15 10:12:00,Team Invite,1
14143,1495,2026-08-31 17:48:00,Data Import,5
14144,1978,2025-11-19 04:11:00,Team Invite,5
14145,1301,2026-09-14 06:50:00,Data Import,5
14146,557,2025-05-16 01:00:00,Data Import,2
14147,233,2026-01-19 02:50:00,Dashboard View,10
14148,1716,2026-02-19 16:24:00,Settings Update,5
14149,703,2026-04-29 02:43:00,Data Import,2
14150,1032,2024-09-29 23:42:00,User Login,1
14151,1213,2025-12-16 07:00:00,Settings Update,1
14152,1528,2026-05-20 21:05:00,Settings Update,2
14153,1298,2026-09-24 07:40:00,Settings Update,5
14154,1990,2025-04-27 20:24:00,Report Export,5
14155,1383,2026-06-21 05:30:00,Report Export,0
14156,1323,2025-05-13 09:01:00,Settings Update,2
14157,1328,2026-04-26 01:32:00,Data Import,10
14158,934,2025-08-29 14:21:00,Team Invite,0
14159,1367,2026-03-26 02:01:00,Report Export,5
14160,1816,2026-07-04 18:57:00,Settings Update,10
14161,1631,2025-06-19 07:14:00,Team Invite,5
14162,186,2026-09-25 06:43:00,Settings Update,0
14163,90,2026-06-29 17:46:00,Report Export,10
14164,498,2025-03-28 14:38:00,User Login,10
14165,229,2025-12-21 23:00:00,Team Invite,5
14166,741,2026-06-29 15:01:00,Settings Update,15
14167,326,2024-10-06 08:07:00,Settings Update,10
14168,1383,2026-08-13 09:14:00,Settings Update,5
14169,1274,2025-10-03 03:31:00,Team Invite,2
14170,1959,2025-05-28 07:39:00,User Login,15
14171,1961,2026-07-15 05:15:00,Data Import,1
14172,1341,2024-04-26 10:19:00,Report Export,5
14173,38,2026-07-22 04:50:00,Team Invite,10
14174,1166,2024-10-25 06:26:00,Data Import,5
14175,911,2026-09-12 19:33:00,Settings Update,1
14176,887,2025-08-07 13:46:00,Data Import,5
14177,379,2026-03-14 13:53:00,Dashboard View,2
14178,224,2026-02-16 04:23:00,Team Invite,2
14179,1658,2026-03-25 03:16:00,Settings Update,10
14180,888,2025-08-09 04:28:00,Dashboard View,15
14181,1509,2025-02-26 10:12:00,User Login,1
14182,145,2025-10-22 15:50:00,Dashboard View,5
14183,1927,2026-07-29 06:33:00,Team Invite,5
14184,116,2026-04-08 12:49:00,Team Invite,30
14185,721,2026-09-01 09:41:00,User Login,5
14186,310,2026-07-13 04:55:00,Data Import,0
14187,1145,2026-08-04 01:59:00,Team Invite,2
14188,1801,2026-01-12 11:25:00,Dashboard View,0
14189,1319,2026-08-01 23:48:00,Data Import,0
14190,981,2024-06-25 19:37:00,Team Invite,0
14191,1746,2025-07-10 11:53:00,Data Import,1
14192,59,2025-12-24 11:36:00,Settings Update,15
14193,900,2025-10-05 12:55:00,Data Import,15
14194,1620,2025-03-21 23:01:00,Team Invite,5
14195,1507,2024-05-31 20:51:00,Settings Update,1
14196,1914,2026-07-19 11:00:00,Team Invite,2
14197,84,2026-08-20 16:26:00,User Login,0
14198,1821,2024-07-16 23:44:00,User Login,2
14199,582,2026-06-10 20:51:00,Settings Update,1
14200,1389,2026-07-15 01:50:00,Data Import,0
14201,1624,2025-01-11 05:05:00,Settings Update,2
14202,239,2026-03-21 01:15:00,Team Invite,2
14203,299,2025-11-17 10:48:00,Report Export,1
14204,681,2026-01-22 09:15:00,User Login,5
14205,1318,2025-07-09 00:28:00,Data Import,30
14206,296,2025-07-27 11:10:00,Report Export,2
14207,1422,2026-03-18 07:45:00,Team Invite,1
14208,1742,2025-07-05 02:20:00,Team Invite,2
14209,1130,2024-02-15 21:46:00,User Login,1
14210,684,2026-01-06 00:01:00,User Login,1
14211,1089,2026-07-18 10:01:00,Team Invite,5
14212,1814,2025-09-13 00:58:00,Team Invite,10
14213,163,2024-11-23 11:07:00,Team Invite,10
14214,164,2026-06-01 06:05:00,Team Invite,2
14215,31,2026-02-08 03:05:00,Team Invite,2
14216,1442,2024-11-17 04:33:00,Report Export,2
14217,735,2025-10-19 22:28:00,Dashboard View,1
14218,1141,2025-02-23 14:45:00,Dashboard View,5
14219,1311,2026-01-02 13:01:00,Data Import,15
14220,271,2026-06-27 11:59:00,Team Invite,10
14221,1396,2026-01-03 04:21:00,Data Import,5
14222,160,2025-03-24 23:26:00,User Login,2
14223,173,2026-04-18 17:02:00,Dashboard View,5
14224,1605,2026-03-27 04:17:00,Data Import,15
14225,1716,2026-05-22 11:57:00,Data Import,1
14226,1868,2026-01-01 04:06:00,Data Import,2
14227,1397,2025-02-14 03:42:00,Data Import,5
14228,1364,2023-10-10 08:20:00,Team Invite,2
14229,1647,2025-12-12 15:56:00,User Login,2
14230,896,2024-10-12 12:39:00,Dashboard View,2
14231,1484,2026-06-19 20:37:00,Report Export,5
14232,9,2026-01-22 18:30:00,User Login,10
14233,648,2026-01-27 10:40:00,Settings Update,1
14234,198,2026-05-29 01:34:00,Dashboard View,1
14235,549,2026-08-18 19:15:00,Report Export,1
14236,597,2026-08-24 10:05:00,Team Invite,15
14237,1117,2026-08-15 10:39:00,Settings Update,5
14238,957,2026-03-16 00:35:00,Team Invite,5
14239,971,2026-08-26 09:53:00,User Login,2
14240,1923,2026-06-26 03:14:00,Dashboard View,1
14241,1492,2025-08-30 11:24:00,Report Export,30
14242,362,2026-01-24 06:57:00,Data Import,0
14243,819,2025-12-16 15:08:00,Team Invite,0
14244,1294,2026-08-19 11:34:00,User Login,2
14245,1388,2026-03-31 22:40:00,Report Export,10
14246,1515,2023-08-02 07:44:00,Report Export,0
14247,695,2026-05-08 21:05:00,Data Import,1
14248,1808,2025-04-05 19:14:00,Report Export,5
14249,288,2026-07-13 02:13:00,Report Export,5
14250,2000,2025-08-20 18:39:00,User Login,2
14251,890,2026-02-02 04:44:00,Report Export,5
14252,971,2026-05-15 03:08:00,Data Import,2
14253,457,2024-08-13 01:57:00,Data Import,1
14254,1154,2025-05-11 21:10:00,User Login,2
14255,309,2026-07-19 12:21:00,Dashboard View,10
14256,1929,2025-02-19 15:12:00,Dashboard View,0
14257,846,2025-10-20 17:34:00,Dashboard View,5
14258,269,2025-06-23 00:51:00,Dashboard View,0
14259,1477,2026-09-21 06:55:00,Report Export,5
14260,452,2024-04-28 02:04:00,Dashboard View,15
14261,1252,2026-07-27 09:30:00,Report Export,30
14262,1644,2026-06-12 19:58:00,Data Import,2
14263,1546,2026-06-12 13:41:00,Settings Update,30
14264,607,2026-05-02 22:56:00,Dashboard View,1
14265,88,2025-09-25 04:58:00,Dashboard View,2
14266,14,2025-08-12 16:50:00,Report Export,2
14267,879,2023-05-23 12:40:00,Team Invite,1
14268,1535,2026-06-02 22:35:00,Report Export,1
14269,413,2025-10-21 12:32:00,Dashboard View,1
14270,654,2026-08-30 16:54:00,Dashboard View,5
14271,1837,2024-11-01 21:03:00,Report Export,2
14272,1002,2025-10-25 13:52:00,Team Invite,0
14273,288,2026-07-18 01:43:00,User Login,5
14274,589,2025-09-18 08:20:00,Settings Update,2
14275,168,2025-05-16 10:47:00,Settings Update,1
14276,129,2025-08-23 22:34:00,Data Import,1
14277,1930,2026-04-04 06:14:00,Report Export,0
14278,913,2025-10-02 14:54:00,Data Import,1
14279,1023,2026-01-11 14:17:00,User Login,2
14280,309,2026-05-18 00:22:00,Data Import,5
14281,1422,2024-11-05 04:07:00,Report Export,2
14282,298,2026-09-28 06:21:00,Team Invite,5
14283,521,2026-08-02 02:03:00,Team Invite,2
14284,1845,2026-04-30 20:07:00,Data Import,0
14285,474,2026-02-28 15:27:00,Settings Update,10
14286,280,2024-11-10 11:43:00,User Login,5
14287,1644,2025-06-27 00:40:00,Report Export,1
14288,814,2026-03-22 22:49:00,Data Import,15
14289,1558,2026-09-24 00:25:00,Report Export,0
14290,1996,2026-04-07 18:47:00,Settings Update,2
14291,1646,2026-08-17 18:21:00,Dashboard View,2
14292,1459,2026-09-05 02:25:00,Data Import,5
14293,740,2024-11-21 23:58:00,User Login,10
14294,908,2025-05-21 09:58:00,Data Import,15
14295,250,2026-09-22 20:47:00,User Login,30
14296,1373,2026-01-18 02:31:00,Report Export,10
14297,727,2025-07-04 13:12:00,Settings Update,15
14298,367,2026-05-24 19:58:00,Data Import,2
14299,1279,2025-04-12 01:18:00,Dashboard View,5
14300,1517,2026-04-17 17:50:00,User Login,0
14301,293,2025-09-27 23:00:00,Data Import,5
14302,1364,2025-10-04 21:58:00,Data Import,1
14303,966,2026-04-17 20:16:00,Data Import,5
14304,73,2025-12-14 07:24:00,Dashboard View,2
14305,84,2025-08-21 10:36:00,Settings Update,1
14306,1635,2023-11-05 01:45:00,Team Invite,0
14307,1631,2024-11-30 23:57:00,Settings Update,1
14308,901,2026-02-01 04:22:00,Team Invite,2
14309,359,2024-10-06 04:59:00,Team Invite,5
14310,475,2025-11-13 12:08:00,Team Invite,0
14311,449,2026-08-13 18:40:00,Data Import,0
14312,685,2025-02-07 02:14:00,Dashboard View,2
14313,1078,2026-05-20 03:09:00,Dashboard View,2
14314,225,2024-06-03 04:42:00,Report Export,15
14315,990,2024-03-20 23:14:00,Report Export,0
14316,126,2025-04-20 12:24:00,Team Invite,30
14317,244,2026-06-21 19:25:00,Report Export,0
14318,147,2025-07-19 12:36:00,User Login,1
14319,1469,2026-09-01 15:44:00,Dashboard View,30
14320,266,2026-03-13 15:57:00,Settings Update,1
14321,1832,2024-10-16 08:22:00,Team Invite,2
14322,1506,2025-09-01 22:28:00,Data Import,0
14323,1883,2026-02-24 03:42:00,Data Import,5
14324,222,2026-03-08 20:24:00,Dashboard View,10
14325,489,2025-10-19 14:04:00,User Login,2
14326,192,2026-05-05 06:54:00,User Login,15
14327,1122,2026-06-28 23:26:00,User Login,10
14328,1816,2026-05-17 18:49:00,Data Import,15
14329,981,2024-03-31 14:35:00,User Login,5
14330,831,2025-01-23 22:37:00,Dashboard View,15
14331,981,2026-06-01 19:24:00,Report Export,5
14332,142,2026-07-31 19:11:00,Team Invite,15
14333,1450,2026-01-14 16:32:00,Report Export,2
14334,1374,2025-10-26 21:40:00,Data Import,5
14335,336,2025-07-18 06:34:00,Dashboard View,5
14336,779,2026-09-14 05:29:00,Report Export,15
14337,234,2023-08-25 21:48:00,Settings Update,5
14338,972,2025-08-27 09:11:00,Team Invite,2
14339,1602,2026-05-19 10:56:00,User Login,30
14340,1056,2023-06-09 15:32:00,Settings Update,2
14341,807,2024-05-12 14:36:00,Report Export,0
14342,689,2026-01-10 19:51:00,User Login,2
14343,1125,2026-04-06 14:49:00,Report Export,1
14344,1454,2025-07-07 05:10:00,Data Import,10
14345,573,2025-10-29 04:34:00,User Login,10
14346,337,2024-07-27 07:06:00,Team Invite,10
14347,386,2025-03-08 08:58:00,Dashboard View,0
14348,686,2023-06-15 05:47:00,Settings Update,2
14349,1083,2025-10-11 19:12:00,Data Import,10
14350,610,2026-07-13 11:12:00,User Login,5
14351,102,2026-03-17 11:10:00,User Login,0
14352,1379,2026-03-02 00:12:00,User Login,30
14353,1971,2025-01-08 07:24:00,Report Export,2
14354,1179,2026-03-28 07:49:00,Settings Update,2
14355,1880,2026-08-21 05:18:00,Settings Update,0
14356,124,2025-03-06 17:38:00,Data Import,2
14357,181,2026-04-05 11:55:00,Report Export,2
14358,1673,2024-01-01 16:36:00,Team Invite,5
14359,36,2026-01-28 11:02:00,Dashboard View,0
14360,1971,2026-06-28 03:46:00,Settings Update,15
14361,801,2025-11-07 14:38:00,Data Import,1
14362,1610,2026-03-18 01:12:00,Dashboard View,5
14363,1526,2024-04-25 02:07:00,Team Invite,5
14364,14,2026-08-10 15:59:00,Settings Update,10
14365,314,2025-07-13 16:21:00,Data Import,2
14366,1747,2026-02-20 13:41:00,Settings Update,2
14367,778,2025-04-21 10:55:00,Dashboard View,5
14368,1795,2026-07-24 06:17:00,Data Import,5
14369,1197,2025-04-03 09:19:00,Report Export,5
14370,107,2026-07-25 12:26:00,Data Import,2
14371,240,2024-11-08 12:07:00,Settings Update,1
14372,1051,2025-07-12 02:45:00,Report Export,1
14373,75,2025-08-19 23:34:00,User Login,5
14374,887,2026-03-28 06:43:00,Settings Update,10
14375,282,2025-06-01 16:19:00,User Login,10
14376,292,2026-02-13 07:37:00,Dashboard View,15
14377,278,2025-10-28 23:23:00,Team Invite,10
14378,199,2026-08-29 09:47:00,Dashboard View,10
14379,1845,2025-03-28 11:15:00,Data Import,0
14380,1269,2024-02-21 12:56:00,User Login,5
14381,1389,2024-10-22 03:27:00,User Login,5
14382,1306,2024-12-18 00:19:00,Report Export,5
14383,1997,2025-06-09 09:15:00,Dashboard View,10
14384,913,2026-03-15 08:08:00,Report Export,5
14385,1875,2026-05-01 16:00:00,Dashboard View,10
14386,1543,2026-05-13 15:01:00,Data Import,10
14387,1048,2025-08-27 11:14:00,Team Invite,0
14388,730,2026-07-15 16:29:00,Dashboard View,5
14389,162,2026-09-03 21:16:00,Settings Update,10
14390,1422,2026-07-05 06:38:00,Settings Update,10
14391,1190,2026-01-18 02:40:00,Dashboard View,10
14392,1055,2025-12-04 01:19:00,Data Import,5
14393,204,2026-02-05 18:14:00,Settings Update,2
14394,1751,2026-03-26 17:04:00,Settings Update,0
14395,1198,2026-04-21 22:36:00,User Login,30
14396,1320,2025-07-06 06:15:00,Team Invite,5
14397,1495,2025-04-28 18:30:00,Team Invite,2
14398,1981,2025-01-13 07:12:00,Data Import,1
14399,559,2026-05-08 03:49:00,Team Invite,5
14400,1305,2026-09-23 11:53:00,Team Invite,1
14401,1614,2026-04-12 17:25:00,Team Invite,5
14402,57,2024-05-12 05:37:00,Data Import,5
14403,491,2023-07-02 22:48:00,Report Export,15
14404,292,2025-12-09 23:19:00,Settings Update,2
14405,1078,2026-04-17 09:42:00,Report Export,5
14406,1893,2026-03-04 06:44:00,Data Import,5
14407,800,2024-10-25 03:15:00,Team Invite,1
14408,1093,2026-01-11 02:57:00,Team Invite,5
14409,82,2026-03-11 03:40:00,User Login,30
14410,104,2026-09-17 17:34:00,User Login,10
14411,1182,2026-04-05 11:19:00,Dashboard View,30
14412,1590,2024-03-08 05:12:00,Data Import,5
14413,683,2024-07-29 06:32:00,User Login,1
14414,654,2026-03-22 13:20:00,Dashboard View,5
14415,1324,2026-08-30 19:16:00,Report Export,2
14416,1512,2024-02-17 20:40:00,Team Invite,2
14417,1659,2025-05-03 18:57:00,Data Import,10
14418,451,2025-04-03 16:23:00,Report Export,0
14419,731,2026-04-24 08:29:00,Team Invite,5
14420,1704,2026-06-14 17:21:00,Data Import,10
14421,150,2025-07-16 09:45:00,Data Import,5
14422,1138,2025-03-19 06:03:00,Dashboard View,30
14423,1626,2026-08-08 10:44:00,Dashboard View,5
14424,1640,2024-08-23 10:12:00,Data Import,1
14425,524,2026-07-09 08:39:00,Report Export,5
14426,1504,2025-09-28 21:30:00,Settings Update,5
14427,790,2026-07-14 03:08:00,Settings Update,10
14428,16,2025-05-11 06:16:00,Report Export,10
14429,1762,2026-07-14 05:23:00,User Login,1
14430,564,2026-06-05 22:46:00,User Login,5
14431,160,2026-02-01 12:45:00,User Login,1
14432,498,2024-04-18 15:42:00,Report Export,1
14433,207,2026-07-03 05:44:00,Data Import,10
14434,1834,2026-06-08 05:04:00,User Login,10
14435,1173,2025-11-22 02:43:00,User Login,2
14436,6,2023-05-17 20:19:00,Dashboard View,10
14437,1484,2026-09-08 06:49:00,Settings Update,1
14438,1390,2025-03-22 21:26:00,User Login,2
14439,273,2025-04-18 01:32:00,Settings Update,30
14440,1421,2026-02-14 17:32:00,Team Invite,1
14441,969,2023-09-14 01:13:00,Data Import,5
14442,1148,2025-12-18 11:13:00,User Login,5
14443,1166,2025-10-08 07:18:00,Dashboard View,5
14444,21,2026-06-02 15:05:00,Data Import,30
14445,284,2026-02-02 03:08:00,Team Invite,1
14446,1701,2025-06-13 16:34:00,User Login,30
14447,57,2024-12-24 06:09:00,Dashboard View,15
14448,39,2026-08-28 08:52:00,User Login,5
14449,1481,2026-07-08 19:03:00,Dashboard View,10
14450,1776,2026-08-05 17:40:00,User Login,2
14451,981,2024-02-17 06:47:00,Data Import,30
14452,1858,2025-11-29 18:32:00,Team Invite,2
14453,1527,2025-10-23 03:49:00,Team Invite,5
14454,1436,2024-03-18 09:28:00,Team Invite,15
14455,1224,2024-10-05 17:38:00,Data Import,0
14456,15,2023-12-26 10:11:00,Settings Update,2
14457,1641,2025-11-06 05:25:00,Team Invite,30
14458,605,2025-12-17 17:27:00,Dashboard View,1
14459,940,2026-06-10 02:51:00,Data Import,2
14460,3,2026-03-03 05:32:00,Settings Update,0
14461,596,2026-07-06 09:07:00,Settings Update,5
14462,579,2026-07-29 06:55:00,Settings Update,5
14463,827,2026-07-11 15:55:00,Report Export,1
14464,414,2024-07-24 18:00:00,User Login,5
14465,1503,2025-04-13 20:10:00,Report Export,1
14466,41,2023-07-16 05:58:00,Team Invite,2
14467,257,2025-08-18 07:14:00,User Login,10
14468,1441,2025-03-23 19:51:00,Dashboard View,0
14469,126,2024-06-12 05:17:00,Team Invite,1
14470,1788,2026-03-08 18:45:00,Report Export,0
14471,808,2025-11-12 23:44:00,Report Export,15
14472,175,2026-03-01 00:32:00,Dashboard View,30
14473,1834,2026-06-06 15:49:00,Team Invite,10
14474,1737,2026-07-03 23:19:00,Team Invite,15
14475,132,2025-07-16 04:15:00,Data Import,5
14476,317,2026-08-25 16:00:00,Team Invite,5
14477,1717,2026-04-12 06:04:00,Report Export,10
14478,1786,2026-07-24 16:30:00,Dashboard View,0
14479,813,2026-06-23 06:07:00,Data Import,0
14480,952,2026-01-03 08:38:00,Team Invite,10
14481,1243,2026-02-11 18:12:00,Report Export,5
14482,1585,2026-06-17 14:19:00,Data Import,5
14483,470,2026-06-30 11:01:00,Team Invite,10
14484,1622,2025-09-12 04:48:00,Settings Update,2
14485,1711,2025-02-26 08:40:00,User Login,2
14486,479,2025-01-16 02:50:00,Dashboard View,1
14487,51,2025-11-25 03:59:00,Data Import,2
14488,1445,2026-06-08 08:08:00,User Login,15
14489,1127,2026-04-19 14:04:00,Dashboard View,1
14490,924,2026-03-26 06:36:00,User Login,5
14491,844,2026-01-16 10:53:00,Dashboard View,2
14492,1128,2026-04-24 11:47:00,Dashboard View,2
14493,1378,2023-10-17 16:00:00,Settings Update,15
14494,99,2024-02-10 07:40:00,Dashboard View,2
14495,60,2026-09-24 17:57:00,Team Invite,15
14496,72,2026-08-22 05:47:00,User Login,1
14497,1176,2026-06-07 09:04:00,Report Export,5
14498,1426,2024-09-19 05:10:00,Report Export,2
14499,372,2026-09-23 07:10:00,Report Export,5
14500,73,2026-08-08 20:29:00,Team Invite,0
14501,187,2024-05-10 12:35:00,Report Export,10
14502,482,2026-01-15 08:08:00,Report Export,5
14503,1934,2026-07-06 07:49:00,User Login,10
14504,304,2026-09-12 04:12:00,Settings Update,5
14505,383,2026-08-21 01:01:00,User Login,2
14506,1260,2025-07-31 06:49:00,Settings Update,5
14507,346,2024-08-16 04:11:00,User Login,5
14508,1860,2025-06-13 23:27:00,Report Export,5
14509,81,2026-06-03 10:51:00,Report Export,1
14510,983,2025-06-18 16:32:00,Settings Update,5
14511,580,2025-11-28 22:25:00,Data Import,1
14512,1188,2026-05-11 08:29:00,Settings Update,5
14513,412,2026-02-08 16:34:00,Data Import,10
14514,550,2025-07-19 13:55:00,Data Import,2
14515,1167,2026-06-21 09:34:00,Team Invite,1
14516,1787,2025-07-12 23:30:00,Settings Update,1
14517,1779,2026-05-29 17:39:00,Team Invite,2
14518,736,2025-08-15 03:44:00,Report Export,10
14519,1858,2023-12-15 15:21:00,User Login,10
14520,132,2026-04-25 17:34:00,Report Export,2
14521,1396,2024-07-28 15:03:00,Dashboard View,5
14522,1600,2026-07-08 07:51:00,Data Import,1
14523,4,2026-05-12 20:54:00,User Login,2
14524,321,2026-03-13 19:28:00,Settings Update,1
14525,47,2025-08-16 10:14:00,Data Import,10
14526,1590,2026-05-22 08:32:00,Report Export,30
14527,152,2026-09-13 20:24:00,Settings Update,10
14528,130,2025-09-04 07:35:00,Data Import,0
14529,782,2026-05-08 06:50:00,Dashboard View,5
14530,1184,2026-03-22 07:18:00,Dashboard View,1
14531,759,2025-12-31 01:35:00,Dashboard View,15
14532,970,2026-06-14 21:44:00,Report Export,2
14533,451,2026-06-07 09:56:00,User Login,15
14534,1275,2026-06-05 10:23:00,Report Export,0
14535,758,2026-01-06 20:30:00,User Login,1
14536,493,2026-07-16 00:52:00,Dashboard View,10
14537,838,2025-03-12 08:28:00,Data Import,30
14538,1614,2026-07-28 07:34:00,Report Export,5
14539,1026,2024-08-16 10:36:00,Settings Update,5
14540,750,2026-07-19 11:50:00,Data Import,2
14541,1920,2024-10-28 03:49:00,Data Import,5
14542,996,2026-08-07 19:50:00,Dashboard View,10
14543,1035,2026-07-22 01:57:00,User Login,0
14544,820,2025-10-12 21:38:00,Team Invite,1
14545,574,2026-03-03 19:44:00,Report Export,15
14546,264,2025-06-03 02:35:00,Report Export,0
14547,1806,2026-07-07 01:19:00,User Login,5
14548,1503,2025-03-26 01:50:00,Settings Update,30
14549,1884,2025-08-02 00:39:00,Data Import,15
14550,405,2026-05-19 15:52:00,Data Import,15
14551,1759,2026-03-01 19:49:00,Team Invite,5
14552,993,2026-04-11 04:26:00,Settings Update,15
14553,319,2025-03-02 10:58:00,Settings Update,1
14554,1402,2025-12-07 01:36:00,Dashboard View,5
14555,906,2026-04-03 08:30:00,Report Export,2
14556,484,2026-07-21 06:37:00,Data Import,2
14557,1286,2026-08-14 23:35:00,Team Invite,30
14558,657,2025-10-29 07:26:00,Report Export,1
14559,881,2025-09-30 14:20:00,Dashboard View,2
14560,1502,2026-08-23 15:41:00,Team Invite,5
14561,1541,2024-10-20 22:58:00,Team Invite,2
14562,539,2026-09-11 01:16:00,Dashboard View,10
14563,1525,2026-06-15 09:23:00,Settings Update,10
14564,1486,2026-04-07 05:12:00,Settings Update,0
14565,1271,2026-05-23 15:28:00,Data Import,1
14566,1380,2026-09-28 03:52:00,Team Invite,2
14567,1799,2026-04-24 02:31:00,Team Invite,0
14568,1901,2026-05-02 09:20:00,Report Export,30
14569,1524,2025-10-06 06:22:00,Report Export,5
14570,1552,2023-08-26 02:14:00,Report Export,2
14571,1531,2026-04-29 23:24:00,Settings Update,2
14572,788,2025-10-10 11:36:00,Data Import,2
14573,106,2025-07-20 09:01:00,Dashboard View,2
14574,1685,2026-05-08 13:55:00,User Login,10
14575,285,2026-05-08 00:14:00,Data Import,5
14576,1502,2026-04-25 21:56:00,Dashboard View,10
14577,645,2025-12-29 19:36:00,Report Export,2
14578,629,2025-02-21 17:40:00,Data Import,0
14579,1474,2026-05-11 12:52:00,User Login,1
14580,60,2026-09-24 06:01:00,Data Import,5
14581,1332,2025-10-02 13:23:00,Settings Update,5
14582,1800,2026-07-07 14:50:00,Data Import,5
14583,1499,2026-03-02 13:32:00,Data Import,15
14584,1157,2026-05-27 23:09:00,Settings Update,5
14585,1858,2026-04-10 06:11:00,User Login,1
14586,160,2024-06-29 20:10:00,Settings Update,5
14587,1317,2025-03-01 16:00:00,Team Invite,2
14588,834,2026-04-27 19:13:00,User Login,30
14589,1534,2026-07-11 14:00:00,Settings Update,2
14590,337,2025-09-16 11:25:00,Team Invite,5
14591,1138,2025-02-24 18:14:00,Dashboard View,10
14592,1008,2026-08-17 09:15:00,User Login,1
14593,1632,2025-03-26 08:58:00,Dashboard View,5
14594,1283,2026-08-21 05:09:00,Report Export,30
14595,496,2025-11-17 09:32:00,User Login,15
14596,1581,2026-01-30 04:56:00,Settings Update,5
14597,428,2026-05-31 20:35:00,Report Export,5
14598,1539,2025-11-08 09:37:00,Team Invite,2
14599,490,2026-04-07 09:40:00,Dashboard View,5
14600,1546,2026-05-10 02:24:00,Data Import,10
14601,1605,2026-02-21 20:28:00,Dashboard View,5
14602,566,2026-08-18 04:38:00,Settings Update,2
14603,619,2026-06-30 04:39:00,Team Invite,1
14604,1164,2026-07-21 07:08:00,Report Export,5
14605,946,2025-12-29 02:20:00,Report Export,1
14606,1488,2026-07-31 23:31:00,Settings Update,0
14607,1952,2026-08-03 17:07:00,Settings Update,0
14608,1624,2024-04-09 11:44:00,Data Import,10
14609,688,2026-09-20 04:31:00,Team Invite,5
14610,137,2025-11-01 00:16:00,Dashboard View,10
14611,1408,2026-07-25 22:37:00,Dashboard View,2
14612,1658,2026-05-16 16:01:00,Data Import,0
14613,626,2026-08-10 11:11:00,Data Import,15
14614,839,2025-11-02 08:24:00,Dashboard View,2
14615,1238,2026-07-09 13:32:00,Settings Update,5
14616,475,2025-07-18 09:44:00,Data Import,5
14617,19,2026-06-02 13:45:00,Settings Update,2
14618,1,2026-06-26 10:47:00,User Login,10
14619,742,2025-12-24 01:41:00,Report Export,2
14620,1918,2025-11-19 21:51:00,Data Import,10
14621,993,2026-04-06 18:07:00,Report Export,30
14622,1256,2023-12-26 00:30:00,Data Import,2
14623,1060,2026-08-06 18:06:00,Dashboard View,0
14624,679,2023-01-09 13:59:00,Team Invite,10
14625,440,2025-10-03 16:44:00,User Login,5
14626,811,2026-06-18 03:56:00,User Login,0
14627,1247,2026-07-25 22:27:00,Data Import,5
14628,763,2025-06-17 15:26:00,User Login,30
14629,1418,2024-07-11 02:20:00,Dashboard View,0
14630,183,2024-08-31 20:43:00,Data Import,1
14631,127,2026-05-29 01:20:00,User Login,5
14632,458,2025-09-30 22:07:00,Team Invite,15
14633,131,2026-09-15 09:32:00,Team Invite,5
14634,180,2026-05-07 10:52:00,User Login,5
14635,1805,2026-03-26 12:02:00,Data Import,2
14636,67,2026-03-29 07:29:00,User Login,30
14637,1971,2025-01-15 03:32:00,Settings Update,15
14638,1324,2026-05-13 05:01:00,Data Import,10
14639,251,2024-12-07 11:45:00,Report Export,1
14640,18,2026-08-10 20:07:00,Settings Update,2
14641,1512,2024-05-03 14:58:00,Report Export,5
14642,1470,2025-03-16 09:41:00,Data Import,5
14643,1795,2026-05-15 09:53:00,Dashboard View,1
14644,1218,2026-06-25 02:44:00,Dashboard View,10
14645,1325,2026-08-11 07:45:00,Data Import,30
14646,862,2024-05-17 21:54:00,Team Invite,30
14647,651,2026-02-01 21:49:00,Team Invite,5
14648,644,2025-10-06 06:40:00,User Login,15
14649,368,2026-09-12 19:45:00,Data Import,15
14650,132,2026-07-19 21:10:00,Data Import,10
14651,199,2026-08-30 02:47:00,Dashboard View,10
14652,1859,2026-02-14 18:52:00,User Login,10
14653,389,2026-07-07 12:23:00,Data Import,0
14654,1530,2026-05-16 01:02:00,Data Import,1
14655,809,2025-12-12 05:26:00,Settings Update,2
14656,1129,2025-06-05 23:01:00,Data Import,1
14657,82,2023-10-07 19:00:00,Data Import,5
14658,567,2026-07-13 02:15:00,User Login,5
14659,1320,2026-02-25 11:26:00,Data Import,15
14660,704,2026-02-01 12:25:00,Report Export,1
14661,1414,2026-09-06 00:10:00,Data Import,2
14662,960,2024-12-29 03:55:00,User Login,2
14663,1250,2025-11-02 14:20:00,Dashboard View,10
14664,1458,2024-12-16 23:25:00,Data Import,30
14665,48,2025-11-15 05:58:00,Data Import,10
14666,146,2024-12-14 08:34:00,Report Export,10
14667,109,2024-07-31 21:29:00,Team Invite,2
14668,624,2026-03-25 19:25:00,User Login,1
14669,602,2025-10-16 18:40:00,User Login,1
14670,1322,2023-09-19 03:11:00,Report Export,10
14671,1694,2026-08-14 19:43:00,Settings Update,2
14672,1784,2025-11-16 12:10:00,User Login,5
14673,1219,2025-03-09 11:13:00,Team Invite,2
14674,43,2025-10-01 08:36:00,User Login,5
14675,1839,2026-04-27 18:30:00,User Login,2
14676,1745,2026-09-21 16:25:00,Team Invite,0
14677,1123,2024-02-17 23:54:00,Report Export,2
14678,248,2023-11-18 06:14:00,Settings Update,5
14679,1023,2026-04-26 05:48:00,User Login,30
14680,104,2025-01-13 02:24:00,Settings Update,2
14681,1817,2026-01-22 21:04:00,Data Import,5
14682,392,2026-05-20 07:22:00,User Login,0
14683,1786,2026-09-13 21:02:00,User Login,1
14684,1314,2025-11-11 06:49:00,User Login,0
14685,808,2026-02-04 03:06:00,User Login,5
14686,23,2024-04-18 03:16:00,Dashboard View,30
14687,1846,2026-01-25 20:55:00,User Login,2
14688,1317,2024-09-03 13:07:00,Team Invite,10
14689,873,2026-04-23 01:16:00,Dashboard View,2
14690,1122,2024-05-22 21:53:00,Dashboard View,5
14691,393,2026-09-26 07:06:00,Data Import,5
14692,842,2026-06-29 15:39:00,Report Export,2
14693,1830,2025-12-31 00:43:00,User Login,0
14694,153,2024-01-27 06:52:00,Team Invite,15
14695,945,2024-11-05 05:53:00,User Login,0
14696,479,2026-08-27 14:46:00,Dashboard View,10
14697,681,2025-06-04 23:54:00,Data Import,5
14698,925,2024-05-05 06:19:00,Team Invite,0
14699,1091,2026-09-06 06:36:00,User Login,15
14700,1343,2025-07-26 20:05:00,Report Export,10
14701,1280,2025-06-21 11:09:00,Report Export,10
14702,1826,2026-06-20 15:27:00,Team Invite,10
14703,669,2025-02-14 01:54:00,Team Invite,5
14704,570,2026-01-03 03:18:00,Report Export,15
14705,466,2024-11-17 14:05:00,Settings Update,30
14706,1768,2025-05-02 10:29:00,Data Import,1
14707,914,2026-09-20 06:42:00,Report Export,15
14708,1328,2026-02-08 09:55:00,Data Import,0
14709,1138,2025-09-29 08:49:00,Dashboard View,5
14710,835,2024-06-25 19:38:00,Settings Update,5
14711,1867,2026-01-18 04:26:00,Settings Update,10
14712,1151,2026-09-05 03:18:00,Settings Update,5
14713,156,2024-09-30 13:37:00,Data Import,10
14714,800,2024-12-16 10:53:00,Dashboard View,2
14715,712,2026-07-29 18:45:00,Report Export,5
14716,1781,2026-08-03 19:50:00,User Login,1
14717,897,2026-07-30 14:44:00,Dashboard View,5
14718,477,2025-07-22 23:24:00,Dashboard View,1
14719,362,2026-07-10 16:15:00,Data Import,1
14720,1428,2023-12-06 18:48:00,User Login,2
14721,1392,2025-04-03 01:22:00,Team Invite,5
14722,1543,2024-11-30 23:37:00,Team Invite,5
14723,630,2026-01-20 07:06:00,Dashboard View,0
14724,317,2026-09-27 18:00:00,Report Export,2
14725,1029,2025-05-06 00:51:00,User Login,2
14726,1265,2026-09-28 07:32:00,User Login,15
14727,1600,2026-04-09 03:56:00,Settings Update,5
14728,1114,2026-05-15 17:53:00,Dashboard View,0
14729,1704,2026-07-11 05:52:00,User Login,10
14730,1723,2026-07-31 21:22:00,Team Invite,5
14731,381,2023-09-29 01:59:00,User Login,1
14732,168,2024-11-25 12:09:00,Data Import,0
14733,1375,2025-07-14 21:24:00,Dashboard View,1
14734,1610,2026-04-26 21:47:00,Report Export,2
14735,1260,2026-08-11 17:50:00,User Login,10
14736,288,2026-06-27 18:20:00,Settings Update,0
14737,1246,2025-04-27 06:00:00,Report Export,0
14738,443,2024-08-08 02:43:00,Data Import,2
14739,475,2026-06-08 06:32:00,Data Import,0
14740,439,2026-06-29 18:31:00,Dashboard View,1
14741,619,2026-08-22 03:48:00,Data Import,15
14742,1017,2026-02-27 03:16:00,Team Invite,30
14743,1736,2025-03-30 08:19:00,Data Import,5
14744,1007,2026-04-25 01:50:00,Team Invite,15
14745,125,2026-07-31 13:30:00,User Login,15
14746,1603,2024-08-04 06:00:00,User Login,2
14747,705,2026-08-30 05:05:00,Report Export,2
14748,386,2026-06-21 02:25:00,Data Import,0
14749,320,2025-11-24 17:29:00,Team Invite,10
14750,406,2025-05-13 14:01:00,Dashboard View,10
14751,76,2026-07-12 02:06:00,User Login,10
14752,1769,2025-12-02 14:57:00,Data Import,1
14753,899,2026-07-21 13:49:00,Dashboard View,30
14754,1442,2026-09-23 08:35:00,User Login,10
14755,192,2025-10-25 21:52:00,User Login,10
14756,242,2023-07-24 08:28:00,Data Import,5
14757,747,2024-07-11 02:51:00,Data Import,5
14758,1988,2024-04-14 21:52:00,Dashboard View,15
14759,962,2026-08-28 02:06:00,Dashboard View,2
14760,1032,2024-04-03 16:22:00,Report Export,2
14761,938,2025-08-24 17:11:00,Settings Update,5
14762,1615,2025-06-08 16:40:00,Data Import,10
14763,196,2024-02-22 23:46:00,Report Export,10
14764,579,2026-07-09 16:44:00,Settings Update,5
14765,1484,2026-09-29 22:37:00,Report Export,2
14766,927,2026-01-05 20:46:00,Data Import,10
14767,580,2026-06-23 19:00:00,Settings Update,1
14768,1599,2025-12-17 21:15:00,User Login,15
14769,354,2025-01-14 11:28:00,Team Invite,5
14770,1670,2026-05-03 05:28:00,Settings Update,5
14771,910,2026-06-15 03:46:00,Dashboard View,1
14772,947,2025-09-26 02:24:00,Dashboard View,1
14773,211,2025-08-02 16:34:00,Team Invite,5
14774,1682,2024-04-07 19:56:00,Settings Update,0
14775,236,2026-01-10 14:32:00,Data Import,2
14776,786,2025-08-20 14:10:00,Dashboard View,0
14777,1447,2025-02-27 20:52:00,Report Export,10
14778,1032,2023-08-06 07:15:00,Team Invite,1
14779,234,2024-05-31 10:18:00,Settings Update,2
14780,1987,2026-04-29 23:13:00,Report Export,30
14781,1098,2025-06-29 21:12:00,User Login,5
14782,1162,2025-02-17 18:34:00,User Login,10
14783,1684,2026-05-25 15:18:00,Settings Update,2
14784,170,2026-05-26 22:44:00,Data Import,10
14785,1018,2025-12-06 04:23:00,Dashboard View,5
14786,498,2026-08-28 15:03:00,Dashboard View,5
14787,168,2024-11-11 13:46:00,Data Import,1
14788,1806,2026-03-01 15:57:00,Data Import,2
14789,1814,2024-08-26 17:19:00,Dashboard View,2
14790,790,2026-08-07 06:46:00,Report Export,10
14791,1516,2026-03-09 06:36:00,User Login,5
14792,1902,2026-03-10 21:52:00,User Login,1
14793,1246,2026-04-25 11:56:00,Data Import,0
14794,1353,2024-05-26 09:36:00,Team Invite,5
14795,163,2026-06-05 19:43:00,Dashboard View,2
14796,192,2025-12-05 04:59:00,Settings Update,10
14797,1075,2026-09-21 04:14:00,Team Invite,10
14798,1892,2024-12-21 09:59:00,Dashboard View,10
14799,9,2025-07-09 20:24:00,Settings Update,2
14800,1835,2025-11-11 13:05:00,Report Export,1
14801,1780,2026-06-06 13:45:00,User Login,0
14802,658,2026-03-16 21:23:00,User Login,2
14803,534,2026-05-13 14:24:00,Data Import,10
14804,75,2025-12-08 13:03:00,Data Import,10
14805,274,2024-04-16 12:40:00,Data Import,30
14806,627,2026-04-27 07:00:00,Settings Update,1
14807,23,2025-10-02 13:30:00,Dashboard View,10
14808,1428,2025-10-06 05:12:00,Data Import,1
14809,1314,2026-07-15 22:48:00,Settings Update,1
14810,1428,2024-04-02 05:17:00,Settings Update,5
14811,1619,2025-04-01 17:07:00,Settings Update,10
14812,654,2025-11-02 14:29:00,Dashboard View,10
14813,1768,2025-11-02 02:22:00,Dashboard View,10
14814,889,2026-03-28 16:35:00,Report Export,1
14815,732,2025-07-09 02:14:00,Data Import,1
14816,940,2026-05-27 18:08:00,Report Export,2
14817,1364,2025-03-18 01:14:00,Settings Update,0
14818,1576,2026-04-25 17:56:00,User Login,5
14819,129,2026-04-14 09:42:00,Data Import,1
14820,1027,2026-06-11 10:11:00,Settings Update,1
14821,779,2025-06-01 08:41:00,User Login,0
14822,1199,2025-09-01 13:15:00,User Login,15
14823,1757,2026-01-13 18:16:00,Report Export,1
14824,658,2026-02-18 23:24:00,Data Import,1
14825,467,2024-11-23 09:18:00,Settings Update,15
14826,1092,2025-09-06 14:11:00,Report Export,10
14827,742,2026-07-12 01:54:00,Report Export,10
14828,1461,2026-07-22 04:30:00,Settings Update,1
14829,833,2025-07-22 06:43:00,User Login,10
14830,1170,2026-07-25 12:38:00,Team Invite,0
14831,649,2026-08-28 16:16:00,Team Invite,0
14832,420,2025-10-05 13:08:00,Report Export,0
14833,874,2025-11-17 06:25:00,Dashboard View,2
14834,831,2023-04-19 05:58:00,User Login,2
14835,1915,2025-08-14 23:59:00,Data Import,2
14836,289,2026-07-11 07:46:00,Report Export,5
14837,1683,2026-02-19 15:37:00,Settings Update,0
14838,655,2024-07-20 01:59:00,Team Invite,5
14839,1967,2026-07-27 02:27:00,Settings Update,2
14840,1878,2026-08-10 17:28:00,Report Export,1
14841,939,2024-11-23 09:21:00,Team Invite,5
14842,1028,2025-11-04 01:44:00,Data Import,0
14843,1965,2025-04-05 05:01:00,User Login,1
14844,1094,2026-02-22 01:28:00,Team Invite,5
14845,711,2026-08-23 05:04:00,Settings Update,1
14846,1223,2026-05-22 15:21:00,Report Export,15
14847,1341,2026-04-14 11:40:00,User Login,2
14848,1760,2025-06-09 02:58:00,Data Import,30
14849,518,2026-08-31 00:32:00,User Login,2
14850,171,2026-08-17 22:18:00,Settings Update,15
14851,1281,2026-06-21 19:42:00,Data Import,5
14852,466,2025-03-22 07:26:00,Dashboard View,30
14853,1729,2025-06-15 07:34:00,User Login,2
14854,923,2023-10-19 12:16:00,Data Import,2
14855,819,2025-04-20 04:55:00,Dashboard View,0
14856,675,2026-05-06 07:07:00,User Login,2
14857,1417,2024-05-20 14:52:00,Settings Update,15
14858,791,2025-03-25 16:36:00,Dashboard View,2
14859,918,2025-05-29 11:43:00,Dashboard View,5
14860,1463,2026-01-25 15:17:00,Settings Update,5
14861,1838,2025-03-23 16:12:00,User Login,5
14862,1031,2025-06-07 15:43:00,Dashboard View,30
14863,1025,2025-01-01 15:03:00,User Login,5
14864,922,2025-12-30 00:18:00,Report Export,10
14865,1376,2024-10-25 14:47:00,User Login,5
14866,1194,2025-11-27 07:46:00,Data Import,5
14867,253,2026-04-14 14:49:00,Data Import,2
14868,111,2025-09-30 20:11:00,Dashboard View,5
14869,1489,2025-11-14 00:55:00,Dashboard View,5
14870,226,2025-10-17 12:45:00,Data Import,1
14871,409,2025-12-09 18:27:00,Dashboard View,2
14872,423,2026-04-14 22:52:00,Report Export,2
14873,1049,2026-09-05 15:20:00,Data Import,10
14874,339,2026-07-10 09:33:00,User Login,1
14875,852,2026-04-01 09:10:00,User Login,15
14876,304,2026-04-22 06:30:00,Dashboard View,5
14877,64,2025-07-12 05:54:00,Settings Update,10
14878,1936,2025-08-17 07:43:00,Dashboard View,30
14879,1741,2026-08-29 05:37:00,Dashboard View,1
14880,1593,2024-09-05 09:52:00,Dashboard View,0
14881,613,2026-02-22 03:21:00,Report Export,5
14882,1636,2024-12-18 22:03:00,Report Export,0
14883,1716,2023-04-14 23:25:00,Team Invite,30
14884,1774,2026-07-05 08:44:00,Dashboard View,5
14885,509,2026-02-14 21:12:00,Data Import,5
14886,1225,2026-08-12 09:45:00,Team Invite,2
14887,1432,2025-10-06 15:40:00,Report Export,15
14888,1488,2026-08-09 16:05:00,Dashboard View,5
14889,1849,2024-04-25 09:04:00,Data Import,2
14890,160,2026-05-26 09:37:00,Dashboard View,2
14891,1599,2026-05-11 13:12:00,Data Import,15
14892,1713,2026-08-06 02:05:00,Data Import,10
14893,21,2026-04-23 19:03:00,Settings Update,10
14894,1794,2025-09-28 11:13:00,Settings Update,15
14895,132,2025-02-23 20:35:00,Settings Update,2
14896,1899,2026-03-10 02:43:00,User Login,5
14897,1425,2025-04-26 07:26:00,Data Import,2
14898,281,2026-02-18 04:28:00,Report Export,1
14899,1229,2025-10-15 16:00:00,Report Export,2
14900,92,2026-02-27 23:42:00,Report Export,2
14901,748,2025-08-29 17:41:00,Report Export,10
14902,585,2026-03-22 03:15:00,Team Invite,1
14903,1708,2025-07-30 08:13:00,Dashboard View,10
14904,1292,2025-06-02 18:44:00,Team Invite,2
14905,641,2026-05-24 21:19:00,Team Invite,2
14906,1455,2024-05-27 22:12:00,Report Export,10
14907,1487,2024-01-29 15:04:00,Dashboard View,5
14908,519,2024-02-15 11:24:00,Data Import,5
14909,1919,2024-02-10 17:18:00,Settings Update,15
14910,1444,2024-04-18 11:38:00,Dashboard View,10
14911,1474,2025-01-08 18:08:00,Settings Update,10
14912,1546,2026-05-14 02:16:00,Report Export,2
14913,1063,2025-06-25 22:29:00,Team Invite,10
14914,536,2025-09-14 14:55:00,Report Export,0
14915,556,2026-07-11 01:32:00,Team Invite,5
14916,1327,2025-10-17 17:14:00,Data Import,2
14917,201,2025-10-26 16:19:00,Data Import,1
14918,498,2024-11-21 21:43:00,Data Import,10
14919,609,2025-12-23 12:32:00,Dashboard View,0
14920,1848,2025-05-27 17:13:00,Settings Update,5
14921,1881,2026-06-17 00:02:00,Data Import,5
14922,1113,2026-05-29 06:11:00,Dashboard View,10
14923,728,2025-12-15 11:04:00,Data Import,10
14924,1404,2025-09-23 19:23:00,Data Import,2
14925,1016,2026-04-03 20:47:00,Settings Update,1
14926,216,2025-01-16 11:28:00,User Login,1
14927,231,2026-06-16 04:11:00,Data Import,0
14928,608,2025-02-10 08:34:00,Data Import,15
14929,178,2026-06-30 23:10:00,User Login,5
14930,1318,2025-03-13 15:53:00,Team Invite,5
14931,1766,2026-03-09 05:58:00,Settings Update,10
14932,1052,2025-06-11 08:11:00,User Login,15
14933,1329,2025-03-22 14:54:00,Dashboard View,1
14934,1336,2024-09-15 19:56:00,Data Import,1
14935,805,2026-01-30 10:06:00,Dashboard View,15
14936,1362,2023-09-24 15:19:00,User Login,1
14937,1237,2026-08-03 15:18:00,Dashboard View,2
14938,212,2025-11-18 04:43:00,User Login,30
14939,1807,2025-02-05 22:56:00,Settings Update,0
14940,1757,2025-06-24 10:25:00,Settings Update,2
14941,635,2025-12-07 14:46:00,Dashboard View,10
14942,738,2024-07-05 12:05:00,Data Import,15
14943,1983,2025-10-10 01:28:00,Settings Update,5
14944,354,2026-03-29 07:02:00,User Login,15
14945,301,2026-07-29 01:29:00,Dashboard View,2
14946,518,2026-02-25 00:50:00,Team Invite,1
14947,879,2024-08-28 09:40:00,Settings Update,15
14948,1673,2023-04-30 15:01:00,Team Invite,5
14949,1324,2026-06-02 03:37:00,Data Import,5
14950,343,2025-07-10 01:49:00,Report Export,1
14951,659,2025-06-20 17:12:00,Dashboard View,2
14952,726,2026-04-05 18:53:00,Dashboard View,5
14953,97,2024-09-12 05:13:00,User Login,30
14954,1409,2026-05-13 19:26:00,Data Import,2
14955,1854,2024-07-10 19:43:00,Team Invite,10
14956,357,2025-10-02 23:37:00,Team Invite,5
14957,1745,2025-08-30 07:43:00,User Login,30
14958,1798,2024-05-12 15:53:00,Dashboard View,1
14959,578,2025-10-28 00:30:00,Dashboard View,15
14960,1280,2026-09-12 07:07:00,Settings Update,2
14961,526,2026-03-17 15:24:00,Dashboard View,0
14962,1390,2023-03-25 00:19:00,Team Invite,5
14963,449,2026-08-18 11:45:00,Report Export,5
14964,1200,2025-08-07 08:07:00,Report Export,15
14965,1411,2026-08-15 15:01:00,Data Import,1
14966,1580,2025-09-24 03:28:00,Settings Update,5
14967,385,2023-07-15 06:08:00,Report Export,10
14968,212,2024-08-10 01:39:00,Report Export,5
14969,966,2026-08-12 17:58:00,Dashboard View,15
14970,371,2026-05-02 11:24:00,Data Import,5
14971,416,2026-04-12 18:31:00,Report Export,5
14972,1402,2025-08-14 05:58:00,Team Invite,1
14973,866,2025-12-28 18:54:00,Report Export,5
14974,1330,2025-09-29 13:37:00,Settings Update,5
14975,583,2026-06-18 23:04:00,Team Invite,2
14976,1223,2025-10-14 19:28:00,Data Import,10
14977,1793,2025-12-12 23:10:00,Report Export,10
14978,1583,2026-07-14 00:05:00,User Login,5
14979,627,2025-11-18 08:52:00,Report Export,10
14980,1013,2026-09-25 22:00:00,Data Import,5
14981,4,2026-08-17 21:50:00,Report Export,5
14982,1673,2024-04-07 03:46:00,Report Export,15
14983,1028,2026-08-20 12:35:00,Report Export,2
14984,1629,2026-03-14 00:41:00,Data Import,15
14985,1986,2026-08-23 05:23:00,User Login,1
14986,619,2025-07-16 02:11:00,Dashboard View,10
14987,867,2023-09-05 18:03:00,User Login,5
14988,1190,2026-06-24 12:36:00,Team Invite,0
14989,810,2026-09-24 17:42:00,Report Export,5
14990,1706,2023-03-03 00:55:00,Team Invite,5
14991,355,2026-03-23 18:39:00,User Login,1
14992,222,2025-10-20 19:11:00,User Login,15
14993,1763,2025-07-02 05:22:00,Dashboard View,5
14994,1332,2026-06-24 13:44:00,User Login,2
14995,1982,2025-04-11 23:43:00,Settings Update,1
14996,421,2026-09-14 06:15:00,Dashboard View,5
14997,1402,2025-11-13 06:15:00,Settings Update,1
14998,1877,2024-09-15 12:24:00,Dashboard View,15
14999,1959,2025-11-18 15:57:00,Report Export,10
15000,276,2026-09-24 05:54:00,Dashboard View,5
15001,1824,2025-12-18 10:22:00,Team Invite,0
15002,1022,2025-10-19 20:10:00,Dashboard View,10
15003,1472,2026-07-05 01:15:00,Team Invite,1
15004,625,2026-05-31 23:25:00,Data Import,2
15005,1242,2026-06-08 16:45:00,User Login,5
15006,1413,2026-02-02 10:10:00,Report Export,5
15007,117,2025-08-10 07:33:00,Team Invite,30
15008,1962,2026-02-15 02:09:00,Dashboard View,2
15009,745,2025-02-17 13:26:00,Data Import,2
15010,1485,2025-02-18 15:42:00,User Login,1
15011,8,2026-05-28 11:01:00,Team Invite,5
15012,534,2026-04-29 17:39:00,Data Import,2
15013,1028,2026-01-12 05:13:00,Dashboard View,2
15014,1211,2026-04-29 06:43:00,Report Export,1
15015,1774,2026-03-11 17:16:00,Settings Update,2
15016,1100,2025-05-03 13:25:00,Dashboard View,2
15017,63,2025-02-18 01:29:00,Settings Update,2
15018,1486,2026-03-10 00:39:00,Team Invite,5
15019,724,2025-03-17 19:37:00,Dashboard View,2
15020,966,2025-08-18 12:51:00,Dashboard View,30
15021,1762,2026-01-26 15:11:00,Dashboard View,10
15022,1803,2026-07-01 16:48:00,Settings Update,2
15023,1913,2026-03-14 04:45:00,User Login,5
15024,1358,2025-11-28 21:25:00,Data Import,2
15025,1074,2025-12-02 10:12:00,Settings Update,0
15026,412,2026-03-19 08:13:00,Report Export,2
15027,1327,2025-11-27 17:11:00,User Login,2
15028,1094,2025-09-14 11:00:00,Team Invite,5
15029,728,2023-08-24 01:10:00,Settings Update,5
15030,1268,2024-06-26 15:28:00,User Login,2
15031,1108,2026-02-22 17:03:00,Team Invite,5
15032,299,2026-04-18 07:23:00,Settings Update,2
15033,612,2026-01-08 16:59:00,Dashboard View,10
15034,696,2026-09-06 16:27:00,Settings Update,1
15035,66,2024-07-09 00:36:00,Dashboard View,5
15036,963,2025-06-08 23:54:00,Report Export,5
15037,1010,2026-07-19 01:02:00,Dashboard View,1
15038,1982,2024-09-25 23:56:00,User Login,10
15039,1608,2025-08-02 20:37:00,Report Export,2
15040,1120,2026-06-26 18:18:00,Data Import,5
15041,532,2025-09-22 14:09:00,Data Import,5
15042,516,2026-08-08 08:49:00,Team Invite,1
15043,1215,2024-04-17 04:52:00,Settings Update,5
15044,1570,2026-08-15 21:57:00,Data Import,10
15045,65,2025-06-27 15:59:00,Data Import,10
15046,1220,2024-08-14 01:26:00,Team Invite,10
15047,804,2026-06-09 16:15:00,User Login,10
15048,91,2025-05-29 19:12:00,Settings Update,2
15049,1139,2026-08-11 23:26:00,User Login,30
15050,358,2024-08-15 06:29:00,Report Export,5
15051,1875,2026-05-02 01:13:00,Team Invite,0
15052,1887,2025-12-16 00:46:00,Team Invite,2
15053,1480,2026-07-31 01:08:00,User Login,10
15054,84,2025-09-02 18:02:00,Report Export,5
15055,84,2025-08-21 17:56:00,Dashboard View,1
15056,1507,2024-03-23 12:01:00,Data Import,10
15057,1195,2023-09-04 03:50:00,Settings Update,5
15058,1201,2025-10-01 13:54:00,Data Import,0
15059,472,2026-09-29 18:54:00,Dashboard View,2
15060,1120,2024-11-24 09:13:00,Data Import,15
15061,206,2024-01-24 06:20:00,Team Invite,1
15062,1209,2026-02-28 22:38:00,Report Export,10
15063,1533,2026-09-16 08:24:00,Settings Update,0
15064,312,2024-07-23 04:27:00,Settings Update,5
15065,1775,2025-11-22 14:53:00,Dashboard View,2
15066,1613,2025-08-22 08:01:00,User Login,5
15067,1560,2024-11-22 15:07:00,Dashboard View,1
15068,693,2023-11-12 14:14:00,Data Import,5
15069,1007,2025-12-23 09:48:00,Data Import,10
15070,1950,2026-03-16 14:24:00,Team Invite,15
15071,1903,2023-10-04 23:12:00,Dashboard View,0
15072,757,2026-06-07 13:02:00,Data Import,30
15073,1198,2025-06-26 15:25:00,Data Import,2
15074,1328,2026-06-29 09:04:00,User Login,5
15075,757,2026-09-11 04:14:00,Dashboard View,2
15076,1942,2025-12-03 13:17:00,User Login,15
15077,1676,2026-06-29 13:01:00,Dashboard View,10
15078,1122,2023-09-12 08:30:00,Data Import,1
15079,1194,2025-10-21 22:24:00,Settings Update,0
15080,589,2026-05-07 07:21:00,Team Invite,30
15081,1604,2025-01-29 10:15:00,Dashboard View,2
15082,1345,2025-07-04 13:15:00,User Login,5
15083,768,2025-02-06 23:38:00,Team Invite,10
15084,1465,2026-09-22 18:04:00,Team Invite,2
15085,1744,2026-04-30 13:33:00,Data Import,0
15086,1726,2025-11-20 15:14:00,Settings Update,0
15087,1078,2026-03-12 18:54:00,Team Invite,15
15088,526,2026-08-19 07:41:00,Settings Update,30
15089,998,2025-12-20 01:45:00,Report Export,2
15090,672,2025-05-02 17:54:00,Data Import,10
15091,1359,2025-08-25 07:40:00,Data Import,1
15092,291,2025-01-18 09:20:00,User Login,2
15093,1092,2026-08-20 07:13:00,Data Import,0
15094,813,2023-04-16 15:30:00,Report Export,5
15095,805,2026-02-24 06:50:00,User Login,5
15096,1877,2025-04-30 22:45:00,Settings Update,10
15097,791,2025-09-06 03:38:00,Team Invite,5
15098,216,2024-06-29 05:00:00,Settings Update,5
15099,475,2025-05-14 22:26:00,User Login,10
15100,1879,2024-10-20 05:30:00,Team Invite,2
15101,1019,2024-12-18 07:10:00,Report Export,10
15102,1738,2023-11-10 14:21:00,Team Invite,10
15103,1084,2026-05-12 17:52:00,Settings Update,10
15104,1166,2025-06-01 10:55:00,User Login,2
15105,1783,2025-08-21 14:24:00,Team Invite,5
15106,207,2026-09-23 19:02:00,Dashboard View,2
15107,357,2025-11-06 00:39:00,Team Invite,5
15108,1483,2024-04-01 19:56:00,Report Export,2
15109,1924,2025-06-07 01:59:00,Dashboard View,2
15110,824,2026-03-01 15:55:00,Team Invite,10
15111,1070,2024-11-14 13:44:00,Dashboard View,2
15112,1827,2026-03-02 05:10:00,User Login,15
15113,110,2024-03-28 23:11:00,User Login,0
15114,896,2025-11-04 06:48:00,Data Import,1
15115,1275,2026-07-06 01:45:00,User Login,5
15116,804,2025-11-04 00:51:00,Dashboard View,15
15117,1648,2025-11-20 03:25:00,User Login,0
15118,367,2026-08-17 18:42:00,Settings Update,15
15119,794,2025-03-17 16:52:00,Report Export,0
15120,1208,2026-05-04 07:59:00,User Login,2
15121,623,2026-06-10 02:54:00,User Login,2
15122,1653,2026-07-01 22:59:00,User Login,2
15123,985,2025-08-13 17:49:00,Data Import,5
15124,134,2025-10-06 02:18:00,Data Import,1
15125,635,2025-07-06 08:47:00,Team Invite,5
15126,1321,2026-02-25 01:58:00,Settings Update,10
15127,1288,2024-12-03 06:36:00,Dashboard View,2
15128,116,2025-06-05 23:18:00,Data Import,1
15129,1136,2025-03-26 14:27:00,Settings Update,1
15130,118,2026-08-04 06:45:00,User Login,15
15131,65,2025-02-17 12:20:00,Settings Update,2
15132,1041,2026-05-08 20:53:00,Settings Update,1
15133,1815,2024-07-28 15:38:00,Report Export,0
15134,411,2026-09-29 00:30:00,User Login,5
15135,1279,2026-02-11 04:38:00,Dashboard View,15
15136,769,2026-05-24 07:43:00,Team Invite,10
15137,1688,2026-07-19 09:09:00,Settings Update,1
15138,1215,2025-11-24 07:37:00,Dashboard View,2
15139,1471,2026-09-13 07:56:00,Settings Update,30
15140,1745,2026-09-21 20:32:00,User Login,0
15141,272,2025-11-17 12:32:00,Report Export,5
15142,1284,2025-09-04 10:16:00,Settings Update,30
15143,1328,2026-03-02 12:54:00,Settings Update,0
15144,1603,2023-12-30 10:50:00,Data Import,2
15145,665,2026-02-24 11:43:00,Settings Update,5
15146,1622,2026-03-17 10:43:00,Report Export,1
15147,1383,2026-08-21 15:25:00,Data Import,5
15148,982,2025-11-28 17:09:00,Data Import,0
15149,467,2025-06-05 03:22:00,Settings Update,5
15150,1152,2026-03-29 18:12:00,User Login,2
15151,680,2025-03-16 21:40:00,Report Export,2
15152,1049,2026-05-09 18:06:00,Data Import,5
15153,34,2026-03-08 23:06:00,User Login,1
15154,1032,2025-04-16 09:31:00,Data Import,1
15155,88,2025-04-05 15:53:00,Settings Update,5
15156,1331,2026-07-25 20:46:00,Data Import,1
15157,1553,2026-06-05 05:18:00,Settings Update,2
15158,938,2025-09-12 12:37:00,User Login,0
15159,1292,2024-12-18 05:12:00,Settings Update,0
15160,94,2026-01-26 21:58:00,Team Invite,1
15161,644,2025-06-03 09:10:00,Data Import,5
15162,1401,2026-08-02 22:48:00,Report Export,5
15163,1355,2026-05-31 23:25:00,Settings Update,1
15164,697,2024-04-28 02:39:00,Dashboard View,10
15165,1733,2025-02-28 18:12:00,User Login,10
15166,1441,2026-09-21 11:25:00,Report Export,5
15167,712,2026-03-07 17:22:00,Report Export,5
15168,1668,2025-03-07 11:58:00,Data Import,5
15169,1342,2025-06-04 23:51:00,Report Export,5
15170,969,2026-09-22 14:34:00,Report Export,1
15171,1878,2026-06-12 17:04:00,Report Export,10
15172,557,2024-11-23 09:08:00,Dashboard View,2
15173,1635,2025-06-07 19:48:00,Report Export,30
15174,1246,2025-11-03 13:33:00,Data Import,15
15175,1821,2025-05-08 19:01:00,Dashboard View,15
15176,1829,2026-05-29 12:43:00,Dashboard View,5
15177,398,2025-08-29 23:11:00,Settings Update,15
15178,1785,2026-08-28 18:35:00,Settings Update,1
15179,1783,2025-03-20 22:53:00,Team Invite,30
15180,664,2025-03-04 22:27:00,Report Export,2
15181,1706,2026-01-11 05:40:00,Data Import,1
15182,782,2025-08-13 23:24:00,Team Invite,15
15183,1687,2026-09-27 10:14:00,Team Invite,0
15184,1258,2024-08-24 17:19:00,Team Invite,2
15185,1853,2025-10-19 14:45:00,Team Invite,5
15186,729,2025-06-06 11:10:00,Team Invite,2
15187,846,2026-04-30 05:35:00,Settings Update,2
15188,314,2025-11-18 07:49:00,Dashboard View,1
15189,184,2026-06-06 15:12:00,Settings Update,15
15190,624,2026-04-03 13:28:00,Team Invite,5
15191,1109,2025-10-08 19:03:00,Dashboard View,5
15192,1436,2026-03-17 09:47:00,Data Import,0
15193,1413,2024-03-16 03:03:00,Report Export,5
15194,1259,2024-03-20 05:11:00,Data Import,2
15195,114,2026-02-14 02:54:00,Settings Update,5
15196,1904,2025-08-11 04:08:00,Report Export,5
15197,728,2024-09-02 23:03:00,Report Export,1
15198,985,2026-07-28 17:15:00,Report Export,5
15199,1163,2026-03-09 12:26:00,Dashboard View,1
15200,1674,2026-01-12 16:51:00,Dashboard View,1
15201,1531,2026-04-06 20:19:00,Settings Update,5
15202,395,2026-07-24 04:35:00,Team Invite,15
15203,433,2024-08-27 10:20:00,User Login,5
15204,597,2026-07-11 09:21:00,Team Invite,2
15205,487,2025-11-03 17:14:00,Data Import,2
15206,124,2025-09-23 05:46:00,User Login,5
15207,1125,2026-09-01 14:54:00,Settings Update,2
15208,1952,2026-05-03 13:07:00,Dashboard View,1
15209,202,2025-07-05 09:19:00,Data Import,1
15210,100,2026-03-20 17:56:00,Team Invite,2
15211,1270,2025-03-09 13:14:00,User Login,10
15212,811,2026-05-17 23:16:00,Data Import,15
15213,1432,2026-07-25 18:03:00,User Login,2
15214,470,2026-08-23 19:14:00,Dashboard View,0
15215,1814,2026-09-12 21:58:00,Team Invite,1
15216,684,2026-06-01 14:06:00,User Login,10
15217,1164,2026-08-02 07:36:00,Dashboard View,10
15218,1606,2026-08-02 10:56:00,User Login,5
15219,1552,2026-03-20 09:41:00,Settings Update,5
15220,920,2025-03-20 16:25:00,Team Invite,1
15221,1538,2025-04-22 16:31:00,Data Import,2
15222,1613,2025-07-16 20:27:00,Data Import,5
15223,1455,2024-08-02 04:18:00,Data Import,5
15224,315,2025-12-27 15:49:00,Dashboard View,10
15225,28,2026-06-15 19:48:00,User Login,2
15226,1719,2025-05-24 03:23:00,Team Invite,2
15227,1860,2024-12-19 06:18:00,Dashboard View,1
15228,1479,2026-09-06 02:22:00,Dashboard View,5
15229,426,2024-06-13 15:53:00,Team Invite,5
15230,1361,2025-12-03 23:50:00,User Login,15
15231,609,2026-04-08 15:15:00,Team Invite,5
15232,849,2026-06-22 00:00:00,Dashboard View,1
15233,258,2025-04-27 12:25:00,Report Export,0
15234,1659,2026-05-20 21:29:00,Dashboard View,5
15235,1613,2025-09-22 17:03:00,Data Import,10
15236,258,2026-01-06 03:24:00,User Login,15
15237,1620,2023-08-20 15:10:00,Settings Update,10
15238,1272,2026-05-22 18:22:00,Data Import,1
15239,586,2025-10-17 15:22:00,User Login,5
15240,1628,2025-10-01 09:52:00,Settings Update,1
15241,293,2025-09-01 15:55:00,Settings Update,30
15242,411,2026-05-09 16:16:00,Team Invite,1
15243,1811,2025-01-24 06:25:00,Report Export,15
15244,1924,2026-04-14 18:03:00,Dashboard View,0
15245,203,2025-03-03 18:59:00,Report Export,5
15246,1656,2026-09-11 13:43:00,Team Invite,5
15247,1287,2026-08-20 09:29:00,Report Export,15
15248,374,2026-07-17 04:03:00,Team Invite,2
15249,1374,2025-11-04 20:14:00,Settings Update,5
15250,1352,2025-03-26 08:06:00,Dashboard View,1
15251,1712,2026-06-28 23:47:00,Data Import,10
15252,730,2025-12-13 22:46:00,Data Import,0
15253,540,2026-07-20 06:03:00,Team Invite,10
15254,1359,2026-08-15 20:40:00,Report Export,30
15255,106,2025-08-02 05:08:00,Settings Update,0
15256,1376,2025-08-14 14:15:00,User Login,5
15257,1635,2026-02-11 10:23:00,Data Import,0
15258,591,2024-12-06 23:54:00,User Login,10
15259,354,2024-11-24 21:12:00,User Login,5
15260,1928,2025-11-15 10:30:00,Team Invite,2
15261,1712,2025-10-02 01:59:00,Team Invite,1
15262,1197,2024-04-25 23:50:00,Team Invite,1
15263,45,2025-01-03 16:54:00,Dashboard View,1
15264,470,2026-04-01 21:25:00,Data Import,10
15265,164,2025-02-11 12:59:00,User Login,1
15266,1266,2026-06-12 04:28:00,Settings Update,5
15267,496,2025-12-09 17:05:00,Team Invite,2
15268,672,2025-11-04 01:29:00,Settings Update,15
15269,871,2024-01-04 22:15:00,Team Invite,0
15270,670,2026-08-01 22:47:00,Team Invite,2
15271,1377,2024-01-04 03:43:00,User Login,2
15272,1479,2026-08-22 05:59:00,Dashboard View,5
15273,1195,2023-09-16 14:10:00,User Login,15
15274,1118,2026-02-17 19:46:00,Dashboard View,10
15275,1041,2026-07-11 11:55:00,Report Export,2
15276,1587,2025-07-17 13:12:00,Dashboard View,10
15277,1822,2026-06-05 09:27:00,Settings Update,2
15278,1746,2025-10-05 06:48:00,Data Import,1
15279,542,2026-09-11 18:38:00,Team Invite,1
15280,688,2026-07-02 09:37:00,Data Import,30
15281,759,2025-02-22 17:53:00,Settings Update,10
15282,188,2025-04-20 23:31:00,Report Export,1
15283,1440,2025-10-28 09:01:00,Report Export,10
15284,1122,2026-01-07 18:42:00,Data Import,5
15285,871,2024-10-23 20:53:00,User Login,2
15286,1168,2025-06-19 07:08:00,Data Import,10
15287,784,2026-04-11 17:37:00,User Login,5
15288,1424,2026-01-05 06:26:00,Dashboard View,5
15289,833,2026-08-19 22:26:00,Data Import,2
15290,1291,2024-08-29 10:27:00,Settings Update,5
15291,613,2026-08-21 04:39:00,Dashboard View,1
15292,1464,2026-08-25 06:01:00,Data Import,1
15293,167,2026-02-10 22:14:00,Dashboard View,15
15294,190,2024-08-14 02:50:00,Data Import,2
15295,91,2024-11-14 03:30:00,Team Invite,10
15296,1771,2026-02-15 04:20:00,Team Invite,2
15297,1335,2026-07-20 02:33:00,User Login,30
15298,1615,2025-01-06 04:38:00,Data Import,10
15299,1623,2026-07-12 17:50:00,Settings Update,10
15300,778,2024-09-28 20:48:00,Team Invite,30
15301,96,2025-03-31 16:48:00,Data Import,5
15302,1810,2026-08-07 22:38:00,Settings Update,10
15303,548,2024-05-27 09:40:00,Settings Update,15
15304,742,2026-06-09 19:22:00,Settings Update,10
15305,1382,2026-08-29 07:09:00,Data Import,5
15306,142,2026-04-21 08:27:00,Report Export,5
15307,1705,2025-09-13 15:09:00,Dashboard View,5
15308,104,2026-02-11 20:37:00,Data Import,5
15309,404,2025-06-19 11:12:00,Settings Update,0
15310,809,2026-03-25 12:05:00,Report Export,5
15311,215,2026-09-18 12:17:00,Dashboard View,1
15312,1783,2024-12-20 18:44:00,Team Invite,10
15313,419,2026-09-16 20:49:00,Data Import,5
15314,1674,2026-02-22 14:49:00,Settings Update,1
15315,151,2026-01-29 19:21:00,Settings Update,0
15316,871,2023-07-20 07:53:00,Settings Update,5
15317,1124,2026-07-25 19:42:00,Settings Update,5
15318,56,2025-02-16 20:10:00,Dashboard View,2
15319,274,2025-02-26 23:56:00,User Login,15
15320,608,2024-04-16 19:11:00,Report Export,15
15321,1579,2026-07-26 02:20:00,Report Export,10
15322,1281,2026-01-09 02:39:00,Dashboard View,5
15323,1100,2025-08-31 16:29:00,Data Import,5
15324,1920,2026-03-17 14:12:00,Data Import,5
15325,367,2025-09-09 05:24:00,Dashboard View,0
15326,373,2026-07-26 01:12:00,Dashboard View,5
15327,625,2026-09-23 09:47:00,Report Export,2
15328,1447,2025-03-22 01:47:00,Dashboard View,5
15329,179,2024-03-05 19:48:00,Dashboard View,10
15330,1790,2026-06-02 06:40:00,User Login,0
15331,1970,2026-07-29 23:36:00,Settings Update,5
15332,1384,2025-12-27 03:49:00,User Login,1
15333,1235,2025-06-14 17:33:00,Report Export,1
15334,1338,2026-05-06 16:15:00,User Login,2
15335,159,2025-04-04 05:01:00,User Login,0
15336,420,2024-01-02 19:31:00,Dashboard View,5
15337,1445,2026-02-18 12:11:00,Settings Update,1
15338,1238,2026-08-29 15:23:00,User Login,2
15339,1437,2025-03-28 12:15:00,Team Invite,15
15340,924,2024-08-28 06:55:00,Data Import,30
15341,1861,2025-11-19 04:48:00,Team Invite,2
15342,136,2026-07-31 19:04:00,Data Import,5
15343,1267,2026-03-08 00:35:00,Team Invite,2
15344,1529,2026-09-05 16:24:00,Dashboard View,2
15345,1912,2025-11-14 11:50:00,Report Export,2
15346,155,2025-05-24 10:43:00,Team Invite,5
15347,1791,2026-09-20 01:29:00,User Login,2
15348,1217,2026-06-29 22:33:00,Settings Update,15
15349,1804,2025-08-21 16:16:00,Report Export,10
15350,1013,2026-02-23 23:58:00,Settings Update,10
15351,1384,2025-11-30 12:49:00,User Login,5
15352,404,2025-05-18 08:38:00,User Login,10
15353,374,2025-09-30 14:34:00,User Login,2
15354,169,2026-08-26 16:44:00,User Login,0
15355,978,2025-02-23 16:57:00,Dashboard View,0
15356,154,2026-06-28 09:50:00,Report Export,10
15357,294,2026-07-19 13:26:00,Data Import,1
15358,315,2025-01-14 16:40:00,Settings Update,2
15359,1080,2026-01-24 02:47:00,Team Invite,2
15360,1570,2024-05-20 01:52:00,Dashboard View,0
15361,1954,2024-10-26 18:34:00,User Login,5
15362,1104,2025-12-27 19:28:00,Report Export,5
15363,9,2025-12-20 14:59:00,Settings Update,5
15364,1593,2023-05-25 03:55:00,Dashboard View,1
15365,757,2026-04-16 01:16:00,Settings Update,2
15366,839,2026-03-25 15:52:00,Team Invite,1
15367,988,2024-08-22 12:18:00,User Login,5
15368,1479,2026-08-27 00:39:00,User Login,2
15369,1440,2025-07-13 07:56:00,Data Import,0
15370,1166,2024-10-04 06:40:00,Settings Update,1
15371,1399,2024-11-28 05:51:00,Report Export,5
15372,1452,2026-09-04 02:19:00,Settings Update,2
15373,482,2026-01-22 02:02:00,User Login,0
15374,1685,2026-01-16 12:09:00,Dashboard View,2
15375,1340,2025-06-13 17:02:00,Data Import,5
15376,1624,2026-03-02 21:57:00,Settings Update,1
15377,1977,2026-07-03 10:24:00,Report Export,5
15378,1638,2026-08-01 06:51:00,Team Invite,10
15379,1344,2026-06-24 10:06:00,User Login,0
15380,1702,2026-08-30 20:25:00,Settings Update,10
15381,331,2026-04-30 01:27:00,Data Import,30
15382,1432,2026-08-11 05:34:00,Report Export,1
15383,1915,2025-06-15 11:39:00,Dashboard View,5
15384,216,2024-06-30 12:53:00,Data Import,5
15385,1898,2026-01-27 18:57:00,Data Import,5
15386,350,2024-05-04 19:33:00,Data Import,5
15387,398,2025-12-07 00:06:00,User Login,15
15388,464,2026-08-22 21:54:00,Report Export,1
15389,1646,2026-08-08 13:06:00,Data Import,5
15390,1950,2026-07-31 05:27:00,User Login,15
15391,1328,2026-08-13 21:47:00,Team Invite,5
15392,844,2025-09-08 21:53:00,Data Import,2
15393,774,2026-09-29 13:47:00,Data Import,5
15394,1095,2023-09-22 12:23:00,User Login,10
15395,1634,2025-05-27 16:01:00,Report Export,5
15396,267,2026-08-11 08:02:00,Team Invite,10
15397,281,2025-12-06 01:05:00,Settings Update,10
15398,360,2025-12-25 23:29:00,Dashboard View,1
15399,861,2025-11-11 18:43:00,Dashboard View,15
15400,1795,2026-05-15 11:31:00,Report Export,2
15401,325,2025-05-06 22:13:00,User Login,2
15402,1428,2024-03-17 23:16:00,Report Export,5
15403,1824,2026-03-22 06:50:00,Data Import,2
15404,1321,2025-08-25 20:16:00,Team Invite,0
15405,79,2026-04-18 22:50:00,Data Import,10
15406,779,2023-09-20 10:53:00,Settings Update,2
15407,472,2025-12-13 17:52:00,Team Invite,5
15408,630,2025-03-26 21:32:00,Settings Update,5
15409,603,2025-12-11 13:50:00,Team Invite,10
15410,1792,2026-08-24 11:44:00,Team Invite,5
15411,90,2026-06-05 13:10:00,Report Export,5
15412,176,2024-06-20 03:00:00,Report Export,15
15413,1328,2026-04-22 09:15:00,Team Invite,1
15414,1976,2026-04-20 01:21:00,User Login,5
15415,65,2025-04-30 14:06:00,User Login,15
15416,758,2026-03-13 09:07:00,Dashboard View,10
15417,1988,2026-05-22 10:04:00,User Login,1
15418,1905,2026-08-08 20:17:00,Dashboard View,5
15419,768,2024-07-29 21:11:00,Report Export,5
15420,1116,2026-05-10 21:06:00,Dashboard View,2
15421,700,2025-06-30 07:59:00,Data Import,10
15422,1236,2024-11-23 18:10:00,Team Invite,1
15423,1190,2024-10-06 07:10:00,Data Import,0
15424,57,2026-02-05 05:43:00,Team Invite,1
15425,210,2026-04-08 14:35:00,Team Invite,30
15426,1675,2025-01-20 09:41:00,Report Export,5
15427,360,2025-09-30 18:57:00,Data Import,2
15428,929,2026-03-21 22:27:00,Report Export,15
15429,1162,2025-01-11 09:48:00,Report Export,10
15430,232,2026-07-18 13:35:00,Report Export,0
15431,903,2026-07-28 11:10:00,User Login,2
15432,275,2023-10-29 12:41:00,Dashboard View,10
15433,613,2026-09-22 03:58:00,Settings Update,1
15434,938,2025-07-19 06:14:00,Settings Update,5
15435,532,2026-01-01 01:10:00,Dashboard View,15
15436,738,2024-11-19 03:05:00,Data Import,5
15437,609,2026-07-09 15:35:00,Team Invite,2
15438,1410,2026-08-03 13:18:00,Report Export,5
15439,438,2025-09-07 12:04:00,Data Import,2
15440,114,2026-09-01 05:20:00,Data Import,15
15441,7,2025-10-01 07:19:00,Data Import,0
15442,1153,2025-09-14 20:39:00,Data Import,10
15443,1310,2026-03-07 01:38:00,Data Import,1
15444,429,2026-04-03 20:11:00,User Login,2
15445,284,2025-05-26 17:20:00,Report Export,5
15446,495,2025-11-13 00:09:00,Settings Update,5
15447,1895,2026-04-10 21:57:00,Team Invite,10
15448,676,2026-09-15 00:40:00,Settings Update,15
15449,914,2025-09-20 14:26:00,Data Import,30
15450,1076,2026-01-05 17:13:00,Team Invite,5
15451,532,2025-08-14 05:17:00,User Login,10
15452,1627,2025-05-22 02:58:00,Dashboard View,2
15453,540,2026-07-05 16:14:00,Report Export,2
15454,835,2025-08-19 18:30:00,Team Invite,5
15455,605,2025-09-20 13:53:00,Settings Update,5
15456,938,2025-08-04 14:17:00,Settings Update,0
15457,1376,2025-04-17 10:10:00,Settings Update,30
15458,1113,2025-12-13 14:05:00,User Login,15
15459,1271,2026-06-09 22:23:00,Report Export,1
15460,898,2025-02-26 18:07:00,Dashboard View,5
15461,969,2026-09-02 17:26:00,Team Invite,10
15462,592,2026-04-08 22:45:00,User Login,2
15463,777,2026-05-30 16:42:00,Settings Update,5
15464,1479,2026-07-18 19:09:00,Dashboard View,5
15465,1014,2025-03-11 17:20:00,User Login,0
15466,1649,2024-06-11 00:36:00,Settings Update,5
15467,1806,2025-04-10 12:17:00,Team Invite,1
15468,816,2026-08-25 20:02:00,Report Export,10
15469,1639,2026-06-21 10:56:00,Report Export,2
15470,844,2025-08-20 04:52:00,Settings Update,10
15471,657,2026-01-20 00:05:00,User Login,5
15472,757,2026-06-13 18:33:00,Team Invite,10
15473,1152,2026-04-13 08:12:00,User Login,0
15474,589,2025-06-03 01:22:00,Report Export,5
15475,487,2025-10-21 19:26:00,Team Invite,1
15476,122,2024-03-22 07:54:00,User Login,15
15477,242,2026-01-29 05:52:00,User Login,15
15478,157,2026-01-05 15:29:00,Settings Update,0
15479,802,2025-06-07 05:44:00,Dashboard View,0
15480,1148,2025-07-04 05:40:00,Settings Update,10
15481,107,2026-04-21 14:36:00,Team Invite,5
15482,262,2024-10-22 22:01:00,Report Export,10
15483,319,2025-07-15 20:50:00,Team Invite,1
15484,809,2025-09-16 05:25:00,Dashboard View,15
15485,1057,2026-04-29 14:27:00,Team Invite,10
15486,22,2025-04-29 19:51:00,Team Invite,1
15487,210,2026-07-05 23:42:00,Report Export,1
15488,452,2026-06-18 10:50:00,Team Invite,10
15489,417,2025-10-01 08:07:00,Report Export,2
15490,250,2025-06-09 13:47:00,Report Export,5
15491,1936,2023-11-29 10:07:00,Settings Update,10
15492,1452,2025-11-10 18:58:00,Team Invite,10
15493,442,2026-02-11 15:02:00,Team Invite,1
15494,1995,2024-01-19 00:40:00,Report Export,1
15495,1683,2024-02-13 00:42:00,Data Import,5
15496,1196,2026-05-16 16:46:00,Report Export,30
15497,1522,2025-01-06 13:26:00,Data Import,2
15498,1138,2024-07-03 09:57:00,Report Export,5
15499,26,2025-11-28 17:34:00,Team Invite,2
15500,1614,2026-03-29 13:30:00,Dashboard View,5
15501,653,2024-08-30 08:30:00,Report Export,5
15502,747,2024-06-24 20:06:00,Data Import,5
15503,1730,2026-07-26 20:02:00,Team Invite,10
15504,1418,2025-09-10 03:32:00,Settings Update,1
15505,1957,2026-06-03 22:44:00,Dashboard View,0
15506,161,2026-09-09 05:29:00,Data Import,5
15507,1354,2026-02-11 09:03:00,Team Invite,5
15508,1079,2026-06-04 20:46:00,User Login,5
15509,779,2024-05-01 02:23:00,Data Import,2
15510,1719,2026-02-10 15:38:00,User Login,15
15511,819,2025-07-08 17:20:00,User Login,5
15512,496,2026-07-24 13:26:00,Report Export,2
15513,351,2026-09-01 08:48:00,Data Import,0
15514,1314,2026-06-21 02:32:00,Data Import,10
15515,1054,2024-12-30 20:11:00,Data Import,1
15516,1408,2026-09-30 06:05:00,Dashboard View,2
15517,8,2026-06-02 19:44:00,Data Import,5
15518,327,2026-07-12 18:54:00,Data Import,10
15519,183,2026-04-21 12:20:00,Team Invite,1
15520,108,2026-04-19 16:10:00,User Login,5
15521,184,2026-03-25 11:02:00,Report Export,5
15522,888,2026-06-14 16:45:00,Dashboard View,1
15523,839,2026-03-06 04:04:00,Settings Update,15
15524,930,2025-04-14 01:55:00,User Login,10
15525,528,2026-07-01 23:10:00,Dashboard View,5
15526,1613,2026-01-13 21:40:00,Data Import,2
15527,262,2024-11-08 04:43:00,Team Invite,30
15528,1200,2025-10-30 18:18:00,Data Import,30
15529,397,2026-09-02 02:38:00,Settings Update,10
15530,563,2026-09-05 21:33:00,Data Import,10
15531,1907,2026-06-07 20:44:00,Team Invite,30
15532,1365,2026-04-01 22:30:00,Dashboard View,10
15533,493,2025-01-16 21:11:00,Dashboard View,2
15534,1477,2024-03-19 03:13:00,Team Invite,5
15535,523,2026-08-01 23:30:00,User Login,2
15536,1044,2026-06-30 11:29:00,User Login,1
15537,1440,2025-04-04 20:20:00,Report Export,30
15538,887,2026-09-18 03:54:00,Dashboard View,15
15539,1458,2025-07-27 18:52:00,User Login,1
15540,1127,2026-06-28 07:43:00,Team Invite,5
15541,461,2026-01-11 15:54:00,Dashboard View,5
15542,1624,2026-08-14 00:45:00,Report Export,10
15543,469,2026-02-18 14:29:00,Team Invite,0
15544,963,2025-08-01 21:36:00,Dashboard View,10
15545,396,2026-07-15 16:34:00,Dashboard View,5
15546,1161,2025-08-14 14:08:00,Settings Update,30
15547,1115,2023-11-29 17:31:00,User Login,1
15548,1772,2024-05-17 20:06:00,Dashboard View,5
15549,1521,2024-07-01 23:17:00,Data Import,0
15550,1219,2024-06-19 00:26:00,Settings Update,15
15551,558,2026-02-28 05:50:00,User Login,10
15552,1363,2026-01-31 08:52:00,Settings Update,2
15553,493,2025-10-24 12:11:00,User Login,10
15554,185,2024-12-24 05:22:00,Data Import,15
15555,1584,2026-01-20 21:54:00,Report Export,1
15556,1013,2025-07-31 15:41:00,Report Export,15
15557,276,2026-02-21 13:36:00,User Login,2
15558,1457,2024-10-16 12:57:00,Settings Update,15
15559,801,2025-03-22 08:10:00,Team Invite,2
15560,850,2024-01-04 10:14:00,Report Export,10
15561,349,2026-08-25 00:13:00,Report Export,10
15562,10,2023-04-30 19:34:00,Settings Update,10
15563,1099,2026-09-07 06:37:00,User Login,10
15564,1871,2026-02-27 15:19:00,Data Import,1
15565,540,2026-06-23 17:33:00,Dashboard View,15
15566,1322,2024-05-17 16:19:00,User Login,10
15567,1417,2026-02-26 05:37:00,Settings Update,10
15568,1340,2024-11-28 00:07:00,Dashboard View,15
15569,258,2025-09-24 21:34:00,User Login,1
15570,1585,2023-08-23 13:18:00,Settings Update,5
15571,1567,2025-10-21 17:43:00,Settings Update,5
15572,478,2024-10-15 20:31:00,Report Export,10
15573,373,2025-05-03 05:22:00,Report Export,30
15574,474,2026-03-30 10:48:00,Team Invite,15
15575,13,2024-04-30 22:29:00,Settings Update,2
15576,1731,2025-11-24 21:48:00,User Login,0
15577,566,2024-12-28 13:34:00,Settings Update,0
15578,156,2025-05-12 09:26:00,Settings Update,5
15579,183,2025-07-25 11:58:00,Report Export,5
15580,469,2025-07-14 21:51:00,Team Invite,5
15581,1924,2023-10-01 20:58:00,Dashboard View,10
15582,1189,2026-03-14 13:40:00,Dashboard View,15
15583,1145,2026-09-11 17:01:00,Team Invite,0
15584,435,2026-08-27 08:12:00,Data Import,5
15585,1088,2026-09-29 23:30:00,Dashboard View,1
15586,517,2025-05-24 07:36:00,Dashboard View,2
15587,1591,2026-08-30 06:41:00,User Login,5
15588,479,2026-01-05 19:16:00,User Login,2
15589,980,2025-03-08 05:45:00,User Login,10
15590,1823,2025-07-12 20:40:00,Report Export,15
15591,1564,2026-07-22 17:42:00,User Login,10
15592,828,2023-05-05 04:00:00,Data Import,1
15593,689,2026-05-11 07:48:00,Dashboard View,1
15594,1231,2026-09-19 03:44:00,User Login,2
15595,1539,2026-04-26 07:07:00,Report Export,0
15596,307,2026-06-07 07:41:00,Report Export,15
15597,166,2026-02-10 22:39:00,Dashboard View,5
15598,1635,2024-07-07 18:20:00,Dashboard View,1
15599,1307,2024-08-13 21:41:00,Settings Update,0
15600,365,2026-07-12 21:04:00,Settings Update,15
15601,1922,2025-12-19 01:42:00,Dashboard View,5
15602,502,2024-06-13 11:12:00,Dashboard View,10
15603,306,2023-12-19 22:16:00,User Login,15
15604,347,2026-09-29 14:46:00,Dashboard View,0
15605,1418,2023-09-05 16:22:00,Dashboard View,1
15606,351,2025-11-23 21:56:00,Dashboard View,10
15607,496,2025-11-23 07:16:00,User Login,2
15608,657,2026-04-14 11:47:00,Dashboard View,10
15609,368,2026-07-22 09:14:00,Team Invite,2
15610,631,2025-09-03 03:52:00,Dashboard View,1
15611,1688,2026-07-21 08:02:00,Settings Update,2
15612,1614,2026-02-12 01:18:00,Team Invite,10
15613,253,2026-05-06 12:58:00,Team Invite,2
15614,1219,2025-12-16 17:45:00,Data Import,2
15615,1386,2025-12-11 15:46:00,User Login,10
15616,73,2026-08-06 04:23:00,Settings Update,2
15617,763,2025-03-15 17:51:00,User Login,10
15618,1384,2025-12-08 03:17:00,Settings Update,5
15619,1356,2026-09-07 23:13:00,Data Import,10
15620,1963,2024-03-09 11:31:00,Team Invite,5
15621,1255,2026-01-16 18:05:00,Report Export,2
15622,550,2026-09-02 22:07:00,User Login,5
15623,213,2025-06-27 01:02:00,User Login,5
15624,728,2023-10-17 18:11:00,Team Invite,1
15625,121,2025-11-07 07:37:00,Settings Update,2
15626,322,2026-06-01 03:28:00,User Login,5
15627,527,2026-05-26 03:56:00,User Login,2
15628,461,2025-03-18 06:46:00,Data Import,5
15629,853,2023-09-02 05:58:00,Data Import,5
15630,1241,2025-04-02 13:58:00,Report Export,5
15631,1852,2026-09-15 06:48:00,Data Import,10
15632,858,2024-09-05 07:11:00,Team Invite,10
15633,812,2025-10-22 05:18:00,Dashboard View,5
15634,675,2026-05-16 06:56:00,Report Export,5
15635,1682,2024-08-17 01:37:00,Report Export,30
15636,1488,2026-07-08 04:50:00,Report Export,2
15637,61,2025-02-19 07:12:00,User Login,2
15638,1757,2025-09-25 08:05:00,Settings Update,15
15639,255,2025-08-04 04:13:00,Dashboard View,15
15640,339,2026-04-17 01:31:00,Settings Update,15
15641,1699,2025-12-24 17:38:00,Dashboard View,0
15642,1400,2025-09-19 17:50:00,User Login,1
15643,1556,2024-12-04 08:50:00,Report Export,5
15644,1194,2025-02-17 12:12:00,Team Invite,10
15645,1171,2026-09-04 13:31:00,User Login,1
15646,1766,2026-02-07 20:14:00,Team Invite,15
15647,375,2026-08-03 10:07:00,Dashboard View,1
15648,1596,2026-05-05 07:50:00,Dashboard View,15
15649,1641,2026-06-11 09:14:00,Dashboard View,0
15650,150,2025-05-16 01:26:00,Data Import,0
15651,1430,2026-07-27 23:53:00,Data Import,2
15652,1707,2026-04-08 01:39:00,Settings Update,5
15653,1781,2024-07-29 13:18:00,Team Invite,5
15654,920,2024-08-18 00:21:00,Data Import,5
15655,236,2025-10-28 09:08:00,User Login,0
15656,300,2024-12-13 17:06:00,Team Invite,1
15657,1202,2026-03-12 20:29:00,Settings Update,2
15658,1257,2023-01-23 01:43:00,Dashboard View,2
15659,1149,2025-07-30 14:13:00,Settings Update,2
15660,821,2024-03-19 07:48:00,Settings Update,0
15661,342,2026-09-24 15:48:00,Team Invite,10
15662,1111,2026-07-10 01:07:00,User Login,10
15663,1146,2026-09-28 16:44:00,Settings Update,10
15664,1839,2026-05-03 21:49:00,User Login,2
15665,730,2025-12-29 02:14:00,User Login,2
15666,844,2025-10-19 17:28:00,Report Export,2
15667,578,2025-11-22 14:25:00,Report Export,0
15668,1858,2024-07-28 02:05:00,Team Invite,30
15669,205,2025-06-26 16:21:00,Settings Update,10
15670,1365,2026-09-17 03:08:00,User Login,5
15671,301,2026-04-18 06:10:00,Data Import,30
15672,593,2026-05-25 11:37:00,Settings Update,15
15673,523,2025-06-26 00:37:00,Report Export,10
15674,1905,2026-03-15 01:24:00,Data Import,10
15675,1679,2026-08-11 04:59:00,Report Export,5
15676,1241,2025-03-21 03:55:00,Team Invite,1
15677,1008,2026-02-06 05:26:00,Team Invite,30
15678,1419,2026-06-12 06:10:00,Settings Update,2
15679,153,2024-01-11 22:49:00,Team Invite,2
15680,866,2025-08-23 20:59:00,Settings Update,30
15681,1488,2026-05-10 18:19:00,Settings Update,15
15682,1627,2023-06-14 13:32:00,Team Invite,0
15683,1754,2026-04-21 00:22:00,Dashboard View,30
15684,1256,2024-11-03 22:10:00,User Login,30
15685,346,2026-02-18 12:27:00,Report Export,10
15686,1591,2025-10-17 11:57:00,Team Invite,1
15687,65,2025-01-08 08:31:00,Dashboard View,1
15688,252,2026-01-15 22:58:00,Dashboard View,2
15689,1484,2026-08-30 08:16:00,Report Export,1
15690,1697,2025-09-30 17:52:00,Data Import,1
15691,883,2026-01-08 23:03:00,Settings Update,15
15692,1443,2026-06-27 00:17:00,Report Export,5
15693,406,2026-02-16 02:42:00,Report Export,2
15694,1755,2026-06-29 23:57:00,Settings Update,0
15695,23,2024-06-20 15:40:00,Data Import,10
15696,1670,2026-06-09 07:49:00,Dashboard View,5
15697,263,2026-04-25 22:26:00,Team Invite,10
15698,124,2025-06-17 14:32:00,Settings Update,0
15699,1858,2025-11-02 20:16:00,Report Export,1
15700,1094,2026-09-22 02:52:00,Report Export,2
15701,230,2024-12-20 01:57:00,User Login,5
15702,837,2026-04-07 11:40:00,Team Invite,5
15703,1165,2026-08-11 02:53:00,Team Invite,1
15704,215,2024-12-03 10:32:00,Report Export,2
15705,294,2026-06-23 16:09:00,User Login,10
15706,1224,2025-04-03 03:37:00,Team Invite,2
15707,1819,2026-05-13 05:21:00,Data Import,2
15708,1076,2026-04-01 04:32:00,Dashboard View,1
15709,262,2025-02-28 14:27:00,User Login,5
15710,916,2026-03-27 01:42:00,Data Import,15
15711,149,2025-05-11 06:07:00,User Login,5
15712,579,2026-08-16 04:15:00,Settings Update,1
15713,836,2026-06-13 06:26:00,Settings Update,15
15714,702,2024-09-16 15:14:00,Dashboard View,2
15715,1514,2025-12-14 04:01:00,Data Import,2
15716,826,2024-09-10 19:21:00,Report Export,30
15717,1737,2025-05-22 20:41:00,User Login,1
15718,296,2024-03-28 12:01:00,Report Export,15
15719,7,2025-09-23 00:28:00,Report Export,10
15720,1313,2024-11-04 03:05:00,Report Export,1
15721,942,2025-04-30 08:38:00,User Login,5
15722,81,2025-06-04 09:33:00,Report Export,30
15723,1543,2023-09-27 23:32:00,Settings Update,0
15724,1802,2026-03-22 18:28:00,Settings Update,0
15725,1301,2026-04-26 08:54:00,Report Export,15
15726,1011,2026-03-25 23:49:00,Data Import,5
15727,27,2024-04-30 20:06:00,Report Export,1
15728,463,2025-12-24 21:56:00,Dashboard View,0
15729,157,2026-07-04 23:10:00,Settings Update,10
15730,1468,2026-08-10 16:02:00,Settings Update,15
15731,1129,2025-11-22 22:55:00,Report Export,0
15732,1929,2025-10-27 10:01:00,Settings Update,2
15733,809,2026-09-28 02:32:00,User Login,10
15734,1387,2025-03-25 19:40:00,Data Import,2
15735,853,2024-01-12 06:10:00,Report Export,1
15736,1627,2025-12-24 05:34:00,Dashboard View,30
15737,1152,2026-01-22 12:11:00,Dashboard View,5
15738,1475,2025-10-12 00:10:00,User Login,0
15739,483,2024-11-13 13:08:00,Team Invite,2
15740,1104,2025-05-27 09:14:00,User Login,2
15741,1743,2024-07-24 23:03:00,Data Import,1
15742,1539,2025-12-14 12:56:00,Settings Update,0
15743,508,2026-07-31 01:40:00,User Login,10
15744,1474,2026-07-23 11:02:00,Dashboard View,15
15745,954,2026-01-12 22:15:00,Report Export,15
15746,1423,2026-07-05 11:06:00,User Login,5
15747,1328,2026-05-28 00:47:00,Dashboard View,2
15748,1744,2025-03-10 02:11:00,Team Invite,1
15749,1681,2026-05-15 16:07:00,Settings Update,5
15750,1593,2025-07-02 09:45:00,Report Export,2
15751,306,2026-02-05 04:17:00,Data Import,5
15752,1078,2025-12-24 06:38:00,Team Invite,15
15753,1453,2026-07-02 15:45:00,Dashboard View,2
15754,675,2026-04-14 01:48:00,Dashboard View,15
15755,244,2026-08-09 00:49:00,Team Invite,15
15756,641,2026-05-21 15:44:00,Team Invite,10
15757,179,2024-12-24 05:17:00,Dashboard View,5
15758,464,2026-07-18 07:54:00,Data Import,1
15759,1756,2026-08-01 12:05:00,User Login,0
15760,414,2026-06-20 14:58:00,Team Invite,5
15761,773,2025-11-13 04:48:00,User Login,2
15762,1917,2025-05-12 02:57:00,Report Export,15
15763,1986,2025-11-13 04:48:00,Data Import,15
15764,1045,2026-01-29 16:04:00,Settings Update,5
15765,1960,2024-07-14 11:49:00,User Login,15
15766,1646,2026-05-25 13:42:00,Report Export,5
15767,20,2024-01-01 16:09:00,Data Import,1
15768,325,2025-08-15 17:50:00,Dashboard View,10
15769,1213,2025-12-12 05:50:00,User Login,10
15770,1339,2025-11-02 13:22:00,Team Invite,10
15771,1388,2026-07-25 08:31:00,User Login,2
15772,495,2026-09-30 12:10:00,Report Export,2
15773,1282,2025-11-11 21:49:00,Report Export,5
15774,877,2025-08-23 23:00:00,User Login,2
15775,1496,2025-12-25 06:09:00,Data Import,5
15776,1716,2025-08-02 06:35:00,Report Export,2
15777,1684,2026-06-19 18:44:00,Report Export,10
15778,681,2025-05-24 16:38:00,Settings Update,5
15779,1110,2026-09-13 11:58:00,Team Invite,2
15780,1795,2026-07-17 18:10:00,Team Invite,30
15781,811,2026-06-21 07:31:00,Dashboard View,2
15782,1911,2026-07-19 19:52:00,Dashboard View,0
15783,278,2026-03-10 10:59:00,Data Import,10
15784,1264,2026-07-01 15:12:00,Team Invite,15
15785,1619,2024-01-02 22:54:00,User Login,1
15786,1152,2026-03-13 06:01:00,Settings Update,5
15787,69,2025-01-11 11:23:00,Settings Update,5
15788,916,2023-07-02 08:49:00,Report Export,1
15789,345,2025-12-27 23:51:00,User Login,2
15790,815,2026-06-20 01:18:00,Team Invite,2
15791,1221,2025-05-28 10:15:00,Report Export,5
15792,1479,2026-09-11 07:23:00,User Login,10
15793,1045,2026-04-18 08:29:00,Team Invite,1
15794,1417,2026-05-18 08:07:00,Data Import,5
15795,4,2026-06-29 08:49:00,Dashboard View,15
15796,626,2026-08-06 07:02:00,Data Import,10
15797,1325,2026-03-24 07:55:00,Team Invite,30
15798,645,2026-06-05 13:45:00,Data Import,10
15799,1587,2024-09-30 13:50:00,Team Invite,1
15800,1747,2025-05-07 13:10:00,User Login,10
15801,1102,2026-04-16 18:54:00,User Login,10
15802,1353,2026-05-14 10:25:00,Team Invite,0
15803,185,2023-07-30 17:20:00,User Login,10
15804,1135,2026-08-25 16:03:00,Dashboard View,2
15805,1863,2026-06-22 16:47:00,Settings Update,5
15806,564,2026-03-15 19:38:00,User Login,10
15807,916,2025-04-25 09:58:00,Data Import,1
15808,1241,2023-02-22 15:26:00,Data Import,5
15809,513,2026-08-03 09:47:00,Settings Update,5
15810,1044,2026-08-22 14:50:00,Team Invite,2
15811,1845,2025-08-29 10:16:00,Team Invite,5
15812,118,2026-05-17 14:42:00,Settings Update,10
15813,528,2026-08-06 13:53:00,Data Import,10
15814,1196,2025-06-29 20:22:00,Settings Update,5
15815,538,2026-04-07 20:22:00,Settings Update,10
15816,1462,2026-09-27 21:53:00,Team Invite,1
15817,87,2025-06-24 02:22:00,Team Invite,1
15818,576,2024-07-26 07:25:00,User Login,5
15819,213,2026-04-29 05:35:00,Team Invite,10
15820,1649,2023-06-24 01:43:00,User Login,15
15821,150,2025-03-25 16:16:00,Settings Update,15
15822,620,2025-07-12 15:36:00,Data Import,2
15823,1537,2026-05-15 05:53:00,Report Export,2
15824,814,2025-06-01 19:23:00,Report Export,15
15825,425,2026-02-02 00:44:00,Data Import,15
15826,1852,2026-01-07 11:05:00,Report Export,1
15827,23,2025-11-12 15:52:00,Report Export,2
15828,1402,2025-12-10 12:25:00,Report Export,1
15829,84,2025-11-12 16:24:00,Dashboard View,15
15830,1061,2026-06-25 05:21:00,Dashboard View,5
15831,387,2026-04-13 06:38:00,Data Import,5
15832,947,2025-03-13 04:55:00,Report Export,10
15833,740,2025-08-29 18:24:00,Data Import,5
15834,167,2025-01-24 19:05:00,Team Invite,30
15835,110,2025-05-28 15:22:00,Team Invite,5
15836,575,2024-02-29 19:14:00,User Login,15
15837,1455,2024-03-04 05:19:00,Report Export,0
15838,179,2025-09-18 14:43:00,Dashboard View,1
15839,1980,2026-07-23 04:13:00,User Login,2
15840,839,2026-06-07 06:32:00,User Login,15
15841,869,2024-12-25 11:30:00,Data Import,5
15842,84,2026-07-01 14:26:00,User Login,0
15843,176,2023-10-27 01:44:00,Data Import,1
15844,172,2025-05-23 15:46:00,User Login,2
15845,219,2025-01-30 16:25:00,User Login,1
15846,458,2026-07-21 20:47:00,Report Export,5
15847,1366,2025-07-18 17:57:00,User Login,2
15848,1103,2025-06-18 04:57:00,Settings Update,2
15849,1879,2025-08-31 22:21:00,Dashboard View,15
15850,886,2026-01-03 11:54:00,Team Invite,1
15851,10,2025-07-19 14:33:00,User Login,1
15852,603,2025-10-04 02:01:00,Team Invite,2
15853,1357,2025-03-23 04:37:00,Data Import,10
15854,775,2025-03-14 02:47:00,Dashboard View,10
15855,1679,2026-08-07 03:54:00,Report Export,5
15856,1115,2025-06-14 06:56:00,Dashboard View,15
15857,1031,2026-05-09 11:32:00,Report Export,10
15858,718,2025-10-22 04:39:00,Settings Update,1
15859,1070,2024-03-30 05:09:00,Settings Update,0
15860,1508,2025-04-14 21:34:00,Report Export,15
15861,435,2026-01-25 05:36:00,Data Import,5
15862,1180,2026-01-26 12:53:00,Dashboard View,10
15863,1727,2026-09-13 17:41:00,Data Import,1
15864,1551,2026-06-25 03:20:00,Team Invite,5
15865,994,2026-02-15 01:17:00,Dashboard View,1
15866,29,2025-04-24 00:31:00,Settings Update,1
15867,352,2025-08-31 19:10:00,Report Export,10
15868,1181,2026-07-01 13:34:00,User Login,5
15869,1192,2024-03-31 13:15:00,Dashboard View,10
15870,1737,2025-08-08 16:27:00,Settings Update,0
15871,1345,2025-06-13 22:33:00,Settings Update,1
15872,437,2026-09-14 01:46:00,Dashboard View,15
15873,299,2024-05-15 07:32:00,Settings Update,1
15874,603,2025-10-04 23:10:00,Team Invite,2
15875,1555,2026-04-13 06:29:00,Data Import,5
15876,831,2023-11-18 13:26:00,Dashboard View,5
15877,1481,2025-10-12 23:40:00,User Login,10
15878,98,2026-04-25 17:46:00,User Login,5
15879,398,2026-02-05 02:06:00,User Login,0
15880,525,2025-01-24 07:23:00,Team Invite,5
15881,917,2025-05-05 00:33:00,User Login,5
15882,1755,2025-06-23 05:18:00,Dashboard View,5
15883,1590,2026-04-16 15:57:00,Dashboard View,2
15884,1086,2024-11-14 08:31:00,Data Import,2
15885,42,2025-04-25 04:39:00,Dashboard View,2
15886,886,2026-09-14 05:26:00,Dashboard View,5
15887,863,2025-06-27 02:53:00,User Login,0
15888,1923,2025-09-03 05:13:00,Settings Update,10
15889,1578,2026-01-15 14:02:00,Settings Update,15
15890,1265,2026-08-02 04:46:00,Dashboard View,5
15891,1388,2026-08-17 22:32:00,Dashboard View,10
15892,1847,2026-03-11 19:03:00,Team Invite,0
15893,1659,2025-04-23 23:50:00,Settings Update,2
15894,182,2025-03-01 19:07:00,Report Export,5
15895,1498,2026-05-02 14:25:00,Dashboard View,15
15896,1821,2024-08-05 17:10:00,Settings Update,5
15897,392,2025-06-08 00:44:00,Report Export,0
15898,422,2025-11-08 23:35:00,Team Invite,5
15899,29,2026-04-25 07:20:00,User Login,2
15900,376,2024-12-07 02:21:00,Team Invite,5
15901,2,2026-01-14 07:14:00,Dashboard View,0
15902,1297,2024-07-15 17:56:00,User Login,5
15903,285,2026-05-18 07:07:00,Team Invite,0
15904,1805,2025-11-27 12:12:00,Dashboard View,5
15905,1113,2026-05-04 23:03:00,Settings Update,2
15906,84,2026-05-29 22:43:00,Settings Update,5
15907,823,2024-08-24 21:20:00,Settings Update,10
15908,1131,2026-01-27 13:37:00,Report Export,2
15909,1677,2024-01-26 14:32:00,Settings Update,2
15910,859,2023-10-23 22:45:00,Settings Update,5
15911,1628,2025-06-14 18:09:00,Settings Update,1
15912,1188,2026-09-15 16:08:00,User Login,5
15913,84,2024-11-16 10:38:00,Settings Update,15
15914,1400,2025-09-16 21:06:00,Report Export,1
15915,200,2025-11-20 12:02:00,Report Export,1
15916,1976,2026-08-20 14:43:00,Settings Update,30
15917,30,2025-10-16 21:33:00,Settings Update,2
15918,1664,2025-09-25 13:45:00,Team Invite,10
15919,409,2026-09-23 03:08:00,Report Export,2
15920,678,2025-08-11 15:21:00,Team Invite,15
15921,1680,2024-01-23 08:43:00,Team Invite,10
15922,1433,2026-05-23 03:53:00,User Login,5
15923,1420,2025-10-18 01:53:00,User Login,10
15924,1430,2026-01-08 05:12:00,Report Export,1
15925,900,2025-12-30 20:53:00,Dashboard View,15
15926,1555,2026-09-09 04:56:00,Data Import,10
15927,1036,2025-07-17 20:43:00,Team Invite,1
15928,991,2024-08-07 04:29:00,User Login,5
15929,1314,2024-08-09 10:23:00,Settings Update,0
15930,110,2026-01-08 10:12:00,User Login,2
15931,204,2025-12-06 01:47:00,Team Invite,5
15932,1755,2026-02-06 14:31:00,Team Invite,10
15933,1935,2026-07-30 04:45:00,Team Invite,15
15934,1449,2026-03-08 00:39:00,User Login,2
15935,335,2026-07-31 03:24:00,User Login,1
15936,1242,2025-05-31 18:07:00,Report Export,10
15937,100,2026-07-29 10:40:00,Report Export,5
15938,551,2026-01-22 05:13:00,Dashboard View,30
15939,968,2026-06-08 09:26:00,User Login,1
15940,132,2025-08-20 15:55:00,Dashboard View,5
15941,1975,2026-06-16 17:57:00,Data Import,2
15942,855,2025-09-04 07:15:00,Team Invite,5
15943,1603,2025-08-05 04:33:00,Settings Update,1
15944,1387,2026-01-28 06:46:00,User Login,15
15945,1491,2026-09-06 22:21:00,Report Export,2
15946,1258,2024-05-03 20:45:00,Team Invite,10
15947,1369,2026-07-22 11:47:00,Report Export,10
15948,273,2024-11-28 02:24:00,Dashboard View,2
15949,1700,2026-02-24 07:32:00,User Login,1
15950,482,2026-07-23 11:50:00,Dashboard View,5
15951,552,2025-04-16 20:04:00,Settings Update,2
15952,1793,2024-07-27 07:09:00,Team Invite,5
15953,887,2026-04-21 20:57:00,Report Export,1
15954,588,2024-03-03 13:34:00,Report Export,2
15955,1716,2026-08-05 18:51:00,Report Export,2
15956,589,2026-04-01 05:31:00,Settings Update,5
15957,1399,2026-07-11 23:50:00,Report Export,1
15958,1406,2024-03-29 02:14:00,Report Export,1
15959,503,2024-10-31 14:15:00,Team Invite,10
15960,1578,2025-06-12 02:37:00,Dashboard View,10
15961,1724,2024-10-08 21:14:00,Dashboard View,2
15962,1232,2024-03-15 22:30:00,Report Export,1
15963,1810,2026-09-14 17:15:00,Report Export,2
15964,110,2024-05-24 02:35:00,Team Invite,10
15965,316,2026-08-10 15:24:00,Team Invite,1
15966,280,2025-03-01 06:52:00,Dashboard View,5
15967,956,2026-07-23 22:47:00,User Login,0
15968,468,2026-06-16 13:46:00,Settings Update,2
15969,218,2023-11-01 20:17:00,Settings Update,30
15970,29,2026-08-24 13:50:00,Dashboard View,2
15971,956,2026-09-21 19:15:00,Report Export,15
15972,399,2026-08-10 15:01:00,Data Import,15
15973,1949,2026-02-19 22:40:00,Dashboard View,30
15974,1417,2024-04-17 10:07:00,Team Invite,15
15975,754,2025-02-05 23:58:00,Report Export,2
15976,1973,2025-05-17 14:45:00,Report Export,5
15977,348,2026-07-27 10:43:00,Dashboard View,2
15978,1310,2026-04-26 01:46:00,User Login,0
15979,685,2026-03-16 07:12:00,Team Invite,5
15980,1268,2025-06-09 03:12:00,Report Export,0
15981,1939,2025-06-28 10:12:00,Report Export,5
15982,1311,2025-04-18 18:59:00,Dashboard View,1
15983,1894,2024-09-11 20:13:00,Report Export,1
15984,1636,2024-10-28 17:16:00,Team Invite,2
15985,127,2026-06-08 01:54:00,Report Export,0
15986,20,2025-12-04 07:32:00,User Login,2
15987,1297,2024-06-17 15:39:00,Report Export,2
15988,1322,2026-08-19 21:38:00,Team Invite,10
15989,210,2026-03-30 11:49:00,Team Invite,2
15990,108,2026-01-29 21:34:00,Settings Update,2
15991,368,2025-06-08 12:36:00,Report Export,5
15992,741,2025-06-15 11:08:00,Settings Update,1
15993,415,2025-08-15 11:44:00,User Login,5
15994,681,2025-03-03 08:45:00,User Login,1
15995,872,2026-09-07 17:45:00,Settings Update,0
15996,527,2026-05-14 04:00:00,Settings Update,2
15997,815,2026-09-11 17:16:00,Settings Update,10
15998,1198,2025-04-22 06:13:00,Dashboard View,5
15999,223,2025-11-24 23:02:00,Report Export,15
16000,744,2025-08-13 13:16:00,Data Import,2
16001,1757,2025-04-14 07:14:00,Settings Update,5
16002,1343,2026-04-30 02:54:00,User Login,0
16003,1728,2025-12-15 20:44:00,Report Export,15
16004,224,2025-06-22 05:23:00,Team Invite,1
16005,1417,2025-06-30 06:57:00,Data Import,1
16006,1010,2025-10-24 22:05:00,Report Export,2
16007,1251,2024-06-25 01:45:00,Settings Update,2
16008,697,2025-05-12 11:39:00,Data Import,0
16009,173,2026-06-14 02:02:00,Team Invite,5
16010,1008,2025-09-13 08:50:00,Report Export,5
16011,954,2025-10-23 18:53:00,Settings Update,5
16012,1970,2026-02-11 17:13:00,Report Export,0
16013,1921,2026-06-23 00:01:00,Settings Update,1
16014,459,2026-09-30 21:55:00,Team Invite,10
16015,489,2025-09-18 17:42:00,Report Export,5
16016,1790,2026-03-10 05:31:00,Settings Update,0
16017,427,2026-05-19 21:14:00,Report Export,30
16018,696,2026-03-31 20:50:00,Dashboard View,2
16019,1954,2025-01-03 01:01:00,Settings Update,15
16020,1685,2024-09-22 09:42:00,Data Import,5
16021,1410,2026-04-02 06:01:00,Team Invite,5
16022,792,2025-01-15 12:19:00,Team Invite,15
16023,308,2026-03-01 15:09:00,Data Import,5
16024,1003,2026-04-17 02:18:00,Dashboard View,1
16025,1008,2024-09-19 05:51:00,Team Invite,1
16026,1392,2026-02-06 21:42:00,User Login,30
16027,1325,2026-02-04 17:24:00,Data Import,2
16028,55,2025-08-07 14:45:00,User Login,10
16029,1728,2023-12-31 23:41:00,User Login,5
16030,1066,2024-09-15 17:18:00,Team Invite,10
16031,1070,2024-03-15 15:59:00,Report Export,15
16032,814,2025-09-13 11:22:00,Dashboard View,5
16033,1917,2024-10-15 09:43:00,Report Export,5
16034,403,2025-09-09 05:49:00,Settings Update,1
16035,180,2026-08-24 23:40:00,Dashboard View,5
16036,145,2024-10-01 14:12:00,Dashboard View,10
16037,700,2026-02-19 09:56:00,Dashboard View,30
16038,1794,2026-09-04 07:37:00,Settings Update,0
16039,208,2025-09-28 13:17:00,Report Export,0
16040,395,2026-03-28 14:49:00,Data Import,1
16041,516,2026-06-10 16:57:00,Settings Update,5
16042,295,2026-01-30 14:47:00,Team Invite,0
16043,1361,2026-08-03 07:16:00,Report Export,30
16044,464,2026-01-16 15:43:00,Report Export,1
16045,71,2026-07-15 07:39:00,Dashboard View,5
16046,1623,2026-06-16 14:24:00,Team Invite,30
16047,331,2025-12-05 09:43:00,Team Invite,2
16048,216,2025-11-17 18:10:00,Report Export,5
16049,435,2026-04-21 23:06:00,Data Import,2
16050,1126,2026-02-12 04:18:00,User Login,10
16051,1530,2026-01-02 08:01:00,Settings Update,10
16052,1617,2025-07-16 13:32:00,User Login,1
16053,897,2026-06-21 11:40:00,User Login,2
16054,488,2025-02-24 12:35:00,Report Export,0
16055,1533,2026-04-08 11:05:00,Dashboard View,2
16056,515,2026-08-31 13:34:00,Data Import,2
16057,1631,2026-08-23 17:25:00,Dashboard View,10
16058,1367,2025-02-11 09:08:00,User Login,2
16059,1156,2026-07-06 13:05:00,Report Export,5
16060,1540,2025-08-24 00:32:00,Settings Update,5
16061,64,2024-10-29 20:55:00,Dashboard View,2
16062,1905,2026-03-04 01:25:00,Team Invite,5
16063,1931,2025-06-01 06:10:00,Team Invite,5
16064,627,2026-07-16 05:00:00,Report Export,2
16065,916,2023-08-23 08:33:00,Report Export,0
16066,1517,2026-06-28 20:21:00,User Login,2
16067,1634,2026-02-12 22:20:00,User Login,10
16068,914,2025-07-16 17:55:00,Team Invite,10
16069,1351,2025-11-26 09:07:00,User Login,2
16070,1011,2026-01-19 13:49:00,Data Import,15
16071,981,2023-06-07 19:12:00,Team Invite,1
16072,1096,2025-11-21 09:12:00,Settings Update,1
16073,1108,2026-06-17 21:53:00,Settings Update,30
16074,1055,2025-06-21 02:58:00,User Login,2
16075,329,2025-10-28 12:44:00,Settings Update,10
16076,1793,2026-07-13 01:04:00,Data Import,5
16077,1607,2024-05-25 00:09:00,Report Export,2
16078,8,2026-09-13 16:44:00,Team Invite,5
16079,835,2025-02-28 03:50:00,Settings Update,10
16080,763,2024-12-24 13:24:00,Team Invite,1
16081,518,2026-02-14 11:20:00,Data Import,1
16082,1392,2025-12-05 02:31:00,Dashboard View,15
16083,1890,2024-12-16 05:58:00,Settings Update,5
16084,1580,2024-02-07 02:59:00,Data Import,10
16085,1132,2024-04-27 02:09:00,Data Import,5
16086,1688,2025-11-26 21:47:00,Report Export,0
16087,1927,2026-07-19 02:44:00,Team Invite,5
16088,1106,2026-03-20 17:01:00,Report Export,5
16089,292,2026-08-16 16:25:00,Settings Update,1
16090,1238,2026-07-05 07:42:00,Dashboard View,15
16091,510,2026-07-21 23:06:00,Settings Update,0
16092,1639,2026-04-02 13:41:00,Data Import,2
16093,135,2025-03-06 12:31:00,User Login,1
16094,1344,2026-05-15 15:09:00,Settings Update,2
16095,507,2024-09-18 17:41:00,Data Import,1
16096,1840,2025-02-19 01:02:00,Settings Update,5
16097,984,2026-08-25 19:05:00,User Login,2
16098,1888,2024-03-05 15:23:00,Report Export,10
16099,769,2026-05-13 12:12:00,Team Invite,5
16100,23,2024-02-21 02:01:00,User Login,1
16101,187,2024-07-24 22:44:00,Team Invite,0
16102,1163,2026-07-17 20:50:00,User Login,2
16103,337,2026-08-25 18:00:00,User Login,1
16104,615,2025-12-12 22:00:00,Dashboard View,5
16105,1562,2025-12-17 12:14:00,Data Import,1
16106,1366,2025-11-16 13:17:00,Report Export,10
16107,562,2026-08-15 06:36:00,Dashboard View,5
16108,136,2024-11-21 04:38:00,Team Invite,10
16109,1384,2026-09-18 15:21:00,Team Invite,1
16110,1502,2026-08-26 07:21:00,User Login,1
16111,779,2023-12-17 01:23:00,Dashboard View,5
16112,613,2026-08-17 08:03:00,User Login,5
16113,625,2026-05-06 11:05:00,Dashboard View,5
16114,1408,2026-08-12 07:42:00,Settings Update,30
16115,1126,2026-01-15 03:10:00,Team Invite,5
16116,46,2026-03-10 11:02:00,Dashboard View,0
16117,1690,2026-06-26 19:21:00,Settings Update,5
16118,1288,2025-07-25 16:27:00,User Login,5
16119,121,2026-01-22 12:11:00,Data Import,5
16120,1058,2025-12-11 20:18:00,Team Invite,5
16121,1265,2026-08-09 12:26:00,User Login,1
16122,355,2026-01-30 07:34:00,Dashboard View,10
16123,1347,2026-03-15 01:41:00,Report Export,2
16124,891,2025-10-10 20:59:00,Dashboard View,10
16125,1048,2025-08-06 21:19:00,Report Export,2
16126,407,2026-06-17 23:13:00,Data Import,10
16127,1460,2026-01-31 06:00:00,Report Export,2
16128,348,2026-07-22 22:35:00,Team Invite,2
16129,729,2026-01-02 23:15:00,Dashboard View,10
16130,1440,2025-09-29 15:49:00,Data Import,30
16131,1904,2026-07-07 01:08:00,Team Invite,10
16132,1328,2026-09-17 17:08:00,Settings Update,0
16133,1283,2025-05-15 16:43:00,Settings Update,15
16134,1544,2025-05-31 07:55:00,Settings Update,1
16135,1460,2026-07-13 20:05:00,Team Invite,1
16136,164,2025-07-02 20:05:00,Settings Update,15
16137,141,2024-07-01 20:48:00,User Login,2
16138,1422,2025-12-21 17:39:00,User Login,30
16139,1084,2026-08-29 09:30:00,Settings Update,5
16140,1431,2025-01-02 16:37:00,User Login,5
16141,1242,2024-06-22 04:56:00,Dashboard View,5
16142,1281,2025-08-21 13:45:00,Team Invite,0
16143,322,2024-03-23 06:40:00,Data Import,5
16144,351,2024-10-07 22:49:00,Report Export,1
16145,18,2026-08-25 16:18:00,User Login,2
16146,1237,2026-09-26 10:24:00,Team Invite,1
16147,906,2026-09-04 02:34:00,Report Export,1
16148,345,2026-09-22 06:35:00,Settings Update,15
16149,1342,2025-11-24 22:36:00,User Login,15
16150,1650,2026-01-15 02:15:00,Settings Update,5
16151,900,2025-10-24 02:40:00,User Login,15
16152,16,2026-04-05 14:20:00,User Login,1
16153,1173,2026-09-20 01:18:00,Team Invite,5
16154,1118,2026-05-02 11:42:00,Report Export,1
16155,323,2026-09-19 09:17:00,Report Export,30
16156,547,2026-05-08 01:27:00,Report Export,10
16157,1306,2025-12-10 15:17:00,Settings Update,5
16158,186,2026-09-21 00:51:00,Settings Update,2
16159,1005,2025-07-27 23:03:00,Team Invite,2
16160,1333,2025-11-25 13:22:00,Dashboard View,1
16161,503,2025-10-13 23:59:00,Team Invite,10
16162,1507,2026-06-04 07:04:00,Settings Update,5
16163,1560,2026-07-23 17:48:00,Data Import,5
16164,34,2026-06-04 03:17:00,Team Invite,30
16165,77,2026-02-11 04:42:00,Report Export,30
16166,1461,2025-02-23 16:23:00,Report Export,10
16167,774,2026-09-11 06:44:00,Data Import,10
16168,330,2026-03-25 13:53:00,Data Import,5
16169,1726,2024-10-28 21:07:00,User Login,15
16170,1904,2026-07-19 01:37:00,Dashboard View,0
16171,1279,2024-12-04 07:53:00,Data Import,10
16172,1112,2026-06-25 00:03:00,Team Invite,1
16173,1278,2024-06-05 11:21:00,Data Import,10
16174,1597,2025-04-18 01:10:00,User Login,5
16175,1284,2025-03-06 10:05:00,Settings Update,5
16176,1200,2025-10-26 07:05:00,Team Invite,0
16177,474,2025-10-13 14:17:00,User Login,2
16178,181,2026-03-31 02:26:00,Report Export,5
16179,190,2024-10-19 17:42:00,Settings Update,2
16180,151,2026-04-09 18:34:00,Dashboard View,5
16181,623,2025-12-01 19:33:00,Data Import,15
16182,1712,2026-08-05 08:22:00,User Login,10
16183,1575,2026-06-02 18:35:00,Settings Update,2
16184,1957,2026-06-05 17:50:00,Settings Update,0
16185,1576,2025-07-01 11:19:00,Data Import,2
16186,1108,2026-07-14 19:38:00,Dashboard View,15
16187,991,2026-04-14 14:54:00,Team Invite,15
16188,1793,2025-05-01 11:51:00,Team Invite,15
16189,776,2026-05-08 15:38:00,Data Import,1
16190,1822,2025-12-23 18:59:00,Dashboard View,5
16191,1683,2025-11-02 11:36:00,Data Import,5
16192,516,2026-05-30 01:23:00,User Login,2
16193,1394,2025-12-06 02:39:00,User Login,15
16194,230,2025-10-11 03:34:00,Report Export,1
16195,1511,2025-10-07 06:42:00,Dashboard View,0
16196,1092,2025-10-06 23:57:00,Data Import,5
16197,999,2026-02-11 21:34:00,User Login,10
16198,346,2023-11-03 12:41:00,Team Invite,15
16199,1921,2026-06-20 20:22:00,Data Import,0
16200,265,2025-08-13 15:58:00,Report Export,1
16201,549,2026-08-11 22:39:00,Team Invite,0
16202,291,2025-05-17 21:09:00,Dashboard View,5
16203,1917,2026-04-17 17:37:00,Report Export,30
16204,614,2024-12-04 20:30:00,User Login,5
16205,1978,2026-02-09 21:13:00,Settings Update,10
16206,1315,2026-04-06 13:19:00,Data Import,5
16207,1657,2025-02-03 08:57:00,Settings Update,10
16208,1524,2025-08-10 15:07:00,User Login,0
16209,1278,2024-01-12 12:50:00,Data Import,5
16210,1538,2025-06-18 09:42:00,Report Export,1
16211,1450,2024-09-30 07:48:00,Dashboard View,15
16212,652,2026-07-28 00:53:00,Team Invite,5
16213,336,2024-12-05 00:28:00,Team Invite,2
16214,1874,2026-05-29 08:44:00,Settings Update,1
16215,846,2026-01-23 04:27:00,Dashboard View,2
16216,1089,2026-07-29 19:46:00,Settings Update,15
16217,1746,2026-01-03 11:15:00,Report Export,15
16218,707,2026-06-18 09:44:00,Report Export,1
16219,1584,2025-10-22 18:03:00,Dashboard View,15
16220,1686,2026-08-16 06:24:00,Report Export,2
16221,1583,2026-05-25 14:02:00,Data Import,0
16222,111,2026-05-06 07:37:00,Report Export,5
16223,343,2025-12-16 17:11:00,User Login,2
16224,1734,2026-06-11 12:10:00,Dashboard View,10
16225,1802,2024-07-16 19:50:00,Settings Update,5
16226,1871,2026-02-03 08:20:00,Dashboard View,5
16227,1904,2025-11-05 08:42:00,Settings Update,10
16228,6,2024-02-01 23:57:00,Settings Update,2
16229,1243,2026-01-08 15:58:00,User Login,0
16230,262,2025-01-08 09:13:00,Dashboard View,0
16231,326,2025-11-18 23:54:00,Report Export,10
16232,787,2026-09-18 12:40:00,Settings Update,2
16233,340,2026-03-23 07:32:00,Dashboard View,1
16234,947,2025-04-09 17:19:00,Report Export,0
16235,1284,2026-06-13 16:11:00,Data Import,1
16236,1870,2024-06-23 07:27:00,Settings Update,5
16237,1899,2026-03-21 18:01:00,Team Invite,2
16238,1471,2025-01-30 13:18:00,Report Export,5
16239,503,2025-09-22 22:44:00,Team Invite,15
16240,830,2026-01-17 09:31:00,Team Invite,10
16241,334,2025-11-02 12:34:00,Data Import,10
16242,1999,2023-07-25 09:50:00,User Login,10
16243,316,2026-02-25 09:51:00,User Login,2
16244,15,2026-05-10 17:09:00,Dashboard View,2
16245,1460,2024-12-01 06:55:00,Data Import,15
16246,326,2026-09-13 21:24:00,Data Import,1
16247,721,2024-01-12 10:58:00,Team Invite,5
16248,594,2024-09-04 06:37:00,User Login,2
16249,1102,2025-11-11 17:45:00,Team Invite,10
16250,903,2023-09-05 22:02:00,User Login,5
16251,1374,2026-04-07 08:49:00,Report Export,2
16252,695,2024-03-22 15:36:00,Team Invite,10
16253,1166,2025-07-29 17:31:00,User Login,10
16254,1159,2023-07-07 17:53:00,Team Invite,15
16255,1073,2025-10-20 08:12:00,User Login,15
16256,777,2026-03-01 14:29:00,Report Export,10
16257,800,2025-04-02 23:01:00,Team Invite,10
16258,436,2026-09-23 04:10:00,Report Export,2
16259,1537,2025-09-19 13:51:00,Settings Update,30
16260,1614,2026-03-27 04:10:00,Data Import,10
16261,223,2026-02-21 21:42:00,Settings Update,5
16262,450,2026-02-12 09:21:00,Report Export,5
16263,691,2025-11-30 05:33:00,Data Import,0
16264,1140,2026-03-20 13:42:00,Data Import,5
16265,1242,2024-09-20 13:21:00,Settings Update,15
16266,728,2026-07-25 23:13:00,Dashboard View,0
16267,1626,2026-06-06 16:53:00,Team Invite,10
16268,1148,2026-06-06 03:54:00,Report Export,5
16269,224,2025-08-05 16:18:00,Data Import,15
16270,1417,2026-01-02 05:12:00,Report Export,2
16271,1869,2025-01-06 23:02:00,Settings Update,1
16272,1900,2025-03-19 07:16:00,Dashboard View,1
16273,1482,2024-11-08 12:28:00,Report Export,2
16274,1874,2026-07-27 07:40:00,Settings Update,1
16275,1453,2026-08-14 06:27:00,Data Import,15
16276,1532,2026-08-09 11:46:00,User Login,1
16277,1771,2026-08-21 15:03:00,Team Invite,5
16278,1601,2024-08-20 06:13:00,User Login,5
16279,1938,2026-03-28 21:49:00,Data Import,5
16280,1176,2026-08-15 09:28:00,Team Invite,1
16281,1797,2025-07-22 11:48:00,Dashboard View,1
16282,1061,2026-05-29 10:02:00,Data Import,1
16283,551,2025-05-23 05:23:00,Data Import,1
16284,362,2026-03-07 17:01:00,Settings Update,1
16285,748,2025-07-30 08:06:00,Dashboard View,2
16286,1086,2026-04-13 05:23:00,Data Import,1
16287,86,2026-07-23 08:15:00,Report Export,10
16288,1821,2024-08-23 12:20:00,Team Invite,2
16289,1974,2024-09-08 03:37:00,Report Export,5
16290,314,2024-11-16 02:21:00,Team Invite,10
16291,1303,2026-09-04 08:05:00,Report Export,5
16292,696,2025-12-24 13:55:00,Settings Update,2
16293,1179,2026-05-07 05:44:00,Team Invite,10
16294,1621,2026-08-26 03:19:00,Settings Update,10
16295,243,2024-09-28 18:16:00,Team Invite,10
16296,364,2023-11-20 13:26:00,Settings Update,5
16297,228,2026-08-24 16:25:00,Report Export,15
16298,527,2026-04-03 10:41:00,Team Invite,5
16299,1054,2025-04-14 13:21:00,Data Import,10
16300,91,2026-08-13 18:15:00,Data Import,5
16301,1075,2025-03-27 15:07:00,Settings Update,2
16302,1288,2025-05-27 01:56:00,User Login,15
16303,297,2025-08-10 04:52:00,Settings Update,10
16304,996,2026-02-16 20:18:00,Dashboard View,15
16305,360,2026-08-28 02:27:00,Dashboard View,0
16306,815,2025-12-07 21:27:00,Data Import,2
16307,1208,2026-05-14 16:46:00,Team Invite,2
16308,9,2026-01-20 18:53:00,Team Invite,10
16309,319,2026-05-13 05:04:00,Settings Update,15
16310,461,2025-11-01 02:00:00,Data Import,15
16311,1004,2025-06-19 16:33:00,Dashboard View,1
16312,1302,2026-08-25 13:11:00,Team Invite,2
16313,266,2026-03-30 23:48:00,User Login,0
16314,809,2025-12-10 00:54:00,Team Invite,5
16315,273,2025-08-27 01:56:00,Dashboard View,5
16316,1435,2026-05-29 18:53:00,Team Invite,5
16317,1874,2026-07-05 22:58:00,Team Invite,15
16318,1414,2026-08-28 23:55:00,Report Export,5
16319,1420,2025-08-07 06:12:00,Data Import,1
16320,1818,2025-10-08 07:33:00,User Login,0
16321,80,2024-12-12 05:53:00,Report Export,2
16322,1546,2026-06-14 16:58:00,Team Invite,1
16323,1088,2026-02-02 06:30:00,Dashboard View,5
16324,592,2025-06-22 12:41:00,Dashboard View,1
16325,519,2025-04-03 03:00:00,Data Import,2
16326,204,2026-04-08 23:30:00,Team Invite,15
16327,1569,2025-12-06 15:21:00,Report Export,10
16328,721,2024-01-27 10:27:00,Data Import,5
16329,133,2026-07-12 04:09:00,Report Export,30
16330,1108,2026-02-02 00:31:00,Report Export,1
16331,1019,2025-01-28 23:14:00,Report Export,5
16332,280,2024-09-25 23:51:00,Report Export,2
16333,1566,2025-09-22 15:07:00,Settings Update,1
16334,214,2024-10-02 01:55:00,Team Invite,15
16335,202,2026-09-25 15:37:00,Dashboard View,5
16336,1992,2026-09-26 19:23:00,Team Invite,15
16337,1513,2026-03-19 07:45:00,User Login,5
16338,1564,2024-02-04 04:46:00,Settings Update,10
16339,1202,2026-05-13 14:30:00,Settings Update,5
16340,1308,2025-06-27 15:23:00,Dashboard View,10
16341,876,2026-05-22 10:44:00,Report Export,5
16342,759,2025-01-06 15:18:00,Data Import,0
16343,791,2024-05-07 22:21:00,Report Export,15
16344,607,2025-12-06 17:16:00,Data Import,5
16345,195,2026-02-18 06:30:00,Team Invite,15
16346,1804,2024-09-17 18:22:00,Data Import,15
16347,1027,2024-06-05 05:58:00,Team Invite,2
16348,1993,2026-03-09 06:51:00,User Login,2
16349,1923,2025-07-01 17:10:00,Dashboard View,0
16350,904,2024-09-30 18:13:00,Settings Update,2
16351,1794,2025-01-02 12:48:00,Report Export,2
16352,91,2025-03-29 17:57:00,Dashboard View,5
16353,405,2026-01-14 12:47:00,User Login,30
16354,483,2026-02-10 02:31:00,User Login,5
16355,973,2024-01-01 06:43:00,Dashboard View,2
16356,742,2025-04-19 16:40:00,Settings Update,15
16357,873,2026-07-03 13:30:00,Team Invite,5
16358,1006,2026-02-25 23:14:00,Report Export,15
16359,727,2025-06-20 05:50:00,Settings Update,1
16360,1077,2025-10-25 04:15:00,Team Invite,5
16361,1336,2026-07-13 01:25:00,Dashboard View,1
16362,1318,2025-11-01 19:10:00,Data Import,5
16363,1620,2026-08-16 03:33:00,Dashboard View,5
16364,1808,2023-12-25 01:59:00,Settings Update,5
16365,1835,2024-12-18 20:42:00,User Login,0
16366,513,2026-05-03 17:57:00,Team Invite,2
16367,1406,2025-06-05 13:01:00,User Login,0
16368,1655,2025-09-17 08:45:00,Dashboard View,2
16369,1030,2026-04-14 12:01:00,Settings Update,2
16370,632,2025-09-16 06:42:00,Dashboard View,2
16371,714,2025-12-04 21:42:00,User Login,1
16372,1532,2026-03-19 12:00:00,Team Invite,5
16373,973,2025-10-20 04:49:00,Team Invite,2
16374,729,2025-09-09 02:19:00,Report Export,10
16375,935,2026-08-06 11:07:00,Report Export,2
16376,8,2026-06-02 23:30:00,Dashboard View,0
16377,1297,2026-04-22 05:32:00,Data Import,0
16378,472,2026-01-25 04:55:00,Settings Update,10
16379,695,2024-12-05 21:57:00,Team Invite,10
16380,291,2025-02-24 06:32:00,Dashboard View,0
16381,829,2023-09-04 15:22:00,Team Invite,5
16382,1216,2026-04-22 22:34:00,User Login,1
16383,1956,2026-07-19 22:28:00,Dashboard View,2
16384,477,2026-05-16 20:06:00,Report Export,15
16385,1663,2025-06-03 22:45:00,User Login,5
16386,825,2025-06-17 16:05:00,User Login,5
16387,588,2026-04-12 18:39:00,Data Import,2
16388,1289,2025-12-16 16:51:00,User Login,10
16389,1574,2025-12-29 23:21:00,Report Export,15
16390,185,2025-04-18 02:43:00,Dashboard View,30
16391,1622,2024-11-09 14:35:00,Settings Update,2
16392,545,2026-03-08 16:24:00,User Login,1
16393,417,2025-07-30 16:04:00,Dashboard View,2
16394,1405,2026-07-16 03:05:00,Data Import,1
16395,1745,2026-01-28 01:24:00,Report Export,2
16396,1434,2024-02-05 20:32:00,User Login,5
16397,1492,2026-03-07 23:35:00,User Login,5
16398,1627,2025-06-16 16:54:00,Settings Update,2
16399,1288,2024-12-28 10:21:00,User Login,0
16400,1332,2025-12-04 19:48:00,Report Export,1
16401,402,2025-03-09 18:12:00,User Login,5
16402,51,2026-01-30 17:54:00,Report Export,2
16403,1126,2025-07-04 19:51:00,Data Import,0
16404,393,2026-05-07 21:45:00,Settings Update,5
16405,1964,2026-06-15 20:13:00,Data Import,2
16406,1784,2024-03-27 13:08:00,User Login,1
16407,69,2024-11-13 21:05:00,Report Export,5
16408,1593,2025-07-20 15:04:00,Data Import,2
16409,909,2025-10-30 04:42:00,User Login,15
16410,215,2026-01-03 08:05:00,Dashboard View,5
16411,503,2025-06-16 06:16:00,Settings Update,30
16412,431,2026-07-06 10:50:00,Report Export,5
16413,1769,2026-05-24 04:47:00,Data Import,15
16414,1482,2025-04-02 21:59:00,Report Export,2
16415,1970,2025-09-09 07:59:00,Report Export,30
16416,1228,2026-06-22 21:46:00,Report Export,5
16417,821,2025-06-15 21:05:00,Data Import,2
16418,247,2024-07-14 19:14:00,User Login,10
16419,225,2026-01-07 18:22:00,Settings Update,2
16420,1342,2025-09-07 07:36:00,Dashboard View,10
16421,1513,2024-11-16 20:13:00,Team Invite,2
16422,316,2026-06-26 08:21:00,Report Export,2
16423,32,2023-08-30 10:30:00,Report Export,10
16424,1004,2025-09-23 23:42:00,User Login,5
16425,264,2026-03-05 00:29:00,Settings Update,2
16426,1924,2025-03-25 05:43:00,User Login,0
16427,1711,2026-08-31 16:10:00,Team Invite,10
16428,1991,2023-11-22 14:59:00,User Login,1
16429,1137,2024-09-22 23:26:00,Team Invite,5
16430,1696,2026-07-10 11:29:00,User Login,15
16431,1653,2025-12-28 16:35:00,User Login,5
16432,1009,2026-07-21 05:43:00,Team Invite,10
16433,680,2023-07-18 11:00:00,Team Invite,2
16434,1041,2026-03-25 07:22:00,Dashboard View,5
16435,1299,2024-08-02 19:29:00,Dashboard View,1
16436,1615,2025-02-06 14:57:00,User Login,2
16437,879,2026-04-11 09:21:00,Data Import,10
16438,1312,2026-05-13 15:29:00,Report Export,10
16439,169,2026-04-16 08:19:00,Team Invite,1
16440,968,2026-01-08 15:21:00,Team Invite,5
16441,1923,2026-01-12 05:22:00,Data Import,5
16442,212,2024-09-28 18:48:00,Settings Update,1
16443,1099,2026-09-13 18:37:00,Settings Update,5
16444,638,2025-11-16 11:44:00,Report Export,5
16445,566,2026-02-18 03:37:00,User Login,30
16446,10,2024-11-04 03:28:00,User Login,5
16447,595,2025-05-22 10:04:00,User Login,0
16448,62,2026-02-07 13:39:00,User Login,5
16449,876,2026-06-29 10:22:00,Dashboard View,5
16450,631,2025-12-17 02:51:00,Dashboard View,1
16451,1496,2026-07-08 13:31:00,Report Export,10
16452,1650,2025-11-03 02:59:00,User Login,2
16453,594,2026-06-28 14:32:00,User Login,5
16454,1282,2026-01-05 10:58:00,Settings Update,0
16455,1581,2025-08-02 19:58:00,User Login,2
16456,1151,2026-07-09 19:10:00,User Login,0
16457,1793,2026-08-13 23:23:00,User Login,1
16458,656,2026-08-09 14:02:00,User Login,10
16459,1425,2025-08-26 18:44:00,Team Invite,5
16460,661,2026-03-01 10:29:00,Settings Update,5
16461,827,2026-06-30 21:51:00,Report Export,2
16462,1171,2026-03-10 10:33:00,Report Export,10
16463,177,2026-01-21 06:02:00,Settings Update,10
16464,791,2026-05-01 07:19:00,Dashboard View,5
16465,1655,2026-07-18 22:09:00,User Login,5
16466,1187,2026-01-31 11:55:00,Dashboard View,5
16467,1875,2026-09-14 13:45:00,Report Export,15
16468,951,2026-07-17 13:55:00,Report Export,5
16469,1695,2026-09-26 10:57:00,Settings Update,30
16470,141,2025-03-31 15:59:00,Data Import,2
16471,943,2024-10-04 15:16:00,Data Import,1
16472,921,2025-08-18 02:13:00,Dashboard View,10
16473,67,2024-01-31 00:54:00,Team Invite,1
16474,30,2026-03-29 03:26:00,Report Export,0
16475,467,2024-11-21 03:12:00,Data Import,30
16476,1636,2025-03-19 14:29:00,User Login,0
16477,1469,2026-09-06 07:14:00,Team Invite,1
16478,119,2026-07-31 04:35:00,User Login,0
16479,1172,2025-03-04 20:53:00,User Login,30
16480,479,2025-06-12 12:26:00,Report Export,0
16481,297,2025-05-21 12:09:00,Report Export,15
16482,1184,2025-05-04 10:05:00,Data Import,15
16483,1760,2026-07-10 19:31:00,Report Export,5
16484,862,2023-11-01 11:36:00,Team Invite,10
16485,789,2026-03-13 13:07:00,Team Invite,15
16486,261,2025-08-05 11:42:00,Data Import,10
16487,1491,2026-06-26 05:36:00,Data Import,0
16488,311,2026-07-31 16:38:00,Team Invite,10
16489,1743,2026-09-09 04:49:00,Data Import,15
16490,69,2025-03-28 04:23:00,Team Invite,15
16491,219,2025-08-30 19:31:00,Data Import,2
16492,1555,2026-01-25 18:29:00,Data Import,1
16493,498,2025-05-13 09:36:00,Data Import,15
16494,258,2026-04-11 05:54:00,Team Invite,15
16495,883,2024-10-28 16:32:00,Data Import,5
16496,1350,2024-12-07 15:41:00,Dashboard View,1
16497,1895,2026-05-25 06:50:00,Report Export,2
16498,1530,2025-07-20 03:35:00,Team Invite,5
16499,754,2025-01-08 10:37:00,Data Import,5
16500,1123,2024-12-24 02:11:00,Settings Update,15
16501,1842,2026-06-11 11:21:00,Team Invite,1
16502,47,2023-06-10 18:35:00,Report Export,2
16503,1800,2026-04-08 12:52:00,Dashboard View,15
16504,693,2026-03-12 19:19:00,Data Import,15
16505,1564,2024-03-31 13:01:00,Settings Update,0
16506,950,2026-02-16 19:48:00,Data Import,5
16507,429,2026-08-30 05:12:00,Report Export,10
16508,928,2026-08-26 03:22:00,Settings Update,10
16509,712,2026-01-30 08:30:00,Dashboard View,5
16510,1098,2025-02-19 21:28:00,Dashboard View,0
16511,1562,2026-04-24 16:51:00,Settings Update,1
16512,66,2026-09-08 00:45:00,Settings Update,0
16513,1363,2026-05-26 06:15:00,User Login,0
16514,783,2025-12-22 19:55:00,User Login,5
16515,378,2026-04-18 22:11:00,Team Invite,0
16516,590,2026-07-20 15:39:00,Report Export,30
16517,455,2025-06-20 14:51:00,User Login,0
16518,1390,2025-10-22 18:44:00,User Login,1
16519,1446,2026-03-09 14:27:00,User Login,5
16520,216,2025-05-31 15:06:00,Settings Update,5
16521,1152,2026-02-22 01:07:00,User Login,5
16522,1640,2026-06-12 07:31:00,Data Import,5
16523,670,2026-04-15 10:37:00,User Login,0
16524,1385,2026-06-20 01:10:00,Report Export,5
16525,1227,2026-05-18 09:45:00,User Login,5
16526,1863,2026-01-26 16:44:00,Settings Update,2
16527,1114,2026-06-21 11:05:00,Report Export,15
16528,454,2026-08-22 05:04:00,Report Export,5
16529,807,2025-09-14 06:56:00,Dashboard View,0
16530,981,2024-02-21 10:21:00,Data Import,10
16531,476,2025-04-25 18:13:00,Data Import,5
16532,1171,2026-03-29 08:16:00,Dashboard View,10
16533,421,2024-12-23 13:56:00,User Login,0
16534,789,2024-05-25 22:12:00,User Login,2
16535,127,2026-02-26 10:11:00,Report Export,5
16536,440,2024-02-28 19:00:00,User Login,10
16537,1756,2026-09-08 00:07:00,Dashboard View,1
16538,1361,2025-11-13 16:36:00,Data Import,5
16539,488,2026-04-04 06:25:00,Dashboard View,0
16540,1120,2024-06-24 03:38:00,Team Invite,2
16541,319,2025-06-26 00:43:00,Team Invite,5
16542,1438,2026-03-10 10:44:00,Team Invite,15
16543,1937,2026-06-19 17:23:00,Dashboard View,5
16544,896,2026-05-27 12:25:00,User Login,30
16545,1170,2026-09-01 10:07:00,Report Export,2
16546,1244,2026-07-01 10:50:00,Settings Update,5
16547,282,2026-07-08 20:14:00,Report Export,1
16548,913,2026-05-13 21:44:00,Settings Update,10
16549,1805,2026-01-03 22:25:00,Settings Update,5
16550,824,2024-02-23 03:45:00,Settings Update,10
16551,1705,2025-03-27 12:07:00,Team Invite,0
16552,797,2026-08-19 00:41:00,Team Invite,5
16553,368,2025-11-20 22:29:00,Report Export,5
16554,1251,2026-02-13 14:57:00,User Login,2
16555,860,2024-10-22 21:32:00,Settings Update,5
16556,1539,2025-09-16 07:50:00,Team Invite,5
16557,711,2025-09-19 06:48:00,Data Import,5
16558,910,2026-06-17 19:46:00,Data Import,1
16559,396,2025-07-11 18:45:00,Settings Update,5
16560,1506,2025-02-20 14:53:00,Data Import,2
16561,1821,2025-03-26 07:55:00,Data Import,5
16562,169,2026-06-16 14:09:00,User Login,15
16563,1997,2026-06-03 03:25:00,Data Import,10
16564,370,2025-09-02 01:21:00,Team Invite,2
16565,1688,2026-09-08 03:22:00,Settings Update,5
16566,1363,2026-01-07 20:52:00,Report Export,5
16567,1590,2023-11-07 07:47:00,Dashboard View,10
16568,1291,2025-12-10 19:13:00,Dashboard View,0
16569,299,2025-08-22 22:16:00,Report Export,30
16570,224,2026-02-17 19:42:00,Data Import,30
16571,1092,2026-09-10 04:45:00,Data Import,15
16572,1760,2025-02-05 05:10:00,Settings Update,5
16573,1983,2026-07-21 03:54:00,Team Invite,10
16574,1405,2025-03-06 01:58:00,Dashboard View,10
16575,1673,2025-02-10 04:02:00,User Login,2
16576,394,2026-08-24 09:27:00,Data Import,30
16577,1097,2025-06-23 16:25:00,Team Invite,5
16578,526,2026-04-03 11:25:00,Report Export,2
16579,1192,2026-05-16 14:48:00,Report Export,5
16580,43,2025-06-12 05:35:00,Data Import,15
16581,1261,2026-08-05 11:25:00,Settings Update,2
16582,233,2025-04-14 04:49:00,Team Invite,5
16583,905,2024-07-02 07:54:00,Report Export,15
16584,1061,2026-05-18 14:28:00,User Login,30
16585,480,2026-06-26 19:33:00,Dashboard View,2
16586,275,2023-12-27 06:09:00,Data Import,15
16587,154,2026-09-20 14:00:00,Settings Update,30
16588,250,2025-11-28 18:42:00,Report Export,0
16589,796,2024-11-03 19:40:00,Report Export,10
16590,1106,2024-05-18 16:22:00,Dashboard View,5
16591,1915,2024-12-23 20:01:00,Settings Update,5
16592,1450,2025-03-30 23:04:00,Data Import,5
16593,1897,2024-06-29 03:39:00,User Login,15
16594,399,2026-09-16 03:42:00,Dashboard View,30
16595,249,2025-07-14 05:22:00,Dashboard View,5
16596,1062,2024-04-22 23:57:00,Report Export,5
16597,206,2026-07-01 11:35:00,Data Import,30
16598,943,2025-07-09 08:11:00,User Login,15
16599,165,2026-08-29 14:40:00,Settings Update,30
16600,1722,2024-09-28 10:54:00,Dashboard View,15
16601,679,2024-03-29 05:00:00,Team Invite,10
16602,1439,2026-09-23 02:20:00,Settings Update,1
16603,965,2025-10-23 08:03:00,Dashboard View,5
16604,405,2026-05-03 11:29:00,Data Import,5
16605,675,2026-05-06 13:57:00,Data Import,1
16606,97,2025-09-17 23:15:00,Settings Update,0
16607,95,2024-10-27 21:21:00,Settings Update,0
16608,930,2024-08-26 18:10:00,Settings Update,5
16609,1189,2026-01-09 01:20:00,Settings Update,30
16610,907,2025-08-13 10:37:00,Data Import,10
16611,135,2024-09-10 02:49:00,Report Export,15
16612,823,2026-05-01 17:52:00,Report Export,10
16613,82,2024-06-18 11:18:00,Report Export,0
16614,459,2025-07-24 10:01:00,User Login,5
16615,72,2026-07-10 10:25:00,Dashboard View,2
16616,1564,2026-07-30 08:42:00,Team Invite,1
16617,162,2026-09-03 17:17:00,Settings Update,5
16618,75,2025-07-13 04:32:00,Report Export,1
16619,1506,2025-09-04 04:31:00,User Login,30
16620,163,2024-12-19 16:18:00,User Login,5
16621,517,2026-06-02 04:21:00,Dashboard View,15
16622,1110,2026-07-13 23:06:00,Dashboard View,15
16623,608,2026-08-23 12:22:00,User Login,5
16624,1288,2026-01-04 05:12:00,Report Export,2
16625,1904,2026-09-21 11:57:00,Data Import,15
16626,1750,2025-04-14 02:45:00,Settings Update,0
16627,1638,2025-03-15 09:23:00,Team Invite,2
16628,383,2026-07-31 04:25:00,Dashboard View,5
16629,498,2024-06-24 16:19:00,Team Invite,5
16630,1808,2024-05-11 11:36:00,Settings Update,5
16631,765,2024-09-29 01:48:00,Dashboard View,5
16632,136,2024-04-27 08:27:00,User Login,1
16633,812,2025-03-17 23:30:00,Settings Update,1
16634,363,2026-09-29 23:06:00,Settings Update,10
16635,1740,2026-07-03 20:15:00,Data Import,5
16636,1403,2025-01-16 16:17:00,Team Invite,15
16637,1222,2025-06-11 12:18:00,User Login,2
16638,832,2024-10-23 03:30:00,Data Import,30
16639,1159,2025-04-17 12:27:00,Report Export,1
16640,552,2025-07-24 04:36:00,Team Invite,5
16641,1220,2023-10-13 10:07:00,Team Invite,10
16642,395,2024-08-08 19:47:00,Dashboard View,30
16643,1018,2026-06-07 20:35:00,Settings Update,15
16644,1879,2026-02-28 22:00:00,Dashboard View,5
16645,1246,2023-09-30 20:27:00,Dashboard View,5
16646,1577,2026-05-16 03:02:00,User Login,10
16647,1215,2025-07-08 09:17:00,Dashboard View,2
16648,383,2026-03-30 21:33:00,Dashboard View,15
16649,275,2023-12-03 08:08:00,Team Invite,0
16650,1463,2026-01-02 16:01:00,Dashboard View,5
16651,1851,2026-09-13 06:33:00,Report Export,2
16652,318,2026-04-26 03:14:00,Report Export,5
16653,588,2026-05-23 01:31:00,Report Export,10
16654,6,2024-12-02 13:45:00,Report Export,30
16655,982,2025-10-25 14:22:00,Report Export,2
16656,415,2026-01-26 15:58:00,User Login,0
16657,535,2026-01-30 02:23:00,Dashboard View,1
16658,505,2026-09-07 08:54:00,Team Invite,10
16659,1903,2024-06-13 06:33:00,Team Invite,10
16660,244,2026-09-08 18:19:00,Settings Update,30
16661,1942,2025-07-31 06:48:00,User Login,15
16662,117,2026-01-17 09:51:00,Data Import,0
16663,1294,2026-08-26 17:25:00,Team Invite,2
16664,1349,2025-06-05 07:54:00,Dashboard View,5
16665,1204,2026-04-25 17:46:00,Data Import,10
16666,606,2026-05-16 13:09:00,Dashboard View,1
16667,1142,2026-05-05 12:21:00,Dashboard View,2
16668,844,2026-06-16 01:05:00,Team Invite,5
16669,395,2024-09-13 22:24:00,Report Export,2
16670,389,2026-01-11 08:33:00,Report Export,0
16671,17,2024-06-10 07:24:00,Settings Update,5
16672,1212,2026-05-21 02:34:00,Settings Update,1
16673,962,2026-09-13 21:55:00,User Login,2
16674,897,2023-12-22 20:52:00,User Login,0
16675,396,2026-05-14 04:01:00,Settings Update,5
16676,692,2026-06-19 05:05:00,Data Import,5
16677,697,2025-10-02 08:24:00,Dashboard View,10
16678,1200,2026-08-20 04:15:00,Settings Update,2
16679,1807,2024-12-13 05:34:00,Team Invite,10
16680,336,2024-11-26 16:24:00,Data Import,2
16681,1345,2026-03-30 03:16:00,Dashboard View,5
16682,1164,2026-07-23 12:27:00,Settings Update,2
16683,1401,2026-05-09 16:18:00,Dashboard View,5
16684,1324,2026-05-06 12:45:00,Dashboard View,2
16685,620,2025-08-23 17:02:00,Settings Update,1
16686,268,2026-06-23 09:13:00,Data Import,0
16687,418,2026-07-25 00:00:00,Report Export,10
16688,1112,2025-04-12 00:03:00,Data Import,10
16689,1235,2026-06-20 19:47:00,Data Import,10
16690,275,2025-06-27 16:39:00,Data Import,2
16691,615,2025-02-17 10:12:00,Dashboard View,5
16692,757,2026-06-06 19:43:00,Settings Update,5
16693,1026,2026-09-09 11:15:00,Team Invite,2
16694,1673,2024-09-22 17:48:00,Data Import,10
16695,1240,2025-08-08 00:29:00,Report Export,5
16696,1303,2026-01-30 18:22:00,Settings Update,0
16697,1187,2026-06-17 00:41:00,Settings Update,2
16698,150,2025-06-18 09:17:00,Team Invite,10
16699,1404,2026-02-17 09:01:00,Data Import,1
16700,308,2026-01-14 14:55:00,Report Export,2
16701,155,2025-05-27 00:48:00,Dashboard View,0
16702,1704,2026-07-10 21:45:00,User Login,2
16703,1639,2026-06-09 10:21:00,Settings Update,1
16704,663,2024-09-11 04:49:00,User Login,10
16705,460,2025-10-24 22:50:00,Dashboard View,1
16706,1479,2026-07-20 03:58:00,Settings Update,10
16707,1274,2026-08-21 07:27:00,Settings Update,2
16708,1418,2024-09-15 03:27:00,Report Export,2
16709,846,2026-08-06 18:23:00,User Login,0
16710,163,2024-12-28 19:00:00,Dashboard View,0
16711,287,2026-03-06 08:59:00,Settings Update,2
16712,1957,2026-09-09 07:01:00,User Login,2
16713,1097,2025-09-22 15:42:00,User Login,30
16714,1123,2024-02-18 01:15:00,Report Export,15
16715,1718,2025-05-14 15:05:00,User Login,1
16716,653,2025-09-25 10:34:00,User Login,10
16717,69,2026-08-22 23:56:00,Settings Update,1
16718,437,2026-04-25 03:26:00,User Login,30
16719,1209,2025-08-17 11:41:00,User Login,2
16720,1973,2025-11-05 09:31:00,Data Import,15
16721,1229,2026-09-20 02:25:00,Dashboard View,10
16722,1234,2025-12-16 05:12:00,Team Invite,5
16723,163,2026-04-18 07:50:00,Report Export,2
16724,1078,2023-11-24 18:34:00,User Login,2
16725,1701,2024-03-16 14:16:00,Settings Update,2
16726,1847,2025-05-08 12:23:00,Report Export,15
16727,1609,2026-01-30 19:52:00,User Login,1
16728,516,2026-08-22 21:10:00,Report Export,10
16729,405,2026-03-16 02:03:00,Dashboard View,5
16730,179,2024-12-01 16:48:00,Dashboard View,30
16731,256,2026-07-07 12:57:00,Settings Update,2
16732,646,2026-08-05 05:31:00,User Login,5
16733,29,2026-02-09 13:23:00,Dashboard View,0
16734,617,2026-04-24 03:05:00,User Login,2
16735,1074,2023-08-16 14:40:00,Team Invite,5
16736,1693,2026-09-01 04:08:00,Settings Update,2
16737,251,2025-06-19 00:27:00,Dashboard View,10
16738,1471,2026-02-23 06:40:00,Dashboard View,2
16739,311,2024-06-30 02:54:00,Team Invite,1
16740,1926,2023-12-23 07:33:00,Settings Update,5
16741,463,2025-10-21 05:24:00,Data Import,0
16742,927,2026-02-09 09:02:00,User Login,10
16743,222,2025-08-03 04:20:00,Data Import,5
16744,1957,2026-04-29 03:57:00,Settings Update,5
16745,849,2025-10-04 03:28:00,Team Invite,1
16746,907,2024-12-29 00:24:00,Data Import,5
16747,720,2024-05-09 23:39:00,Data Import,5
16748,1015,2026-06-12 16:26:00,Report Export,2
16749,1446,2024-04-20 05:27:00,Dashboard View,1
16750,1141,2026-02-27 15:56:00,Team Invite,30
16751,299,2025-04-23 05:42:00,Settings Update,15
16752,229,2026-07-21 14:53:00,Team Invite,0
16753,1462,2026-07-07 11:03:00,Team Invite,1
16754,1671,2026-03-23 22:57:00,Data Import,10
16755,112,2024-07-19 08:30:00,User Login,1
16756,1528,2025-11-06 14:52:00,Data Import,10
16757,1953,2026-06-25 21:19:00,Team Invite,5
16758,425,2024-08-05 02:56:00,User Login,5
16759,751,2026-05-09 07:35:00,Report Export,5
16760,650,2024-04-06 15:57:00,Dashboard View,0
16761,1369,2026-06-25 17:25:00,User Login,2
16762,633,2026-07-30 13:39:00,Team Invite,10
16763,1492,2026-06-13 16:11:00,Data Import,5
16764,1799,2025-10-14 03:55:00,Settings Update,1
16765,159,2024-10-25 12:34:00,Team Invite,5
16766,256,2025-07-05 01:43:00,Data Import,30
16767,1688,2025-12-17 01:52:00,User Login,5
16768,474,2025-02-26 03:25:00,Report Export,5
16769,1063,2025-10-09 23:29:00,User Login,2
16770,1099,2024-06-07 00:54:00,Team Invite,5
16771,1409,2026-03-12 16:50:00,Team Invite,2
16772,1029,2025-07-12 18:11:00,Team Invite,1
16773,490,2026-02-28 14:01:00,Data Import,30
16774,1775,2025-10-19 11:58:00,Dashboard View,10
16775,669,2026-08-13 15:02:00,Team Invite,5
16776,909,2026-03-29 14:08:00,Team Invite,1
16777,439,2025-09-28 16:36:00,Dashboard View,2
16778,94,2026-05-11 05:46:00,Team Invite,2
16779,1888,2025-02-18 02:04:00,Team Invite,5
16780,1674,2024-04-14 09:23:00,Report Export,15
16781,703,2026-05-26 20:51:00,Dashboard View,1
16782,1569,2025-08-29 18:44:00,Dashboard View,0
16783,824,2024-08-13 10:27:00,User Login,5
16784,1280,2026-02-23 11:18:00,User Login,2
16785,444,2025-05-24 07:29:00,Team Invite,1
16786,846,2026-04-25 06:37:00,User Login,15
16787,1257,2026-04-19 17:19:00,Report Export,1
16788,1317,2024-03-12 13:35:00,Settings Update,2
16789,1219,2023-06-30 16:43:00,Data Import,15
16790,1943,2024-10-18 17:41:00,User Login,30
16791,948,2026-07-04 14:19:00,Team Invite,5
16792,1603,2026-09-28 03:11:00,Dashboard View,5
16793,1629,2026-03-17 02:00:00,Settings Update,15
16794,570,2025-12-28 02:57:00,User Login,10
16795,1586,2026-07-20 10:40:00,Team Invite,2
16796,1501,2026-04-23 18:10:00,Report Export,1
16797,16,2026-09-25 08:16:00,Dashboard View,2
16798,1424,2026-07-05 08:23:00,User Login,15
16799,1343,2025-02-21 13:30:00,Report Export,10
16800,134,2025-01-23 11:17:00,Settings Update,5
16801,1483,2024-11-26 09:42:00,User Login,5
16802,1487,2026-04-15 11:47:00,User Login,5
16803,1548,2026-07-19 08:53:00,User Login,30
16804,680,2023-04-09 16:33:00,Report Export,10
16805,774,2026-04-06 03:27:00,Data Import,5
16806,67,2023-11-02 20:34:00,Report Export,0
16807,1123,2024-10-11 05:30:00,Report Export,1
16808,1851,2026-01-28 22:30:00,Data Import,2
16809,1317,2024-06-24 07:18:00,Settings Update,1
16810,823,2025-07-19 21:59:00,User Login,15
16811,1180,2026-02-16 02:49:00,User Login,30
16812,983,2024-08-24 19:27:00,Report Export,5
16813,924,2025-04-05 08:00:00,User Login,5
16814,1381,2026-06-23 18:54:00,Report Export,2
16815,817,2025-10-30 02:15:00,Team Invite,2
16816,1274,2026-03-14 01:57:00,Report Export,2
16817,1929,2024-03-29 17:28:00,Report Export,10
16818,1093,2026-05-05 22:36:00,User Login,30
16819,1074,2025-05-17 02:22:00,Settings Update,15
16820,1978,2025-09-09 13:52:00,Team Invite,2
16821,400,2025-05-16 03:35:00,Dashboard View,5
16822,1326,2025-07-20 12:27:00,Settings Update,30
16823,1257,2025-06-18 20:52:00,Data Import,10
16824,1068,2026-06-21 00:59:00,Team Invite,15
16825,1538,2025-08-27 04:09:00,Report Export,2
16826,1597,2025-05-12 22:10:00,User Login,15
16827,1170,2026-06-13 16:49:00,Team Invite,1
16828,1389,2026-04-26 01:33:00,Dashboard View,15
16829,578,2026-08-09 05:39:00,Settings Update,2
16830,95,2024-07-31 01:53:00,Report Export,15
16831,1547,2026-09-01 07:18:00,Report Export,1
16832,1480,2026-06-28 01:20:00,Team Invite,2
16833,1497,2024-06-28 03:40:00,Team Invite,1
16834,1832,2025-01-30 06:04:00,Dashboard View,10
16835,482,2026-09-18 17:57:00,Dashboard View,5
16836,1328,2026-03-01 19:04:00,Settings Update,1
16837,582,2026-05-17 03:14:00,Report Export,10
16838,1746,2025-10-13 01:58:00,Team Invite,1
16839,124,2026-08-05 05:21:00,User Login,30
16840,1256,2024-05-23 01:03:00,Team Invite,1
16841,358,2026-03-31 07:51:00,Dashboard View,30
16842,815,2026-08-07 22:55:00,Data Import,5
16843,487,2026-01-10 04:19:00,Settings Update,5
16844,1027,2024-10-25 16:23:00,User Login,1
16845,326,2026-01-14 14:56:00,Data Import,5
16846,183,2026-04-25 12:56:00,Dashboard View,2
16847,390,2025-08-15 11:16:00,Report Export,0
16848,207,2026-04-15 15:52:00,Team Invite,1
16849,1220,2026-07-22 04:05:00,Data Import,2
16850,256,2025-06-07 18:07:00,Settings Update,10
16851,416,2026-07-27 03:58:00,Report Export,15
16852,344,2025-08-16 03:20:00,Report Export,0
16853,208,2025-05-14 16:17:00,Team Invite,10
16854,1588,2025-02-07 07:47:00,Team Invite,1
16855,1724,2023-11-30 01:05:00,Data Import,15
16856,956,2026-09-04 07:22:00,Data Import,2
16857,786,2025-02-08 11:39:00,User Login,30
16858,574,2025-10-29 03:44:00,Data Import,1
16859,1300,2025-07-20 09:44:00,Report Export,2
16860,307,2026-05-21 05:22:00,Dashboard View,2
16861,561,2023-05-10 17:15:00,Data Import,2
16862,89,2026-07-05 03:18:00,Team Invite,5
16863,209,2025-06-20 08:39:00,Settings Update,5
16864,1782,2026-06-25 13:29:00,Data Import,2
16865,566,2026-01-22 20:38:00,Settings Update,0
16866,1759,2024-02-28 11:45:00,Dashboard View,2
16867,1231,2024-12-04 23:52:00,Dashboard View,5
16868,1043,2026-06-28 21:59:00,Settings Update,5
16869,527,2026-05-09 02:04:00,Team Invite,0
16870,71,2024-08-14 17:33:00,Report Export,2
16871,1492,2026-08-18 10:24:00,Report Export,1
16872,770,2026-05-17 10:59:00,Team Invite,2
16873,1604,2025-09-22 00:50:00,Settings Update,1
16874,420,2024-02-29 09:49:00,Team Invite,5
16875,1125,2026-02-05 08:21:00,Team Invite,5
16876,177,2026-06-12 05:23:00,Dashboard View,0
16877,131,2026-07-08 04:29:00,User Login,2
16878,621,2024-09-10 00:53:00,Report Export,1
16879,1736,2024-04-14 21:03:00,Settings Update,1
16880,247,2026-07-18 04:44:00,Dashboard View,2
16881,66,2023-06-17 00:37:00,Dashboard View,10
16882,887,2025-08-25 13:45:00,Settings Update,2
16883,1674,2025-04-12 23:33:00,Report Export,2
16884,1766,2026-07-08 16:47:00,Settings Update,15
16885,249,2025-10-02 15:55:00,User Login,5
16886,957,2024-10-21 15:04:00,Team Invite,0
16887,872,2026-05-30 16:32:00,Data Import,1
16888,848,2026-08-10 06:48:00,User Login,10
16889,797,2026-09-30 09:59:00,User Login,15
16890,376,2023-12-24 15:41:00,User Login,5
16891,1475,2026-06-02 14:16:00,Data Import,30
16892,1531,2026-03-19 23:01:00,Settings Update,5
16893,1360,2026-04-10 05:14:00,Team Invite,2
16894,1860,2025-07-26 16:28:00,Settings Update,2
16895,957,2026-01-22 23:37:00,Dashboard View,1
16896,65,2026-07-08 20:53:00,Report Export,1
16897,199,2026-02-27 18:01:00,Report Export,0
16898,477,2026-02-15 23:52:00,Team Invite,0
16899,692,2026-03-03 14:32:00,Settings Update,1
16900,1644,2026-05-24 17:53:00,Data Import,0
16901,904,2025-08-10 21:52:00,Dashboard View,5
16902,1396,2025-07-30 00:34:00,User Login,1
16903,634,2025-06-10 12:45:00,Team Invite,2
16904,1776,2026-08-23 00:35:00,Settings Update,10
16905,1135,2025-10-02 11:03:00,User Login,2
16906,1578,2026-01-19 13:18:00,User Login,10
16907,1111,2026-09-25 22:09:00,User Login,5
16908,418,2026-09-15 23:54:00,Settings Update,2
16909,1662,2025-03-08 14:56:00,Data Import,10
16910,747,2024-07-30 18:13:00,Team Invite,2
16911,1025,2024-01-27 09:14:00,Report Export,10
16912,568,2026-06-05 11:41:00,User Login,1
16913,220,2025-03-13 04:26:00,Data Import,5
16914,908,2025-04-07 16:57:00,User Login,2
16915,1772,2024-05-12 23:39:00,Data Import,10
16916,302,2025-09-09 15:59:00,Data Import,10
16917,1259,2025-04-12 22:34:00,Settings Update,1
16918,1975,2026-07-06 13:12:00,Dashboard View,30
16919,228,2026-05-08 07:18:00,Report Export,10
16920,1949,2025-10-29 05:16:00,Settings Update,2
16921,1280,2024-03-22 12:45:00,Team Invite,5
16922,618,2025-08-23 18:16:00,User Login,5
16923,457,2026-05-12 15:47:00,Dashboard View,1
16924,210,2025-08-18 13:38:00,Dashboard View,1
16925,1143,2026-06-24 02:59:00,User Login,2
16926,1277,2025-08-01 02:32:00,Data Import,5
16927,77,2026-02-03 02:03:00,Settings Update,2
16928,736,2025-03-21 01:56:00,Team Invite,5
16929,1741,2026-06-24 08:12:00,Data Import,5
16930,943,2025-10-14 02:35:00,Report Export,5
16931,811,2026-07-02 20:52:00,Team Invite,2
16932,134,2025-07-01 04:53:00,User Login,5
16933,378,2025-03-05 12:31:00,Team Invite,5
16934,145,2024-11-18 20:56:00,User Login,10
16935,853,2024-02-10 16:42:00,Settings Update,15
16936,482,2026-09-20 02:05:00,User Login,5
16937,220,2024-10-09 21:58:00,Team Invite,2
16938,405,2026-04-14 18:08:00,User Login,0
16939,833,2025-07-19 04:26:00,Team Invite,5
16940,1077,2026-06-17 15:00:00,Settings Update,0
16941,1458,2023-06-07 17:05:00,User Login,10
16942,507,2025-10-18 01:54:00,Dashboard View,2
16943,1568,2026-06-06 20:43:00,Settings Update,15
16944,1140,2025-06-29 11:59:00,Dashboard View,5
16945,425,2025-05-19 05:05:00,Data Import,15
16946,1507,2026-02-23 05:42:00,Data Import,1
16947,1617,2025-07-19 07:10:00,Dashboard View,15
16948,1391,2025-06-04 10:30:00,Team Invite,30
16949,265,2026-06-20 15:38:00,Dashboard View,5
16950,966,2023-12-04 14:06:00,Data Import,10
16951,1488,2026-09-16 04:11:00,Report Export,1
16952,85,2026-03-16 18:01:00,Settings Update,2
16953,1448,2026-01-17 00:57:00,Team Invite,5
16954,1646,2026-03-22 21:00:00,Dashboard View,10
16955,726,2026-07-08 10:20:00,Settings Update,0
16956,1127,2026-03-02 18:30:00,Dashboard View,10
16957,440,2026-05-01 05:07:00,Team Invite,5
16958,1477,2024-11-23 00:33:00,Report Export,10
16959,733,2025-12-11 13:00:00,User Login,10
16960,577,2024-03-03 18:59:00,Team Invite,10
16961,1804,2024-07-30 14:47:00,Data Import,2
16962,130,2026-01-16 11:03:00,Team Invite,30
16963,902,2026-05-27 03:12:00,User Login,15
16964,1313,2025-09-23 02:36:00,Settings Update,2
16965,653,2023-11-21 06:17:00,Dashboard View,1
16966,893,2025-10-04 06:25:00,Settings Update,5
16967,410,2026-09-30 20:39:00,Report Export,30
16968,1409,2026-03-24 21:14:00,Dashboard View,10
16969,523,2024-10-30 22:24:00,Dashboard View,2
16970,1284,2026-01-17 06:31:00,Team Invite,0
16971,942,2025-12-25 01:10:00,Data Import,1
16972,1880,2025-10-19 11:10:00,Settings Update,10
16973,937,2025-07-26 03:33:00,Data Import,5
16974,1544,2025-05-18 12:05:00,Team Invite,15
16975,897,2025-10-06 00:21:00,Dashboard View,10
16976,413,2026-05-08 01:50:00,Settings Update,1
16977,1747,2024-01-02 05:12:00,Dashboard View,10
16978,1795,2026-08-18 13:23:00,Dashboard View,1
16979,1633,2026-04-12 16:40:00,Dashboard View,10
16980,941,2026-02-06 05:05:00,Report Export,0
16981,1744,2024-12-22 15:27:00,Data Import,1
16982,161,2026-06-24 09:09:00,User Login,2
16983,503,2025-11-02 00:43:00,Data Import,10
16984,442,2026-05-10 03:11:00,Report Export,5
16985,810,2025-12-22 15:18:00,Team Invite,2
16986,1254,2026-08-19 22:27:00,User Login,0
16987,1711,2026-03-26 00:13:00,Team Invite,2
16988,1200,2026-01-22 12:05:00,Team Invite,2
16989,816,2026-06-24 05:33:00,Settings Update,2
16990,1645,2024-09-30 09:57:00,Dashboard View,30
16991,344,2026-09-09 23:09:00,User Login,10
16992,745,2025-05-23 11:28:00,Dashboard View,10
16993,1272,2026-08-24 11:34:00,User Login,5
16994,97,2024-03-31 06:12:00,Team Invite,2
16995,114,2026-02-09 15:32:00,Team Invite,2
16996,1404,2024-07-03 06:49:00,Data Import,5
16997,413,2026-04-08 12:28:00,Settings Update,5
16998,1815,2026-01-11 02:19:00,Report Export,5
16999,1746,2026-01-15 07:03:00,User Login,0
17000,973,2025-05-28 04:26:00,Settings Update,5
17001,1235,2025-07-04 08:19:00,Data Import,15
17002,413,2026-04-21 23:05:00,Dashboard View,2
17003,398,2026-03-21 02:01:00,Dashboard View,30
17004,1473,2024-12-18 03:24:00,Report Export,2
17005,1291,2025-01-13 11:21:00,Dashboard View,1
17006,1582,2024-11-20 05:51:00,Report Export,10
17007,1622,2025-08-25 08:10:00,Settings Update,5
17008,242,2025-08-24 10:04:00,User Login,0
17009,702,2024-09-20 14:52:00,Data Import,0
17010,741,2023-04-29 14:11:00,Report Export,5
17011,1820,2026-08-13 18:21:00,Data Import,1
17012,905,2024-12-11 23:32:00,Report Export,5
17013,1990,2025-08-09 23:01:00,Team Invite,10
17014,1419,2026-01-24 22:09:00,Team Invite,0
17015,1865,2025-07-11 00:15:00,Dashboard View,15
17016,315,2025-01-22 01:24:00,Data Import,1
17017,1278,2024-02-05 07:38:00,Dashboard View,2
17018,1230,2024-12-01 19:25:00,Dashboard View,5
17019,1564,2025-07-17 09:18:00,Data Import,5
17020,78,2026-05-21 10:33:00,Team Invite,5
17021,1293,2026-05-29 23:22:00,Dashboard View,2
17022,704,2025-07-16 01:18:00,Data Import,15
17023,1823,2025-06-04 12:56:00,User Login,2
17024,943,2024-08-29 21:17:00,Team Invite,1
17025,1376,2026-08-13 09:38:00,Report Export,10
17026,507,2026-06-05 16:55:00,Team Invite,10
17027,339,2026-02-28 00:47:00,Dashboard View,5
17028,1772,2023-08-07 09:26:00,Report Export,2
17029,957,2024-03-25 21:17:00,Data Import,15
17030,1670,2026-08-28 16:40:00,Settings Update,2
17031,328,2026-06-20 01:27:00,User Login,5
17032,740,2023-03-25 08:49:00,Dashboard View,2
17033,279,2026-03-07 19:08:00,Report Export,1
17034,654,2026-03-31 06:51:00,Settings Update,5
17035,1783,2025-01-28 21:51:00,Data Import,0
17036,86,2026-07-24 20:30:00,Team Invite,15
17037,1495,2025-07-04 06:06:00,Report Export,0
17038,375,2025-11-10 05:53:00,Settings Update,2
17039,1696,2025-11-09 07:28:00,Data Import,30
17040,804,2026-07-12 22:17:00,User Login,5
17041,826,2024-01-22 11:05:00,Team Invite,1
17042,1068,2026-08-21 01:09:00,Data Import,0
17043,1343,2023-06-09 13:57:00,Report Export,5
17044,1803,2026-02-28 04:29:00,Dashboard View,5
17045,1241,2024-03-17 04:35:00,Dashboard View,5
17046,1873,2025-06-23 12:26:00,Team Invite,0
17047,1878,2026-04-10 23:46:00,Settings Update,10
17048,964,2026-08-23 00:09:00,Report Export,1
17049,1174,2025-11-18 11:06:00,Team Invite,5
17050,732,2025-09-03 11:30:00,Team Invite,30
17051,257,2024-10-03 02:25:00,Report Export,5
17052,1381,2025-05-29 19:34:00,Team Invite,1
17053,1431,2024-02-01 07:21:00,Settings Update,5
17054,732,2024-04-06 01:55:00,Settings Update,5
17055,142,2026-08-27 14:39:00,User Login,10
17056,47,2025-10-14 10:35:00,Dashboard View,5
17057,1239,2026-07-01 15:52:00,Report Export,2
17058,1933,2026-08-31 16:53:00,Team Invite,1
17059,569,2026-05-16 20:06:00,User Login,5
17060,272,2026-03-12 20:56:00,Settings Update,5
17061,465,2026-03-07 23:56:00,Settings Update,2
17062,1875,2026-06-16 07:22:00,User Login,1
17063,662,2025-08-27 09:58:00,Report Export,1
17064,911,2026-07-22 22:51:00,Team Invite,30
17065,1038,2026-08-04 00:22:00,Data Import,15
17066,73,2026-09-10 21:59:00,Data Import,10
17067,1630,2024-02-23 18:50:00,User Login,30
17068,1564,2025-06-06 10:59:00,User Login,2
17069,28,2026-02-12 02:41:00,Dashboard View,30
17070,1908,2025-06-05 11:09:00,Settings Update,0
17071,1506,2025-09-06 12:40:00,Data Import,5
17072,12,2026-09-23 04:46:00,Dashboard View,10
17073,778,2026-04-26 02:17:00,Team Invite,1
17074,1844,2025-09-10 00:36:00,Dashboard View,15
17075,759,2025-09-25 18:41:00,Data Import,1
17076,644,2026-04-10 13:13:00,Team Invite,0
17077,845,2024-04-12 12:31:00,Data Import,15
17078,1536,2026-03-26 16:58:00,Report Export,0
17079,943,2026-06-03 16:05:00,Team Invite,2
17080,1984,2025-06-28 13:03:00,User Login,2
17081,1248,2023-06-21 01:14:00,Settings Update,5
17082,86,2026-07-19 19:50:00,Data Import,2
17083,915,2026-09-07 11:44:00,Settings Update,2
17084,1854,2023-11-05 09:52:00,User Login,15
17085,957,2024-04-15 21:19:00,User Login,10
17086,1182,2023-05-10 04:15:00,Report Export,0
17087,1948,2025-05-07 05:05:00,User Login,5
17088,1926,2025-11-23 20:34:00,Report Export,15
17089,315,2025-02-06 00:29:00,Team Invite,15
17090,1640,2026-02-04 23:18:00,Settings Update,5
17091,147,2026-06-04 04:23:00,User Login,10
17092,1690,2025-10-23 12:55:00,Data Import,5
17093,1345,2025-12-13 03:29:00,Data Import,5
17094,839,2025-09-09 16:57:00,User Login,5
17095,1790,2026-03-04 19:34:00,Team Invite,0
17096,952,2026-02-09 04:50:00,Data Import,10
17097,239,2026-07-22 13:26:00,Settings Update,2
17098,314,2026-07-21 04:15:00,Settings Update,10
17099,1679,2025-08-07 05:12:00,Data Import,2
17100,1734,2026-04-15 19:30:00,Data Import,5
17101,740,2026-06-19 15:37:00,Dashboard View,2
17102,429,2026-08-14 23:02:00,Team Invite,2
17103,154,2026-07-29 07:13:00,Settings Update,0
17104,1672,2026-08-31 16:42:00,Team Invite,1
17105,1946,2025-05-12 09:46:00,Team Invite,15
17106,1462,2026-08-23 04:14:00,User Login,10
17107,1069,2025-12-30 02:09:00,Settings Update,5
17108,1367,2026-09-30 16:15:00,Team Invite,1
17109,551,2025-02-05 01:33:00,Report Export,15
17110,627,2026-03-23 09:16:00,Settings Update,2
17111,1250,2026-04-05 13:35:00,Report Export,30
17112,1655,2026-05-02 05:36:00,Report Export,2
17113,1818,2026-05-31 03:45:00,Report Export,10
17114,1524,2025-02-21 16:35:00,Dashboard View,10
17115,635,2026-07-05 16:45:00,Data Import,2
17116,1841,2025-12-15 08:43:00,Report Export,30
17117,1900,2024-05-05 17:37:00,Report Export,2
17118,992,2023-12-09 00:12:00,User Login,5
17119,517,2026-07-27 05:24:00,Dashboard View,2
17120,752,2026-02-20 05:21:00,Dashboard View,10
17121,1028,2025-12-12 08:49:00,User Login,5
17122,155,2025-06-07 13:55:00,Settings Update,15
17123,1579,2025-04-08 15:49:00,Team Invite,0
17124,658,2026-05-08 07:11:00,Dashboard View,0
17125,930,2025-05-24 11:09:00,Dashboard View,5
17126,1298,2026-08-23 03:49:00,Data Import,5
17127,1590,2023-04-23 17:05:00,Data Import,5
17128,1294,2026-08-22 06:51:00,Settings Update,1
17129,66,2024-05-22 05:47:00,Team Invite,5
17130,901,2026-03-07 09:16:00,Report Export,1
17131,263,2026-03-26 11:53:00,Team Invite,5
17132,917,2025-07-06 12:02:00,Dashboard View,2
17133,436,2024-12-11 01:47:00,Dashboard View,2
17134,1702,2026-09-15 12:14:00,Team Invite,0
17135,387,2026-07-09 22:48:00,Data Import,5
17136,1202,2026-07-02 04:55:00,Settings Update,10
17137,146,2024-11-12 22:50:00,Data Import,5
17138,1729,2026-07-06 21:42:00,User Login,5
17139,101,2025-07-16 04:57:00,Data Import,15
17140,1166,2024-09-03 16:28:00,Team Invite,2
17141,542,2026-05-16 04:51:00,Dashboard View,1
17142,1012,2025-03-26 07:09:00,Settings Update,2
17143,975,2023-05-31 22:30:00,Team Invite,2
17144,1901,2026-06-17 11:36:00,Data Import,5
17145,3,2026-04-24 16:42:00,Report Export,15
17146,194,2026-03-13 20:27:00,Report Export,1
17147,1462,2026-07-02 14:15:00,Team Invite,5
17148,360,2026-09-25 12:57:00,User Login,1
17149,1301,2026-09-08 01:30:00,Report Export,2
17150,389,2026-02-14 01:40:00,User Login,5
17151,1345,2024-12-07 23:19:00,Data Import,5
17152,1348,2025-05-15 23:17:00,Team Invite,2
17153,293,2026-03-31 20:49:00,Team Invite,10
17154,1526,2024-08-16 14:52:00,Team Invite,2
17155,627,2026-02-02 17:14:00,Dashboard View,5
17156,1016,2025-11-08 04:22:00,Dashboard View,2
17157,1802,2025-01-27 13:22:00,Report Export,2
17158,1535,2026-05-20 08:55:00,Dashboard View,5
17159,1610,2025-10-10 00:56:00,Dashboard View,10
17160,1820,2025-12-06 22:42:00,Team Invite,5
17161,27,2025-09-14 23:37:00,Team Invite,5
17162,75,2025-02-04 14:05:00,Data Import,1
17163,627,2026-08-18 21:29:00,User Login,0
17164,1791,2026-07-29 00:46:00,Data Import,2
17165,1925,2026-03-18 11:39:00,Team Invite,10
17166,528,2026-07-26 12:03:00,Report Export,2
17167,1206,2026-01-29 00:17:00,Settings Update,15
17168,179,2026-08-24 06:13:00,Data Import,5
17169,1114,2026-02-24 15:17:00,Settings Update,10
17170,622,2026-08-13 03:32:00,Settings Update,5
17171,1486,2026-05-02 08:49:00,User Login,2
17172,1180,2025-10-10 13:44:00,User Login,1
17173,1994,2025-03-12 05:39:00,Dashboard View,5
17174,1696,2026-08-10 17:46:00,Data Import,1
17175,1743,2025-10-03 15:04:00,Team Invite,30
17176,1637,2024-04-03 09:10:00,Data Import,0
17177,93,2026-09-24 11:35:00,Settings Update,5
17178,1098,2024-06-08 16:53:00,Settings Update,10
17179,290,2024-11-18 17:01:00,User Login,15
17180,1828,2024-12-15 12:42:00,User Login,5
17181,835,2025-09-13 09:43:00,Dashboard View,5
17182,1110,2026-06-17 02:43:00,Team Invite,1
17183,833,2025-02-01 23:07:00,Team Invite,5
17184,537,2025-03-12 01:39:00,Report Export,1
17185,727,2023-08-11 09:23:00,Team Invite,10
17186,276,2025-05-05 19:01:00,Team Invite,2
17187,372,2025-09-22 07:07:00,Dashboard View,5
17188,1957,2026-05-01 08:46:00,Dashboard View,1
17189,920,2026-03-13 00:47:00,Settings Update,10
17190,331,2026-03-10 03:02:00,Settings Update,0
17191,800,2024-12-10 00:15:00,Report Export,5
17192,104,2025-12-28 07:16:00,Data Import,1
17193,1567,2024-11-10 18:37:00,Dashboard View,30
17194,1519,2026-06-29 09:34:00,Dashboard View,0
17195,175,2025-03-13 18:30:00,User Login,2
17196,1680,2026-01-15 04:55:00,Dashboard View,5
17197,223,2024-11-10 17:23:00,Report Export,1
17198,131,2026-09-12 10:18:00,Dashboard View,5
17199,1907,2026-02-28 13:58:00,Settings Update,10
17200,1113,2026-01-21 06:55:00,Dashboard View,1
17201,93,2026-07-20 07:03:00,Settings Update,30
17202,1109,2026-08-31 01:56:00,Report Export,2
17203,1305,2026-05-02 00:13:00,Team Invite,10
17204,1602,2026-03-01 13:09:00,Report Export,1
17205,693,2026-07-22 07:27:00,User Login,1
17206,425,2025-07-29 19:42:00,Team Invite,5
17207,546,2024-10-04 20:59:00,Settings Update,0
17208,1652,2025-11-02 16:54:00,Data Import,30
17209,361,2025-10-21 09:20:00,User Login,10
17210,601,2026-01-30 19:38:00,Dashboard View,10
17211,333,2026-03-05 22:33:00,Team Invite,0
17212,1595,2026-02-17 05:16:00,Dashboard View,10
17213,1076,2026-05-02 11:24:00,Report Export,10
17214,1853,2025-11-23 13:30:00,Report Export,2
17215,165,2026-07-14 04:55:00,User Login,5
17216,583,2026-08-13 16:42:00,User Login,1
17217,1935,2026-07-03 02:42:00,Dashboard View,2
17218,904,2025-04-03 00:46:00,Settings Update,5
17219,1857,2025-09-06 17:10:00,Data Import,10
17220,94,2025-07-03 11:43:00,Settings Update,30
17221,166,2026-06-22 12:12:00,Settings Update,1
17222,577,2024-08-22 12:55:00,Data Import,15
17223,984,2026-06-05 03:00:00,User Login,2
17224,273,2025-04-22 19:10:00,Report Export,2
17225,1146,2026-06-06 09:09:00,Dashboard View,5
17226,294,2024-04-03 20:05:00,Report Export,2
17227,691,2026-03-06 21:39:00,User Login,5
17228,332,2025-10-12 01:08:00,Report Export,5
17229,274,2026-07-28 10:12:00,Data Import,10
17230,443,2024-05-03 04:47:00,Dashboard View,2
17231,1889,2026-04-28 07:39:00,Data Import,2
17232,932,2025-12-04 17:10:00,User Login,15
17233,1988,2025-09-04 13:30:00,Settings Update,2
17234,1278,2024-11-13 15:08:00,Data Import,5
17235,1748,2026-05-15 09:38:00,Settings Update,2
17236,166,2026-06-17 15:22:00,Team Invite,10
17237,1454,2025-06-25 13:09:00,Report Export,10
17238,1436,2025-09-30 02:18:00,User Login,5
17239,1335,2026-07-01 17:34:00,Dashboard View,2
17240,697,2026-08-15 06:59:00,Settings Update,5
17241,247,2024-10-25 12:10:00,Dashboard View,5
17242,1980,2026-06-01 03:30:00,Settings Update,2
17243,760,2026-05-02 02:40:00,Dashboard View,5
17244,455,2025-07-26 19:42:00,Dashboard View,5
17245,839,2026-04-19 18:39:00,Report Export,5
17246,1989,2025-11-20 14:46:00,Report Export,1
17247,1301,2026-08-07 03:19:00,Data Import,5
17248,1456,2025-06-06 18:52:00,Dashboard View,5
17249,1360,2026-03-27 07:09:00,Data Import,0
17250,657,2026-01-22 13:57:00,Dashboard View,2
17251,97,2026-05-27 13:16:00,Team Invite,5
17252,454,2026-09-27 15:36:00,Dashboard View,5
17253,640,2026-02-07 19:39:00,User Login,0
17254,53,2026-01-18 10:58:00,Team Invite,2
17255,1621,2025-12-18 03:15:00,Data Import,15
17256,580,2026-08-03 22:22:00,Settings Update,10
17257,1686,2025-07-15 11:12:00,Settings Update,2
17258,1779,2026-08-29 02:11:00,Team Invite,10
17259,1518,2026-08-03 10:20:00,Data Import,5
17260,1742,2025-03-23 05:04:00,Team Invite,2
17261,407,2026-08-17 22:08:00,Settings Update,5
17262,1118,2026-08-13 03:59:00,Dashboard View,2
17263,664,2025-11-21 19:55:00,Settings Update,5
17264,1334,2024-04-27 06:22:00,Dashboard View,5
17265,1927,2026-07-19 05:58:00,Team Invite,1
17266,300,2025-04-19 21:21:00,Settings Update,0
17267,842,2026-06-28 12:42:00,Dashboard View,0
17268,1946,2025-08-31 12:18:00,Data Import,1
17269,1612,2024-02-04 00:53:00,User Login,1
17270,138,2026-04-23 08:48:00,Team Invite,5
17271,831,2024-11-23 15:34:00,Report Export,5
17272,1407,2026-01-19 14:34:00,User Login,5
17273,669,2025-02-16 14:06:00,Settings Update,0
17274,32,2024-07-07 11:21:00,Team Invite,10
17275,1111,2026-07-14 07:10:00,Report Export,2
17276,1186,2025-09-12 05:31:00,Data Import,5
17277,754,2025-10-01 13:28:00,Team Invite,10
17278,991,2026-05-01 01:37:00,Dashboard View,10
17279,854,2024-09-16 15:02:00,Settings Update,10
17280,1746,2026-08-09 23:17:00,User Login,0
17281,607,2026-09-26 11:25:00,User Login,2
17282,41,2026-09-05 18:47:00,Data Import,15
17283,447,2026-07-30 00:58:00,Dashboard View,1
17284,1225,2025-02-01 18:02:00,User Login,5
17285,607,2026-08-17 23:05:00,Dashboard View,15
17286,1586,2024-10-25 04:18:00,Dashboard View,0
17287,1451,2025-08-17 08:27:00,Data Import,0
17288,460,2024-11-17 19:33:00,Team Invite,5
17289,106,2026-06-15 08:59:00,Dashboard View,5
17290,1477,2024-07-10 11:05:00,Dashboard View,5
17291,289,2026-07-04 08:52:00,Dashboard View,1
17292,806,2025-04-11 13:29:00,Report Export,15
17293,1073,2026-04-25 15:54:00,Report Export,15
17294,1542,2026-04-19 15:57:00,Team Invite,10
17295,1625,2025-04-04 20:08:00,Data Import,15
17296,447,2026-02-11 13:51:00,Dashboard View,1
17297,796,2026-09-24 03:28:00,Report Export,1
17298,1051,2026-05-26 22:05:00,Settings Update,1
17299,1935,2026-07-06 07:32:00,User Login,5
17300,385,2024-04-11 13:32:00,User Login,10
17301,839,2026-07-10 06:28:00,User Login,1
17302,816,2026-06-12 23:12:00,User Login,30
17303,244,2026-08-04 18:08:00,Settings Update,2
17304,1747,2025-02-02 14:29:00,Report Export,15
17305,993,2025-05-08 05:33:00,Team Invite,10
17306,318,2023-06-25 18:22:00,Dashboard View,5
17307,954,2026-03-22 18:58:00,Settings Update,5
17308,9,2025-10-03 16:02:00,Settings Update,5
17309,961,2025-06-13 20:29:00,Settings Update,15
17310,1805,2026-08-14 02:48:00,Team Invite,2
17311,1079,2026-08-01 06:53:00,Data Import,2
17312,534,2026-04-07 08:26:00,User Login,5
17313,689,2024-04-04 02:00:00,Settings Update,1
17314,212,2024-07-02 09:13:00,Team Invite,5
17315,40,2025-04-05 00:34:00,Settings Update,10
17316,988,2024-08-01 19:06:00,Team Invite,5
17317,218,2025-09-04 01:57:00,Settings Update,1
17318,277,2025-12-13 17:36:00,User Login,10
17319,695,2025-01-29 18:46:00,Team Invite,2
17320,270,2024-01-20 15:01:00,Team Invite,5
17321,1691,2025-08-17 16:10:00,User Login,0
17322,429,2025-11-09 13:30:00,User Login,10
17323,747,2026-07-17 03:37:00,Data Import,5
17324,252,2026-06-05 22:18:00,Team Invite,5
17325,1953,2023-10-27 19:07:00,Team Invite,10
17326,1235,2026-05-01 15:32:00,Dashboard View,15
17327,518,2026-06-18 11:48:00,Settings Update,5
17328,1561,2024-07-16 14:22:00,Dashboard View,5
17329,1713,2025-07-30 15:45:00,Settings Update,1
17330,233,2026-08-17 10:38:00,Settings Update,1
17331,390,2024-10-08 08:26:00,Data Import,15
17332,1819,2026-02-06 16:27:00,Report Export,5
17333,186,2026-06-07 09:34:00,User Login,5
17334,56,2026-07-31 15:47:00,Report Export,15
17335,1574,2026-05-06 16:34:00,Team Invite,15
17336,1373,2025-04-02 14:38:00,Settings Update,2
17337,388,2025-12-03 20:11:00,User Login,15
17338,986,2024-06-12 17:43:00,User Login,30
17339,1805,2026-07-05 16:00:00,Settings Update,1
17340,838,2024-05-12 16:52:00,Team Invite,0
17341,1158,2024-10-31 01:28:00,User Login,30
17342,1062,2025-05-11 03:51:00,Team Invite,0
17343,928,2026-01-21 10:06:00,User Login,15
17344,786,2026-07-21 17:15:00,Data Import,10
17345,1761,2026-08-15 19:46:00,Team Invite,0
17346,748,2026-04-07 02:04:00,Dashboard View,0
17347,575,2026-09-26 02:20:00,Report Export,0
17348,463,2026-05-15 16:09:00,Settings Update,15
17349,841,2025-08-09 14:54:00,Dashboard View,15
17350,1833,2026-05-06 02:13:00,Dashboard View,2
17351,1539,2026-02-08 01:18:00,Settings Update,5
17352,1311,2026-03-17 09:25:00,Settings Update,2
17353,1600,2025-12-08 20:20:00,Settings Update,5
17354,355,2025-12-22 15:26:00,User Login,5
17355,1021,2026-07-26 01:20:00,User Login,10
17356,1504,2026-04-14 11:21:00,Team Invite,10
17357,9,2025-09-25 08:58:00,Settings Update,1
17358,1651,2026-02-09 12:58:00,Settings Update,10
17359,90,2026-06-14 09:31:00,User Login,2
17360,764,2023-08-22 20:44:00,Data Import,2
17361,1438,2026-02-08 07:12:00,Team Invite,10
17362,1198,2025-08-29 02:21:00,Team Invite,1
17363,84,2026-03-04 12:51:00,Data Import,2
17364,206,2025-10-10 04:11:00,Dashboard View,1
17365,769,2026-05-31 07:53:00,Settings Update,15
17366,1370,2026-09-09 18:21:00,Data Import,5
17367,1479,2026-06-19 20:24:00,Dashboard View,2
17368,64,2025-02-16 14:54:00,Report Export,2
17369,1025,2025-01-07 08:22:00,Data Import,5
17370,259,2026-05-22 12:06:00,Team Invite,10
17371,666,2025-09-14 01:37:00,Settings Update,1
17372,270,2026-04-14 00:33:00,Settings Update,1
17373,62,2026-03-29 03:48:00,Settings Update,5
17374,385,2025-05-04 11:49:00,Settings Update,5
17375,195,2025-02-10 21:43:00,Report Export,10
17376,114,2026-08-06 17:33:00,Dashboard View,10
17377,350,2025-06-03 09:10:00,Settings Update,2
17378,1525,2026-04-13 20:43:00,Data Import,2
17379,1774,2026-05-18 15:49:00,User Login,5
17380,1371,2026-01-10 20:05:00,Data Import,1
17381,1087,2025-04-20 15:39:00,Report Export,2
17382,109,2025-12-28 14:22:00,Dashboard View,30
17383,524,2026-06-09 20:53:00,User Login,10
17384,1243,2026-05-05 05:52:00,Data Import,2
17385,1206,2025-12-26 01:15:00,Dashboard View,15
17386,1732,2026-07-29 11:10:00,Report Export,5
17387,700,2025-02-01 23:44:00,Report Export,10
17388,939,2023-11-06 11:10:00,User Login,15
17389,773,2024-06-30 22:24:00,User Login,15
17390,1075,2026-03-09 00:37:00,Settings Update,5
17391,585,2025-02-23 01:34:00,Report Export,10
17392,1271,2026-03-13 15:11:00,Dashboard View,5
17393,1178,2026-03-23 06:51:00,User Login,5
17394,1260,2025-03-25 05:10:00,Settings Update,5
17395,1039,2026-03-23 16:12:00,Report Export,10
17396,1186,2025-10-13 01:14:00,User Login,5
17397,1320,2025-11-24 16:04:00,Report Export,30
17398,354,2026-05-28 21:59:00,Data Import,5
17399,1894,2026-08-16 13:22:00,Settings Update,10
17400,1827,2026-06-28 10:36:00,Dashboard View,0
17401,725,2025-09-04 18:45:00,Settings Update,2
17402,1233,2026-02-10 00:18:00,User Login,15
17403,1465,2026-07-08 23:18:00,Dashboard View,2
17404,1403,2026-08-25 08:04:00,Settings Update,1
17405,1744,2025-05-30 10:34:00,Settings Update,1
17406,927,2025-04-09 20:34:00,Report Export,5
17407,1442,2024-08-12 13:50:00,Settings Update,0
17408,1982,2026-06-13 12:49:00,Report Export,2
17409,875,2025-06-03 22:41:00,Dashboard View,1
17410,1957,2026-05-02 07:02:00,User Login,0
17411,834,2026-04-18 11:10:00,Dashboard View,2
17412,1406,2023-04-01 11:24:00,Settings Update,5
17413,472,2025-12-03 21:08:00,User Login,5
17414,128,2026-03-26 01:04:00,Data Import,5
17415,1300,2026-07-27 11:18:00,Settings Update,2
17416,223,2026-04-16 18:18:00,User Login,2
17417,895,2026-06-03 22:55:00,Report Export,5
17418,1844,2025-07-15 18:14:00,Report Export,1
17419,711,2025-07-20 19:37:00,Dashboard View,10
17420,107,2026-07-12 03:02:00,User Login,1
17421,839,2025-10-02 11:24:00,Report Export,5
17422,1549,2025-06-09 04:08:00,Dashboard View,0
17423,1265,2026-07-22 06:29:00,Settings Update,15
17424,1986,2025-10-22 04:28:00,Dashboard View,2
17425,553,2026-07-05 15:33:00,Report Export,5
17426,1049,2026-07-22 07:20:00,Settings Update,5
17427,1955,2025-06-13 22:35:00,Report Export,1
17428,771,2025-09-15 01:59:00,User Login,1
17429,932,2026-05-09 20:53:00,Settings Update,5
17430,1123,2024-08-04 17:34:00,Dashboard View,1
17431,1097,2026-01-04 12:08:00,Report Export,0
17432,168,2025-08-05 11:56:00,User Login,10
17433,754,2024-12-28 04:08:00,User Login,5
17434,825,2024-01-08 14:36:00,Dashboard View,10
17435,1501,2025-01-11 12:38:00,Data Import,5
17436,1750,2024-05-20 02:11:00,Data Import,2
17437,920,2024-09-06 20:34:00,User Login,1
17438,993,2025-01-19 06:22:00,User Login,2
17439,1262,2024-08-22 18:56:00,Team Invite,5
17440,312,2024-10-08 16:14:00,Data Import,5
17441,1920,2026-07-14 04:47:00,Data Import,5
17442,778,2025-11-18 03:24:00,Dashboard View,10
17443,1680,2025-08-27 13:33:00,Dashboard View,5
17444,458,2026-09-12 05:58:00,Data Import,2
17445,832,2025-07-16 18:10:00,Team Invite,5
17446,1872,2024-10-02 19:11:00,Dashboard View,15
17447,789,2026-04-24 19:52:00,Report Export,15
17448,753,2026-01-17 06:23:00,Settings Update,5
17449,611,2024-02-12 10:14:00,Settings Update,10
17450,1345,2026-07-27 22:27:00,Data Import,2
17451,243,2023-10-09 12:06:00,Dashboard View,2
17452,1152,2026-05-07 21:17:00,Settings Update,10
17453,1544,2025-06-03 03:15:00,Team Invite,0
17454,363,2026-02-24 19:58:00,Report Export,5
17455,279,2026-09-15 13:06:00,Report Export,5
17456,1472,2025-09-24 05:30:00,Data Import,1
17457,1450,2026-05-22 13:45:00,Report Export,2
17458,131,2026-07-11 01:50:00,Data Import,2
17459,97,2026-04-13 12:19:00,User Login,2
17460,1895,2026-08-02 14:08:00,Team Invite,15
17461,626,2026-08-05 09:33:00,Data Import,2
17462,393,2026-01-29 17:19:00,Settings Update,1
17463,1378,2023-08-28 06:09:00,Dashboard View,2
17464,1370,2026-03-24 07:16:00,Data Import,5
17465,498,2026-01-13 15:50:00,Data Import,0
17466,1471,2024-07-04 19:00:00,Report Export,1
17467,1834,2026-05-25 03:58:00,Report Export,1
17468,1627,2026-07-27 05:16:00,Team Invite,2
17469,989,2025-01-06 06:58:00,User Login,5
17470,980,2023-03-17 17:25:00,Report Export,5
17471,289,2026-08-10 17:34:00,Data Import,15
17472,1841,2026-01-19 20:36:00,User Login,10
17473,1891,2026-02-28 05:05:00,Dashboard View,0
17474,1942,2024-11-29 00:35:00,Dashboard View,30
17475,518,2026-02-14 12:37:00,Data Import,0
17476,1710,2023-09-07 19:44:00,User Login,5
17477,1769,2026-05-27 17:30:00,Report Export,2
17478,684,2026-01-04 02:26:00,Settings Update,10
17479,633,2026-09-27 06:45:00,Team Invite,5
17480,714,2025-11-29 14:17:00,Dashboard View,30
17481,1452,2025-12-08 01:23:00,Team Invite,5
17482,1838,2025-07-23 08:14:00,Report Export,2
17483,749,2024-01-23 19:11:00,User Login,1
17484,1212,2023-05-12 07:59:00,User Login,5
17485,97,2026-05-05 15:53:00,User Login,1
17486,1565,2026-06-09 07:11:00,User Login,1
17487,1444,2024-09-05 06:34:00,Team Invite,1
17488,934,2025-05-02 22:00:00,Team Invite,2
17489,85,2026-09-07 13:01:00,Data Import,2
17490,337,2025-11-02 14:25:00,Dashboard View,30
17491,521,2026-08-10 03:42:00,Dashboard View,5
17492,497,2026-07-12 12:13:00,Team Invite,10
17493,1861,2025-02-28 20:26:00,Report Export,0
17494,726,2026-04-25 20:39:00,Report Export,0
17495,159,2026-03-27 12:05:00,Dashboard View,10
17496,1868,2026-09-23 20:49:00,User Login,5
17497,1042,2025-04-04 19:41:00,Data Import,0
17498,576,2026-03-11 17:48:00,Report Export,5
17499,144,2026-03-29 18:02:00,Team Invite,15
17500,485,2026-05-29 08:41:00,User Login,15
17501,139,2025-05-06 07:37:00,Data Import,1
17502,1509,2026-06-11 15:41:00,Data Import,10
17503,446,2025-06-30 20:45:00,Report Export,10
17504,1762,2026-09-23 09:18:00,Data Import,30
17505,1280,2024-09-06 08:51:00,Data Import,2
17506,836,2025-02-18 13:43:00,User Login,30
17507,1932,2026-09-09 10:18:00,Dashboard View,0
17508,1818,2025-07-01 01:38:00,Data Import,2
17509,482,2025-10-29 04:53:00,Dashboard View,2
17510,1992,2026-08-24 19:18:00,Report Export,15
17511,638,2024-07-11 00:26:00,User Login,5
17512,1189,2026-02-02 07:12:00,Report Export,0
17513,456,2025-05-28 20:00:00,Dashboard View,10
17514,805,2026-06-01 10:09:00,Report Export,1
17515,197,2025-04-22 05:15:00,Dashboard View,2
17516,1936,2024-04-25 09:19:00,Team Invite,0
17517,1174,2024-06-30 14:07:00,User Login,5
17518,1294,2026-05-11 07:41:00,Settings Update,10
17519,1260,2026-06-14 04:46:00,Data Import,1
17520,1901,2024-06-22 12:06:00,Settings Update,10
17521,1725,2024-06-03 06:26:00,Data Import,5
17522,562,2025-04-10 23:03:00,User Login,2
17523,1069,2026-08-01 02:46:00,Team Invite,10
17524,1316,2026-01-18 04:25:00,Dashboard View,10
17525,988,2024-06-05 21:14:00,Report Export,15
17526,1446,2024-09-11 06:45:00,Dashboard View,2
17527,1114,2026-06-27 11:07:00,Team Invite,1
17528,413,2025-12-19 14:06:00,Data Import,2
17529,1272,2025-04-28 15:26:00,Team Invite,2
17530,803,2025-11-16 06:22:00,Dashboard View,0
17531,1545,2026-07-17 12:36:00,User Login,2
17532,892,2024-03-25 11:27:00,Data Import,1
17533,1440,2025-03-23 06:33:00,Data Import,30
17534,442,2026-05-20 10:17:00,Dashboard View,5
17535,559,2026-06-19 09:19:00,Dashboard View,5
17536,1702,2026-08-31 16:47:00,Team Invite,0
17537,1723,2025-05-26 02:56:00,Team Invite,5
17538,1991,2024-11-08 02:01:00,User Login,1
17539,1714,2026-03-07 02:48:00,Team Invite,15
17540,307,2026-09-10 06:58:00,Settings Update,2
17541,81,2025-10-29 04:43:00,Dashboard View,15
17542,1879,2024-02-17 00:26:00,Settings Update,2
17543,1877,2024-09-22 15:50:00,Report Export,5
17544,1937,2026-09-08 01:24:00,Dashboard View,2
17545,1069,2025-11-12 16:32:00,Settings Update,5
17546,938,2026-01-05 07:06:00,Data Import,5
17547,1353,2025-11-17 05:12:00,Settings Update,2
17548,287,2023-07-05 06:11:00,Settings Update,0
17549,1758,2026-02-05 12:39:00,Settings Update,2
17550,974,2026-03-30 19:15:00,Team Invite,10
17551,1873,2025-12-27 15:41:00,User Login,2
17552,391,2024-07-25 11:37:00,User Login,10
17553,1866,2025-09-26 22:48:00,Dashboard View,15
17554,988,2026-08-19 03:27:00,Team Invite,10
17555,997,2025-12-13 13:46:00,Report Export,1
17556,1848,2025-08-19 09:34:00,Report Export,5
17557,246,2024-06-28 10:33:00,User Login,5
17558,101,2025-12-01 04:25:00,Team Invite,0
17559,1856,2026-03-25 11:23:00,Dashboard View,0
17560,1429,2025-10-24 06:32:00,Data Import,1
17561,1825,2026-08-23 19:12:00,Data Import,5
17562,1346,2025-08-10 22:31:00,Team Invite,2
17563,1266,2025-05-30 21:15:00,Data Import,10
17564,908,2024-12-02 03:38:00,Dashboard View,2
17565,1094,2026-02-24 22:38:00,Report Export,15
17566,1797,2023-06-11 00:59:00,Settings Update,10
17567,1028,2026-03-12 05:25:00,Data Import,1
17568,1536,2026-03-24 03:37:00,User Login,10
17569,441,2025-07-31 21:11:00,User Login,10
17570,172,2025-05-02 02:15:00,User Login,1
17571,765,2026-02-10 22:05:00,Settings Update,1
17572,379,2026-05-31 18:32:00,Data Import,5
17573,152,2026-07-29 12:54:00,Team Invite,30
17574,348,2026-05-15 22:21:00,Team Invite,2
17575,1203,2025-03-22 01:40:00,Settings Update,2
17576,1395,2026-02-28 19:55:00,User Login,30
17577,867,2025-10-30 22:17:00,Settings Update,2
17578,245,2026-09-19 02:36:00,User Login,0
17579,80,2023-11-13 09:20:00,User Login,5
17580,186,2026-07-17 14:40:00,Data Import,10
17581,1320,2025-08-06 14:46:00,Team Invite,1
17582,278,2026-02-16 23:13:00,Team Invite,1
17583,582,2026-07-24 05:27:00,Settings Update,1
17584,784,2026-05-15 09:00:00,Dashboard View,5
17585,536,2025-10-02 15:25:00,Report Export,2
17586,1457,2026-09-27 06:09:00,Dashboard View,0
17587,36,2024-09-23 18:02:00,Settings Update,5
17588,567,2025-12-25 19:24:00,User Login,2
17589,1195,2024-04-25 19:50:00,User Login,2
17590,219,2025-06-17 23:38:00,Team Invite,2
17591,1242,2025-07-16 13:32:00,Data Import,2
17592,583,2026-09-02 18:16:00,Dashboard View,1
17593,712,2025-05-27 21:29:00,Report Export,0
17594,989,2024-04-11 15:35:00,Team Invite,10
17595,734,2026-01-03 11:40:00,User Login,1
17596,420,2023-08-29 19:32:00,Team Invite,10
17597,81,2025-02-16 05:49:00,User Login,10
17598,739,2023-07-16 02:35:00,Dashboard View,5
17599,1299,2026-07-12 01:20:00,Team Invite,2
17600,1390,2026-05-15 10:39:00,Team Invite,2
17601,450,2026-06-03 11:51:00,Report Export,5
17602,1310,2025-10-09 03:18:00,User Login,5
17603,1947,2024-08-23 00:57:00,Team Invite,15
17604,276,2026-08-18 23:26:00,Report Export,5
17605,47,2023-01-20 06:26:00,Team Invite,10
17606,520,2026-07-25 08:27:00,Settings Update,1
17607,284,2024-11-26 15:53:00,Team Invite,5
17608,951,2025-10-20 10:49:00,Team Invite,1
17609,235,2026-07-02 15:02:00,Dashboard View,15
17610,1224,2026-04-01 20:14:00,Data Import,2
17611,966,2025-02-28 13:20:00,Report Export,10
17612,1599,2026-09-29 05:02:00,Settings Update,10
17613,364,2024-12-17 13:07:00,Report Export,1
17614,487,2025-11-29 11:50:00,User Login,2
17615,81,2025-11-09 00:58:00,Team Invite,10
17616,1105,2026-06-01 03:51:00,Data Import,5
17617,1544,2025-03-06 18:44:00,Report Export,1
17618,160,2026-04-01 17:27:00,Team Invite,15
17619,558,2026-08-02 05:16:00,Data Import,5
17620,123,2025-10-28 12:50:00,Team Invite,2
17621,887,2025-06-22 01:23:00,User Login,0
17622,612,2026-02-19 15:16:00,Settings Update,10
17623,362,2026-03-01 20:54:00,Data Import,2
17624,699,2026-01-10 16:41:00,Dashboard View,0
17625,1266,2025-02-14 13:24:00,User Login,5
17626,28,2026-05-20 00:21:00,Team Invite,5
17627,1549,2026-09-23 16:27:00,User Login,5
17628,1894,2024-10-05 20:27:00,Data Import,15
17629,1233,2025-04-21 02:31:00,Team Invite,1
17630,1728,2025-02-28 04:43:00,Dashboard View,1
17631,790,2025-12-12 03:37:00,Dashboard View,5
17632,296,2026-08-05 20:27:00,User Login,5
17633,1085,2026-07-07 05:50:00,User Login,2
17634,1508,2025-02-03 20:10:00,Report Export,5
17635,263,2026-01-08 15:55:00,Team Invite,10
17636,178,2026-06-24 14:15:00,Report Export,2
17637,952,2024-12-13 04:14:00,Data Import,1
17638,459,2025-10-07 20:43:00,Settings Update,10
17639,1795,2026-05-19 16:42:00,Settings Update,1
17640,1169,2026-07-30 22:12:00,Settings Update,5
17641,1988,2024-05-30 07:08:00,Settings Update,5
17642,1792,2026-06-26 16:38:00,Dashboard View,1
17643,1415,2026-06-24 04:47:00,Team Invite,1
17644,1518,2026-04-10 10:11:00,Settings Update,5
17645,790,2026-05-10 18:39:00,Data Import,10
17646,1077,2026-02-20 03:13:00,Report Export,2
17647,1911,2026-05-22 07:49:00,Team Invite,2
17648,690,2026-06-11 02:25:00,Team Invite,5
17649,78,2026-04-12 05:31:00,Report Export,1
17650,945,2026-01-02 22:18:00,Team Invite,5
17651,1545,2026-08-09 17:50:00,Report Export,2
17652,611,2025-11-02 16:21:00,Settings Update,10
17653,1405,2026-09-03 07:06:00,Report Export,0
17654,1060,2026-08-09 10:22:00,Settings Update,5
17655,846,2026-06-30 19:07:00,Dashboard View,2
17656,1963,2024-08-26 00:15:00,User Login,2
17657,1720,2025-10-17 01:59:00,Settings Update,10
17658,949,2026-03-12 14:56:00,Report Export,5
17659,731,2025-08-27 08:16:00,Settings Update,2
17660,1137,2025-09-26 22:40:00,Settings Update,5
17661,1249,2025-11-20 16:42:00,Settings Update,2
17662,482,2026-07-25 22:55:00,Team Invite,2
17663,1265,2026-05-19 13:45:00,Data Import,30
17664,1843,2026-04-03 11:41:00,Team Invite,2
17665,829,2025-11-06 00:51:00,Settings Update,2
17666,522,2026-04-19 08:52:00,User Login,30
17667,1545,2025-12-30 03:23:00,User Login,2
17668,1805,2025-11-09 22:45:00,Dashboard View,5
17669,1998,2026-09-25 22:59:00,User Login,2
17670,1867,2025-11-06 14:41:00,Report Export,5
17671,399,2026-07-26 21:50:00,Dashboard View,5
17672,1741,2026-04-12 14:35:00,User Login,5
17673,1103,2025-08-16 00:30:00,Report Export,10
17674,1366,2026-01-22 13:14:00,Team Invite,5
17675,1800,2026-09-10 02:01:00,Dashboard View,2
17676,931,2025-11-01 09:34:00,Report Export,15
17677,1522,2025-06-04 02:07:00,Data Import,15
17678,1633,2026-05-08 07:30:00,User Login,2
17679,1573,2026-01-04 22:45:00,Settings Update,0
17680,1619,2025-10-30 04:54:00,Report Export,2
17681,1260,2026-02-27 13:10:00,Team Invite,1
17682,976,2026-05-20 07:58:00,Dashboard View,15
17683,151,2026-01-14 10:01:00,Report Export,1
17684,1951,2026-04-12 16:19:00,Data Import,10
17685,1829,2026-07-15 14:55:00,Data Import,1
17686,516,2026-03-21 09:17:00,Dashboard View,10
17687,1753,2026-03-21 05:43:00,Settings Update,2
17688,1002,2026-07-19 20:25:00,Settings Update,0
17689,913,2026-05-06 00:54:00,Team Invite,2
17690,1857,2026-07-04 18:11:00,Team Invite,5
17691,594,2025-08-31 02:31:00,Settings Update,10
17692,1579,2023-06-22 09:06:00,Report Export,15
17693,417,2025-07-25 22:57:00,Settings Update,0
17694,536,2025-11-16 22:23:00,Data Import,2
17695,1205,2025-03-21 08:19:00,Data Import,2
17696,1204,2025-09-03 04:41:00,Data Import,5
17697,793,2025-04-01 23:37:00,Team Invite,5
17698,570,2025-01-16 19:35:00,Report Export,5
17699,269,2025-05-31 18:13:00,User Login,2
17700,819,2026-05-16 08:35:00,Team Invite,30
17701,910,2025-10-30 22:48:00,Dashboard View,1
17702,378,2025-10-07 18:19:00,Dashboard View,10
17703,87,2024-12-26 15:22:00,Settings Update,10
17704,1195,2025-05-31 22:53:00,Data Import,5
17705,1810,2026-07-28 03:12:00,Dashboard View,1
17706,1085,2025-10-23 03:59:00,Team Invite,10
17707,1484,2026-06-13 03:20:00,Report Export,5
17708,1572,2026-07-07 12:02:00,Report Export,5
17709,852,2026-07-29 11:41:00,User Login,2
17710,1302,2025-09-24 18:52:00,Report Export,2
17711,1864,2026-02-28 19:16:00,Dashboard View,2
17712,1033,2024-04-09 04:09:00,Team Invite,10
17713,287,2026-04-01 01:38:00,Data Import,5
17714,124,2025-08-24 05:28:00,Dashboard View,5
17715,1006,2026-08-18 10:50:00,User Login,5
17716,27,2026-01-15 06:12:00,User Login,2
17717,1920,2024-06-11 16:26:00,Data Import,2
17718,1295,2026-04-01 05:49:00,Settings Update,10
17719,909,2026-07-26 02:58:00,Report Export,5
17720,42,2026-03-21 11:21:00,Data Import,15
17721,488,2024-04-25 23:47:00,User Login,1
17722,1234,2025-11-02 00:11:00,User Login,5
17723,817,2024-10-01 18:07:00,Report Export,5
17724,471,2026-09-21 03:49:00,Team Invite,2
17725,147,2026-08-15 09:22:00,Report Export,10
17726,1786,2026-09-04 20:28:00,Data Import,5
17727,1940,2026-06-11 10:21:00,Settings Update,5
17728,1190,2026-09-18 05:53:00,Data Import,2
17729,105,2025-08-27 13:18:00,Team Invite,1
17730,1673,2023-08-08 16:27:00,Data Import,15
17731,580,2026-04-13 07:48:00,User Login,15
17732,463,2026-04-07 16:24:00,Dashboard View,1
17733,1411,2026-01-08 00:47:00,Report Export,2
17734,486,2024-08-11 11:29:00,Team Invite,5
17735,769,2026-05-28 17:32:00,Settings Update,5
17736,1270,2025-05-31 19:51:00,Data Import,1
17737,196,2023-07-26 23:05:00,Data Import,2
17738,888,2025-08-01 12:51:00,Team Invite,5
17739,679,2023-03-30 15:11:00,Team Invite,5
17740,1826,2026-07-14 01:41:00,User Login,15
17741,553,2025-03-23 19:18:00,Team Invite,5
17742,299,2023-07-26 04:30:00,User Login,2
17743,547,2026-05-28 01:37:00,Settings Update,1
17744,1975,2026-03-07 16:23:00,Report Export,1
17745,574,2025-12-21 12:16:00,User Login,0
17746,1158,2026-05-27 05:05:00,Report Export,10
17747,139,2026-04-02 21:33:00,Team Invite,30
17748,682,2026-05-12 02:24:00,Report Export,10
17749,87,2024-04-14 00:06:00,Dashboard View,10
17750,435,2026-01-19 20:36:00,Team Invite,10
17751,1000,2025-09-30 07:58:00,Data Import,10
17752,1860,2025-11-20 11:31:00,Settings Update,10
17753,477,2026-06-26 12:16:00,Team Invite,1
17754,139,2026-07-11 06:43:00,User Login,5
17755,226,2026-04-11 10:24:00,Settings Update,5
17756,921,2024-11-17 11:59:00,Dashboard View,15
17757,1907,2026-02-13 01:28:00,User Login,2
17758,1266,2025-07-31 19:45:00,Dashboard View,15
17759,1981,2026-09-18 15:33:00,Report Export,2
17760,811,2026-07-18 07:32:00,Team Invite,10
17761,1361,2025-03-19 06:59:00,User Login,30
17762,952,2026-04-23 04:12:00,Dashboard View,0
17763,958,2024-02-21 10:56:00,Data Import,2
17764,1345,2026-04-11 00:26:00,Team Invite,0
17765,698,2024-11-11 21:32:00,Report Export,2
17766,1692,2024-08-02 05:00:00,Dashboard View,2
17767,1272,2026-04-04 22:53:00,Settings Update,10
17768,1614,2026-06-08 09:34:00,Settings Update,5
17769,1991,2024-02-15 01:42:00,Team Invite,5
17770,1504,2026-02-01 08:27:00,User Login,2
17771,1125,2025-07-17 14:20:00,Data Import,1
17772,59,2025-12-13 22:19:00,Report Export,10
17773,1577,2026-05-08 18:37:00,Settings Update,5
17774,946,2026-09-25 18:44:00,Report Export,5
17775,1650,2025-12-20 08:07:00,Report Export,5
17776,1779,2026-07-09 19:07:00,Data Import,0
17777,1682,2024-08-13 11:27:00,Settings Update,0
17778,1474,2025-10-05 19:40:00,Data Import,0
17779,1557,2026-02-20 19:42:00,Team Invite,10
17780,1034,2026-05-23 11:13:00,Settings Update,5
17781,1033,2024-06-15 18:31:00,Report Export,1
17782,168,2024-11-17 17:21:00,User Login,10
17783,1011,2026-07-25 18:57:00,Data Import,0
17784,1360,2025-10-08 02:30:00,Team Invite,30
17785,1388,2026-08-02 08:13:00,Report Export,5
17786,1212,2026-03-05 05:06:00,Team Invite,10
17787,617,2026-05-14 18:10:00,Report Export,2
17788,742,2025-02-11 22:43:00,Team Invite,10
17789,522,2025-12-07 05:15:00,Team Invite,2
17790,857,2026-02-12 14:02:00,Report Export,5
17791,151,2026-06-05 15:21:00,Team Invite,5
17792,1506,2024-12-23 04:09:00,Dashboard View,10
17793,1419,2026-09-09 19:11:00,Data Import,30
17794,107,2026-07-16 13:11:00,User Login,1
17795,320,2026-05-29 08:36:00,Report Export,10
17796,772,2024-05-10 05:34:00,Data Import,1
17797,502,2024-11-15 03:06:00,Report Export,1
17798,83,2025-08-12 04:02:00,Team Invite,10
17799,1977,2025-10-24 17:06:00,Dashboard View,5
17800,1369,2026-08-15 12:38:00,Report Export,5
17801,1395,2026-05-24 12:03:00,Team Invite,1
17802,209,2026-07-14 19:27:00,Dashboard View,2
17803,1082,2026-01-04 14:24:00,Report Export,2
17804,1630,2024-06-16 22:44:00,User Login,5
17805,1367,2026-08-25 22:05:00,Settings Update,10
17806,1063,2024-06-01 10:49:00,Data Import,5
17807,1610,2025-04-28 20:01:00,Report Export,0
17808,1138,2024-11-05 14:47:00,User Login,1
17809,793,2025-03-29 00:37:00,User Login,2
17810,1687,2025-07-04 06:19:00,Dashboard View,0
17811,1904,2024-05-03 06:18:00,Dashboard View,15
17812,545,2026-08-08 16:19:00,Data Import,10
17813,1213,2026-09-04 08:40:00,User Login,1
17814,1163,2026-06-12 16:32:00,User Login,5
17815,661,2026-03-21 06:36:00,Data Import,2
17816,1071,2024-09-14 07:28:00,Dashboard View,0
17817,1620,2026-01-29 11:55:00,Team Invite,5
17818,449,2026-09-18 18:23:00,Report Export,5
17819,1502,2026-03-11 03:20:00,Team Invite,5
17820,192,2025-09-19 01:48:00,Report Export,10
17821,624,2026-08-26 13:56:00,User Login,2
17822,1170,2026-08-21 18:20:00,Settings Update,5
17823,858,2024-09-14 16:29:00,Data Import,0
17824,477,2025-11-28 04:32:00,Team Invite,2
17825,856,2026-09-14 02:39:00,Report Export,10
17826,1544,2026-09-24 23:07:00,Dashboard View,10
17827,1649,2026-07-08 23:37:00,Data Import,5
17828,303,2026-07-29 06:20:00,Data Import,1
17829,416,2026-05-08 21:00:00,Team Invite,5
17830,449,2026-07-16 20:54:00,Settings Update,15
17831,1049,2026-06-27 15:52:00,Dashboard View,30
17832,1808,2024-10-23 07:00:00,Team Invite,1
17833,1309,2026-09-28 06:50:00,Settings Update,2
17834,612,2026-04-09 02:19:00,Settings Update,0
17835,1679,2026-06-17 03:18:00,User Login,15
17836,1165,2024-10-23 21:08:00,Dashboard View,2
17837,1959,2025-05-07 20:49:00,Dashboard View,5
17838,1463,2025-12-31 01:58:00,Team Invite,1
17839,1021,2025-11-27 22:01:00,Settings Update,2
17840,163,2025-08-19 02:57:00,Report Export,2
17841,485,2026-09-12 06:37:00,Team Invite,5
17842,873,2026-08-20 18:23:00,Settings Update,2
17843,505,2026-05-25 10:23:00,Settings Update,15
17844,281,2026-01-08 01:17:00,Report Export,2
17845,769,2026-05-21 17:14:00,Dashboard View,5
17846,602,2024-12-19 19:02:00,Settings Update,5
17847,33,2026-02-19 20:59:00,Report Export,10
17848,904,2025-02-20 08:28:00,Settings Update,10
17849,1026,2024-01-04 05:08:00,Data Import,10
17850,1595,2026-09-22 09:36:00,Report Export,5
17851,63,2026-03-17 22:51:00,User Login,2
17852,283,2026-09-02 00:34:00,Data Import,2
17853,551,2024-06-15 21:12:00,User Login,0
17854,1730,2026-09-08 07:49:00,User Login,5
17855,1336,2024-12-24 20:58:00,User Login,10
17856,1352,2025-01-23 17:09:00,Dashboard View,5
17857,421,2026-06-04 11:12:00,Data Import,15
17858,1810,2026-08-02 16:54:00,Dashboard View,0
17859,789,2026-02-25 10:51:00,User Login,5
17860,355,2026-08-26 01:34:00,Dashboard View,0
17861,621,2024-05-27 18:20:00,Settings Update,15
17862,213,2025-07-27 22:14:00,User Login,2
17863,1422,2025-01-31 07:31:00,Data Import,0
17864,69,2025-12-27 18:41:00,Data Import,2
17865,698,2025-11-05 14:04:00,Data Import,5
17866,1336,2025-04-28 14:01:00,Team Invite,5
17867,1699,2025-11-28 18:13:00,Data Import,0
17868,527,2026-04-26 05:25:00,Settings Update,1
17869,1042,2025-08-11 04:15:00,Team Invite,5
17870,696,2026-02-13 05:45:00,Settings Update,5
17871,1583,2026-06-22 06:05:00,Settings Update,2
17872,1022,2026-01-13 11:04:00,Team Invite,15
17873,597,2026-07-31 06:32:00,Team Invite,5
17874,528,2026-07-31 06:22:00,Settings Update,5
17875,1018,2026-01-02 07:49:00,Dashboard View,5
17876,710,2024-03-21 08:59:00,Dashboard View,10
17877,222,2026-08-20 21:55:00,Team Invite,1
17878,102,2026-09-29 09:30:00,Settings Update,15
17879,456,2025-10-13 04:49:00,Dashboard View,2
17880,1326,2026-08-09 14:33:00,Data Import,15
17881,787,2026-07-25 14:15:00,Dashboard View,1
17882,682,2025-12-01 06:12:00,User Login,1
17883,168,2025-06-06 15:57:00,Dashboard View,1
17884,1039,2025-12-05 02:20:00,Dashboard View,5
17885,1526,2024-06-18 13:06:00,Dashboard View,10
17886,419,2026-03-07 07:37:00,Settings Update,1
17887,215,2025-07-08 00:06:00,Data Import,10
17888,609,2025-12-22 01:16:00,Data Import,2
17889,1404,2025-12-18 12:42:00,Report Export,1
17890,1428,2024-01-14 06:53:00,Report Export,2
17891,1520,2025-08-19 19:04:00,User Login,1
17892,234,2023-11-21 16:03:00,Settings Update,2
17893,758,2025-11-25 04:23:00,Data Import,30
17894,338,2026-05-15 20:51:00,User Login,5
17895,896,2024-05-18 11:20:00,Team Invite,5
17896,908,2025-04-11 03:03:00,Report Export,0
17897,1487,2024-04-19 21:13:00,Data Import,10
17898,1237,2026-01-21 04:29:00,Team Invite,0
17899,1244,2025-04-14 15:45:00,User Login,5
17900,1629,2026-04-14 23:21:00,Data Import,5
17901,1376,2024-05-27 07:25:00,Report Export,2
17902,1098,2025-10-24 22:49:00,Report Export,1
17903,384,2026-04-23 02:59:00,Team Invite,2
17904,499,2024-07-07 01:02:00,Settings Update,1
17905,1895,2026-03-24 08:22:00,Dashboard View,1
17906,695,2024-04-02 05:37:00,Settings Update,5
17907,1946,2025-06-21 16:17:00,Data Import,2
17908,557,2025-11-25 07:06:00,Settings Update,5
17909,690,2026-01-27 02:24:00,Team Invite,10
17910,1929,2026-07-04 03:43:00,Team Invite,1
17911,533,2025-05-30 07:14:00,Settings Update,1
17912,1934,2025-06-15 09:23:00,Settings Update,1
17913,821,2024-06-06 14:04:00,Data Import,5
17914,317,2026-08-03 19:43:00,User Login,1
17915,1672,2025-04-26 16:22:00,Dashboard View,1
17916,954,2026-06-26 01:44:00,Report Export,0
17917,1953,2024-08-19 08:49:00,Data Import,5
17918,586,2024-12-01 12:18:00,Data Import,1
17919,668,2026-06-28 03:40:00,Data Import,2
17920,531,2025-03-18 05:03:00,Report Export,2
17921,41,2024-10-05 00:07:00,Dashboard View,5
17922,1558,2026-04-23 19:39:00,User Login,2
17923,1818,2025-06-03 08:22:00,Team Invite,2
17924,1533,2026-07-02 16:46:00,Team Invite,15
17925,1346,2024-01-09 10:18:00,Dashboard View,30
17926,577,2025-12-24 16:37:00,Data Import,5
17927,1198,2025-09-30 16:12:00,Settings Update,1
17928,674,2024-06-22 16:30:00,Dashboard View,1
17929,646,2026-02-19 21:55:00,User Login,5
17930,337,2025-06-18 18:37:00,Dashboard View,10
17931,1028,2026-06-28 03:00:00,Settings Update,1
17932,1643,2025-05-08 12:08:00,Team Invite,2
17933,493,2026-04-30 16:39:00,Report Export,5
17934,82,2024-01-16 21:00:00,Settings Update,0
17935,1185,2025-12-26 00:37:00,Report Export,10
17936,1503,2025-11-21 16:20:00,Dashboard View,1
17937,1239,2026-03-03 05:31:00,Report Export,2
17938,270,2026-08-19 18:43:00,Data Import,2
17939,850,2025-02-22 21:13:00,Team Invite,5
17940,558,2025-10-16 19:45:00,Team Invite,5
17941,1359,2026-03-26 16:02:00,Data Import,5
17942,144,2026-01-19 19:57:00,Dashboard View,15
17943,1709,2026-05-12 11:19:00,User Login,1
17944,528,2026-06-13 19:39:00,Team Invite,2
17945,1304,2025-02-28 11:23:00,Team Invite,2
17946,459,2026-07-01 20:54:00,User Login,1
17947,1827,2026-09-08 15:00:00,Dashboard View,5
17948,121,2025-04-27 16:06:00,Team Invite,1
17949,547,2026-07-18 21:26:00,User Login,2
17950,1183,2023-06-27 05:12:00,Team Invite,5
17951,169,2026-07-11 14:11:00,User Login,2
17952,1248,2025-11-18 12:30:00,Settings Update,10
17953,1785,2026-06-21 21:09:00,Report Export,1
17954,1946,2025-10-24 12:06:00,Dashboard View,5
17955,1966,2026-04-01 07:14:00,Data Import,30
17956,628,2025-05-18 07:49:00,User Login,0
17957,1379,2025-12-26 08:44:00,Data Import,10
17958,556,2026-09-29 03:51:00,Settings Update,5
17959,1941,2025-11-22 16:04:00,Data Import,30
17960,785,2024-10-06 07:52:00,Settings Update,10
17961,200,2024-02-05 18:11:00,Dashboard View,1
17962,124,2025-06-25 19:44:00,Dashboard View,2
17963,1934,2025-10-08 08:24:00,Settings Update,10
17964,1810,2026-05-14 06:50:00,Settings Update,0
17965,1312,2026-06-27 13:58:00,Dashboard View,0
17966,1055,2026-09-02 22:40:00,Settings Update,0
17967,1606,2026-06-29 09:47:00,Dashboard View,2
17968,854,2025-11-12 09:48:00,Settings Update,0
17969,571,2026-03-10 11:20:00,Data Import,2
17970,164,2025-10-06 19:51:00,Data Import,30
17971,1796,2026-01-26 19:26:00,Report Export,2
17972,772,2026-01-14 21:24:00,Report Export,10
17973,516,2026-09-15 18:27:00,Team Invite,15
17974,1480,2026-06-13 17:40:00,Dashboard View,1
17975,308,2025-07-30 11:13:00,Team Invite,0
17976,1864,2026-02-04 18:02:00,Settings Update,2
17977,1433,2026-09-20 14:36:00,Data Import,15
17978,1541,2025-07-01 16:02:00,Dashboard View,5
17979,63,2025-05-01 23:40:00,Data Import,15
17980,1418,2026-02-03 14:26:00,Data Import,10
17981,191,2024-03-28 07:10:00,Settings Update,5
17982,434,2025-09-03 07:59:00,User Login,15
17983,836,2025-11-30 23:37:00,Dashboard View,0
17984,971,2026-09-02 23:04:00,Dashboard View,10
17985,982,2026-01-02 22:21:00,Settings Update,0
17986,328,2026-05-28 23:06:00,Settings Update,15
17987,1571,2024-10-22 08:11:00,Team Invite,15
17988,70,2025-10-30 17:00:00,User Login,5
17989,1718,2025-11-11 02:12:00,Dashboard View,15
17990,1411,2025-10-28 02:31:00,User Login,5
17991,457,2023-09-10 03:02:00,Report Export,1
17992,1297,2023-08-05 00:10:00,User Login,5
17993,1163,2026-04-04 10:44:00,User Login,0
17994,1370,2026-07-26 14:27:00,Team Invite,1
17995,1889,2026-09-13 18:30:00,User Login,0
17996,1072,2026-02-26 21:36:00,Dashboard View,30
17997,1513,2025-04-26 00:07:00,User Login,10
17998,1586,2025-06-13 05:38:00,Dashboard View,15
17999,1706,2025-03-26 04:37:00,Settings Update,0
18000,1947,2025-07-02 02:02:00,Data Import,5
18001,1644,2025-08-17 11:17:00,Team Invite,2
18002,1186,2023-04-04 17:40:00,User Login,5
18003,146,2025-10-02 16:32:00,Data Import,30
18004,47,2023-08-16 08:03:00,Settings Update,0
18005,1212,2023-05-30 04:42:00,Data Import,0
18006,954,2026-04-05 09:21:00,Dashboard View,2
18007,92,2026-01-20 03:21:00,Data Import,5
18008,703,2025-05-04 08:39:00,Dashboard View,5
18009,523,2025-06-18 18:52:00,Data Import,5
18010,771,2025-12-13 12:14:00,User Login,5
18011,1860,2024-08-16 04:31:00,Data Import,2
18012,1586,2024-03-20 20:51:00,User Login,5
18013,493,2025-02-07 09:38:00,Report Export,0
18014,1843,2025-04-17 06:07:00,Dashboard View,2
18015,277,2025-02-21 07:07:00,User Login,5
18016,1094,2026-06-02 06:25:00,Team Invite,2
18017,1717,2024-05-18 20:55:00,Settings Update,30
18018,672,2025-10-02 02:20:00,Report Export,5
18019,115,2026-09-08 13:12:00,Report Export,10
18020,976,2026-01-15 07:55:00,Dashboard View,5
18021,1802,2026-09-07 18:12:00,Team Invite,1
18022,1493,2024-05-19 17:05:00,Team Invite,1
18023,1398,2026-01-11 00:53:00,Report Export,5
18024,1838,2025-10-19 09:10:00,Data Import,5
18025,185,2026-01-26 20:53:00,Settings Update,0
18026,1784,2026-08-08 21:51:00,User Login,30
18027,1941,2026-07-23 14:52:00,User Login,5
18028,613,2026-05-08 12:10:00,Team Invite,0
18029,8,2026-06-03 02:00:00,Dashboard View,10
18030,1268,2025-12-28 11:34:00,Data Import,0
18031,180,2026-08-27 03:20:00,Team Invite,1
18032,1445,2024-04-23 15:24:00,Team Invite,5
18033,87,2024-03-17 09:35:00,Data Import,5
18034,1531,2026-09-19 01:54:00,Dashboard View,2
18035,359,2026-07-22 22:16:00,Data Import,5
18036,359,2026-06-13 12:31:00,User Login,1
18037,15,2026-06-08 23:58:00,Report Export,0
18038,1692,2025-10-29 01:04:00,Data Import,30
18039,887,2025-10-29 22:35:00,Dashboard View,5
18040,1230,2025-04-08 17:16:00,Report Export,5
18041,647,2026-01-26 18:44:00,User Login,0
18042,826,2026-05-17 09:53:00,User Login,15
18043,1048,2025-01-22 09:00:00,Data Import,5
18044,1804,2024-12-14 20:21:00,Settings Update,5
18045,617,2026-05-10 19:25:00,Team Invite,2
18046,408,2026-09-12 10:31:00,Report Export,5
18047,1886,2024-09-16 04:56:00,User Login,2
18048,82,2025-07-16 17:50:00,Report Export,5
18049,11,2026-05-01 21:15:00,Settings Update,5
18050,1352,2026-07-25 18:59:00,Report Export,5
18051,253,2026-08-01 11:39:00,Team Invite,5
18052,1969,2025-04-10 21:31:00,Dashboard View,10
18053,1850,2025-10-29 14:49:00,Settings Update,1
18054,625,2026-04-23 22:13:00,User Login,10
18055,1642,2025-01-27 22:47:00,Team Invite,5
18056,332,2024-05-02 04:15:00,User Login,0
18057,1381,2026-02-21 23:32:00,Settings Update,10
18058,1741,2026-09-21 02:16:00,Dashboard View,5
18059,562,2025-09-30 13:50:00,User Login,2
18060,680,2024-03-29 20:29:00,Dashboard View,5
18061,756,2025-03-15 04:07:00,Settings Update,2
18062,1177,2025-04-16 05:01:00,User Login,2
18063,934,2023-07-19 20:10:00,User Login,1
18064,1942,2025-10-26 12:55:00,Dashboard View,2
18065,1248,2026-03-16 20:05:00,Report Export,5
18066,990,2025-09-08 18:37:00,Settings Update,5
18067,1737,2026-02-25 16:32:00,Report Export,5
18068,1250,2024-08-02 13:44:00,User Login,10
18069,1301,2026-07-29 14:11:00,User Login,0
18070,845,2026-08-17 05:58:00,Dashboard View,5
18071,914,2025-03-30 12:49:00,Dashboard View,0
18072,94,2024-10-20 08:45:00,Data Import,5
18073,1707,2026-09-23 21:00:00,Data Import,15
18074,1544,2026-07-19 08:54:00,Settings Update,5
18075,351,2024-08-01 22:34:00,Settings Update,30
18076,269,2025-04-09 08:05:00,Data Import,2
18077,618,2026-04-30 03:50:00,Data Import,1
18078,1384,2025-06-05 08:59:00,User Login,15
18079,1369,2026-08-04 18:42:00,Dashboard View,5
18080,711,2025-08-06 09:04:00,User Login,2
18081,48,2025-04-08 13:23:00,Settings Update,2
18082,657,2025-07-08 09:08:00,Report Export,0
18083,206,2024-05-21 21:36:00,Settings Update,5
18084,1637,2025-09-15 22:20:00,User Login,1
18085,352,2025-09-18 11:44:00,User Login,5
18086,318,2024-05-09 19:02:00,Team Invite,5
18087,1329,2024-05-20 01:11:00,Settings Update,15
18088,1618,2025-02-17 20:32:00,Report Export,10
18089,345,2025-12-22 16:21:00,Dashboard View,15
18090,114,2025-04-20 18:59:00,Dashboard View,1
18091,488,2024-05-09 22:30:00,Dashboard View,15
18092,912,2025-11-23 13:24:00,Data Import,10
18093,1952,2025-12-13 06:19:00,Report Export,15
18094,65,2026-09-06 14:33:00,Dashboard View,30
18095,1919,2026-06-27 23:48:00,Data Import,2
18096,1456,2025-08-06 16:34:00,Dashboard View,5
18097,1886,2025-11-26 15:14:00,Team Invite,2
18098,372,2026-09-12 20:26:00,Dashboard View,1
18099,828,2024-05-20 18:33:00,Report Export,1
18100,121,2025-10-29 22:38:00,Report Export,2
18101,913,2026-06-25 13:13:00,Team Invite,15
18102,1102,2026-04-16 15:53:00,Report Export,2
18103,838,2024-02-15 11:27:00,Dashboard View,2
18104,1140,2026-08-31 04:14:00,Data Import,0
18105,1523,2025-03-15 02:37:00,Team Invite,2
18106,1801,2025-09-02 18:44:00,Team Invite,5
18107,1087,2026-04-02 09:55:00,Report Export,2
18108,1067,2026-08-10 13:14:00,Settings Update,2
18109,1792,2026-05-16 19:44:00,Dashboard View,0
18110,1670,2026-04-10 16:36:00,Report Export,5
18111,26,2026-09-28 19:59:00,Settings Update,2
18112,256,2026-07-02 02:01:00,Team Invite,15
18113,1750,2025-06-25 22:21:00,Dashboard View,5
18114,1188,2026-04-19 15:14:00,Settings Update,1
18115,853,2026-03-13 22:45:00,Data Import,5
18116,1735,2026-09-05 05:29:00,Team Invite,5
18117,1892,2026-03-20 14:29:00,Team Invite,5
18118,1767,2024-04-07 22:32:00,Team Invite,1
18119,1584,2025-10-15 21:36:00,Team Invite,0
18120,928,2025-03-31 22:21:00,Report Export,1
18121,822,2026-07-16 23:15:00,Dashboard View,0
18122,1338,2026-05-26 13:23:00,User Login,1
18123,1750,2026-03-17 23:52:00,User Login,2
18124,1588,2025-09-21 16:53:00,Settings Update,2
18125,1474,2025-02-14 13:11:00,Team Invite,2
18126,1388,2026-05-23 16:07:00,Data Import,1
18127,247,2024-08-31 16:03:00,Report Export,1
18128,1779,2026-06-01 15:22:00,Dashboard View,5
18129,565,2024-06-22 04:05:00,Data Import,30
18130,7,2025-03-22 23:31:00,Data Import,10
18131,550,2025-10-21 10:01:00,Team Invite,0
18132,1118,2026-05-24 03:50:00,Settings Update,15
18133,1122,2026-07-19 01:55:00,Team Invite,15
18134,643,2026-08-02 00:21:00,User Login,5
18135,1660,2026-03-25 21:56:00,Settings Update,0
18136,666,2025-04-28 09:39:00,User Login,0
18137,225,2025-06-21 10:37:00,Settings Update,5
18138,1579,2024-03-13 15:57:00,Dashboard View,2
18139,1967,2026-09-08 17:35:00,User Login,2
18140,498,2024-09-21 06:23:00,Team Invite,2
18141,1392,2026-03-01 18:18:00,Team Invite,5
18142,572,2026-08-18 11:21:00,Data Import,10
18143,529,2025-04-11 07:46:00,Team Invite,1
18144,775,2023-09-03 09:52:00,Settings Update,10
18145,468,2026-07-23 04:39:00,Report Export,1
18146,1329,2025-03-13 12:04:00,Team Invite,5
18147,1431,2023-08-31 11:11:00,User Login,1
18148,1890,2025-08-03 06:33:00,Report Export,15
18149,297,2026-05-02 12:54:00,Data Import,0
18150,1916,2025-04-27 11:46:00,Data Import,15
18151,1568,2026-03-31 07:39:00,Settings Update,2
18152,1039,2026-07-17 14:10:00,Team Invite,0
18153,124,2025-03-20 00:56:00,Report Export,1
18154,1659,2025-11-08 02:18:00,Report Export,1
18155,709,2024-05-28 11:22:00,Team Invite,2
18156,726,2026-03-02 09:47:00,Report Export,10
18157,1603,2024-07-10 07:34:00,Report Export,1
18158,1225,2023-04-06 16:58:00,Data Import,2
18159,1199,2026-03-19 07:46:00,User Login,10
18160,905,2024-11-27 23:32:00,Team Invite,15
18161,656,2026-09-28 13:37:00,Data Import,0
18162,1671,2025-12-19 17:26:00,User Login,5
18163,1628,2026-02-09 03:06:00,Team Invite,0
18164,997,2025-10-28 03:35:00,Dashboard View,1
18165,1228,2026-08-24 15:04:00,User Login,5
18166,738,2025-06-25 11:52:00,Team Invite,2
18167,199,2026-09-24 04:44:00,Data Import,2
18168,288,2026-05-21 05:55:00,Team Invite,5
18169,1908,2025-12-14 00:44:00,Team Invite,5
18170,1951,2026-07-25 14:42:00,Data Import,2
18171,1363,2026-02-23 18:24:00,Settings Update,10
18172,1676,2026-07-29 14:11:00,Dashboard View,10
18173,683,2026-06-07 00:33:00,Data Import,1
18174,520,2026-05-26 02:03:00,Dashboard View,5
18175,1487,2024-12-03 10:11:00,Dashboard View,0
18176,798,2024-07-16 06:15:00,Settings Update,5
18177,1108,2026-08-10 00:03:00,Dashboard View,30
18178,1690,2026-06-02 01:05:00,Report Export,30
18179,1265,2026-09-27 11:52:00,Dashboard View,2
18180,286,2025-12-16 11:44:00,Team Invite,2
18181,1113,2026-08-03 20:43:00,Data Import,15
18182,187,2026-05-22 11:49:00,Dashboard View,5
18183,727,2024-11-13 15:19:00,User Login,5
18184,998,2025-12-17 07:31:00,Data Import,0
18185,1278,2026-08-07 21:41:00,Dashboard View,0
18186,282,2026-09-02 21:33:00,Report Export,1
18187,353,2026-06-16 09:29:00,Team Invite,10
18188,1888,2026-02-21 04:03:00,Team Invite,1
18189,633,2026-09-02 23:11:00,Settings Update,15
18190,1272,2025-02-13 03:44:00,Team Invite,5
18191,330,2026-08-16 13:39:00,User Login,30
18192,358,2024-09-04 08:45:00,User Login,15
18193,1715,2024-07-17 21:37:00,Report Export,10
18194,1148,2025-11-30 08:43:00,User Login,15
18195,19,2026-06-04 09:23:00,Report Export,10
18196,1685,2025-04-28 07:51:00,User Login,10
18197,1367,2025-11-20 15:26:00,Settings Update,2
18198,1095,2024-05-08 23:34:00,Settings Update,5
18199,44,2026-03-21 02:23:00,Data Import,1
18200,583,2026-06-12 00:20:00,Report Export,2
18201,516,2026-06-05 21:10:00,Team Invite,5
18202,964,2026-08-18 12:51:00,Report Export,1
18203,133,2026-07-06 10:04:00,Team Invite,1
18204,485,2026-09-29 23:13:00,Settings Update,5
18205,533,2025-03-02 21:30:00,Settings Update,30
18206,1670,2026-05-03 10:15:00,User Login,2
18207,1996,2026-08-18 06:49:00,Data Import,10
18208,1036,2024-09-15 09:51:00,Data Import,30
18209,1226,2026-09-12 20:26:00,Dashboard View,5
18210,1482,2024-07-25 07:33:00,User Login,10
18211,484,2024-12-23 14:58:00,Report Export,1
18212,332,2025-06-24 19:51:00,Settings Update,5
18213,1637,2025-01-28 00:55:00,User Login,5
18214,1812,2026-09-17 10:44:00,Dashboard View,2
18215,931,2025-10-15 17:52:00,Data Import,1
18216,549,2026-06-17 06:19:00,User Login,5
18217,1130,2024-02-27 04:59:00,Report Export,1
18218,1653,2026-09-03 12:41:00,Report Export,2
18219,801,2025-03-03 09:30:00,User Login,10
18220,1054,2025-11-24 21:09:00,Data Import,5
18221,1763,2024-12-12 13:58:00,User Login,5
18222,432,2026-09-19 06:36:00,Report Export,0
18223,28,2026-04-06 21:19:00,Data Import,2
18224,1009,2026-08-21 03:40:00,Dashboard View,5
18225,1706,2023-12-02 08:43:00,User Login,2
18226,1284,2025-09-13 01:03:00,Team Invite,10
18227,753,2025-07-17 03:25:00,Dashboard View,5
18228,775,2025-03-26 16:28:00,Dashboard View,10
18229,900,2026-05-16 01:29:00,Settings Update,5
18230,836,2024-10-18 16:23:00,Report Export,1
18231,260,2026-08-20 20:11:00,Team Invite,1
18232,1311,2025-02-17 21:39:00,Dashboard View,0
18233,818,2024-04-10 06:34:00,Settings Update,2
18234,58,2026-07-24 11:55:00,Dashboard View,5
18235,483,2023-08-19 00:24:00,Team Invite,10
18236,1868,2025-11-08 08:34:00,User Login,5
18237,1932,2026-07-08 15:11:00,Report Export,10
18238,943,2025-09-03 21:51:00,User Login,2
18239,819,2025-04-03 00:50:00,Settings Update,2
18240,1129,2024-11-01 18:36:00,Dashboard View,0
18241,1789,2026-08-01 18:27:00,User Login,1
18242,1373,2023-08-29 18:12:00,Team Invite,1
18243,219,2026-05-31 06:25:00,Dashboard View,10
18244,379,2026-03-29 15:28:00,Settings Update,5
18245,1632,2026-02-18 23:05:00,Team Invite,10
18246,1924,2026-03-19 04:48:00,Report Export,5
18247,1169,2026-08-30 18:21:00,Settings Update,15
18248,376,2025-02-01 16:46:00,Report Export,1
18249,1757,2025-05-08 12:31:00,Team Invite,5
18250,1762,2026-01-06 07:00:00,Dashboard View,2
18251,404,2025-10-26 16:22:00,Team Invite,2
18252,1804,2023-11-19 05:56:00,Team Invite,5
18253,1798,2025-05-13 14:08:00,Data Import,5
18254,89,2025-01-01 15:21:00,Settings Update,5
18255,709,2024-05-25 20:17:00,Dashboard View,1
18256,395,2025-01-07 22:38:00,Dashboard View,2
18257,94,2025-03-20 14:11:00,Report Export,5
18258,1433,2026-05-24 12:29:00,Dashboard View,2
18259,698,2025-06-27 12:22:00,Team Invite,10
18260,498,2024-11-13 12:38:00,Report Export,5
18261,1077,2026-06-30 19:59:00,Settings Update,10
18262,1117,2026-03-09 07:24:00,Settings Update,1
18263,1382,2026-05-06 10:09:00,Settings Update,0
18264,517,2025-11-30 11:18:00,Team Invite,0
18265,971,2026-05-10 12:13:00,User Login,0
18266,351,2026-06-26 23:15:00,Team Invite,0
18267,1533,2026-08-23 03:15:00,User Login,2
18268,681,2026-08-12 12:25:00,Team Invite,1
18269,593,2026-07-18 04:47:00,Team Invite,10
18270,572,2026-02-14 22:39:00,Settings Update,2
18271,813,2025-10-05 14:46:00,Team Invite,2
18272,1388,2026-07-03 02:23:00,Dashboard View,1
18273,238,2025-03-29 22:10:00,Team Invite,1
18274,1187,2026-07-15 04:16:00,Data Import,15
18275,948,2026-08-28 03:48:00,Dashboard View,2
18276,1148,2025-06-26 11:03:00,Settings Update,15
18277,286,2026-01-31 14:32:00,Settings Update,0
18278,87,2026-08-22 18:44:00,Dashboard View,2
18279,518,2026-04-18 09:31:00,Data Import,2
18280,1615,2023-08-20 17:09:00,Settings Update,30
18281,1698,2025-07-23 16:43:00,Dashboard View,0
18282,883,2026-06-18 05:42:00,User Login,10
18283,1258,2024-05-20 19:22:00,Dashboard View,10
18284,495,2026-07-05 21:34:00,Report Export,0
18285,1785,2026-05-26 05:33:00,Data Import,2
18286,153,2024-11-09 23:08:00,Dashboard View,2
18287,959,2026-06-15 03:12:00,Team Invite,1
18288,1912,2025-01-29 19:14:00,Team Invite,2
18289,833,2025-11-22 15:27:00,Settings Update,1
18290,41,2025-04-18 01:51:00,Data Import,10
18291,1317,2025-10-21 12:04:00,Report Export,0
18292,1868,2026-07-03 02:29:00,User Login,30
18293,901,2026-08-17 00:12:00,Report Export,10
18294,1251,2025-06-03 08:21:00,Data Import,0
18295,1797,2024-08-02 15:10:00,Team Invite,1
18296,1197,2026-04-13 04:55:00,Team Invite,5
18297,151,2026-08-20 00:06:00,Settings Update,15
18298,318,2026-07-17 19:51:00,User Login,10
18299,354,2026-01-27 07:35:00,Dashboard View,10
18300,1682,2023-12-07 04:51:00,Team Invite,5
18301,1133,2026-04-05 00:17:00,Team Invite,5
18302,988,2026-02-27 06:32:00,Dashboard View,1
18303,829,2026-07-16 08:47:00,User Login,2
18304,1364,2026-07-01 23:45:00,Data Import,1
18305,812,2026-01-26 04:10:00,User Login,2
18306,526,2026-03-24 18:58:00,Team Invite,5
18307,1923,2025-08-21 18:55:00,Dashboard View,5
18308,1071,2024-07-06 21:14:00,User Login,15
18309,222,2025-12-19 00:36:00,User Login,10
18310,1498,2025-06-24 11:07:00,Dashboard View,2
18311,781,2023-03-06 14:32:00,Report Export,2
18312,138,2026-08-23 10:37:00,Data Import,5
18313,920,2026-03-02 05:06:00,Data Import,10
18314,303,2026-05-21 09:38:00,Report Export,2
18315,1659,2026-04-29 03:17:00,Settings Update,10
18316,472,2025-01-18 10:52:00,Team Invite,15
18317,80,2025-02-04 08:22:00,Team Invite,2
18318,1906,2026-04-28 07:39:00,Data Import,5
18319,1826,2026-08-15 15:00:00,Report Export,0
18320,983,2024-11-24 15:05:00,Dashboard View,10
18321,1971,2026-03-03 19:50:00,Data Import,0
18322,964,2026-08-16 15:07:00,Report Export,15
18323,1070,2023-09-02 02:02:00,Dashboard View,5
18324,216,2025-01-29 11:24:00,User Login,2
18325,777,2026-09-01 08:48:00,Data Import,10
18326,487,2024-04-29 03:23:00,Settings Update,2
18327,919,2026-09-21 13:57:00,User Login,1
18328,93,2026-04-03 03:37:00,User Login,1
18329,1398,2026-03-19 11:00:00,Settings Update,5
18330,965,2025-06-30 04:42:00,Settings Update,5
18331,1517,2026-04-05 19:25:00,Data Import,0
18332,541,2026-05-31 03:22:00,Dashboard View,2
18333,1240,2025-12-24 23:26:00,Data Import,10
18334,1202,2025-10-20 15:31:00,Report Export,1
18335,1827,2026-08-08 07:02:00,User Login,1
18336,913,2026-01-13 21:59:00,Report Export,1
18337,1265,2026-06-14 23:09:00,Dashboard View,0
18338,1427,2025-11-24 08:22:00,Team Invite,1
18339,1709,2025-11-30 10:54:00,Team Invite,30
18340,265,2026-05-02 10:19:00,Report Export,2
18341,1932,2026-06-13 08:41:00,Data Import,5
18342,1243,2026-01-28 04:18:00,User Login,5
18343,500,2026-06-14 04:00:00,Settings Update,5
18344,801,2025-10-06 08:38:00,User Login,2
18345,167,2024-06-29 00:19:00,User Login,10
18346,1700,2025-10-13 15:50:00,Report Export,30
18347,50,2025-01-06 00:30:00,Settings Update,2
18348,1722,2025-10-10 19:58:00,Dashboard View,2
18349,1165,2025-11-20 14:13:00,Report Export,15
18350,1770,2024-05-07 19:49:00,Dashboard View,10
18351,1884,2026-03-03 10:09:00,Dashboard View,0
18352,1228,2026-06-25 08:53:00,Team Invite,5
18353,1629,2026-02-01 14:59:00,Team Invite,10
18354,1496,2026-02-10 15:01:00,Data Import,1
18355,561,2025-12-02 01:23:00,User Login,5
18356,800,2025-07-18 08:40:00,Dashboard View,0
18357,1670,2026-02-07 23:57:00,Team Invite,10
18358,1555,2026-06-24 12:49:00,Data Import,1
18359,855,2025-11-29 22:23:00,Data Import,2
18360,1879,2025-10-28 08:08:00,Report Export,2
18361,1865,2025-05-15 13:14:00,Dashboard View,2
18362,192,2026-09-18 12:53:00,User Login,15
18363,1333,2025-05-23 16:18:00,Settings Update,15
18364,699,2026-01-05 11:41:00,Report Export,5
18365,835,2025-12-19 23:42:00,Dashboard View,0
18366,479,2026-01-28 19:06:00,Team Invite,2
18367,1379,2026-02-09 16:49:00,Settings Update,10
18368,1813,2026-09-16 11:02:00,Team Invite,5
18369,1704,2026-08-08 11:43:00,Dashboard View,2
18370,1207,2026-08-31 10:41:00,Settings Update,1
18371,1289,2025-10-02 23:51:00,Settings Update,30
18372,764,2023-09-10 04:37:00,Team Invite,10
18373,3,2026-05-15 19:31:00,Data Import,1
18374,1925,2026-01-12 18:24:00,User Login,5
18375,1879,2024-12-24 02:21:00,Settings Update,2
18376,1954,2025-05-18 04:19:00,Dashboard View,15
18377,298,2024-03-26 17:05:00,Report Export,1
18378,182,2026-01-08 03:49:00,Settings Update,2
18379,628,2026-04-20 04:51:00,Settings Update,5
18380,1910,2025-05-22 01:44:00,Dashboard View,15
18381,839,2025-09-30 18:14:00,Settings Update,10
18382,1903,2024-05-06 01:05:00,Report Export,30
18383,974,2026-08-26 13:48:00,Dashboard View,1
18384,537,2026-06-17 07:43:00,Dashboard View,2
18385,695,2025-04-09 11:47:00,Dashboard View,0
18386,468,2026-07-12 06:24:00,Dashboard View,10
18387,1475,2026-04-16 00:31:00,User Login,10
18388,256,2025-10-08 02:14:00,Dashboard View,2
18389,412,2026-08-05 13:13:00,Report Export,2
18390,883,2025-06-01 07:52:00,User Login,10
18391,1339,2026-07-27 10:46:00,Settings Update,1
18392,1345,2025-02-19 13:29:00,Data Import,15
18393,418,2026-06-02 10:05:00,Dashboard View,1
18394,1740,2023-10-19 23:31:00,User Login,2
18395,97,2024-01-09 00:54:00,User Login,1
18396,1022,2025-04-17 07:46:00,Data Import,1
18397,1510,2026-06-07 06:00:00,Settings Update,2
18398,167,2024-07-31 09:29:00,Data Import,0
18399,377,2025-05-14 10:44:00,Data Import,1
18400,767,2026-04-25 05:54:00,User Login,5
18401,1687,2026-03-07 18:32:00,Data Import,2
18402,1832,2026-02-22 06:29:00,Report Export,5
18403,1353,2025-05-01 13:39:00,Settings Update,5
18404,1638,2025-03-25 13:01:00,Settings Update,15
18405,608,2025-05-17 08:55:00,Dashboard View,1
18406,114,2025-10-04 05:10:00,Dashboard View,1
18407,692,2025-08-20 11:49:00,Report Export,2
18408,1718,2025-04-07 08:13:00,Data Import,30
18409,1172,2023-11-27 19:56:00,User Login,2
18410,1275,2026-08-26 23:26:00,Data Import,1
18411,1371,2024-11-10 08:06:00,Team Invite,10
18412,530,2024-09-18 18:29:00,Dashboard View,1
18413,896,2024-04-09 03:46:00,Team Invite,10
18414,408,2026-04-28 22:38:00,Report Export,5
18415,1685,2025-02-15 21:54:00,Report Export,2
18416,438,2026-08-06 06:40:00,Settings Update,5
18417,403,2026-06-02 09:09:00,User Login,1
18418,190,2025-10-26 14:53:00,User Login,5
18419,62,2026-08-16 18:46:00,Dashboard View,2
18420,1154,2026-06-25 19:01:00,Report Export,10
18421,1318,2026-04-23 02:13:00,Team Invite,5
18422,5,2026-07-09 12:32:00,Report Export,5
18423,203,2025-06-20 22:12:00,User Login,1
18424,163,2025-03-10 06:27:00,Settings Update,5
18425,1173,2025-05-28 17:59:00,Dashboard View,10
18426,1505,2025-02-17 19:49:00,Dashboard View,0
18427,753,2025-03-14 04:21:00,User Login,2
18428,1117,2026-09-04 13:30:00,Data Import,10
18429,1769,2026-07-11 16:22:00,Data Import,2
18430,1671,2025-08-19 06:04:00,User Login,0
18431,1828,2025-11-21 16:37:00,Data Import,1
18432,887,2025-05-26 11:31:00,User Login,2
18433,319,2024-12-29 01:23:00,Dashboard View,1
18434,681,2025-03-09 01:03:00,Team Invite,0
18435,26,2025-10-27 10:13:00,Report Export,2
18436,204,2025-12-10 19:26:00,Report Export,15
18437,464,2025-12-08 15:48:00,User Login,10
18438,452,2024-10-05 02:03:00,Team Invite,5
18439,1812,2026-03-19 21:18:00,User Login,5
18440,1512,2025-06-14 22:35:00,Dashboard View,5
18441,276,2026-03-10 09:18:00,Team Invite,5
18442,104,2025-09-14 05:45:00,Dashboard View,5
18443,1348,2024-09-25 22:11:00,Report Export,0
18444,1824,2026-04-28 02:30:00,User Login,5
18445,603,2026-09-18 03:05:00,User Login,0
18446,1632,2025-07-29 16:49:00,Team Invite,2
18447,865,2026-06-26 16:57:00,Dashboard View,5
18448,1610,2026-07-27 18:44:00,Dashboard View,2
18449,1929,2025-08-06 05:20:00,Report Export,10
18450,1365,2026-05-24 03:36:00,Report Export,30
18451,1390,2024-06-09 22:04:00,Report Export,2
18452,1060,2026-03-12 17:52:00,Settings Update,5
18453,1556,2026-09-08 01:47:00,Dashboard View,5
18454,544,2026-04-14 03:40:00,User Login,5
18455,1774,2026-05-16 08:03:00,Data Import,15
18456,1310,2026-08-21 02:18:00,Team Invite,10
18457,1576,2026-08-30 16:41:00,User Login,15
18458,757,2026-05-19 11:10:00,Report Export,5
18459,377,2026-08-12 14:19:00,Report Export,2
18460,1805,2026-01-05 09:09:00,Team Invite,1
18461,500,2026-09-19 04:03:00,User Login,5
18462,821,2026-05-10 13:51:00,Dashboard View,30
18463,1980,2026-09-30 22:21:00,Dashboard View,10
18464,43,2024-07-09 21:00:00,Dashboard View,5
18465,829,2024-05-27 00:10:00,Team Invite,5
18466,156,2026-03-21 11:52:00,Data Import,1
18467,1058,2025-10-25 02:35:00,Settings Update,2
18468,839,2026-04-07 19:10:00,User Login,2
18469,1984,2026-05-18 05:25:00,Data Import,5
18470,602,2024-06-02 16:46:00,Settings Update,1
18471,1190,2025-06-27 12:14:00,Report Export,5
18472,229,2026-03-01 09:07:00,Dashboard View,5
18473,1042,2026-08-31 10:27:00,Data Import,5
18474,63,2024-12-05 11:11:00,Team Invite,15
18475,1465,2026-07-07 07:33:00,Data Import,5
18476,490,2026-02-10 19:59:00,Team Invite,2
18477,1462,2026-06-28 08:49:00,Settings Update,1
18478,1832,2025-04-28 02:55:00,User Login,10
18479,878,2024-11-24 11:02:00,User Login,5
18480,548,2023-05-07 19:29:00,User Login,2
18481,952,2026-09-16 08:31:00,Dashboard View,5
18482,625,2026-04-27 04:30:00,Team Invite,1
18483,531,2026-06-15 03:05:00,Settings Update,5
18484,778,2024-06-04 06:01:00,Settings Update,1
18485,1611,2025-04-21 12:53:00,Data Import,10
18486,614,2026-01-07 22:29:00,Team Invite,30
18487,988,2025-02-12 19:43:00,Data Import,5
18488,585,2023-06-19 18:41:00,Report Export,5
18489,1936,2023-09-18 10:07:00,Data Import,10
18490,1477,2025-05-22 02:27:00,Team Invite,15
18491,1774,2026-02-06 07:08:00,Data Import,5
18492,1400,2025-10-15 12:38:00,Dashboard View,5
18493,125,2025-11-02 00:08:00,Data Import,5
18494,1392,2025-11-26 10:38:00,Settings Update,30
18495,1194,2025-10-30 14:51:00,Settings Update,5
18496,47,2025-04-16 06:06:00,Team Invite,2
18497,783,2026-01-20 16:22:00,Team Invite,1
18498,1434,2025-04-14 06:56:00,Dashboard View,15
18499,1915,2025-01-21 12:18:00,Team Invite,2
18500,986,2025-11-05 12:36:00,Settings Update,1
18501,1971,2025-03-15 08:02:00,User Login,2
18502,1681,2026-07-08 09:10:00,Dashboard View,15
18503,308,2025-08-03 05:33:00,Data Import,1
18504,445,2026-05-20 00:12:00,Team Invite,5
18505,542,2026-09-23 09:46:00,Report Export,2
18506,1630,2025-12-05 12:09:00,Settings Update,5
18507,1948,2026-02-13 16:35:00,Report Export,1
18508,1991,2025-12-07 13:50:00,Team Invite,1
18509,356,2026-04-24 11:52:00,Settings Update,10
18510,1882,2023-02-22 08:33:00,Settings Update,2
18511,1004,2026-01-25 17:50:00,Data Import,15
18512,1408,2026-09-17 20:42:00,Settings Update,5
18513,475,2025-10-23 03:55:00,Dashboard View,10
18514,1233,2024-05-30 18:20:00,Settings Update,15
18515,1278,2025-12-11 12:49:00,User Login,10
18516,1682,2023-11-18 04:53:00,User Login,5
18517,1199,2026-01-01 00:47:00,Settings Update,30
18518,1774,2026-07-24 00:46:00,Dashboard View,2
18519,558,2026-09-09 00:57:00,User Login,2
18520,918,2025-08-07 23:11:00,User Login,15
18521,857,2026-09-03 03:07:00,Report Export,5
18522,1204,2025-03-19 04:11:00,Report Export,0
18523,599,2026-06-28 18:08:00,Data Import,5
18524,1136,2026-07-17 17:11:00,Team Invite,5
18525,1666,2026-02-23 13:40:00,User Login,5
18526,95,2025-04-29 09:57:00,Dashboard View,10
18527,1943,2025-12-27 02:31:00,Data Import,0
18528,1595,2025-09-26 07:34:00,Data Import,30
18529,1329,2025-03-31 04:52:00,Data Import,2
18530,353,2025-07-14 03:17:00,Dashboard View,10
18531,1316,2025-07-16 14:28:00,Team Invite,5
18532,77,2026-08-28 10:37:00,Dashboard View,10
18533,1669,2026-05-31 13:07:00,Settings Update,2
18534,1437,2026-09-05 05:52:00,Dashboard View,0
18535,847,2026-03-31 03:19:00,Team Invite,2
18536,1529,2026-04-05 15:08:00,User Login,5
18537,851,2025-06-24 19:24:00,Dashboard View,2
18538,643,2026-07-04 05:14:00,Report Export,1
18539,535,2026-03-23 04:12:00,Data Import,2
18540,81,2025-04-12 08:39:00,User Login,0
18541,1663,2024-05-05 21:19:00,Data Import,5
18542,731,2024-08-06 16:00:00,Data Import,5
18543,1270,2025-11-28 02:46:00,Dashboard View,10
18544,479,2025-08-28 04:59:00,Settings Update,1
18545,1137,2024-10-23 03:00:00,Settings Update,15
18546,413,2026-05-11 02:34:00,Data Import,5
18547,373,2025-04-19 03:57:00,Settings Update,15
18548,745,2025-08-10 10:49:00,Data Import,2
18549,1865,2026-03-04 05:27:00,Report Export,5
18550,1776,2026-08-03 23:45:00,Dashboard View,10
18551,1883,2025-11-08 23:40:00,Data Import,15
18552,315,2026-07-20 17:44:00,Report Export,15
18553,602,2025-05-06 12:34:00,Report Export,0
18554,1507,2024-07-10 20:06:00,Dashboard View,5
18555,1920,2025-01-28 18:47:00,Report Export,1
18556,1917,2026-07-09 04:49:00,User Login,5
18557,396,2026-03-22 09:37:00,Dashboard View,0
18558,697,2025-01-10 09:11:00,Dashboard View,1
18559,1458,2026-06-06 18:29:00,Report Export,2
18560,1393,2026-06-16 18:12:00,Data Import,10
18561,864,2025-12-01 02:17:00,Team Invite,15
18562,1843,2025-04-21 19:15:00,Dashboard View,0
18563,315,2025-03-22 19:46:00,Settings Update,1
18564,1407,2026-06-10 12:01:00,User Login,2
18565,1530,2024-02-10 17:05:00,Report Export,1
18566,370,2026-07-26 23:46:00,Report Export,5
18567,563,2026-06-16 04:45:00,Data Import,15
18568,1534,2025-11-30 09:40:00,Settings Update,0
18569,1064,2025-01-11 12:59:00,Report Export,30
18570,884,2025-04-05 15:40:00,Data Import,2
18571,1727,2026-08-08 20:04:00,Report Export,1
18572,1730,2026-05-15 13:09:00,Team Invite,0
18573,1933,2026-08-13 17:59:00,User Login,2
18574,1299,2024-07-29 09:17:00,User Login,10
18575,310,2026-06-16 20:29:00,Team Invite,10
18576,1167,2026-06-14 10:40:00,Report Export,30
18577,289,2026-08-06 14:14:00,User Login,1
18578,1456,2026-01-25 18:08:00,Team Invite,1
18579,27,2026-05-14 03:13:00,User Login,2
18580,1116,2026-07-21 17:08:00,Report Export,10
18581,1804,2024-04-16 11:14:00,Data Import,1
18582,812,2026-08-14 09:52:00,Data Import,2
18583,1992,2026-06-02 20:43:00,Team Invite,5
18584,164,2025-07-07 20:08:00,Report Export,2
18585,1704,2026-06-16 05:05:00,Report Export,2
18586,280,2025-01-30 16:42:00,Data Import,15
18587,1256,2024-03-11 05:56:00,User Login,10
18588,470,2026-07-30 14:26:00,User Login,10
18589,1815,2026-04-25 20:26:00,Settings Update,15
18590,619,2025-07-01 01:24:00,Settings Update,10
18591,284,2026-04-18 16:09:00,Settings Update,5
18592,40,2025-09-08 07:00:00,Report Export,30
18593,188,2025-03-08 10:54:00,Report Export,5
18594,1361,2025-11-21 02:49:00,Report Export,0
18595,1406,2026-06-02 02:13:00,Team Invite,5
18596,1086,2025-07-14 06:11:00,Dashboard View,5
18597,1069,2026-01-30 11:31:00,Settings Update,15
18598,1011,2025-12-15 12:28:00,Dashboard View,30
18599,3,2026-02-07 12:35:00,User Login,5
18600,358,2025-06-21 07:31:00,Data Import,5
18601,278,2025-05-28 23:57:00,Settings Update,0
18602,1638,2024-12-23 02:15:00,Team Invite,30
18603,1003,2026-08-14 18:40:00,User Login,2
18604,622,2025-03-09 11:12:00,Dashboard View,5
18605,77,2026-04-08 12:29:00,Settings Update,15
18606,1236,2025-11-07 18:58:00,Report Export,2
18607,1511,2025-10-16 08:41:00,Report Export,2
18608,1926,2024-12-03 03:33:00,Dashboard View,1
18609,1450,2026-09-16 21:12:00,Dashboard View,15
18610,1194,2025-05-31 10:27:00,User Login,15
18611,1760,2026-06-27 12:45:00,Report Export,0
18612,1376,2026-08-15 08:16:00,Report Export,5
18613,1988,2025-06-15 01:30:00,Report Export,0
18614,236,2026-08-21 13:14:00,Settings Update,10
18615,1207,2025-07-25 03:57:00,Settings Update,5
18616,1851,2026-07-09 02:33:00,Data Import,5
18617,430,2026-05-31 15:37:00,Report Export,15
18618,1008,2026-03-03 06:02:00,Dashboard View,2
18619,729,2025-09-20 07:23:00,User Login,5
18620,300,2025-02-06 09:13:00,Settings Update,15
18621,1275,2026-04-09 08:03:00,Settings Update,1
18622,203,2026-03-22 00:39:00,Dashboard View,15
18623,710,2026-09-28 06:00:00,Settings Update,5
18624,717,2025-09-19 06:06:00,Team Invite,5
18625,479,2025-02-18 10:40:00,User Login,5
18626,1233,2026-07-05 11:59:00,Dashboard View,10
18627,1338,2025-08-07 22:01:00,User Login,1
18628,1529,2025-03-31 00:30:00,Data Import,0
18629,237,2024-04-16 07:27:00,User Login,15
18630,1955,2025-04-18 18:09:00,User Login,2
18631,1550,2026-08-23 05:02:00,User Login,30
18632,788,2026-02-20 02:31:00,Dashboard View,5
18633,1768,2026-08-14 18:16:00,User Login,2
18634,1179,2026-07-08 00:19:00,Report Export,2
18635,1615,2026-01-05 17:46:00,Report Export,0
18636,172,2026-03-05 10:57:00,User Login,5
18637,1084,2026-08-09 16:26:00,Team Invite,1
18638,901,2026-09-27 01:29:00,Report Export,2
18639,389,2026-03-23 09:42:00,Data Import,5
18640,412,2026-08-03 13:03:00,User Login,5
18641,656,2026-09-10 04:11:00,Settings Update,1
18642,975,2025-05-30 20:10:00,User Login,30
18643,1258,2026-01-30 10:33:00,Settings Update,5
18644,888,2025-11-11 09:38:00,Dashboard View,10
18645,476,2024-09-16 01:50:00,Team Invite,10
18646,1490,2024-12-09 15:45:00,Team Invite,10
18647,1312,2026-07-02 16:28:00,User Login,10
18648,938,2026-04-30 00:07:00,User Login,15
18649,1284,2025-03-12 19:34:00,Report Export,0
18650,1026,2024-12-29 19:27:00,Report Export,10
18651,177,2026-07-22 10:57:00,Team Invite,5
18652,851,2025-11-23 23:33:00,Settings Update,30
18653,1824,2026-08-03 23:42:00,Team Invite,1
18654,1372,2025-11-15 14:22:00,User Login,10
18655,1281,2025-07-11 03:33:00,Report Export,5
18656,1390,2023-01-17 21:21:00,Settings Update,30
18657,1961,2026-03-19 02:20:00,Report Export,10
18658,1491,2026-09-23 23:10:00,Data Import,10
18659,1807,2025-04-19 07:16:00,User Login,10
18660,166,2026-07-22 13:37:00,Data Import,0
18661,694,2025-10-24 00:11:00,Data Import,1
18662,36,2025-05-25 11:29:00,Settings Update,2
18663,1348,2025-05-26 20:32:00,Dashboard View,15
18664,1923,2025-10-27 12:06:00,User Login,1
18665,1207,2026-04-22 15:04:00,User Login,10
18666,1877,2024-06-22 11:58:00,Team Invite,15
18667,558,2026-03-29 06:39:00,Team Invite,5
18668,588,2025-03-15 14:30:00,Report Export,2
18669,417,2025-03-12 08:16:00,Settings Update,15
18670,1966,2025-01-26 04:14:00,Settings Update,0
18671,1410,2026-03-27 17:31:00,Settings Update,5
18672,320,2026-04-23 21:30:00,Report Export,2
18673,1166,2025-12-16 04:39:00,Data Import,1
18674,1048,2026-09-08 15:04:00,Report Export,2
18675,1668,2024-01-13 07:58:00,Report Export,2
18676,1022,2026-09-10 21:34:00,Report Export,5
18677,1936,2026-04-08 08:11:00,User Login,2
18678,951,2024-01-14 16:16:00,Settings Update,2
18679,305,2023-09-24 05:38:00,Settings Update,1
18680,1154,2026-01-05 08:27:00,Settings Update,10
18681,602,2025-11-10 17:23:00,Dashboard View,10
18682,388,2026-07-24 07:02:00,Team Invite,5
18683,1863,2026-07-29 05:29:00,Team Invite,1
18684,784,2025-03-24 04:29:00,User Login,1
18685,658,2026-01-06 13:44:00,Report Export,5
18686,1240,2026-05-01 19:48:00,Dashboard View,2
18687,1210,2023-05-10 11:33:00,Dashboard View,1
18688,1959,2026-01-05 15:46:00,Settings Update,30
18689,547,2026-06-28 00:05:00,Dashboard View,2
18690,212,2024-04-10 04:03:00,Team Invite,0
18691,1193,2024-10-24 23:34:00,Team Invite,5
18692,972,2025-01-22 18:58:00,User Login,0
18693,1496,2026-01-27 06:22:00,Team Invite,1
18694,983,2026-08-15 02:29:00,User Login,2
18695,210,2026-08-22 06:57:00,Settings Update,2
18696,1349,2025-07-25 23:30:00,Report Export,10
18697,1844,2024-07-17 17:49:00,User Login,2
18698,1374,2026-03-07 07:27:00,Report Export,2
18699,1297,2024-12-11 00:29:00,Report Export,2
18700,1907,2026-02-10 20:53:00,Dashboard View,5
18701,1658,2026-04-26 08:05:00,User Login,5
18702,658,2025-06-12 10:14:00,Data Import,1
18703,1419,2026-06-09 09:59:00,Data Import,5
18704,1817,2024-06-14 07:46:00,Settings Update,5
18705,518,2026-01-12 15:41:00,User Login,2
18706,179,2026-07-26 17:57:00,Data Import,1
18707,1071,2026-06-08 14:52:00,User Login,15
18708,1108,2026-03-11 09:33:00,User Login,2
18709,659,2025-06-16 05:01:00,Settings Update,10
18710,105,2025-02-28 14:07:00,Settings Update,5
18711,184,2026-02-10 15:07:00,Team Invite,5
18712,1597,2025-02-13 01:30:00,User Login,1
18713,1216,2025-05-09 04:43:00,Data Import,0
18714,863,2025-08-19 15:47:00,Team Invite,1
18715,105,2026-03-18 16:23:00,Data Import,0
18716,1293,2026-05-31 09:44:00,Data Import,2
18717,419,2026-02-16 06:05:00,Report Export,1
18718,270,2023-11-21 16:39:00,Data Import,0
18719,323,2026-09-18 17:47:00,Team Invite,5
18720,844,2026-05-09 23:40:00,Report Export,2
18721,1024,2026-05-16 16:34:00,Data Import,10
18722,1460,2024-09-11 21:35:00,Report Export,0
18723,1340,2026-09-05 15:26:00,Report Export,10
18724,1353,2025-06-12 20:52:00,Dashboard View,2
18725,141,2026-04-18 02:41:00,Dashboard View,30
18726,380,2026-02-18 15:04:00,Dashboard View,5
18727,1204,2025-10-03 14:47:00,Dashboard View,2
18728,1780,2026-01-30 16:06:00,Team Invite,5
18729,1803,2025-12-07 17:28:00,Team Invite,5
18730,1591,2026-02-08 22:06:00,Settings Update,10
18731,267,2024-04-18 17:43:00,Data Import,0
18732,91,2025-03-27 20:44:00,User Login,5
18733,1548,2026-01-18 19:07:00,Data Import,2
18734,1452,2026-01-22 01:51:00,Settings Update,30
18735,1536,2025-12-10 14:37:00,Team Invite,5
18736,632,2026-06-04 16:52:00,Data Import,2
18737,1790,2025-12-02 03:29:00,Dashboard View,10
18738,905,2025-11-03 20:21:00,Settings Update,1
18739,1363,2026-05-28 20:24:00,Team Invite,5
18740,914,2026-03-24 12:23:00,Data Import,2
18741,1954,2025-02-04 16:14:00,Dashboard View,15
18742,1938,2026-07-18 07:24:00,Data Import,0
18743,377,2025-12-10 15:43:00,Settings Update,10
18744,1237,2026-03-18 16:59:00,Data Import,10
18745,597,2026-07-29 21:09:00,Team Invite,5
18746,727,2025-08-19 21:13:00,Data Import,2
18747,730,2026-03-19 04:18:00,Report Export,0
18748,1879,2024-10-22 00:57:00,Settings Update,10
18749,1315,2026-06-05 07:15:00,User Login,10
18750,395,2025-12-30 16:24:00,Report Export,0
18751,145,2025-07-12 11:26:00,Settings Update,0
18752,704,2025-10-19 09:16:00,Data Import,10
18753,571,2025-07-10 00:44:00,Report Export,10
18754,1377,2026-06-26 06:00:00,Data Import,1
18755,277,2025-08-02 04:15:00,Data Import,5
18756,144,2026-05-15 10:01:00,Team Invite,15
18757,842,2026-07-20 23:35:00,Report Export,2
18758,1986,2025-04-13 04:35:00,Report Export,10
18759,941,2023-08-10 12:29:00,Report Export,0
18760,113,2024-12-03 14:35:00,Dashboard View,2
18761,1392,2025-06-19 02:42:00,Team Invite,0
18762,1248,2024-12-25 17:13:00,User Login,0
18763,292,2026-09-26 10:10:00,Dashboard View,1
18764,1314,2024-08-11 11:38:00,Report Export,10
18765,568,2026-07-16 10:52:00,Data Import,5
18766,853,2025-12-11 05:38:00,Settings Update,2
18767,927,2025-03-28 07:04:00,Report Export,1
18768,1968,2026-08-12 04:40:00,Report Export,15
18769,1221,2025-01-25 08:01:00,Settings Update,10
18770,1042,2026-01-06 23:07:00,Data Import,1
18771,794,2025-01-11 18:04:00,Report Export,10
18772,1454,2025-04-12 08:00:00,Data Import,5
18773,777,2026-03-25 08:07:00,Team Invite,5
18774,1205,2026-06-19 13:59:00,User Login,5
18775,511,2024-11-24 08:23:00,Report Export,5
18776,1381,2026-06-15 10:28:00,Data Import,0
18777,1503,2024-06-13 09:28:00,User Login,5
18778,140,2026-03-09 19:43:00,Team Invite,0
18779,1173,2024-11-29 22:41:00,Team Invite,10
18780,786,2025-02-06 19:40:00,Data Import,2
18781,888,2026-02-04 15:09:00,User Login,10
18782,280,2025-12-01 05:26:00,Team Invite,10
18783,1262,2026-08-25 16:56:00,User Login,15
18784,437,2025-11-08 20:56:00,Team Invite,5
18785,1469,2025-05-23 12:28:00,Report Export,5
18786,1187,2025-11-30 02:05:00,Settings Update,10
18787,1961,2025-08-28 06:45:00,Report Export,5
18788,391,2026-01-13 18:10:00,Team Invite,2
18789,449,2026-04-06 05:46:00,Team Invite,0
18790,1079,2026-07-06 16:28:00,Dashboard View,2
18791,1468,2026-08-07 20:23:00,Data Import,5
18792,871,2025-09-07 06:15:00,Team Invite,1
18793,1008,2025-05-31 13:38:00,Settings Update,1
18794,1917,2026-03-24 06:01:00,Report Export,0
18795,1065,2026-05-29 04:21:00,User Login,0
18796,1788,2025-01-19 04:48:00,Settings Update,1
18797,476,2024-07-24 02:20:00,Settings Update,10
18798,571,2025-07-28 01:48:00,Dashboard View,2
18799,1079,2026-03-25 22:52:00,Team Invite,15
18800,383,2026-09-11 10:56:00,Team Invite,5
18801,616,2026-03-01 16:48:00,Settings Update,2
18802,51,2026-09-04 19:30:00,User Login,15
18803,1759,2026-01-29 02:14:00,Dashboard View,10
18804,1459,2025-01-30 20:54:00,User Login,2
18805,1421,2026-06-16 17:41:00,Dashboard View,1
18806,1572,2026-09-27 13:30:00,Data Import,15
18807,1226,2026-07-31 17:09:00,Team Invite,15
18808,1273,2025-06-02 20:05:00,User Login,15
18809,1516,2025-07-20 16:29:00,User Login,2
18810,1104,2026-04-20 10:43:00,Team Invite,15
18811,1034,2026-08-27 13:09:00,Settings Update,5
18812,1860,2024-03-01 16:06:00,Data Import,30
18813,1124,2026-04-04 05:24:00,Settings Update,1
18814,448,2026-07-29 22:14:00,Data Import,5
18815,176,2023-11-18 18:45:00,Dashboard View,5
18816,1374,2026-06-11 15:31:00,User Login,2
18817,1713,2026-03-12 18:39:00,Team Invite,30
18818,1704,2026-07-13 21:36:00,Team Invite,2
18819,1966,2025-09-29 07:50:00,Report Export,0
18820,1360,2026-08-08 06:14:00,Data Import,1
18821,1173,2026-08-10 12:06:00,Dashboard View,30
18822,1164,2026-06-06 20:44:00,Team Invite,5
18823,1771,2026-05-23 21:13:00,Report Export,10
18824,415,2026-08-07 16:45:00,Settings Update,5
18825,1793,2025-12-26 23:14:00,Dashboard View,5
18826,359,2026-01-21 13:53:00,Data Import,10
18827,129,2026-07-30 05:31:00,User Login,5
18828,1299,2023-09-25 22:20:00,Team Invite,5
18829,715,2026-07-25 05:03:00,Settings Update,15
18830,1051,2025-08-24 20:10:00,Dashboard View,1
18831,1252,2025-12-07 05:12:00,Report Export,5
18832,770,2026-02-25 04:20:00,Dashboard View,0
18833,150,2026-04-27 14:53:00,Dashboard View,5
18834,250,2026-06-09 16:38:00,Dashboard View,5
18835,1152,2026-08-05 14:06:00,Settings Update,15
18836,1106,2025-02-02 17:34:00,User Login,5
18837,155,2025-10-12 23:16:00,Data Import,2
18838,1963,2025-05-31 19:56:00,Data Import,2
18839,56,2023-08-07 14:27:00,Data Import,5
18840,1412,2024-09-24 20:38:00,User Login,10
18841,1208,2026-07-09 14:37:00,Team Invite,1
18842,1493,2025-09-04 16:31:00,Report Export,30
18843,942,2026-01-26 20:32:00,User Login,2
18844,604,2026-03-07 21:48:00,Dashboard View,15
18845,1664,2026-08-16 02:46:00,Settings Update,5
18846,14,2026-01-15 13:55:00,User Login,2
18847,1743,2026-06-09 14:53:00,Dashboard View,10
18848,848,2025-05-01 10:04:00,Report Export,30
18849,1575,2025-12-01 11:39:00,Data Import,10
18850,1003,2026-06-05 12:42:00,Report Export,2
18851,1953,2023-12-10 16:56:00,Team Invite,5
18852,668,2025-06-18 21:53:00,Settings Update,15
18853,1051,2026-06-27 08:54:00,User Login,1
18854,1682,2025-03-06 08:12:00,Data Import,1
18855,1687,2025-10-31 02:51:00,Team Invite,1
18856,1405,2026-02-10 02:41:00,Data Import,1
18857,197,2025-03-06 09:25:00,Report Export,2
18858,472,2025-04-05 08:45:00,Team Invite,5
18859,1393,2026-04-30 05:41:00,Data Import,5
18860,1561,2024-06-25 02:30:00,Settings Update,0
18861,222,2025-09-19 06:32:00,Dashboard View,2
18862,157,2025-09-11 13:26:00,Settings Update,2
18863,1436,2026-03-31 02:07:00,User Login,5
18864,915,2026-05-06 01:11:00,Settings Update,1
18865,994,2026-07-04 21:22:00,Settings Update,10
18866,85,2026-02-02 09:57:00,Data Import,0
18867,1291,2025-07-06 19:47:00,Data Import,1
18868,907,2026-08-23 16:58:00,Dashboard View,1
18869,1506,2025-08-28 07:52:00,Report Export,30
18870,989,2024-02-28 10:06:00,Settings Update,5
18871,658,2026-06-23 18:10:00,Report Export,10
18872,1521,2025-11-16 07:57:00,User Login,10
18873,1939,2025-06-30 18:01:00,User Login,0
18874,1645,2025-12-25 02:02:00,Team Invite,0
18875,1282,2025-09-20 02:46:00,Settings Update,15
18876,1415,2026-09-07 00:46:00,Team Invite,5
18877,1657,2024-08-06 22:54:00,Team Invite,1
18878,81,2025-08-05 06:30:00,Settings Update,15
18879,504,2024-12-22 03:18:00,Report Export,10
18880,1289,2025-09-09 15:30:00,Team Invite,1
18881,1421,2026-05-29 20:32:00,Team Invite,2
18882,1265,2026-07-31 08:01:00,Settings Update,5
18883,1004,2025-07-28 10:10:00,Data Import,0
18884,766,2024-03-18 08:58:00,User Login,5
18885,601,2026-08-08 03:00:00,User Login,5
18886,1882,2023-03-05 18:42:00,Report Export,0
18887,1709,2026-08-08 12:57:00,Dashboard View,5
18888,308,2026-02-26 14:57:00,Team Invite,5
18889,278,2025-06-10 01:36:00,Dashboard View,10
18890,502,2025-11-15 13:34:00,Team Invite,15
18891,379,2026-06-04 08:40:00,User Login,2
18892,1175,2023-06-22 16:31:00,User Login,1
18893,1893,2026-04-16 13:06:00,Team Invite,15
18894,1307,2026-04-03 06:57:00,Settings Update,2
18895,539,2026-08-17 07:30:00,User Login,2
18896,1090,2025-06-25 06:39:00,Dashboard View,0
18897,244,2026-07-06 20:41:00,Data Import,5
18898,756,2025-03-09 21:03:00,Data Import,5
18899,1885,2025-03-15 23:29:00,Dashboard View,1
18900,588,2024-03-07 13:18:00,Team Invite,5
18901,1483,2026-09-12 20:54:00,User Login,15
18902,1578,2026-04-07 18:53:00,Team Invite,2
18903,981,2025-04-27 17:13:00,User Login,1
18904,859,2024-11-26 02:52:00,Data Import,30
18905,1933,2026-05-25 08:27:00,User Login,2
18906,699,2026-01-21 11:34:00,Settings Update,1
18907,1212,2026-07-06 00:45:00,Report Export,2
18908,1496,2025-11-26 01:17:00,Report Export,10
18909,1134,2026-08-11 09:11:00,Dashboard View,2
18910,88,2024-08-30 19:29:00,Settings Update,5
18911,827,2026-04-20 12:30:00,Data Import,5
18912,1817,2025-11-15 21:12:00,User Login,1
18913,241,2026-01-07 04:43:00,Data Import,15
18914,276,2026-02-23 16:42:00,Dashboard View,10
18915,676,2026-03-28 13:46:00,Dashboard View,0
18916,415,2026-09-02 07:38:00,User Login,1
18917,1980,2026-06-16 11:10:00,Team Invite,5
18918,827,2026-03-20 12:39:00,User Login,5
18919,1417,2024-08-14 10:34:00,Report Export,10
18920,951,2024-09-14 08:53:00,Dashboard View,0
18921,1617,2026-03-31 11:22:00,Dashboard View,15
18922,118,2026-08-25 03:13:00,Dashboard View,10
18923,263,2025-11-28 16:04:00,Report Export,15
18924,1303,2025-09-24 10:54:00,Data Import,2
18925,693,2024-11-16 04:11:00,User Login,5
18926,951,2025-03-29 13:43:00,Team Invite,2
18927,1753,2026-05-13 18:24:00,Data Import,5
18928,1458,2023-06-17 02:58:00,Settings Update,2
18929,1629,2026-05-08 23:33:00,User Login,1
18930,1844,2025-03-23 06:29:00,Settings Update,5
18931,1050,2026-01-17 06:45:00,Data Import,1
18932,1236,2025-06-10 01:38:00,Team Invite,15
18933,997,2026-08-18 00:39:00,Dashboard View,5
18934,773,2024-01-28 15:23:00,Data Import,1
18935,595,2026-02-11 07:38:00,User Login,15
18936,915,2026-08-06 19:46:00,Settings Update,15
18937,738,2026-08-14 17:15:00,Report Export,5
18938,1859,2026-03-29 05:25:00,Dashboard View,15
18939,553,2025-10-24 18:53:00,User Login,15
18940,197,2025-06-29 12:54:00,Report Export,5
18941,87,2025-08-05 22:42:00,Report Export,10
18942,756,2024-10-20 12:51:00,Dashboard View,30
18943,275,2023-09-13 18:59:00,Dashboard View,5
18944,258,2025-12-09 04:29:00,User Login,5
18945,1123,2023-12-17 03:29:00,Report Export,10
18946,1020,2024-03-18 22:56:00,Team Invite,5
18947,449,2026-08-20 21:15:00,Settings Update,1
18948,1056,2023-06-18 16:03:00,Data Import,2
18949,207,2026-08-23 20:58:00,Settings Update,0
18950,1461,2024-02-21 11:13:00,Team Invite,2
18951,639,2024-01-16 14:45:00,User Login,2
18952,1408,2026-06-23 02:57:00,Data Import,5
18953,1758,2024-09-09 18:37:00,Data Import,5
18954,130,2026-02-24 01:05:00,Settings Update,0
18955,195,2025-05-09 17:42:00,Dashboard View,1
18956,589,2026-08-21 04:41:00,Report Export,10
18957,1680,2025-09-24 23:13:00,Dashboard View,30
18958,203,2026-09-12 12:16:00,Report Export,10
18959,1257,2025-11-21 07:51:00,Settings Update,2
18960,1009,2026-06-10 10:24:00,Report Export,10
18961,694,2025-12-04 01:27:00,Settings Update,1
18962,857,2024-05-30 08:23:00,Data Import,2
18963,653,2023-12-05 09:27:00,Settings Update,1
18964,1044,2026-09-07 12:21:00,Settings Update,2
18965,1932,2026-05-18 06:46:00,Data Import,2
18966,1859,2025-04-12 05:21:00,User Login,5
18967,243,2024-04-01 18:47:00,Settings Update,10
18968,903,2023-10-03 17:43:00,User Login,15
18969,1330,2024-03-11 05:46:00,Data Import,5
18970,1713,2026-03-27 01:27:00,Data Import,15
18971,1089,2026-05-03 18:42:00,Settings Update,15
18972,653,2025-03-21 02:35:00,Dashboard View,2
18973,659,2025-03-29 15:14:00,Team Invite,0
18974,378,2026-09-18 21:18:00,Report Export,5
18975,1890,2024-04-13 20:17:00,Data Import,10
18976,272,2024-10-20 02:27:00,Data Import,2
18977,1097,2025-05-26 21:26:00,Report Export,2
18978,452,2025-09-30 21:04:00,Team Invite,1
18979,701,2025-05-18 16:21:00,Report Export,2
18980,1316,2025-08-10 05:48:00,Data Import,0
18981,188,2026-04-24 03:31:00,Dashboard View,10
18982,1700,2026-06-24 15:09:00,Settings Update,1
18983,902,2026-04-24 02:33:00,Settings Update,1
18984,1768,2026-07-10 10:51:00,Settings Update,5
18985,830,2025-01-11 04:10:00,Report Export,1
18986,1539,2026-07-26 18:36:00,Report Export,10
18987,914,2025-12-12 13:42:00,Settings Update,10
18988,912,2024-11-11 03:24:00,Report Export,5
18989,219,2025-05-28 01:07:00,Report Export,30
18990,897,2026-09-24 08:48:00,Dashboard View,0
18991,633,2026-08-20 14:41:00,Team Invite,5
18992,1980,2026-07-11 13:48:00,Report Export,0
18993,437,2026-05-01 02:38:00,Dashboard View,1
18994,477,2026-01-18 08:10:00,Dashboard View,10
18995,1293,2026-07-22 20:55:00,Report Export,2
18996,1287,2026-04-09 08:36:00,User Login,2
18997,1907,2026-02-16 15:30:00,Report Export,5
18998,1663,2024-06-12 14:50:00,Dashboard View,15
18999,696,2026-01-25 20:33:00,Dashboard View,5
19000,1220,2026-06-18 17:32:00,Settings Update,2
19001,881,2026-01-12 19:41:00,Team Invite,10
19002,221,2026-07-18 12:08:00,Team Invite,30
19003,482,2025-11-20 06:32:00,Team Invite,5
19004,352,2024-10-28 12:30:00,User Login,1
19005,1439,2025-05-16 22:00:00,Settings Update,1
19006,184,2025-06-21 00:04:00,Settings Update,1
19007,1142,2026-02-02 19:17:00,Team Invite,2
19008,1851,2026-04-05 21:33:00,Settings Update,2
19009,1544,2025-11-17 03:52:00,Data Import,1
19010,1864,2026-02-17 09:58:00,User Login,0
19011,1918,2026-06-11 12:59:00,User Login,2
19012,1784,2026-08-16 12:34:00,Dashboard View,30
19013,1798,2025-10-28 02:53:00,Dashboard View,2
19014,957,2026-01-07 08:37:00,Dashboard View,1
19015,678,2026-05-03 19:25:00,Team Invite,5
19016,1708,2026-07-31 17:10:00,Settings Update,2
19017,1095,2025-09-25 18:23:00,User Login,15
19018,1579,2024-01-23 19:15:00,Settings Update,5
19019,704,2026-05-06 16:04:00,Report Export,0
19020,230,2024-08-29 19:52:00,Report Export,10
19021,374,2025-12-12 04:39:00,Team Invite,5
19022,188,2026-05-15 02:59:00,Settings Update,5
19023,600,2026-04-02 05:43:00,Settings Update,10
19024,948,2026-06-29 00:27:00,Report Export,0
19025,1355,2025-11-13 11:05:00,Team Invite,5
19026,548,2024-08-01 22:24:00,Report Export,2
19027,1312,2026-08-27 05:16:00,Team Invite,2
19028,324,2026-06-24 15:32:00,Settings Update,30
19029,710,2025-02-20 07:44:00,Settings Update,1
19030,625,2026-04-29 05:21:00,Report Export,1
19031,1775,2026-01-14 02:31:00,Settings Update,5
19032,184,2025-04-26 11:46:00,Report Export,2
19033,6,2024-11-02 06:58:00,Team Invite,5
19034,593,2026-09-21 19:36:00,Settings Update,1
19035,1132,2026-07-17 12:34:00,Team Invite,10
19036,720,2026-06-06 16:45:00,User Login,10
19037,354,2026-08-16 18:46:00,Settings Update,0
19038,1405,2025-02-22 17:49:00,Dashboard View,1
19039,309,2026-09-04 06:44:00,Report Export,5
19040,81,2026-06-08 04:06:00,Report Export,2
19041,1963,2026-06-10 01:42:00,Report Export,1
19042,1246,2026-02-07 03:25:00,User Login,1
19043,529,2025-09-09 11:45:00,Team Invite,10
19044,1656,2026-06-30 17:55:00,Dashboard View,10
19045,607,2026-09-21 22:17:00,Settings Update,5
19046,544,2025-10-05 16:49:00,User Login,5
19047,1738,2024-09-27 01:32:00,Team Invite,1
19048,1130,2024-05-12 21:39:00,Report Export,1
19049,814,2026-07-05 16:01:00,Settings Update,15
19050,1868,2026-03-06 17:17:00,Dashboard View,10
19051,1847,2026-05-23 00:25:00,Settings Update,2
19052,1587,2024-12-03 07:19:00,Team Invite,5
19053,1229,2026-07-28 23:46:00,Report Export,10
19054,401,2026-09-07 10:33:00,User Login,2
19055,855,2025-12-01 08:12:00,Dashboard View,2
19056,1999,2025-12-17 03:36:00,Data Import,30
19057,1775,2026-07-03 12:55:00,User Login,2
19058,1392,2026-04-24 08:07:00,Report Export,2
19059,1004,2026-06-26 04:26:00,Team Invite,5
19060,321,2026-08-22 18:14:00,Team Invite,10
19061,1002,2025-12-09 08:02:00,Team Invite,30
19062,1407,2026-09-19 12:20:00,Team Invite,10
19063,717,2026-03-18 12:51:00,Team Invite,5
19064,917,2026-06-18 18:05:00,Settings Update,1
19065,1702,2026-07-09 18:38:00,Data Import,2
19066,1141,2025-02-16 18:32:00,Settings Update,15
19067,481,2026-04-29 18:31:00,Settings Update,10
19068,548,2025-01-05 21:23:00,Dashboard View,5
19069,335,2024-12-31 01:51:00,Team Invite,2
19070,860,2023-03-14 09:06:00,Team Invite,2
19071,1689,2025-02-11 18:40:00,Report Export,15
19072,1515,2023-04-27 01:50:00,Data Import,1
19073,726,2026-06-06 07:36:00,Report Export,5
19074,458,2026-03-10 20:41:00,Report Export,5
19075,353,2024-09-19 16:27:00,Report Export,5
19076,661,2026-06-12 10:14:00,Data Import,5
19077,612,2026-07-16 08:05:00,Report Export,2
19078,1202,2026-04-17 13:17:00,Team Invite,0
19079,779,2025-11-21 09:56:00,Dashboard View,0
19080,155,2026-08-20 11:24:00,Settings Update,2
19081,230,2024-11-09 21:13:00,Data Import,30
19082,515,2026-09-03 22:07:00,Team Invite,10
19083,622,2025-09-12 19:39:00,User Login,15
19084,1967,2026-09-21 19:13:00,Data Import,2
19085,888,2026-03-24 08:02:00,Report Export,10
19086,1544,2025-11-24 02:17:00,Dashboard View,5
19087,1317,2026-08-21 18:44:00,Dashboard View,5
19088,1639,2026-05-25 16:25:00,Report Export,1
19089,1396,2026-08-29 01:55:00,Data Import,0
19090,136,2023-09-20 22:10:00,Settings Update,10
19091,1851,2026-09-29 05:54:00,Dashboard View,5
19092,989,2026-04-01 19:20:00,User Login,15
19093,1502,2026-04-22 22:30:00,Team Invite,5
19094,1691,2026-04-27 14:01:00,User Login,1
19095,788,2026-02-14 01:26:00,Team Invite,2
19096,100,2026-02-24 03:50:00,Data Import,1
19097,722,2026-08-01 19:01:00,Data Import,5
19098,48,2026-04-28 19:42:00,Dashboard View,2
19099,322,2025-07-02 23:58:00,Dashboard View,10
19100,1534,2026-07-04 14:07:00,Data Import,5
19101,957,2026-06-25 18:08:00,Settings Update,5
19102,160,2025-03-18 02:15:00,User Login,0
19103,1578,2025-12-17 03:59:00,Dashboard View,15
19104,664,2025-03-01 20:09:00,Data Import,1
19105,710,2024-04-16 05:18:00,Settings Update,30
19106,1620,2026-05-26 15:02:00,Report Export,0
19107,646,2026-07-01 20:43:00,Report Export,2
19108,447,2025-12-28 13:20:00,Team Invite,10
19109,893,2025-11-22 02:09:00,Report Export,0
19110,720,2024-10-13 07:26:00,Report Export,0
19111,686,2025-11-06 16:21:00,Data Import,10
19112,209,2025-01-08 16:33:00,User Login,0
19113,90,2026-09-24 10:43:00,Report Export,30
19114,1996,2026-05-25 07:35:00,Team Invite,30
19115,1457,2025-08-11 03:47:00,Report Export,30
19116,1511,2025-09-21 00:18:00,Settings Update,2
19117,481,2025-11-07 20:51:00,Data Import,5
19118,1620,2023-05-30 01:21:00,User Login,10
19119,1365,2026-06-18 23:26:00,Dashboard View,1
19120,1270,2026-06-11 06:51:00,Report Export,1
19121,1418,2023-06-20 14:17:00,Dashboard View,15
19122,843,2026-09-09 10:28:00,Data Import,2
19123,1992,2026-09-06 15:13:00,Report Export,1
19124,939,2023-10-30 22:53:00,Data Import,10
19125,1028,2025-12-29 03:04:00,Report Export,5
19126,25,2025-06-09 07:15:00,Report Export,5
19127,1602,2026-04-02 21:31:00,Settings Update,5
19128,1447,2025-03-27 19:06:00,Dashboard View,2
19129,213,2026-09-26 19:09:00,Data Import,0
19130,1208,2026-08-03 03:31:00,Dashboard View,2
19131,906,2026-07-29 10:06:00,User Login,1
19132,1249,2025-08-11 14:08:00,Data Import,5
19133,1521,2024-11-12 03:01:00,Dashboard View,5
19134,667,2026-05-18 01:13:00,Team Invite,5
19135,1252,2025-12-14 05:32:00,Dashboard View,5
19136,643,2026-08-19 14:56:00,Report Export,2
19137,1350,2026-02-17 03:30:00,Dashboard View,5
19138,394,2026-03-06 22:21:00,Dashboard View,2
19139,806,2025-11-29 00:24:00,Data Import,0
19140,1888,2026-08-21 06:13:00,User Login,30
19141,1268,2026-03-21 21:29:00,Report Export,5
19142,1416,2025-11-24 06:22:00,Dashboard View,10
19143,176,2024-11-27 20:42:00,Dashboard View,15
19144,50,2026-07-05 13:09:00,Data Import,2
19145,1732,2024-08-15 07:41:00,User Login,1
19146,196,2026-02-28 20:32:00,Report Export,5
19147,1893,2026-05-26 20:03:00,Data Import,2
19148,291,2026-02-14 03:01:00,Team Invite,0
19149,554,2026-08-07 06:35:00,Dashboard View,0
19150,1194,2025-01-17 22:44:00,User Login,10
19151,2,2026-08-24 13:52:00,Data Import,10
19152,1398,2025-08-16 16:33:00,Data Import,1
19153,396,2026-02-21 12:06:00,Dashboard View,2
19154,1820,2026-08-13 20:56:00,Dashboard View,1
19155,47,2023-11-15 08:02:00,Dashboard View,5
19156,250,2025-11-08 16:39:00,Dashboard View,5
19157,1933,2026-07-24 15:36:00,User Login,10
19158,127,2026-06-01 06:31:00,Team Invite,5
19159,711,2024-03-03 10:08:00,User Login,2
19160,1803,2026-07-08 05:51:00,Dashboard View,10
19161,806,2026-02-06 08:14:00,User Login,1
19162,1562,2026-01-08 15:12:00,Data Import,15
19163,58,2026-05-23 03:57:00,Dashboard View,1
19164,1204,2025-04-14 08:49:00,Report Export,10
19165,463,2025-12-15 11:23:00,Team Invite,5
19166,1158,2025-12-25 13:35:00,User Login,1
19167,1363,2026-06-27 22:02:00,Report Export,2
19168,1046,2023-07-12 10:23:00,Report Export,15
19169,682,2025-10-24 20:22:00,Settings Update,2
19170,169,2026-09-19 01:17:00,Data Import,5
19171,929,2026-08-30 17:53:00,Data Import,15
19172,1322,2024-06-16 05:22:00,Team Invite,30
19173,765,2025-06-12 06:08:00,Settings Update,0
19174,1406,2026-04-21 22:50:00,Team Invite,15
19175,788,2026-08-27 22:52:00,Dashboard View,10
19176,254,2025-11-04 10:35:00,Dashboard View,30
19177,21,2026-06-21 11:40:00,Data Import,2
19178,555,2026-07-20 10:55:00,Data Import,15
19179,1881,2026-08-21 17:51:00,User Login,5
19180,1189,2026-05-19 16:29:00,Settings Update,10
19181,732,2026-09-14 06:17:00,Settings Update,15
19182,365,2026-02-11 19:29:00,Settings Update,1
19183,1277,2026-01-24 01:19:00,Team Invite,1
19184,1176,2026-03-31 10:49:00,Dashboard View,1
19185,1855,2026-04-06 00:36:00,User Login,2
19186,1080,2026-06-10 07:25:00,User Login,10
19187,898,2026-05-19 18:12:00,Data Import,10
19188,1115,2026-07-08 07:01:00,User Login,0
19189,1264,2024-12-19 20:00:00,Data Import,5
19190,354,2025-08-11 03:09:00,Team Invite,5
19191,555,2026-06-15 14:33:00,Report Export,1
19192,1213,2026-02-21 18:53:00,Team Invite,1
19193,506,2025-05-05 15:21:00,Report Export,10
19194,698,2026-09-12 16:08:00,Team Invite,1
19195,1066,2024-08-28 13:45:00,Data Import,15
19196,329,2024-06-30 09:50:00,Report Export,1
19197,1702,2026-08-17 04:08:00,Dashboard View,2
19198,1886,2026-08-14 23:18:00,Dashboard View,2
19199,1126,2026-06-16 07:22:00,Report Export,0
19200,1403,2026-04-25 17:53:00,User Login,5
19201,1678,2026-07-15 05:54:00,Dashboard View,1
19202,1916,2023-07-16 08:53:00,Report Export,5
19203,1289,2026-01-09 10:04:00,Settings Update,5
19204,261,2024-04-09 21:40:00,User Login,15
19205,1024,2026-09-24 05:25:00,Report Export,15
19206,309,2026-06-20 01:59:00,Report Export,1
19207,52,2025-12-20 05:58:00,User Login,0
19208,71,2026-05-23 18:33:00,Data Import,10
19209,859,2026-07-24 21:45:00,Settings Update,5
19210,1226,2025-08-15 19:34:00,Report Export,10
19211,1464,2026-09-18 01:10:00,Data Import,2
19212,1721,2025-08-19 04:14:00,Team Invite,10
19213,813,2023-12-14 18:43:00,User Login,10
19214,1657,2025-02-08 16:05:00,User Login,2
19215,1707,2026-09-24 04:59:00,Data Import,30
19216,534,2025-12-27 12:23:00,Settings Update,2
19217,1502,2026-05-06 08:47:00,Team Invite,5
19218,1108,2026-04-18 05:25:00,Team Invite,1
19219,1236,2024-03-01 09:16:00,Report Export,0
19220,629,2025-07-16 17:31:00,User Login,1
19221,1573,2025-07-18 09:29:00,User Login,2
19222,493,2026-08-09 00:21:00,User Login,2
19223,1284,2025-10-10 11:36:00,Team Invite,10
19224,392,2025-10-17 07:27:00,Team Invite,2
19225,1339,2025-08-19 18:02:00,Settings Update,1
19226,8,2026-07-25 00:22:00,Dashboard View,0
19227,83,2025-02-19 02:06:00,Report Export,5
19228,1859,2026-09-21 10:06:00,User Login,5
19229,940,2026-08-21 23:06:00,User Login,5
19230,577,2026-02-18 04:02:00,Settings Update,0
19231,1936,2024-02-04 04:47:00,Report Export,30
19232,190,2025-11-09 23:24:00,Settings Update,10
19233,621,2023-10-26 06:50:00,Report Export,5
19234,271,2026-07-24 06:50:00,Dashboard View,10
19235,541,2026-06-26 10:24:00,Settings Update,30
19236,1968,2026-09-16 09:09:00,Data Import,10
19237,373,2025-08-08 21:24:00,Data Import,5
19238,1752,2026-05-25 21:44:00,Dashboard View,15
19239,6,2025-11-01 02:19:00,Report Export,1
19240,1303,2025-11-11 16:41:00,Dashboard View,10
19241,308,2025-08-16 22:49:00,Settings Update,2
19242,1663,2024-03-02 16:16:00,User Login,5
19243,292,2026-01-29 16:58:00,Dashboard View,1
19244,1973,2025-10-05 01:26:00,Settings Update,1
19245,983,2025-06-16 07:13:00,User Login,2
19246,1119,2026-09-20 18:42:00,User Login,5
19247,1918,2026-09-17 04:07:00,Settings Update,0
19248,1888,2024-05-30 03:16:00,Report Export,5
19249,964,2026-09-01 19:39:00,User Login,30
19250,1483,2026-08-24 12:45:00,Dashboard View,5
19251,364,2024-08-12 18:13:00,Team Invite,10
19252,1349,2024-07-19 17:09:00,Settings Update,5
19253,121,2026-08-16 10:31:00,Data Import,2
19254,69,2025-05-03 18:05:00,Data Import,30
19255,777,2026-01-14 16:28:00,Report Export,2
19256,758,2026-04-26 00:16:00,Data Import,10
19257,171,2026-01-29 08:55:00,Data Import,1
19258,622,2025-06-07 14:33:00,Data Import,5
19259,1160,2024-04-14 16:47:00,Data Import,5
19260,1695,2026-07-20 09:52:00,Data Import,1
19261,530,2026-02-24 05:51:00,Settings Update,1
19262,909,2026-05-03 19:56:00,Data Import,10
19263,282,2025-04-30 04:23:00,Settings Update,2
19264,719,2025-03-22 14:48:00,Report Export,1
19265,1841,2026-02-11 11:00:00,Team Invite,5
19266,955,2026-03-15 06:09:00,Data Import,10
19267,340,2025-02-11 23:40:00,Settings Update,30
19268,1497,2024-06-29 00:40:00,Settings Update,10
19269,334,2024-11-16 14:53:00,User Login,30
19270,1515,2024-06-19 10:58:00,Report Export,2
19271,164,2025-05-25 20:40:00,Dashboard View,10
19272,752,2026-06-19 17:51:00,User Login,2
19273,900,2025-11-04 13:39:00,Dashboard View,5
19274,1923,2026-01-27 12:12:00,Team Invite,5
19275,460,2023-12-29 16:32:00,Settings Update,10
19276,316,2026-04-29 16:19:00,Report Export,5
19277,1605,2025-06-13 06:16:00,Report Export,30
19278,1713,2026-01-02 04:10:00,Team Invite,5
19279,1235,2025-03-23 14:08:00,Data Import,15
19280,53,2025-09-16 08:56:00,Team Invite,5
19281,1322,2024-06-25 04:11:00,Team Invite,2
19282,1179,2024-06-12 20:00:00,Data Import,15
19283,1217,2026-07-30 03:34:00,Dashboard View,2
19284,1568,2026-09-28 09:41:00,Settings Update,5
19285,1091,2026-06-11 07:17:00,User Login,15
19286,147,2026-01-17 10:30:00,Report Export,15
19287,1071,2025-06-01 05:14:00,Settings Update,5
19288,945,2026-04-16 21:38:00,Data Import,1
19289,1907,2025-10-18 02:26:00,Report Export,1
19290,1201,2026-04-30 03:45:00,Dashboard View,30
19291,843,2025-05-31 07:43:00,Settings Update,0
19292,947,2026-02-28 11:50:00,Report Export,5
19293,1270,2026-07-07 15:30:00,Settings Update,5
19294,586,2025-11-12 03:00:00,Dashboard View,5
19295,1729,2026-02-10 14:06:00,User Login,10
19296,906,2026-08-18 00:12:00,Data Import,10
19297,585,2023-11-12 22:19:00,User Login,10
19298,1764,2026-06-10 21:44:00,Report Export,5
19299,1564,2025-01-11 13:07:00,Settings Update,2
19300,1805,2026-06-17 10:54:00,Data Import,5
19301,516,2026-08-10 10:34:00,Report Export,1
19302,1173,2024-11-14 19:52:00,Dashboard View,2
19303,476,2024-07-07 17:29:00,Data Import,1
19304,968,2025-08-09 05:10:00,User Login,2
19305,1815,2024-05-05 09:47:00,Data Import,1
19306,919,2024-08-12 21:27:00,User Login,2
19307,973,2024-07-06 13:39:00,Data Import,30
19308,885,2026-06-20 13:03:00,Dashboard View,5
19309,1120,2025-04-20 00:57:00,User Login,15
19310,530,2024-05-13 03:21:00,User Login,2
19311,1741,2026-09-12 17:23:00,Report Export,10
19312,1990,2026-02-14 00:34:00,Report Export,1
19313,1414,2026-07-04 15:19:00,Team Invite,2
19314,258,2025-09-17 12:16:00,Dashboard View,5
19315,222,2025-11-02 04:54:00,Data Import,1
19316,1540,2024-07-07 12:26:00,Data Import,10
19317,1651,2026-06-10 17:09:00,Team Invite,1
19318,344,2025-06-23 13:04:00,Data Import,5
19319,932,2026-04-23 18:25:00,Dashboard View,2
19320,1869,2026-07-21 20:22:00,Report Export,15
19321,704,2025-11-17 03:29:00,Team Invite,0
19322,1205,2025-01-03 00:35:00,Data Import,1
19323,296,2025-02-21 22:30:00,Data Import,1
19324,1754,2026-07-27 20:44:00,Report Export,0
19325,698,2024-08-11 03:39:00,Team Invite,1
19326,207,2026-09-15 01:26:00,Settings Update,2
19327,1898,2026-05-16 10:32:00,Dashboard View,5
19328,925,2024-06-21 20:37:00,User Login,5
19329,1108,2026-01-03 11:44:00,Report Export,0
19330,1891,2026-06-24 07:59:00,Dashboard View,30
19331,546,2025-01-09 03:36:00,Team Invite,2
19332,1244,2025-04-06 16:01:00,User Login,2
19333,849,2026-02-01 08:36:00,User Login,15
19334,101,2024-04-08 21:52:00,Data Import,1
19335,1478,2026-09-21 12:27:00,Team Invite,5
19336,1663,2023-12-24 02:30:00,Dashboard View,5
19337,1587,2026-03-16 22:02:00,Team Invite,1
19338,1486,2026-04-29 04:17:00,Dashboard View,0
19339,343,2026-09-17 11:26:00,Report Export,0
19340,206,2024-09-12 08:26:00,Settings Update,1
19341,682,2026-06-01 01:41:00,Dashboard View,5
19342,1995,2025-07-11 02:57:00,User Login,10
19343,1366,2025-08-16 14:30:00,Report Export,0
19344,1289,2026-08-21 18:12:00,Settings Update,0
19345,67,2026-03-26 12:05:00,Data Import,30
19346,1880,2026-03-12 03:05:00,User Login,10
19347,710,2024-11-27 13:13:00,Dashboard View,2
19348,1025,2024-08-12 17:49:00,Data Import,5
19349,1676,2026-05-21 02:06:00,Team Invite,10
19350,1419,2026-02-21 08:33:00,Settings Update,0
19351,1285,2026-02-13 20:35:00,Dashboard View,10
19352,688,2026-08-17 17:03:00,Dashboard View,1
19353,626,2026-06-16 16:01:00,Data Import,2
19354,1437,2025-07-10 12:17:00,Team Invite,0
19355,1239,2024-08-12 01:20:00,Report Export,1
19356,1734,2026-09-23 04:18:00,User Login,10
19357,1093,2026-09-22 13:45:00,Report Export,2
19358,813,2025-09-24 11:13:00,Data Import,15
19359,1298,2026-07-13 19:03:00,Team Invite,15
19360,1538,2026-02-24 01:04:00,Report Export,10
19361,609,2025-11-21 17:28:00,Dashboard View,0
19362,188,2025-07-28 19:37:00,User Login,1
19363,55,2026-05-11 03:37:00,User Login,5
19364,197,2025-06-10 01:35:00,Data Import,15
19365,1692,2024-11-03 12:18:00,Data Import,2
19366,922,2026-03-22 23:10:00,Settings Update,10
19367,1069,2025-11-18 16:28:00,Data Import,15
19368,937,2024-12-22 03:08:00,User Login,2
19369,1175,2025-12-02 03:51:00,Dashboard View,15
19370,99,2025-05-19 01:17:00,Dashboard View,5
19371,441,2024-08-18 01:04:00,Dashboard View,2
19372,1066,2025-05-29 05:16:00,User Login,10
19373,1195,2023-09-20 02:12:00,Dashboard View,1
19374,386,2025-10-04 10:47:00,Team Invite,1
19375,183,2024-08-21 01:42:00,Team Invite,5
19376,233,2025-07-02 06:51:00,Team Invite,30
19377,1066,2025-04-12 05:43:00,Team Invite,5
19378,1853,2026-02-11 08:08:00,Dashboard View,10
19379,1200,2025-12-23 04:39:00,User Login,5
19380,277,2023-12-03 12:37:00,Report Export,15
19381,963,2026-02-08 07:16:00,Settings Update,1
19382,1506,2025-09-21 23:00:00,Data Import,5
19383,671,2026-02-05 23:23:00,Data Import,10
19384,54,2026-04-12 05:23:00,Team Invite,10
19385,141,2025-10-04 23:25:00,Team Invite,30
19386,53,2025-09-30 08:24:00,Report Export,0
19387,598,2025-02-24 12:44:00,Settings Update,2
19388,134,2025-02-21 23:40:00,Settings Update,10
19389,587,2026-09-20 00:19:00,Settings Update,10
19390,381,2026-06-22 12:40:00,User Login,5
19391,688,2026-01-20 01:24:00,Report Export,2
19392,705,2026-06-18 11:14:00,Dashboard View,1
19393,1110,2026-07-15 02:37:00,Settings Update,15
19394,808,2025-12-03 06:10:00,User Login,5
19395,1930,2026-08-23 22:05:00,Report Export,5
19396,773,2026-06-01 23:53:00,Dashboard View,2
19397,606,2026-03-12 19:44:00,Report Export,15
19398,1072,2026-04-27 03:35:00,Data Import,2
19399,1352,2025-11-06 23:18:00,Data Import,5
19400,1143,2025-10-25 19:34:00,Data Import,1
19401,981,2025-03-26 17:26:00,Dashboard View,5
19402,1974,2026-08-12 13:33:00,Dashboard View,10
19403,791,2025-04-04 21:27:00,User Login,5
19404,1815,2024-03-27 01:25:00,User Login,2
19405,728,2025-08-13 19:48:00,Dashboard View,2
19406,1360,2025-05-23 15:53:00,Data Import,1
19407,442,2025-12-24 07:20:00,Data Import,5
19408,1961,2026-04-08 00:24:00,Team Invite,2
19409,1450,2026-05-22 20:36:00,User Login,30
19410,1230,2024-07-23 12:45:00,Dashboard View,10
19411,19,2025-08-25 02:29:00,Dashboard View,1
19412,19,2026-02-22 12:45:00,Dashboard View,5
19413,1029,2025-11-28 10:45:00,User Login,2
19414,589,2025-11-06 21:40:00,Dashboard View,2
19415,1857,2025-03-13 19:26:00,Data Import,10
19416,162,2026-09-04 10:04:00,Team Invite,10
19417,260,2026-07-26 12:08:00,Dashboard View,5
19418,1957,2026-09-04 07:18:00,Data Import,1
19419,1478,2025-09-09 21:05:00,User Login,10
19420,1380,2025-09-19 04:35:00,Settings Update,1
19421,832,2026-09-24 20:04:00,Report Export,0
19422,930,2026-07-10 10:02:00,Team Invite,5
19423,1832,2026-05-27 00:58:00,Settings Update,10
19424,25,2025-01-30 20:25:00,Dashboard View,0
19425,74,2024-01-30 20:11:00,Team Invite,2
19426,513,2025-11-17 07:05:00,Report Export,1
19427,1710,2025-03-04 10:29:00,Dashboard View,15
19428,787,2026-08-14 01:57:00,Settings Update,15
19429,603,2026-08-05 00:39:00,Data Import,5
19430,1248,2025-03-10 09:31:00,Settings Update,1
19431,1852,2026-07-25 09:18:00,Team Invite,5
19432,465,2025-09-14 07:03:00,Report Export,1
19433,191,2024-09-26 11:05:00,Settings Update,0
19434,655,2025-05-29 08:43:00,Report Export,30
19435,211,2026-08-25 13:08:00,Settings Update,2
19436,1068,2026-04-24 06:57:00,Settings Update,5
19437,577,2024-10-05 00:52:00,Team Invite,30
19438,458,2026-02-24 07:39:00,Report Export,2
19439,1785,2026-08-08 18:13:00,Team Invite,15
19440,1250,2026-02-25 07:19:00,Settings Update,10
19441,328,2026-05-23 10:51:00,Team Invite,5
19442,940,2025-12-07 03:16:00,Dashboard View,15
19443,488,2026-09-23 22:28:00,Settings Update,5
19444,1911,2026-03-25 18:46:00,User Login,10
19445,493,2025-04-30 14:52:00,Data Import,5
19446,1158,2024-12-08 09:33:00,User Login,5
19447,881,2023-03-12 00:30:00,Dashboard View,5
19448,619,2026-02-28 03:28:00,Report Export,1
19449,1679,2025-11-20 19:57:00,Settings Update,2
19450,1867,2026-02-20 13:42:00,Team Invite,5
19451,531,2026-06-06 03:50:00,Team Invite,1
19452,1291,2024-03-29 21:19:00,Data Import,1
19453,371,2026-09-28 11:26:00,Settings Update,15
19454,543,2025-02-08 15:01:00,Report Export,5
19455,947,2025-04-20 20:32:00,Dashboard View,0
19456,547,2026-07-20 22:41:00,User Login,15
19457,337,2025-11-08 05:15:00,Settings Update,1
19458,460,2025-11-10 19:24:00,Data Import,0
19459,1064,2026-08-10 09:44:00,Settings Update,0
19460,178,2026-08-20 16:22:00,Settings Update,10
19461,614,2025-09-12 19:02:00,Settings Update,5
19462,1333,2025-11-17 18:24:00,Report Export,1
19463,698,2024-11-16 00:27:00,User Login,5
19464,305,2025-09-16 20:57:00,Report Export,30
19465,1860,2026-04-17 06:41:00,Data Import,30
19466,383,2026-07-31 07:40:00,Data Import,1
19467,1837,2025-05-16 15:40:00,Team Invite,1
19468,761,2025-07-23 20:02:00,Team Invite,1
19469,17,2024-05-29 00:34:00,Dashboard View,2
19470,1077,2024-04-10 04:33:00,Data Import,1
19471,1005,2023-12-18 14:17:00,Data Import,2
19472,1247,2023-11-24 05:43:00,Settings Update,2
19473,585,2023-06-06 13:46:00,Dashboard View,5
19474,124,2025-12-19 14:07:00,User Login,5
19475,1753,2026-05-29 03:22:00,User Login,15
19476,1458,2024-09-02 08:09:00,Team Invite,2
19477,559,2026-04-26 13:03:00,Data Import,1
19478,1573,2025-10-04 17:09:00,Team Invite,10
19479,1823,2025-06-27 14:52:00,Team Invite,0
19480,1515,2023-12-25 03:37:00,Report Export,0
19481,738,2023-08-11 12:49:00,User Login,2
19482,1978,2026-06-13 21:40:00,Team Invite,1
19483,1309,2026-09-14 12:57:00,User Login,2
19484,423,2025-07-19 18:44:00,Dashboard View,5
19485,1551,2024-06-25 00:17:00,User Login,5
19486,595,2025-04-07 12:42:00,Settings Update,5
19487,1674,2026-08-31 15:26:00,User Login,5
19488,1896,2026-06-22 13:29:00,Data Import,5
19489,1373,2026-02-15 13:49:00,User Login,5
19490,970,2026-07-14 16:06:00,Team Invite,2
19491,392,2026-04-19 23:28:00,Report Export,30
19492,503,2024-10-14 07:15:00,Data Import,0
19493,1107,2024-12-06 00:38:00,Dashboard View,2
19494,603,2026-06-03 20:38:00,User Login,2
19495,1077,2026-02-17 15:07:00,Dashboard View,5
19496,609,2025-09-25 00:01:00,Report Export,2
19497,647,2026-03-18 03:49:00,Team Invite,15
19498,1014,2024-10-03 01:34:00,Data Import,2
19499,1295,2026-07-04 08:59:00,Team Invite,2
19500,1328,2026-02-15 05:33:00,User Login,2
19501,673,2026-07-12 09:55:00,Dashboard View,10
19502,1168,2025-05-26 10:04:00,Team Invite,2
19503,203,2026-05-22 04:00:00,Dashboard View,10
19504,664,2026-09-14 07:03:00,Settings Update,0
19505,916,2023-07-18 07:06:00,Report Export,0
19506,1167,2025-04-18 13:38:00,Report Export,2
19507,1240,2026-06-26 13:58:00,Report Export,0
19508,1637,2023-10-05 00:08:00,Settings Update,10
19509,732,2023-08-26 03:21:00,Team Invite,5
19510,641,2026-02-16 19:39:00,Team Invite,2
19511,923,2024-05-25 15:49:00,Data Import,10
19512,10,2025-06-21 14:45:00,Report Export,10
19513,171,2026-03-22 21:58:00,User Login,2
19514,177,2025-10-31 16:26:00,Report Export,2
19515,851,2026-04-28 03:40:00,Data Import,5
19516,729,2026-03-02 13:32:00,Data Import,10
19517,1472,2025-10-26 18:24:00,Report Export,5
19518,1707,2025-10-30 10:56:00,Data Import,2
19519,684,2025-10-04 11:22:00,Report Export,5
19520,1658,2026-08-14 21:29:00,User Login,1
19521,511,2024-07-18 22:24:00,Data Import,0
19522,1374,2025-09-02 16:49:00,Report Export,10
19523,550,2026-05-20 22:02:00,Dashboard View,1
19524,666,2024-12-17 18:16:00,Team Invite,2
19525,1401,2026-08-05 20:36:00,User Login,15
19526,101,2026-08-25 17:39:00,Data Import,15
19527,1090,2025-10-10 14:10:00,Report Export,2
19528,1113,2026-09-03 23:40:00,Team Invite,2
19529,974,2025-06-24 16:01:00,Dashboard View,2
19530,1053,2026-06-01 20:24:00,Dashboard View,2
19531,91,2026-01-05 04:23:00,Settings Update,15
19532,1936,2026-02-25 15:18:00,Team Invite,5
19533,6,2024-12-05 22:13:00,Settings Update,10
19534,1573,2025-12-29 08:41:00,User Login,0
19535,187,2023-11-01 16:06:00,Report Export,30
19536,1259,2024-07-07 17:17:00,Team Invite,10
19537,145,2025-05-07 21:51:00,Report Export,0
19538,1829,2026-08-10 02:10:00,Team Invite,10
19539,1758,2026-01-31 19:10:00,Settings Update,5
19540,799,2026-09-04 03:16:00,Data Import,1
19541,1232,2023-10-26 11:55:00,Team Invite,5
19542,1578,2026-04-12 01:17:00,Report Export,2
19543,1428,2025-07-05 02:31:00,Settings Update,5
19544,329,2025-07-27 21:43:00,Settings Update,2
19545,358,2025-04-21 19:52:00,User Login,2
19546,874,2026-06-04 14:09:00,Report Export,5
19547,938,2026-09-12 08:56:00,Team Invite,15
19548,288,2026-08-08 04:25:00,User Login,0
19549,232,2026-09-28 11:39:00,Team Invite,5
19550,1156,2024-12-17 05:00:00,Team Invite,1
19551,1321,2025-04-15 10:18:00,Settings Update,5
19552,1327,2025-02-03 18:04:00,Team Invite,2
19553,1341,2025-11-14 13:15:00,Dashboard View,5
19554,672,2026-01-29 22:35:00,User Login,0
19555,435,2026-04-16 21:41:00,Dashboard View,2
19556,1722,2024-10-28 00:30:00,Dashboard View,1
19557,41,2023-03-08 21:53:00,Team Invite,2
19558,1869,2026-04-20 06:44:00,Dashboard View,10
19559,1603,2023-07-16 22:21:00,Report Export,5
19560,320,2026-03-23 06:22:00,User Login,2
19561,1962,2026-02-21 07:12:00,User Login,5
19562,126,2024-02-23 19:48:00,Data Import,5
19563,606,2025-05-09 17:58:00,Data Import,5
19564,185,2024-06-03 08:15:00,Dashboard View,1
19565,669,2026-02-17 20:29:00,Data Import,2
19566,900,2026-06-19 22:51:00,Settings Update,1
19567,904,2026-08-14 01:55:00,User Login,5
19568,882,2023-10-23 05:39:00,Settings Update,10
19569,1172,2026-09-21 17:28:00,Team Invite,10
19570,1226,2025-10-14 06:13:00,Settings Update,2
19571,1964,2025-08-03 18:44:00,Team Invite,10
19572,1395,2026-07-02 10:45:00,User Login,5
19573,701,2025-11-20 02:18:00,Settings Update,2
19574,1914,2025-09-25 17:02:00,Dashboard View,0
19575,883,2026-01-16 09:23:00,User Login,5
19576,1234,2023-11-23 20:37:00,Report Export,1
19577,415,2025-09-17 21:34:00,Report Export,2
19578,1070,2026-07-27 09:59:00,Settings Update,30
19579,796,2024-07-05 20:51:00,Team Invite,5
19580,1631,2025-12-24 17:33:00,Dashboard View,2
19581,418,2026-09-05 17:21:00,Team Invite,10
19582,659,2026-03-30 07:48:00,Settings Update,15
19583,546,2025-10-08 09:13:00,Dashboard View,0
19584,1733,2025-07-21 13:26:00,Report Export,2
19585,1569,2025-06-02 04:29:00,Data Import,0
19586,1293,2026-07-31 12:44:00,Report Export,0
19587,1112,2024-10-08 18:45:00,Report Export,30
19588,1377,2025-06-27 15:32:00,Data Import,2
19589,350,2024-02-18 09:55:00,Report Export,2
19590,164,2026-08-22 07:19:00,Settings Update,5
19591,834,2026-07-24 22:13:00,Report Export,1
19592,777,2026-06-07 04:02:00,Data Import,15
19593,497,2026-07-06 15:57:00,User Login,5
19594,682,2025-02-06 07:41:00,Dashboard View,15
19595,1773,2025-03-26 20:45:00,Dashboard View,30
19596,49,2026-01-06 01:37:00,Data Import,10
19597,1157,2026-07-28 14:09:00,Data Import,2
19598,113,2025-04-09 23:54:00,Settings Update,15
19599,1104,2024-10-18 19:15:00,Settings Update,5
19600,350,2024-10-12 05:02:00,Data Import,30
19601,1965,2025-09-02 10:38:00,Dashboard View,0
19602,1603,2025-10-06 08:34:00,Team Invite,5
19603,989,2025-11-21 04:52:00,Data Import,15
19604,860,2023-07-17 12:39:00,User Login,2
19605,1092,2026-06-16 00:26:00,Settings Update,2
19606,1743,2025-01-12 02:15:00,Dashboard View,5
19607,1177,2026-02-19 14:34:00,User Login,10
19608,1439,2026-06-25 22:38:00,Report Export,15
19609,324,2025-12-30 06:01:00,Dashboard View,10
19610,1967,2026-06-05 05:13:00,User Login,5
19611,1819,2026-04-27 08:14:00,Data Import,5
19612,212,2024-11-06 01:27:00,Report Export,15
19613,653,2025-06-14 05:32:00,Dashboard View,1
19614,1642,2026-02-19 05:08:00,User Login,0
19615,127,2026-08-30 22:01:00,Data Import,10
19616,1439,2025-12-24 09:42:00,Settings Update,1
19617,226,2024-10-06 22:30:00,Settings Update,5
19618,938,2026-02-09 04:29:00,Settings Update,15
19619,674,2024-06-19 23:14:00,Data Import,1
19620,1931,2023-06-09 06:13:00,Data Import,5
19621,870,2026-06-26 00:45:00,Settings Update,5
19622,820,2025-07-23 21:11:00,Data Import,30
19623,885,2023-09-30 16:00:00,Report Export,1
19624,1130,2025-03-14 19:03:00,Data Import,15
19625,1805,2026-08-11 22:38:00,Report Export,10
19626,1033,2025-10-11 07:43:00,Team Invite,15
19627,1369,2026-08-28 06:07:00,User Login,10
19628,350,2025-01-07 23:16:00,Settings Update,5
19629,180,2026-09-24 02:04:00,User Login,10
19630,1200,2026-06-17 12:22:00,Report Export,10
19631,1967,2026-03-28 22:11:00,User Login,2
19632,546,2026-09-12 23:43:00,Report Export,2
19633,1640,2025-11-27 14:19:00,Dashboard View,15
19634,437,2026-03-25 05:35:00,User Login,15
19635,1474,2025-05-06 03:11:00,Report Export,2
19636,203,2025-06-17 07:32:00,Data Import,5
19637,1935,2026-01-09 19:38:00,Team Invite,5
19638,163,2025-06-29 21:31:00,Data Import,2
19639,506,2025-10-24 08:13:00,Data Import,1
19640,1417,2026-03-26 07:42:00,Data Import,10
19641,1113,2026-07-01 05:40:00,Settings Update,10
19642,957,2026-07-09 06:58:00,Team Invite,2
19643,1617,2025-10-16 18:48:00,Report Export,5
19644,744,2025-04-29 13:13:00,User Login,0
19645,782,2025-04-04 17:10:00,Dashboard View,2
19646,439,2024-12-08 04:27:00,Data Import,15
19647,1816,2026-09-05 14:31:00,User Login,30
19648,19,2026-04-11 18:46:00,User Login,15
19649,1587,2026-05-27 06:54:00,Report Export,2
19650,340,2025-12-19 03:45:00,Report Export,15
19651,1258,2025-04-03 02:36:00,Settings Update,2
19652,1144,2025-10-06 15:01:00,Report Export,5
19653,1027,2025-07-26 20:46:00,Data Import,2
19654,82,2024-01-19 15:18:00,Team Invite,0
19655,1245,2026-07-24 02:18:00,Team Invite,0
19656,521,2026-07-25 01:57:00,Report Export,5
19657,325,2025-11-26 14:22:00,Data Import,5
19658,1262,2026-03-27 05:44:00,Dashboard View,2
19659,1835,2025-04-22 22:23:00,Report Export,1
19660,112,2025-10-19 09:13:00,User Login,0
19661,667,2025-09-20 09:23:00,User Login,2
19662,438,2026-06-26 02:46:00,User Login,1
19663,1469,2026-09-28 14:48:00,Settings Update,5
19664,1734,2026-04-09 13:49:00,User Login,10
19665,1580,2025-06-07 00:14:00,Team Invite,5
19666,107,2026-06-29 22:27:00,Report Export,10
19667,935,2026-07-05 20:31:00,User Login,5
19668,1622,2025-12-19 09:50:00,Dashboard View,5
19669,1786,2026-09-26 00:46:00,Report Export,10
19670,1137,2025-05-17 02:13:00,Settings Update,1
19671,503,2025-11-05 10:28:00,Team Invite,5
19672,359,2025-09-21 01:13:00,Dashboard View,1
19673,1499,2025-07-30 14:54:00,Report Export,15
19674,1000,2026-07-14 23:55:00,Data Import,0
19675,35,2025-10-27 12:14:00,Settings Update,5
19676,15,2024-08-14 21:41:00,Dashboard View,1
19677,114,2026-07-22 01:31:00,Settings Update,5
19678,1063,2024-05-01 18:41:00,Dashboard View,10
19679,1869,2023-07-18 03:18:00,Report Export,2
19680,1891,2026-07-02 07:05:00,User Login,1
19681,101,2026-03-31 18:57:00,Team Invite,1
19682,1663,2026-06-24 08:20:00,Settings Update,15
19683,1835,2025-03-20 16:23:00,User Login,5
19684,1306,2024-11-07 16:08:00,Dashboard View,2
19685,1953,2024-08-23 23:50:00,Team Invite,5
19686,165,2026-06-26 06:32:00,Dashboard View,2
19687,373,2026-07-04 05:59:00,Dashboard View,15
19688,24,2024-02-13 20:17:00,Report Export,1
19689,869,2025-03-30 12:57:00,Report Export,2
19690,1606,2025-11-27 10:07:00,Data Import,1
19691,1358,2026-05-24 05:11:00,Dashboard View,1
19692,652,2026-09-24 05:54:00,Team Invite,0
19693,1981,2025-10-22 20:11:00,User Login,15
19694,1622,2026-03-05 02:03:00,Data Import,2
19695,1492,2025-01-08 19:18:00,User Login,5
19696,1369,2026-08-06 02:50:00,Settings Update,5
19697,573,2025-08-21 10:57:00,Settings Update,2
19698,290,2026-01-22 10:32:00,Dashboard View,5
19699,1231,2024-08-17 03:30:00,Team Invite,15
19700,651,2024-11-19 16:33:00,Settings Update,2
19701,1722,2026-02-26 12:15:00,User Login,15
19702,1358,2025-04-22 05:50:00,Report Export,5
19703,481,2026-07-25 09:02:00,Report Export,0
19704,994,2026-07-13 07:30:00,User Login,1
19705,673,2024-12-23 23:08:00,Report Export,2
19706,1016,2026-07-29 17:10:00,Dashboard View,2
19707,714,2025-10-14 06:51:00,Dashboard View,2
19708,497,2024-07-05 23:50:00,Dashboard View,2
19709,84,2025-11-09 02:18:00,Settings Update,15
19710,425,2024-06-19 01:09:00,Settings Update,15
19711,1258,2026-03-21 16:19:00,Report Export,2
19712,1231,2024-06-02 12:10:00,Dashboard View,0
19713,1642,2024-05-01 06:44:00,Data Import,15
19714,914,2025-11-24 01:43:00,Team Invite,0
19715,591,2026-06-11 07:51:00,User Login,5
19716,1178,2025-09-11 12:34:00,Data Import,30
19717,1339,2025-10-03 06:19:00,Report Export,5
19718,29,2025-12-03 14:57:00,Report Export,0
19719,1338,2025-09-19 16:02:00,User Login,1
19720,983,2024-09-30 13:34:00,Report Export,2
19721,1913,2026-04-20 19:54:00,Settings Update,5
19722,879,2026-03-04 02:48:00,Data Import,10
19723,1923,2025-12-03 20:40:00,Data Import,10
19724,1428,2025-05-01 00:43:00,Data Import,2
19725,249,2026-03-01 00:23:00,Team Invite,10
19726,1282,2026-01-21 08:00:00,User Login,15
19727,1333,2025-05-14 16:45:00,User Login,30
19728,69,2024-01-17 12:56:00,Report Export,2
19729,1420,2025-09-22 11:24:00,Dashboard View,0
19730,508,2025-06-10 18:46:00,Team Invite,2
19731,1979,2025-09-28 14:35:00,Team Invite,30
19732,971,2026-06-08 04:09:00,Data Import,1
19733,1626,2025-03-28 11:14:00,Data Import,5
19734,866,2026-08-10 18:40:00,User Login,5
19735,1869,2023-10-28 17:30:00,Data Import,0
19736,237,2025-08-26 15:29:00,Settings Update,5
19737,726,2026-02-27 06:12:00,Report Export,2
19738,1607,2025-06-27 06:39:00,Team Invite,30
19739,413,2026-01-23 22:10:00,Dashboard View,1
19740,1497,2024-06-02 20:38:00,Settings Update,5
19741,187,2024-09-20 17:21:00,Report Export,2
19742,1819,2025-08-23 02:51:00,Dashboard View,10
19743,1382,2026-07-22 01:28:00,Team Invite,2
19744,980,2023-08-21 14:12:00,Report Export,1
19745,505,2026-02-13 16:23:00,Dashboard View,10
19746,176,2025-11-30 09:55:00,Settings Update,5
19747,5,2026-01-10 01:17:00,Settings Update,5
19748,1632,2025-04-11 21:09:00,Dashboard View,0
19749,1825,2026-05-24 15:24:00,Team Invite,5
19750,408,2026-07-05 22:35:00,Dashboard View,30
19751,672,2026-06-14 01:37:00,Team Invite,1
19752,1640,2025-04-10 04:30:00,Dashboard View,0
19753,98,2025-09-09 01:55:00,Settings Update,5
19754,253,2026-07-27 02:12:00,Team Invite,2
19755,1455,2026-01-11 04:31:00,Data Import,2
19756,513,2026-07-08 06:04:00,User Login,1
19757,672,2025-08-01 23:50:00,Dashboard View,2
19758,1289,2026-09-25 12:23:00,Dashboard View,0
19759,337,2024-10-16 16:59:00,User Login,0
19760,729,2025-04-04 05:16:00,Report Export,2
19761,65,2026-02-24 14:28:00,Settings Update,15
19762,1403,2025-03-12 17:53:00,Data Import,2
19763,1113,2026-01-26 20:04:00,Team Invite,2
19764,57,2026-03-26 09:47:00,Report Export,0
19765,1202,2025-10-13 08:05:00,Team Invite,5
19766,862,2025-05-29 04:12:00,User Login,10
19767,770,2026-05-02 00:41:00,Data Import,2
19768,452,2025-11-08 07:39:00,Settings Update,2
19769,482,2026-09-29 08:01:00,User Login,2
19770,1542,2025-12-02 03:54:00,Report Export,15
19771,1393,2026-03-14 06:30:00,Settings Update,15
19772,485,2026-06-14 12:03:00,Dashboard View,1
19773,286,2026-09-25 05:34:00,User Login,0
19774,1214,2026-03-24 18:04:00,Team Invite,15
19775,1589,2025-12-02 11:10:00,Settings Update,15
19776,1185,2026-02-28 18:25:00,Dashboard View,10
19777,1027,2025-05-14 22:56:00,Team Invite,0
19778,1087,2026-07-27 17:28:00,Dashboard View,1
19779,416,2026-06-20 06:26:00,Report Export,2
19780,298,2025-10-22 19:18:00,User Login,5
19781,889,2025-01-06 07:12:00,Dashboard View,10
19782,99,2025-02-24 20:18:00,Dashboard View,1
19783,1317,2026-09-29 08:06:00,Settings Update,1
19784,607,2025-12-03 17:22:00,User Login,5
19785,496,2026-08-28 01:46:00,User Login,2
19786,1294,2026-04-28 10:00:00,Team Invite,1
19787,1019,2025-12-06 13:55:00,Data Import,5
19788,16,2025-11-04 07:24:00,User Login,2
19789,424,2026-09-12 17:17:00,Data Import,1
19790,1814,2025-05-10 20:40:00,Team Invite,1
19791,164,2025-10-06 08:15:00,Settings Update,2
19792,112,2024-12-29 03:32:00,Team Invite,5
19793,1002,2025-11-12 03:48:00,Team Invite,2
19794,101,2024-01-30 06:46:00,Team Invite,1
19795,1208,2025-05-18 02:35:00,Data Import,1
19796,1427,2026-06-15 01:15:00,Dashboard View,5
19797,1760,2025-02-18 14:50:00,Report Export,5
19798,1366,2026-09-07 05:35:00,Settings Update,0
19799,1287,2026-04-11 20:33:00,Team Invite,10
19800,1018,2026-04-20 18:12:00,Settings Update,10
19801,1261,2026-03-14 12:13:00,Report Export,30
19802,26,2026-01-13 17:55:00,User Login,15
19803,1328,2025-10-24 14:24:00,Dashboard View,5
19804,1568,2026-08-26 16:56:00,Dashboard View,1
19805,1192,2025-11-16 10:50:00,Report Export,0
19806,945,2025-01-19 13:17:00,User Login,5
19807,173,2025-04-13 00:08:00,User Login,1
19808,1692,2024-07-27 05:16:00,Report Export,0
19809,1276,2025-04-18 11:35:00,Dashboard View,0
19810,1889,2026-07-07 11:48:00,Settings Update,2
19811,378,2025-09-07 07:36:00,Data Import,5
19812,1040,2026-05-24 03:58:00,Settings Update,2
19813,1136,2025-10-09 23:37:00,Settings Update,1
19814,1479,2026-07-28 17:46:00,Settings Update,1
19815,1876,2026-02-02 13:10:00,User Login,15
19816,1980,2026-02-05 15:26:00,Data Import,5
19817,1200,2026-08-25 15:51:00,Team Invite,1
19818,1681,2025-12-03 18:03:00,Report Export,10
19819,981,2023-01-26 18:58:00,Team Invite,2
19820,1862,2026-08-05 22:45:00,Data Import,10
19821,614,2025-11-07 23:16:00,Dashboard View,2
19822,222,2025-07-21 12:32:00,Settings Update,10
19823,882,2026-03-13 22:13:00,Dashboard View,2
19824,539,2026-09-19 19:22:00,Team Invite,2
19825,1133,2026-04-27 03:36:00,Report Export,5
19826,929,2026-02-28 00:09:00,Settings Update,2
19827,1009,2026-07-16 09:39:00,Report Export,0
19828,1277,2024-11-02 05:54:00,Dashboard View,10
19829,713,2026-08-15 06:06:00,Data Import,15
19830,1556,2025-02-09 19:39:00,Dashboard View,0
19831,1721,2026-04-13 21:35:00,Team Invite,0
19832,216,2026-09-10 23:30:00,User Login,15
19833,716,2025-04-23 14:07:00,Team Invite,5
19834,958,2025-01-15 13:52:00,Team Invite,1
19835,1676,2026-07-22 04:49:00,Settings Update,1
19836,1570,2026-03-21 10:50:00,Settings Update,0
19837,1437,2025-09-09 01:07:00,Report Export,15
19838,1657,2024-10-30 20:04:00,Report Export,5
19839,1664,2025-06-14 23:58:00,Team Invite,2
19840,1520,2025-11-23 22:43:00,User Login,1
19841,278,2025-12-25 06:30:00,User Login,1
19842,492,2024-10-01 06:57:00,Data Import,2
19843,1889,2026-02-09 06:31:00,User Login,10
19844,704,2026-07-09 22:49:00,Data Import,2
19845,407,2026-06-02 00:25:00,Settings Update,10
19846,1301,2026-06-26 11:55:00,Settings Update,10
19847,1217,2026-04-05 23:04:00,Dashboard View,2
19848,1642,2024-10-07 19:57:00,Team Invite,5
19849,24,2023-09-20 12:00:00,Dashboard View,10
19850,1821,2024-11-18 04:23:00,Settings Update,2
19851,1792,2026-08-08 08:55:00,User Login,0
19852,393,2026-03-02 17:29:00,User Login,0
19853,1409,2026-04-10 20:59:00,Data Import,5
19854,283,2026-07-16 22:24:00,Team Invite,2
19855,1085,2025-12-22 09:39:00,Settings Update,15
19856,1352,2025-04-12 09:34:00,Settings Update,0
19857,812,2025-03-16 04:52:00,Settings Update,0
19858,916,2024-05-23 09:57:00,Data Import,10
19859,198,2026-07-10 00:08:00,Data Import,2
19860,820,2024-08-03 16:14:00,Data Import,5
19861,1416,2026-05-14 19:17:00,Team Invite,2
19862,1229,2026-04-15 04:30:00,Settings Update,2
19863,1916,2026-02-04 22:58:00,Data Import,5
19864,505,2025-07-15 01:58:00,Dashboard View,2
19865,893,2026-03-24 04:25:00,Dashboard View,2
19866,716,2025-11-15 04:50:00,Report Export,5
19867,1931,2025-11-24 14:20:00,User Login,2
19868,454,2026-08-18 20:00:00,Dashboard View,5
19869,1690,2025-10-12 22:53:00,Settings Update,0
19870,1203,2026-01-27 03:15:00,Team Invite,2
19871,1575,2026-07-27 19:45:00,Settings Update,2
19872,18,2026-05-07 12:15:00,Report Export,2
19873,927,2026-09-22 11:00:00,Report Export,10
19874,1183,2024-10-22 09:47:00,Settings Update,10
19875,242,2024-04-20 13:05:00,Dashboard View,1
19876,1720,2026-02-18 17:42:00,Settings Update,2
19877,1615,2025-05-04 04:48:00,Report Export,5
19878,1096,2026-03-01 03:44:00,Team Invite,5
19879,1440,2025-05-28 18:23:00,Team Invite,10
19880,2000,2025-05-05 22:16:00,Dashboard View,15
19881,953,2026-06-22 08:20:00,Report Export,2
19882,1946,2025-02-16 04:12:00,Dashboard View,30
19883,281,2025-12-28 03:23:00,Dashboard View,15
19884,1968,2026-07-17 03:15:00,Data Import,5
19885,1341,2026-07-20 09:25:00,Settings Update,1
19886,309,2026-04-13 18:20:00,Report Export,0
19887,1206,2025-12-01 20:49:00,User Login,5
19888,588,2024-06-18 17:57:00,Settings Update,10
19889,1341,2024-10-06 16:31:00,Settings Update,2
19890,1720,2026-03-11 10:23:00,Settings Update,2
19891,1008,2024-12-24 07:15:00,User Login,1
19892,1279,2026-08-23 22:05:00,Dashboard View,15
19893,757,2026-08-10 12:13:00,Dashboard View,2
19894,1639,2026-09-06 00:13:00,Report Export,5
19895,880,2024-10-13 18:32:00,Settings Update,0
19896,912,2025-01-15 16:40:00,Team Invite,5
19897,1837,2025-09-05 18:14:00,Report Export,2
19898,1225,2023-11-30 16:01:00,User Login,30
19899,351,2024-08-27 19:35:00,Team Invite,1
19900,328,2026-01-25 09:45:00,Team Invite,15
19901,1061,2026-07-27 09:19:00,Dashboard View,2
19902,1841,2026-02-16 07:43:00,User Login,0
19903,1341,2026-08-17 16:21:00,Data Import,10
19904,994,2025-12-19 19:23:00,Report Export,5
19905,548,2025-03-17 08:16:00,Dashboard View,10
19906,398,2026-07-06 06:39:00,Team Invite,2
19907,893,2026-04-09 02:06:00,Team Invite,5
19908,761,2025-06-29 14:43:00,Team Invite,2
19909,139,2025-10-01 07:40:00,Dashboard View,10
19910,4,2026-08-02 16:26:00,Data Import,0
19911,503,2025-02-26 13:44:00,Team Invite,1
19912,1286,2026-07-31 15:12:00,Settings Update,1
19913,1807,2026-08-17 09:48:00,User Login,15
19914,766,2024-11-01 22:48:00,Data Import,1
19915,1037,2026-05-01 13:57:00,Team Invite,15
19916,400,2024-12-21 13:13:00,Dashboard View,2
19917,1296,2026-04-25 04:40:00,Dashboard View,0
19918,216,2026-08-15 14:15:00,Team Invite,5
19919,234,2025-08-31 21:29:00,Data Import,10
19920,1867,2026-06-24 16:44:00,Report Export,2
19921,1266,2024-12-09 12:58:00,Team Invite,1
19922,1712,2025-11-18 00:23:00,Team Invite,1
19923,1964,2026-05-19 14:09:00,Report Export,1
19924,641,2025-07-04 07:52:00,Report Export,5
19925,1246,2026-08-04 09:52:00,Team Invite,15
19926,1647,2025-11-01 14:36:00,User Login,1
19927,1001,2025-04-08 22:07:00,Report Export,5
19928,983,2026-05-03 15:49:00,Team Invite,15
19929,1943,2024-02-19 04:48:00,Team Invite,1
19930,215,2025-05-12 23:30:00,Settings Update,30
19931,1542,2026-07-27 14:25:00,Settings Update,5
19932,1565,2025-07-13 05:51:00,Dashboard View,5
19933,998,2026-01-07 10:18:00,Dashboard View,2
19934,1825,2026-08-07 11:54:00,Team Invite,10
19935,1426,2026-05-07 22:59:00,Data Import,2
19936,1413,2026-08-04 04:39:00,Dashboard View,15
19937,1357,2024-06-11 21:45:00,Dashboard View,5
19938,829,2025-08-30 16:49:00,Report Export,10
19939,159,2024-10-24 10:44:00,Team Invite,15
19940,801,2025-05-05 17:15:00,Dashboard View,2
19941,470,2026-09-24 08:29:00,Team Invite,2
19942,538,2026-05-18 21:02:00,User Login,0
19943,1092,2025-10-08 11:08:00,Settings Update,15
19944,1392,2025-06-28 10:49:00,Report Export,5
19945,1962,2026-08-06 03:20:00,Dashboard View,10
19946,1698,2026-09-24 06:58:00,Team Invite,1
19947,75,2025-09-12 09:50:00,Report Export,1
19948,1981,2025-12-14 11:38:00,Report Export,15
19949,215,2025-01-18 16:16:00,Dashboard View,5
19950,1648,2026-07-06 20:38:00,Dashboard View,10
19951,1964,2026-09-07 08:18:00,User Login,30
19952,1862,2025-08-09 02:42:00,Report Export,15
19953,1096,2026-09-02 14:36:00,Dashboard View,1
19954,1915,2025-02-13 09:56:00,Report Export,5
19955,1230,2025-05-23 02:22:00,Settings Update,5
19956,1169,2026-09-22 09:47:00,Team Invite,2
19957,1098,2024-02-03 04:54:00,Dashboard View,2
19958,180,2026-08-01 23:35:00,Dashboard View,10
19959,1198,2025-12-04 15:23:00,Team Invite,5
19960,680,2025-02-26 04:15:00,Team Invite,10
19961,1731,2026-07-24 14:41:00,Report Export,10
19962,1719,2025-08-12 20:35:00,Dashboard View,1
19963,576,2026-09-20 23:08:00,Settings Update,5
19964,1569,2025-01-04 06:31:00,Report Export,1
19965,1875,2026-05-08 03:02:00,Report Export,5
19966,192,2026-06-23 03:47:00,Report Export,30
19967,1204,2026-05-23 11:23:00,Report Export,5
19968,1727,2026-08-11 11:49:00,Report Export,2
19969,664,2024-04-12 16:28:00,Team Invite,1
19970,506,2026-02-23 02:24:00,Settings Update,10
19971,926,2025-04-03 01:51:00,Report Export,0
19972,1988,2026-05-20 04:37:00,Report Export,1
19973,1311,2025-12-22 23:31:00,Data Import,10
19974,758,2026-09-16 04:07:00,Data Import,15
19975,1185,2026-03-10 16:53:00,Report Export,5
19976,646,2026-05-15 00:35:00,User Login,1
19977,1634,2025-07-20 14:39:00,User Login,5
19978,1619,2024-12-10 02:05:00,Report Export,5
19979,460,2026-06-23 06:33:00,Dashboard View,5
19980,1084,2026-04-18 05:54:00,Report Export,0
19981,1651,2026-08-30 08:50:00,Settings Update,15
19982,1870,2025-01-05 04:48:00,Dashboard View,0
19983,494,2025-12-26 10:05:00,Data Import,5
19984,514,2025-09-02 04:57:00,Settings Update,5
19985,239,2026-08-18 18:07:00,Report Export,10
19986,1618,2024-01-07 00:30:00,Settings Update,30
19987,965,2026-08-26 06:17:00,User Login,1
19988,1774,2026-05-05 13:08:00,Data Import,5
19989,1009,2026-04-28 18:59:00,Report Export,5
19990,262,2025-03-03 17:00:00,User Login,2
19991,1714,2024-12-13 20:11:00,Data Import,15
19992,1640,2025-11-19 11:45:00,Report Export,2
19993,244,2026-06-30 05:16:00,User Login,5
19994,1420,2026-01-09 17:24:00,Settings Update,10
19995,1430,2026-04-20 11:16:00,Settings Update,5
19996,484,2026-05-08 08:36:00,User Login,10
19997,28,2026-02-26 11:37:00,Report Export,2
19998,657,2026-07-14 07:04:00,Report Export,5
19999,685,2025-02-26 23:39:00,Team Invite,1
20000,900,2025-08-11 11:08:00,Report Export,15
